subset,method,family,severity,group,pooling,auroc,aupr,fpr95
all,two_axis,gaussian_noise,1,common,pooled,0.98619324,0.9661350849937115,0.0344
all,two_axis,gaussian_noise,2,common,pooled,0.99682816,0.9916618238890135,0.0062
all,two_axis,gaussian_noise,3,common,pooled,0.999424,0.9972066840263603,0.0014
all,two_axis,gaussian_noise,4,common,pooled,0.99967684,0.9992423029520466,0.0004
all,two_axis,gaussian_noise,5,common,pooled,0.99999812,0.999998112790787,0.0
all,two_axis,shot_noise,1,common,pooled,0.975775,0.9576496036930531,0.076
all,two_axis,shot_noise,2,common,pooled,0.9954268,0.9909214870108926,0.012
all,two_axis,shot_noise,3,common,pooled,0.99899036,0.9970709780370617,0.0034
all,two_axis,shot_noise,4,common,pooled,0.99974684,0.9996418881268325,0.0004
all,two_axis,shot_noise,5,common,pooled,0.99995328,0.999951894894241,0.0004
all,two_axis,impulse_noise,1,common,pooled,0.99986796,0.9998424825830667,0.0004
all,two_axis,impulse_noise,2,common,pooled,0.9997006,0.9994499029160042,0.0004
all,two_axis,impulse_noise,3,common,pooled,0.99965612,0.9991843965227248,0.0004
all,two_axis,impulse_noise,4,common,pooled,0.99985544,0.9997985568709293,0.0004
all,two_axis,impulse_noise,5,common,pooled,1.0,1.0,0.0
all,two_axis,defocus_blur,1,common,pooled,0.8364542,0.7631708657543124,0.4462
all,two_axis,defocus_blur,2,common,pooled,0.8910938,0.8308634254442723,0.317
all,two_axis,defocus_blur,3,common,pooled,0.93166864,0.8866709086334021,0.192
all,two_axis,defocus_blur,4,common,pooled,0.953258,0.917779868671861,0.1232
all,two_axis,defocus_blur,5,common,pooled,0.96528844,0.9368647490919362,0.084
all,two_axis,glass_blur,1,common,pooled,0.74936896,0.6674726604581037,0.6282
all,two_axis,glass_blur,2,common,pooled,0.81658956,0.7359603675695965,0.4826
all,two_axis,glass_blur,3,common,pooled,0.85878136,0.7784836540585763,0.366
all,two_axis,glass_blur,4,common,pooled,0.87716864,0.8058468410145115,0.3344
all,two_axis,glass_blur,5,common,pooled,0.931525,0.8877344651564318,0.2048
all,two_axis,motion_blur,1,common,pooled,0.80332448,0.7433707257578388,0.552
all,two_axis,motion_blur,2,common,pooled,0.88564696,0.8360149905614727,0.35
all,two_axis,motion_blur,3,common,pooled,0.93200452,0.8946573286238407,0.2026
all,two_axis,motion_blur,4,common,pooled,0.95595604,0.9276624640292245,0.1278
all,two_axis,motion_blur,5,common,pooled,0.96516092,0.940929359604677,0.0966
all,two_axis,zoom_blur,1,common,pooled,0.74095424,0.6614045334140239,0.6204
all,two_axis,zoom_blur,2,common,pooled,0.75184288,0.6680308348496691,0.5686
all,two_axis,zoom_blur,3,common,pooled,0.76898712,0.6897052782978977,0.5862
all,two_axis,zoom_blur,4,common,pooled,0.77261912,0.6909988757926537,0.5518
all,two_axis,zoom_blur,5,common,pooled,0.80047336,0.7234923564676833,0.5334
all,two_axis,snow,1,common,pooled,0.92446336,0.9040010866507495,0.3102
all,two_axis,snow,2,common,pooled,0.978591,0.9682556616802377,0.075
all,two_axis,snow,3,common,pooled,0.97300908,0.9606081271992358,0.1
all,two_axis,snow,4,common,pooled,0.9804222,0.9702781197860942,0.0688
all,two_axis,snow,5,common,pooled,0.97941968,0.9669803249044694,0.0654
all,two_axis,frost,1,common,pooled,0.61365552,0.5605350114530683,0.7808
all,two_axis,frost,2,common,pooled,0.72853392,0.6403963831645527,0.6086
all,two_axis,frost,3,common,pooled,0.78097912,0.6885292951489763,0.505
all,two_axis,frost,4,common,pooled,0.79342768,0.6991302956816337,0.4734
all,two_axis,frost,5,common,pooled,0.81695264,0.7232091684396706,0.4202
all,two_axis,fog,1,common,pooled,0.79710212,0.7385304252309389,0.5848
all,two_axis,fog,2,common,pooled,0.82190096,0.764179500590578,0.5248
all,two_axis,fog,3,common,pooled,0.83122196,0.7737024529535012,0.4946
all,two_axis,fog,4,common,pooled,0.82362244,0.764507056982427,0.5002
all,two_axis,fog,5,common,pooled,0.83513224,0.7712228355210586,0.4544
all,two_axis,brightness,1,common,pooled,0.53589808,0.5262572096630536,0.9256
all,two_axis,brightness,2,common,pooled,0.57754148,0.5609142427779775,0.8794
all,two_axis,brightness,3,common,pooled,0.63157248,0.6068206834716808,0.8258
all,two_axis,brightness,4,common,pooled,0.70366064,0.6700967949697878,0.7166
all,two_axis,brightness,5,common,pooled,0.77597928,0.7370407892018569,0.6122
all,two_axis,contrast,1,common,pooled,0.81765056,0.7607186357551488,0.5354
all,two_axis,contrast,2,common,pooled,0.87173516,0.8202208019085695,0.3914
all,two_axis,contrast,3,common,pooled,0.91852504,0.8805423679813172,0.2544
all,two_axis,contrast,4,common,pooled,0.9576334,0.938219519225366,0.129
all,two_axis,contrast,5,common,pooled,0.97988208,0.971396085178947,0.0626
all,two_axis,elastic_transform,1,common,pooled,0.6044268,0.5629999415290251,0.862
all,two_axis,elastic_transform,2,common,pooled,0.63197772,0.5857886395700225,0.8384
all,two_axis,elastic_transform,3,common,pooled,0.66960092,0.6197951838600602,0.7916
all,two_axis,elastic_transform,4,common,pooled,0.69779776,0.6483813959235613,0.755
all,two_axis,elastic_transform,5,common,pooled,0.73676232,0.6889884167615552,0.7064
all,two_axis,pixelate,1,common,pooled,0.68549844,0.6299804877260309,0.7758
all,two_axis,pixelate,2,common,pooled,0.7174534,0.6552695942323404,0.7162
all,two_axis,pixelate,3,common,pooled,0.86246836,0.8216846191032516,0.4626
all,two_axis,pixelate,4,common,pooled,0.93935104,0.9228821363928055,0.2452
all,two_axis,pixelate,5,common,pooled,0.97135316,0.9655289077014851,0.1184
all,two_axis,jpeg_compression,1,common,pooled,0.83513272,0.7580870980351258,0.4382
all,two_axis,jpeg_compression,2,common,pooled,0.90276672,0.8431708689047623,0.2866
all,two_axis,jpeg_compression,3,common,pooled,0.92858676,0.8808832640294718,0.2076
all,two_axis,jpeg_compression,4,common,pooled,0.97136988,0.9516606315469349,0.0824
all,two_axis,jpeg_compression,5,common,pooled,0.98853132,0.98134837519221,0.0392
all,two_axis,speckle_noise,1,extra,pooled,0.91255368,0.8903380728222551,0.3642
all,two_axis,speckle_noise,2,extra,pooled,0.95948072,0.9486582545056996,0.1758
all,two_axis,speckle_noise,3,extra,pooled,0.99401796,0.9913543406670928,0.02
all,two_axis,speckle_noise,4,extra,pooled,0.997657,0.996685529699979,0.0068
all,two_axis,speckle_noise,5,extra,pooled,0.999091,0.9988512536466441,0.0028
all,two_axis,gaussian_blur,1,extra,pooled,0.713358,0.6404003040253579,0.6858
all,two_axis,gaussian_blur,2,extra,pooled,0.89173596,0.835237152511319,0.3264
all,two_axis,gaussian_blur,3,extra,pooled,0.94438976,0.9063105159278116,0.1586
all,two_axis,gaussian_blur,4,extra,pooled,0.9656418,0.9378999957364136,0.085
all,two_axis,gaussian_blur,5,extra,pooled,0.981323,0.9645013719473822,0.0446
all,two_axis,spatter,1,extra,pooled,0.54965864,0.5310528561039829,0.905
all,two_axis,spatter,2,extra,pooled,0.85686532,0.804000092959705,0.4534
all,two_axis,spatter,3,extra,pooled,0.9505308,0.9315173834575707,0.1838
all,two_axis,spatter,4,extra,pooled,0.99355784,0.992575746028093,0.0298
all,two_axis,spatter,5,extra,pooled,0.99866416,0.9984117884694172,0.0056
all,two_axis,saturate,1,extra,pooled,0.50340128,0.488569079966356,0.9176
all,two_axis,saturate,2,extra,pooled,0.56191068,0.5266116472887399,0.8646
all,two_axis,saturate,3,extra,pooled,0.57782972,0.5727707294734692,0.9048
all,two_axis,saturate,4,extra,pooled,0.79514984,0.7723373146811738,0.6626
all,two_axis,saturate,5,extra,pooled,0.88876652,0.881291801611398,0.4952
all,peak_share,gaussian_noise,1,common,pooled,0.9665244,0.9277424549104974,0.0804
all,peak_share,gaussian_noise,2,common,pooled,0.98668536,0.966570055292303,0.0296
all,peak_share,gaussian_noise,3,common,pooled,0.9949268,0.9852400236573577,0.0104
all,peak_share,gaussian_noise,4,common,pooled,0.9979424,0.994304731612639,0.0038
all,peak_share,gaussian_noise,5,common,pooled,0.99951636,0.9989823020179636,0.0014
all,peak_share,shot_noise,1,common,pooled,0.95379312,0.9146261786462782,0.124
all,peak_share,shot_noise,2,common,pooled,0.98278204,0.963350413354765,0.0428
all,peak_share,shot_noise,3,common,pooled,0.99276076,0.9836006927133712,0.0194
all,peak_share,shot_noise,4,common,pooled,0.99760052,0.9954001427711294,0.006
all,peak_share,shot_noise,5,common,pooled,0.99888244,0.9982854752426594,0.0032
all,peak_share,impulse_noise,1,common,pooled,0.99194024,0.9806410466155754,0.0198
all,peak_share,impulse_noise,2,common,pooled,0.99274732,0.9807464769138575,0.0146
all,peak_share,impulse_noise,3,common,pooled,0.99468908,0.9849321571659742,0.0104
all,peak_share,impulse_noise,4,common,pooled,0.99799592,0.9946896906709696,0.0032
all,peak_share,impulse_noise,5,common,pooled,0.99947308,0.9987936348711738,0.0014
all,peak_share,defocus_blur,1,common,pooled,0.91675236,0.859592143847995,0.213
all,peak_share,defocus_blur,2,common,pooled,0.95599816,0.917986550443934,0.105
all,peak_share,defocus_blur,3,common,pooled,0.97903776,0.9588201173173646,0.049
all,peak_share,defocus_blur,4,common,pooled,0.98759512,0.9751648285140803,0.0288
all,peak_share,defocus_blur,5,common,pooled,0.99207212,0.9839150050491164,0.0194
all,peak_share,glass_blur,1,common,pooled,0.81384412,0.7334436030176512,0.4566
all,peak_share,glass_blur,2,common,pooled,0.89201872,0.823478665327716,0.2642
all,peak_share,glass_blur,3,common,pooled,0.92483596,0.8653638151441264,0.1766
all,peak_share,glass_blur,4,common,pooled,0.9426798,0.8944036161097785,0.1382
all,peak_share,glass_blur,5,common,pooled,0.97250364,0.9467448216441275,0.0688
all,peak_share,motion_blur,1,common,pooled,0.87333384,0.8054696382409975,0.3216
all,peak_share,motion_blur,2,common,pooled,0.93938608,0.8926467042102277,0.1524
all,peak_share,motion_blur,3,common,pooled,0.96861364,0.9400767779407218,0.0764
all,peak_share,motion_blur,4,common,pooled,0.98167132,0.9637309341564065,0.042
all,peak_share,motion_blur,5,common,pooled,0.98650696,0.9732461514566364,0.0312
all,peak_share,zoom_blur,1,common,pooled,0.85363492,0.7967499853339434,0.395
all,peak_share,zoom_blur,2,common,pooled,0.89388628,0.8440047301678097,0.292
all,peak_share,zoom_blur,3,common,pooled,0.87543864,0.8233281873972974,0.3378
all,peak_share,zoom_blur,4,common,pooled,0.89851128,0.8510956750831253,0.2778
all,peak_share,zoom_blur,5,common,pooled,0.89374436,0.8414006725943691,0.2832
all,peak_share,snow,1,common,pooled,0.9057838,0.8495760771148473,0.2682
all,peak_share,snow,2,common,pooled,0.96498564,0.9375896829042847,0.0982
all,peak_share,snow,3,common,pooled,0.95121064,0.9097218021750132,0.1294
all,peak_share,snow,4,common,pooled,0.95990396,0.9219830859108084,0.1008
all,peak_share,snow,5,common,pooled,0.97043872,0.9470975077734807,0.0814
all,peak_share,frost,1,common,pooled,0.6707908,0.5999413004965061,0.7018
all,peak_share,frost,2,common,pooled,0.79946984,0.7075595242906243,0.463
all,peak_share,frost,3,common,pooled,0.85675472,0.7678067295872952,0.328
all,peak_share,frost,4,common,pooled,0.86513484,0.7776297665781144,0.3126
all,peak_share,frost,5,common,pooled,0.88852088,0.8060576716755529,0.2576
all,peak_share,fog,1,common,pooled,0.84478352,0.7768188357616166,0.3742
all,peak_share,fog,2,common,pooled,0.89014552,0.8301088595060993,0.2608
all,peak_share,fog,3,common,pooled,0.91366592,0.8608915423400663,0.2106
all,peak_share,fog,4,common,pooled,0.90720796,0.8509542058595974,0.2278
all,peak_share,fog,5,common,pooled,0.9236532,0.8748084794394717,0.195
all,peak_share,brightness,1,common,pooled,0.53814584,0.5240764277495848,0.9182
all,peak_share,brightness,2,common,pooled,0.60984116,0.5722138192971287,0.8334
all,peak_share,brightness,3,common,pooled,0.68601048,0.6301930071189376,0.7096
all,peak_share,brightness,4,common,pooled,0.76386976,0.6970549571550404,0.5542
all,peak_share,brightness,5,common,pooled,0.826972,0.7602006893889346,0.4194
all,peak_share,contrast,1,common,pooled,0.88163076,0.8248430428449012,0.2912
all,peak_share,contrast,2,common,pooled,0.93778928,0.8985369801347654,0.1598
all,peak_share,contrast,3,common,pooled,0.97245224,0.9528835947886148,0.0704
all,peak_share,contrast,4,common,pooled,0.992873,0.9883453646033264,0.0206
all,peak_share,contrast,5,common,pooled,0.99853868,0.9979409735644658,0.0048
all,peak_share,elastic_transform,1,common,pooled,0.55018736,0.5216504190733757,0.8784
all,peak_share,elastic_transform,2,common,pooled,0.57603408,0.5348547708062253,0.8434
all,peak_share,elastic_transform,3,common,pooled,0.61506024,0.556915193905118,0.7866
all,peak_share,elastic_transform,4,common,pooled,0.64679056,0.5770161500661026,0.7394
all,peak_share,elastic_transform,5,common,pooled,0.6892188,0.6062909222339112,0.6762
all,peak_share,pixelate,1,common,pooled,0.65514272,0.5912695497583851,0.7384
all,peak_share,pixelate,2,common,pooled,0.72812236,0.6462256818665328,0.602
all,peak_share,pixelate,3,common,pooled,0.86059396,0.7827248852440762,0.341
all,peak_share,pixelate,4,common,pooled,0.93290404,0.8830362192404169,0.1828
all,peak_share,pixelate,5,common,pooled,0.96486948,0.9373181302529758,0.0984
all,peak_share,jpeg_compression,1,common,pooled,0.80901876,0.7241521210849801,0.4488
all,peak_share,jpeg_compression,2,common,pooled,0.87805732,0.802394657479236,0.2906
all,peak_share,jpeg_compression,3,common,pooled,0.90564252,0.837785870760532,0.2328
all,peak_share,jpeg_compression,4,common,pooled,0.94562872,0.8945873097472696,0.1304
all,peak_share,jpeg_compression,5,common,pooled,0.96418584,0.92515368776849,0.0838
all,peak_share,speckle_noise,1,extra,pooled,0.89172672,0.8430353574498536,0.3334
all,peak_share,speckle_noise,2,extra,pooled,0.93375472,0.8971338124180108,0.2158
all,peak_share,speckle_noise,3,extra,pooled,0.97802104,0.9625968176454774,0.0688
all,peak_share,speckle_noise,4,extra,pooled,0.98710816,0.9784518269487258,0.0394
all,peak_share,speckle_noise,5,extra,pooled,0.99287012,0.9888361120193971,0.024
all,peak_share,gaussian_blur,1,extra,pooled,0.80009992,0.7248329093807686,0.5012
all,peak_share,gaussian_blur,2,extra,pooled,0.95280412,0.9125075216826138,0.1156
all,peak_share,gaussian_blur,3,extra,pooled,0.98171244,0.9630168287106516,0.042
all,peak_share,gaussian_blur,4,extra,pooled,0.99058828,0.980302465681891,0.021
all,peak_share,gaussian_blur,5,extra,pooled,0.99611064,0.9919673477954756,0.0086
all,peak_share,spatter,1,extra,pooled,0.49230432,0.48756213425751305,0.9438
all,peak_share,spatter,2,extra,pooled,0.72461524,0.6318435258645807,0.6278
all,peak_share,spatter,3,extra,pooled,0.88773684,0.8109197071326795,0.3002
all,peak_share,spatter,4,extra,pooled,0.9354844,0.8847847387789041,0.179
all,peak_share,spatter,5,extra,pooled,0.9693378,0.9386969216650197,0.0804
all,peak_share,saturate,1,extra,pooled,0.57380856,0.5384283352979139,0.8604
all,peak_share,saturate,2,extra,pooled,0.69080484,0.6173546490523092,0.6814
all,peak_share,saturate,3,extra,pooled,0.59630304,0.5675369513778549,0.8696
all,peak_share,saturate,4,extra,pooled,0.80248588,0.7545273931229289,0.5238
all,peak_share,saturate,5,extra,pooled,0.90726852,0.8903347737194961,0.3134
all,level,gaussian_noise,1,common,pooled,0.98678348,0.9667576036582057,0.0318
all,level,gaussian_noise,2,common,pooled,0.99682944,0.9916630675261423,0.0062
all,level,gaussian_noise,3,common,pooled,0.999424,0.9972066840263603,0.0014
all,level,gaussian_noise,4,common,pooled,0.99967684,0.9992423029520466,0.0004
all,level,gaussian_noise,5,common,pooled,0.99999812,0.999998112790787,0.0
all,level,shot_noise,1,common,pooled,0.97909424,0.960514650243839,0.062
all,level,shot_noise,2,common,pooled,0.99563084,0.991072998206474,0.0118
all,level,shot_noise,3,common,pooled,0.9990144,0.9970911968843381,0.0034
all,level,shot_noise,4,common,pooled,0.99974796,0.9996429578254045,0.0004
all,level,shot_noise,5,common,pooled,0.99995348,0.9999520887451973,0.0004
all,level,impulse_noise,1,common,pooled,0.99986796,0.9998424825830667,0.0004
all,level,impulse_noise,2,common,pooled,0.9997006,0.9994499029160042,0.0004
all,level,impulse_noise,3,common,pooled,0.99965612,0.9991843965227248,0.0004
all,level,impulse_noise,4,common,pooled,0.99985544,0.9997985568709293,0.0004
all,level,impulse_noise,5,common,pooled,1.0,1.0,0.0
all,level,defocus_blur,1,common,pooled,0.88032004,0.8006682981588034,0.288
all,level,defocus_blur,2,common,pooled,0.9215918,0.8593423732094436,0.1928
all,level,defocus_blur,3,common,pooled,0.94764264,0.9026226945722573,0.1248
all,level,defocus_blur,4,common,pooled,0.96155664,0.9266098770101096,0.0866
all,level,defocus_blur,5,common,pooled,0.96984732,0.9419044715723525,0.0664
all,level,glass_blur,1,common,pooled,0.78320664,0.6859399869052951,0.5054
all,level,glass_blur,2,common,pooled,0.8589178,0.7705193955180131,0.3426
all,level,glass_blur,3,common,pooled,0.89725456,0.8144219694237108,0.229
all,level,glass_blur,4,common,pooled,0.91104052,0.8383617173864428,0.2062
all,level,glass_blur,5,common,pooled,0.94820548,0.9038527754318217,0.127
all,level,motion_blur,1,common,pooled,0.86036044,0.7864098556046225,0.347
all,level,motion_blur,2,common,pooled,0.91908628,0.8647561334806969,0.2062
all,level,motion_blur,3,common,pooled,0.94839916,0.91011588665227,0.13
all,level,motion_blur,4,common,pooled,0.96399412,0.9356810869535698,0.0912
all,level,motion_blur,5,common,pooled,0.97034072,0.9462411846072676,0.073
all,level,zoom_blur,1,common,pooled,0.69971168,0.6184979196864732,0.6646
all,level,zoom_blur,2,common,pooled,0.7441788,0.6577130218289168,0.5896
all,level,zoom_blur,3,common,pooled,0.6776808,0.6036536049428378,0.7054
all,level,zoom_blur,4,common,pooled,0.70916408,0.6301230189208729,0.6654
all,level,zoom_blur,5,common,pooled,0.6831586,0.6057498744252119,0.691
all,level,snow,1,common,pooled,0.9466916,0.9211822587513713,0.1824
all,level,snow,2,common,pooled,0.98174324,0.9710290340041404,0.061
all,level,snow,3,common,pooled,0.97777916,0.9647565641226091,0.075
all,level,snow,4,common,pooled,0.98298492,0.9725808180001851,0.0568
all,level,snow,5,common,pooled,0.98171928,0.9691888329587053,0.055
all,level,frost,1,common,pooled,0.6788754,0.5999223363639975,0.665
all,level,frost,2,common,pooled,0.76920184,0.6696434622664376,0.4966
all,level,frost,3,common,pooled,0.81406856,0.7158920968321071,0.4026
all,level,frost,4,common,pooled,0.81430356,0.7151891599076559,0.401
all,level,frost,5,common,pooled,0.83526508,0.7397826406954734,0.359
all,level,fog,1,common,pooled,0.6898168,0.5972250897005991,0.6412
all,level,fog,2,common,pooled,0.73162284,0.6331332730633978,0.5658
all,level,fog,3,common,pooled,0.7524824,0.651388955599008,0.5232
all,level,fog,4,common,pooled,0.7357204,0.6324493494044325,0.541
all,level,fog,5,common,pooled,0.74919376,0.6453034218618315,0.5176
all,level,brightness,1,common,pooled,0.55796004,0.5393040938850624,0.912
all,level,brightness,2,common,pooled,0.65225404,0.6066425746849327,0.7964
all,level,brightness,3,common,pooled,0.73862344,0.6770758004225081,0.6406
all,level,brightness,4,common,pooled,0.81314424,0.747345768287562,0.4672
all,level,brightness,5,common,pooled,0.86434204,0.8037794316188491,0.347
all,level,contrast,1,common,pooled,0.74793764,0.6568205436680407,0.5534
all,level,contrast,2,common,pooled,0.8198212,0.7365749414335949,0.4206
all,level,contrast,3,common,pooled,0.88807224,0.8326466682346692,0.284
all,level,contrast,4,common,pooled,0.95104488,0.9288454627029126,0.1374
all,level,contrast,5,common,pooled,0.98017472,0.9716683735343596,0.059
all,level,elastic_transform,1,common,pooled,0.55878276,0.5223158626791928,0.8744
all,level,elastic_transform,2,common,pooled,0.59973412,0.5516953959902788,0.8406
all,level,elastic_transform,3,common,pooled,0.65750012,0.5985897312573067,0.7766
all,level,elastic_transform,4,common,pooled,0.70156952,0.6392887712873678,0.7162
all,level,elastic_transform,5,common,pooled,0.7564136,0.6943690814347419,0.6336
all,level,pixelate,1,common,pooled,0.65621144,0.5868654167280567,0.7428
all,level,pixelate,2,common,pooled,0.72790996,0.6438575377734989,0.6248
all,level,pixelate,3,common,pooled,0.87348988,0.8228155672977425,0.3698
all,level,pixelate,4,common,pooled,0.9425424,0.9234901090020876,0.2068
all,level,pixelate,5,common,pooled,0.97309064,0.9664708620779145,0.112
all,level,jpeg_compression,1,common,pooled,0.78992212,0.6966481772497992,0.4452
all,level,jpeg_compression,2,common,pooled,0.88907468,0.8165607855579146,0.261
all,level,jpeg_compression,3,common,pooled,0.92734516,0.8734791662022026,0.1844
all,level,jpeg_compression,4,common,pooled,0.97467728,0.9546647602179827,0.0698
all,level,jpeg_compression,5,common,pooled,0.98936164,0.9821108624408942,0.0356
all,level,speckle_noise,1,extra,pooled,0.93418128,0.9068177699922334,0.2344
all,level,speckle_noise,2,extra,pooled,0.96858392,0.9551613858537001,0.119
all,level,speckle_noise,3,extra,pooled,0.99472188,0.9918989506439302,0.0194
all,level,speckle_noise,4,extra,pooled,0.99784536,0.9968369392793044,0.0068
all,level,speckle_noise,5,extra,pooled,0.99914488,0.9988968336788674,0.0028
all,level,gaussian_blur,1,extra,pooled,0.76985036,0.6781855280094082,0.5472
all,level,gaussian_blur,2,extra,pooled,0.92368252,0.8643472467919506,0.193
all,level,gaussian_blur,3,extra,pooled,0.95639044,0.9182805402605893,0.1042
all,level,gaussian_blur,4,extra,pooled,0.97018616,0.9428581189389625,0.067
all,level,gaussian_blur,5,extra,pooled,0.9824946,0.965830681772903,0.0396
all,level,spatter,1,extra,pooled,0.51621364,0.510041658266861,0.936
all,level,spatter,2,extra,pooled,0.83552584,0.7788150541115356,0.457
all,level,spatter,3,extra,pooled,0.95383512,0.9336371071688799,0.1726
all,level,spatter,4,extra,pooled,0.99385072,0.9927948297417684,0.0284
all,level,spatter,5,extra,pooled,0.99867524,0.998421541303572,0.0056
all,level,saturate,1,extra,pooled,0.54073556,0.5048919898533458,0.8606
all,level,saturate,2,extra,pooled,0.62376032,0.5566847644050986,0.7442
all,level,saturate,3,extra,pooled,0.6573598,0.6236988157421958,0.8314
all,level,saturate,4,extra,pooled,0.86516124,0.8211595632950113,0.409
all,level,saturate,5,extra,pooled,0.92823704,0.9084189574907218,0.2642
all,global_level,gaussian_noise,1,common,pooled,0.92074744,0.8484862377153733,0.165
all,global_level,gaussian_noise,2,common,pooled,0.97839884,0.9493531306678124,0.0444
all,global_level,gaussian_noise,3,common,pooled,0.99581948,0.98846833517332,0.0084
all,global_level,gaussian_noise,4,common,pooled,0.99930388,0.9983876161674946,0.0014
all,global_level,gaussian_noise,5,common,pooled,0.99996988,0.999967379815213,0.0002
all,global_level,shot_noise,1,common,pooled,0.90291008,0.8390069093501096,0.246
all,global_level,shot_noise,2,common,pooled,0.97509624,0.9520774602647344,0.069
all,global_level,shot_noise,3,common,pooled,0.99439868,0.988786242478616,0.017
all,global_level,shot_noise,4,common,pooled,0.9994272,0.9991522541122508,0.002
all,global_level,shot_noise,5,common,pooled,0.999908,0.999902319049215,0.0002
all,global_level,impulse_noise,1,common,pooled,0.99966228,0.9995351310295655,0.0014
all,global_level,impulse_noise,2,common,pooled,0.99912576,0.9984489521637002,0.0022
all,global_level,impulse_noise,3,common,pooled,0.99902532,0.9979476554531308,0.0018
all,global_level,impulse_noise,4,common,pooled,0.99980856,0.9994805831103349,0.0002
all,global_level,impulse_noise,5,common,pooled,0.99999564,0.9999955931105841,0.0
all,global_level,defocus_blur,1,common,pooled,0.80839032,0.7281885975846402,0.4328
all,global_level,defocus_blur,2,common,pooled,0.88611648,0.8192635489152519,0.2694
all,global_level,defocus_blur,3,common,pooled,0.94488828,0.9039857210420233,0.1346
all,global_level,defocus_blur,4,common,pooled,0.96837556,0.9417920336213595,0.076
all,global_level,defocus_blur,5,common,pooled,0.97990576,0.9618435785136991,0.0486
all,global_level,glass_blur,1,common,pooled,0.67887332,0.6004179922940045,0.6482
all,global_level,glass_blur,2,common,pooled,0.78219424,0.6903871567228577,0.4538
all,global_level,glass_blur,3,common,pooled,0.82791472,0.7318745186972735,0.3342
all,global_level,glass_blur,4,common,pooled,0.86090204,0.7749471839945543,0.2894
all,global_level,glass_blur,5,common,pooled,0.92909532,0.8729471370639255,0.1544
all,global_level,motion_blur,1,common,pooled,0.75467136,0.6669413170969382,0.529
all,global_level,motion_blur,2,common,pooled,0.85578764,0.7725768524654484,0.3192
all,global_level,motion_blur,3,common,pooled,0.91943568,0.8568973049604685,0.1786
all,global_level,motion_blur,4,common,pooled,0.95226668,0.9074916785504041,0.1088
all,global_level,motion_blur,5,common,pooled,0.9643202,0.9285563385933154,0.0796
all,global_level,zoom_blur,1,common,pooled,0.75644732,0.698642814125364,0.621
all,global_level,zoom_blur,2,common,pooled,0.81385336,0.7542670135113114,0.4932
all,global_level,zoom_blur,3,common,pooled,0.7770568,0.7225053686333684,0.5964
all,global_level,zoom_blur,4,common,pooled,0.81192208,0.7560555624694864,0.518
all,global_level,zoom_blur,5,common,pooled,0.7828166,0.7269683231974652,0.5814
all,global_level,snow,1,common,pooled,0.85994464,0.7857762192190194,0.367
all,global_level,snow,2,common,pooled,0.93680124,0.8961725994495846,0.1854
all,global_level,snow,3,common,pooled,0.9197218,0.867571770502272,0.222
all,global_level,snow,4,common,pooled,0.9350748,0.8909449283269645,0.1782
all,global_level,snow,5,common,pooled,0.93349644,0.8880291653016223,0.171
all,global_level,frost,1,common,pooled,0.53806952,0.503662230670555,0.8602
all,global_level,frost,2,common,pooled,0.6318112,0.5456752424579181,0.6852
all,global_level,frost,3,common,pooled,0.69004528,0.5819604587644155,0.5834
all,global_level,frost,4,common,pooled,0.69074308,0.5801451555954893,0.583
all,global_level,frost,5,common,pooled,0.72100068,0.6029812595747254,0.534
all,global_level,fog,1,common,pooled,0.6736192,0.6214065474394073,0.7244
all,global_level,fog,2,common,pooled,0.73020688,0.6753733905981134,0.6348
all,global_level,fog,3,common,pooled,0.7687782,0.7141440385163238,0.5718
all,global_level,fog,4,common,pooled,0.75097212,0.6882423466059893,0.5978
all,global_level,fog,5,common,pooled,0.75408976,0.677339142850175,0.5792
all,global_level,brightness,1,common,pooled,0.51868172,0.5129788917125684,0.9342
all,global_level,brightness,2,common,pooled,0.56582392,0.5440064910909255,0.8854
all,global_level,brightness,3,common,pooled,0.62036628,0.5811130648886218,0.8054
all,global_level,brightness,4,common,pooled,0.68154572,0.6263337309311405,0.6996
all,global_level,brightness,5,common,pooled,0.73753264,0.6728520065648116,0.589
all,global_level,contrast,1,common,pooled,0.72267936,0.6710815821184116,0.657
all,global_level,contrast,2,common,pooled,0.81175756,0.7655909786211471,0.4986
all,global_level,contrast,3,common,pooled,0.90370652,0.8748112356700773,0.304
all,global_level,contrast,4,common,pooled,0.97533808,0.9666811697938543,0.0914
all,global_level,contrast,5,common,pooled,0.994215,0.9919605971795487,0.0226
all,global_level,elastic_transform,1,common,pooled,0.51729744,0.49521223443400314,0.9122
all,global_level,elastic_transform,2,common,pooled,0.53917148,0.5066765023128612,0.8888
all,global_level,elastic_transform,3,common,pooled,0.57541236,0.5281121342811272,0.8416
all,global_level,elastic_transform,4,common,pooled,0.60606604,0.5485518057515112,0.7994
all,global_level,elastic_transform,5,common,pooled,0.64800468,0.579631075139268,0.7376
all,global_level,pixelate,1,common,pooled,0.56043172,0.52062615320958,0.848
all,global_level,pixelate,2,common,pooled,0.60894056,0.5461840212283833,0.76
all,global_level,pixelate,3,common,pooled,0.77312012,0.6835968145731721,0.4822
all,global_level,pixelate,4,common,pooled,0.89017044,0.8308540505587569,0.2738
all,global_level,pixelate,5,common,pooled,0.94795688,0.922499023744671,0.1502
all,global_level,jpeg_compression,1,common,pooled,0.66115264,0.5833943077259731,0.6802
all,global_level,jpeg_compression,2,common,pooled,0.78279084,0.688145534989276,0.4674
all,global_level,jpeg_compression,3,common,pooled,0.84422024,0.7556241605848573,0.3492
all,global_level,jpeg_compression,4,common,pooled,0.93778728,0.8887536862814396,0.1612
all,global_level,jpeg_compression,5,common,pooled,0.97311564,0.952190544576011,0.079
all,global_level,speckle_noise,1,extra,pooled,0.81280072,0.7482069856240138,0.5082
all,global_level,speckle_noise,2,extra,pooled,0.89121776,0.8447615804099791,0.336
all,global_level,speckle_noise,3,extra,pooled,0.97724884,0.9675168339146403,0.0914
all,global_level,speckle_noise,4,extra,pooled,0.99055384,0.987439030765073,0.0394
all,global_level,speckle_noise,5,extra,pooled,0.9966332,0.9960136692126809,0.0146
all,global_level,gaussian_blur,1,extra,pooled,0.66670392,0.5962513316212033,0.6954
all,global_level,gaussian_blur,2,extra,pooled,0.87802516,0.8080404133805501,0.2838
all,global_level,gaussian_blur,3,extra,pooled,0.94785404,0.9070933399617414,0.1256
all,global_level,gaussian_blur,4,extra,pooled,0.97269564,0.9483889041258539,0.0648
all,global_level,gaussian_blur,5,extra,pooled,0.98889188,0.9779685965074603,0.0262
all,global_level,spatter,1,extra,pooled,0.48184468,0.4829459979177677,0.9524
all,global_level,spatter,2,extra,pooled,0.7290332,0.6508889777751243,0.608
all,global_level,spatter,3,extra,pooled,0.91148232,0.8588449580844576,0.2502
all,global_level,spatter,4,extra,pooled,0.98205444,0.9789064116829239,0.076
all,global_level,spatter,5,extra,pooled,0.99543552,0.9947569035508613,0.0198
all,global_level,saturate,1,extra,pooled,0.50176588,0.48661241686573187,0.915
all,global_level,saturate,2,extra,pooled,0.54789004,0.5102205226349332,0.8528
all,global_level,saturate,3,extra,pooled,0.5885996,0.5639087292835374,0.8834
all,global_level,saturate,4,extra,pooled,0.73639848,0.67660314891203,0.625
all,global_level,saturate,5,extra,pooled,0.83266512,0.782537069393653,0.4516
all,means_knn,gaussian_noise,1,common,pooled,0.98188088,0.9584751660894094,0.0376
all,means_knn,gaussian_noise,2,common,pooled,0.99688668,0.9913835872149097,0.0056
all,means_knn,gaussian_noise,3,common,pooled,0.99953992,0.9980643242099574,0.001
all,means_knn,gaussian_noise,4,common,pooled,0.99981884,0.9995363295113379,0.0002
all,means_knn,gaussian_noise,5,common,pooled,0.99999992,0.9999999200079984,0.0
all,means_knn,shot_noise,1,common,pooled,0.9732056,0.9553628020381804,0.0808
all,means_knn,shot_noise,2,common,pooled,0.995565,0.9919003020412007,0.0148
all,means_knn,shot_noise,3,common,pooled,0.99910112,0.9980351966634611,0.0026
all,means_knn,shot_noise,4,common,pooled,0.99983,0.9997901817883545,0.0002
all,means_knn,shot_noise,5,common,pooled,0.99996224,0.9999632578157721,0.0
all,means_knn,impulse_noise,1,common,pooled,0.99987816,0.9998468030193682,0.0004
all,means_knn,impulse_noise,2,common,pooled,0.99978608,0.9995988486986224,0.0004
all,means_knn,impulse_noise,3,common,pooled,0.99978252,0.999511921985562,0.0004
all,means_knn,impulse_noise,4,common,pooled,0.9999012,0.9998638148299641,0.0002
all,means_knn,impulse_noise,5,common,pooled,1.0,1.0,0.0
all,means_knn,defocus_blur,1,common,pooled,0.65556972,0.58118125740997,0.7284
all,means_knn,defocus_blur,2,common,pooled,0.7440194,0.6522657842496797,0.566
all,means_knn,defocus_blur,3,common,pooled,0.810903,0.7183865520507705,0.4332
all,means_knn,defocus_blur,4,common,pooled,0.8459086,0.7597605183649504,0.3612
all,means_knn,defocus_blur,5,common,pooled,0.86962264,0.7891730137764095,0.307
all,means_knn,glass_blur,1,common,pooled,0.60803276,0.5409725678269541,0.769
all,means_knn,glass_blur,2,common,pooled,0.6877826,0.5945112544087707,0.6316
all,means_knn,glass_blur,3,common,pooled,0.79218784,0.6789231201653325,0.4176
all,means_knn,glass_blur,4,common,pooled,0.78792096,0.6724786403283673,0.4154
all,means_knn,glass_blur,5,common,pooled,0.80885336,0.6965827731037044,0.3728
all,means_knn,motion_blur,1,common,pooled,0.76457404,0.7146049046529994,0.6272
all,means_knn,motion_blur,2,common,pooled,0.84698504,0.7985612515391225,0.4586
all,means_knn,motion_blur,3,common,pooled,0.90147704,0.8604323882192467,0.3126
all,means_knn,motion_blur,4,common,pooled,0.93213756,0.8995377704681764,0.2174
all,means_knn,motion_blur,5,common,pooled,0.94453636,0.9155231966237118,0.1752
all,means_knn,zoom_blur,1,common,pooled,0.6242562,0.5551942441674464,0.7452
all,means_knn,zoom_blur,2,common,pooled,0.66996504,0.5891761244801972,0.6796
all,means_knn,zoom_blur,3,common,pooled,0.64019396,0.5644441689559412,0.7158
all,means_knn,zoom_blur,4,common,pooled,0.665141,0.5826957892649642,0.6754
all,means_knn,zoom_blur,5,common,pooled,0.64464652,0.5652617337465516,0.7054
all,means_knn,snow,1,common,pooled,0.95791728,0.9404601688068766,0.1524
all,means_knn,snow,2,common,pooled,0.98600016,0.9796688593281851,0.0464
all,means_knn,snow,3,common,pooled,0.9815474,0.9731913170182775,0.0606
all,means_knn,snow,4,common,pooled,0.98480924,0.9784192494943933,0.0506
all,means_knn,snow,5,common,pooled,0.98334668,0.9767413958654723,0.0596
all,means_knn,frost,1,common,pooled,0.77541772,0.7128022665322393,0.5826
all,means_knn,frost,2,common,pooled,0.86895648,0.8109661552658691,0.3606
all,means_knn,frost,3,common,pooled,0.90682704,0.8564592563145832,0.2548
all,means_knn,frost,4,common,pooled,0.90533516,0.8528957933175354,0.256
all,means_knn,frost,5,common,pooled,0.92185512,0.8744623303593171,0.2134
all,means_knn,fog,1,common,pooled,0.56022816,0.506827959741078,0.8044
all,means_knn,fog,2,common,pooled,0.59172548,0.5237801277867721,0.763
all,means_knn,fog,3,common,pooled,0.59901404,0.5258993003342237,0.7438
all,means_knn,fog,4,common,pooled,0.55717932,0.4979791562479431,0.7806
all,means_knn,fog,5,common,pooled,0.540913,0.4823111435881172,0.7582
all,means_knn,brightness,1,common,pooled,0.57552556,0.5558839479228619,0.903
all,means_knn,brightness,2,common,pooled,0.69342968,0.652197504590867,0.762
all,means_knn,brightness,3,common,pooled,0.80023548,0.752838235316932,0.5612
all,means_knn,brightness,4,common,pooled,0.88265632,0.8425054128612856,0.3588
all,means_knn,brightness,5,common,pooled,0.9307196,0.9016831742713716,0.2248
all,means_knn,contrast,1,common,pooled,0.6825864,0.6097210167304996,0.6884
all,means_knn,contrast,2,common,pooled,0.75302884,0.6691023405779547,0.5702
all,means_knn,contrast,3,common,pooled,0.82211184,0.736140600936938,0.4268
all,means_knn,contrast,4,common,pooled,0.89109888,0.8162459494314915,0.2632
all,means_knn,contrast,5,common,pooled,0.9317038,0.8752384624177508,0.1694
all,means_knn,elastic_transform,1,common,pooled,0.55422952,0.5212170990653093,0.8606
all,means_knn,elastic_transform,2,common,pooled,0.6082836,0.5589284342081835,0.8016
all,means_knn,elastic_transform,3,common,pooled,0.6839054,0.6203814739548507,0.715
all,means_knn,elastic_transform,4,common,pooled,0.73855256,0.6718810078206682,0.634
all,means_knn,elastic_transform,5,common,pooled,0.80286288,0.7392093315130519,0.5254
all,means_knn,pixelate,1,common,pooled,0.6191512,0.5788236278159989,0.8448
all,means_knn,pixelate,2,common,pooled,0.69013948,0.6384875592109179,0.7646
all,means_knn,pixelate,3,common,pooled,0.85557644,0.8306395937658078,0.4904
all,means_knn,pixelate,4,common,pooled,0.93715988,0.9276986430921337,0.2604
all,means_knn,pixelate,5,common,pooled,0.97118252,0.967402993849723,0.132
all,means_knn,jpeg_compression,1,common,pooled,0.78687004,0.7109417081212746,0.52
all,means_knn,jpeg_compression,2,common,pooled,0.888495,0.8275296402689143,0.3004
all,means_knn,jpeg_compression,3,common,pooled,0.92512992,0.8779292603386416,0.213
all,means_knn,jpeg_compression,4,common,pooled,0.97055052,0.9486874662407196,0.0844
all,means_knn,jpeg_compression,5,common,pooled,0.98551436,0.9749839855817821,0.0424
all,means_knn,speckle_noise,1,extra,pooled,0.92335588,0.9002646107804826,0.2808
all,means_knn,speckle_noise,2,extra,pooled,0.96551004,0.9548980521269951,0.1366
all,means_knn,speckle_noise,3,extra,pooled,0.99511184,0.9937636263681542,0.018
all,means_knn,speckle_noise,4,extra,pooled,0.99807552,0.9976297308803871,0.0056
all,means_knn,speckle_noise,5,extra,pooled,0.99925768,0.9991610942751122,0.0022
all,means_knn,gaussian_blur,1,extra,pooled,0.56415872,0.522488818136302,0.8576
all,means_knn,gaussian_blur,2,extra,pooled,0.73723224,0.6471783973541739,0.5882
all,means_knn,gaussian_blur,3,extra,pooled,0.84008596,0.7496879540498906,0.3654
all,means_knn,gaussian_blur,4,extra,pooled,0.88847636,0.808725068302943,0.257
all,means_knn,gaussian_blur,5,extra,pooled,0.93066372,0.8684354352176611,0.1542
all,means_knn,spatter,1,extra,pooled,0.54658608,0.5265560712953359,0.913
all,means_knn,spatter,2,extra,pooled,0.86885484,0.826022192023402,0.41
all,means_knn,spatter,3,extra,pooled,0.95732132,0.9414240965154133,0.1596
all,means_knn,spatter,4,extra,pooled,0.98474604,0.9807695361668914,0.0592
all,means_knn,spatter,5,extra,pooled,0.99479772,0.9932574142140976,0.022
all,means_knn,saturate,1,extra,pooled,0.47775468,0.4730208700510047,0.9224
all,means_knn,saturate,2,extra,pooled,0.50814984,0.4937300772125818,0.8942
all,means_knn,saturate,3,extra,pooled,0.70389756,0.6762400642025135,0.7982
all,means_knn,saturate,4,extra,pooled,0.92677452,0.9039302168432329,0.2624
all,means_knn,saturate,5,extra,pooled,0.96634964,0.9587839830708731,0.1438
all,means_own,gaussian_noise,1,common,pooled,0.87277556,0.7873159342126751,0.2822
all,means_own,gaussian_noise,2,common,pooled,0.96125492,0.9195177618614928,0.0886
all,means_own,gaussian_noise,3,common,pooled,0.99206776,0.9802910243221528,0.0178
all,means_own,gaussian_noise,4,common,pooled,0.99849852,0.996531581155534,0.0032
all,means_own,gaussian_noise,5,common,pooled,0.99992604,0.9999206697874179,0.0004
all,means_own,shot_noise,1,common,pooled,0.85495908,0.7811795030912676,0.3634
all,means_own,shot_noise,2,common,pooled,0.95810476,0.9255073725125138,0.1164
all,means_own,shot_noise,3,common,pooled,0.9900272,0.9808301802333549,0.0278
all,means_own,shot_noise,4,common,pooled,0.99879716,0.9981493558100811,0.0034
all,means_own,shot_noise,5,common,pooled,0.99982112,0.9998057568798436,0.001
all,means_own,impulse_noise,1,common,pooled,0.99950592,0.9993947074842784,0.0016
all,means_own,impulse_noise,2,common,pooled,0.99865232,0.9976988312664314,0.0034
all,means_own,impulse_noise,3,common,pooled,0.99844232,0.9967894358798581,0.0034
all,means_own,impulse_noise,4,common,pooled,0.99935364,0.9988563286899491,0.0012
all,means_own,impulse_noise,5,common,pooled,0.99998816,0.9999879993953802,0.0
all,means_own,defocus_blur,1,common,pooled,0.76474116,0.6829933523831362,0.5412
all,means_own,defocus_blur,2,common,pooled,0.85505388,0.7779606587336244,0.3466
all,means_own,defocus_blur,3,common,pooled,0.92948728,0.8769656804266971,0.1692
all,means_own,defocus_blur,4,common,pooled,0.95899524,0.9228191919480245,0.0988
all,means_own,defocus_blur,5,common,pooled,0.9733762,0.9474709977402885,0.0604
all,means_own,glass_blur,1,common,pooled,0.65274556,0.5816711839460006,0.7148
all,means_own,glass_blur,2,common,pooled,0.76460628,0.6726732457934838,0.5014
all,means_own,glass_blur,3,common,pooled,0.85421164,0.7589171072815193,0.2972
all,means_own,glass_blur,4,common,pooled,0.88101744,0.7948103555136191,0.2488
all,means_own,glass_blur,5,common,pooled,0.93295248,0.873277158270261,0.1432
all,means_own,motion_blur,1,common,pooled,0.71292196,0.6397633578012347,0.6436
all,means_own,motion_blur,2,common,pooled,0.82650216,0.7481835531827064,0.4044
all,means_own,motion_blur,3,common,pooled,0.90534976,0.843350740299912,0.2228
all,means_own,motion_blur,4,common,pooled,0.94671504,0.9028293324769188,0.1276
all,means_own,motion_blur,5,common,pooled,0.96175884,0.9271344400057872,0.09
all,means_own,zoom_blur,1,common,pooled,0.75024948,0.6788312337261846,0.6078
all,means_own,zoom_blur,2,common,pooled,0.81416952,0.739611611513107,0.4634
all,means_own,zoom_blur,3,common,pooled,0.77712272,0.7076769437268703,0.5616
all,means_own,zoom_blur,4,common,pooled,0.8151944,0.7445857509461673,0.47
all,means_own,zoom_blur,5,common,pooled,0.78191548,0.711853739325544,0.5432
all,means_own,snow,1,common,pooled,0.86573868,0.8101927635966335,0.3924
all,means_own,snow,2,common,pooled,0.93511128,0.9003811963343076,0.1994
all,means_own,snow,3,common,pooled,0.9307168,0.8950423738071192,0.2124
all,means_own,snow,4,common,pooled,0.94900732,0.9209375469839459,0.1604
all,means_own,snow,5,common,pooled,0.93995824,0.905431730107325,0.1746
all,means_own,frost,1,common,pooled,0.52942032,0.5035885471955677,0.8902
all,means_own,frost,2,common,pooled,0.64000068,0.5605311038705535,0.7198
all,means_own,frost,3,common,pooled,0.7111174,0.6100979343757443,0.6126
all,means_own,frost,4,common,pooled,0.71452356,0.610623255037659,0.6008
all,means_own,frost,5,common,pooled,0.7503502,0.6405986558955334,0.5366
all,means_own,fog,1,common,pooled,0.66534792,0.608838398848913,0.7412
all,means_own,fog,2,common,pooled,0.72297396,0.6609927716724312,0.66
all,means_own,fog,3,common,pooled,0.76153612,0.6968194318065304,0.5928
all,means_own,fog,4,common,pooled,0.73691228,0.663059861836021,0.6292
all,means_own,fog,5,common,pooled,0.7343422,0.647798782451043,0.6044
all,means_own,brightness,1,common,pooled,0.51357,0.510244995781893,0.9426
all,means_own,brightness,2,common,pooled,0.55477232,0.5378264911887536,0.906
all,means_own,brightness,3,common,pooled,0.60691876,0.5738970947281048,0.8352
all,means_own,brightness,4,common,pooled,0.67005952,0.6208947175811235,0.7396
all,means_own,brightness,5,common,pooled,0.73246148,0.6725076117401494,0.6338
all,means_own,contrast,1,common,pooled,0.71719276,0.6628300439546833,0.6912
all,means_own,contrast,2,common,pooled,0.80962476,0.7570100037147254,0.5156
all,means_own,contrast,3,common,pooled,0.90473876,0.8687761798460558,0.2822
all,means_own,contrast,4,common,pooled,0.97567508,0.9642749868980731,0.0824
all,means_own,contrast,5,common,pooled,0.99352684,0.990337409057452,0.0222
all,means_own,elastic_transform,1,common,pooled,0.53847084,0.510965853118722,0.9006
all,means_own,elastic_transform,2,common,pooled,0.57970412,0.5363647140133635,0.8516
all,means_own,elastic_transform,3,common,pooled,0.63996288,0.5787562694945421,0.7726
all,means_own,elastic_transform,4,common,pooled,0.6858802,0.6161359291129905,0.711
all,means_own,elastic_transform,5,common,pooled,0.742696,0.6686722233700014,0.6284
all,means_own,pixelate,1,common,pooled,0.559293,0.5255059418404406,0.8746
all,means_own,pixelate,2,common,pooled,0.60969316,0.5549857639306155,0.7968
all,means_own,pixelate,3,common,pooled,0.80961452,0.747627487118652,0.4794
all,means_own,pixelate,4,common,pooled,0.9272756,0.8962449050897039,0.2186
all,means_own,pixelate,5,common,pooled,0.96922868,0.9568668900026545,0.1016
all,means_own,jpeg_compression,1,common,pooled,0.6768488,0.6118585273105037,0.7062
all,means_own,jpeg_compression,2,common,pooled,0.81068404,0.735549975244051,0.4594
all,means_own,jpeg_compression,3,common,pooled,0.87330452,0.8070485074125788,0.3274
all,means_own,jpeg_compression,4,common,pooled,0.95757192,0.9265739703092208,0.1268
all,means_own,jpeg_compression,5,common,pooled,0.98327024,0.9710007833527007,0.053
all,means_own,speckle_noise,1,extra,pooled,0.75763264,0.6937314188456583,0.6154
all,means_own,speckle_noise,2,extra,pooled,0.84897868,0.7957609304216746,0.4412
all,means_own,speckle_noise,3,extra,pooled,0.96524344,0.9512815563676399,0.1312
all,means_own,speckle_noise,4,extra,pooled,0.98517904,0.9801646749498826,0.0588
all,means_own,speckle_noise,5,extra,pooled,0.99453976,0.993238828359703,0.0234
all,means_own,gaussian_blur,1,extra,pooled,0.62385296,0.5663116924389228,0.784
all,means_own,gaussian_blur,2,extra,pooled,0.84194996,0.7622895933359085,0.372
all,means_own,gaussian_blur,3,extra,pooled,0.9311282,0.8785195058699066,0.1642
all,means_own,gaussian_blur,4,extra,pooled,0.96468516,0.9316295924344165,0.084
all,means_own,gaussian_blur,5,extra,pooled,0.98591228,0.9702424393542417,0.03
all,means_own,spatter,1,extra,pooled,0.49830544,0.49524471706587525,0.9438
all,means_own,spatter,2,extra,pooled,0.7878592,0.713345733456277,0.519
all,means_own,spatter,3,extra,pooled,0.92366568,0.8804462067521115,0.2182
all,means_own,spatter,4,extra,pooled,0.98211484,0.9786827813269167,0.0778
all,means_own,spatter,5,extra,pooled,0.99498216,0.9939514710575066,0.022
all,means_own,saturate,1,extra,pooled,0.48351,0.47736996828071426,0.938
all,means_own,saturate,2,extra,pooled,0.519272,0.495825316101853,0.9008
all,means_own,saturate,3,extra,pooled,0.57452028,0.5549813469268594,0.901
all,means_own,saturate,4,extra,pooled,0.71635492,0.6625885953936652,0.6842
all,means_own,saturate,5,extra,pooled,0.81567816,0.769077431766497,0.513
all,saod_top3,gaussian_noise,1,common,pooled,0.55128514,0.5299091979736649,0.9278
all,saod_top3,gaussian_noise,2,common,pooled,0.58390364,0.5502883420846085,0.9088
all,saod_top3,gaussian_noise,3,common,pooled,0.63715018,0.5901629825297532,0.8674
all,saod_top3,gaussian_noise,4,common,pooled,0.7018812,0.6523535713800087,0.7674
all,saod_top3,gaussian_noise,5,common,pooled,0.79100022,0.7587956970149814,0.5842
all,saod_top3,shot_noise,1,common,pooled,0.55124324,0.5315301114583924,0.9292
all,saod_top3,shot_noise,2,common,pooled,0.58969136,0.557380958189929,0.9096
all,saod_top3,shot_noise,3,common,pooled,0.63764884,0.5954627433703864,0.87
all,saod_top3,shot_noise,4,common,pooled,0.7130569,0.6644063496081775,0.7516
all,saod_top3,shot_noise,5,common,pooled,0.76746082,0.7251167509207467,0.6278
all,saod_top3,impulse_noise,1,common,pooled,0.69144688,0.6481619302362502,0.8102
all,saod_top3,impulse_noise,2,common,pooled,0.67317054,0.6208754099585174,0.8282
all,saod_top3,impulse_noise,3,common,pooled,0.66954548,0.6147224280236661,0.8254
all,saod_top3,impulse_noise,4,common,pooled,0.70780388,0.6505982260273019,0.7476
all,saod_top3,impulse_noise,5,common,pooled,0.77416168,0.7320692112392353,0.6054
all,saod_top3,defocus_blur,1,common,pooled,0.5758388,0.5492572611777004,0.9008
all,saod_top3,defocus_blur,2,common,pooled,0.61488692,0.5787584508989365,0.8682
all,saod_top3,defocus_blur,3,common,pooled,0.685849,0.6390693449332324,0.7742
all,saod_top3,defocus_blur,4,common,pooled,0.74783474,0.6962695973985236,0.6708
all,saod_top3,defocus_blur,5,common,pooled,0.80235626,0.7542175547140627,0.5526
all,saod_top3,glass_blur,1,common,pooled,0.6066049,0.5779607674899183,0.8908
all,saod_top3,glass_blur,2,common,pooled,0.6726774,0.6362021070249451,0.8164
all,saod_top3,glass_blur,3,common,pooled,0.8359924,0.8154090696471457,0.5164
all,saod_top3,glass_blur,4,common,pooled,0.86747348,0.851446655668701,0.432
all,saod_top3,glass_blur,5,common,pooled,0.88713716,0.871197308839551,0.3842
all,saod_top3,motion_blur,1,common,pooled,0.54341914,0.5263354898615595,0.9356
all,saod_top3,motion_blur,2,common,pooled,0.59287814,0.5604866762884668,0.898
all,saod_top3,motion_blur,3,common,pooled,0.66614786,0.6197237098960442,0.8096
all,saod_top3,motion_blur,4,common,pooled,0.74453752,0.6957614118415756,0.671
all,saod_top3,motion_blur,5,common,pooled,0.78802042,0.7459230693241439,0.5682
all,saod_top3,zoom_blur,1,common,pooled,0.69249938,0.6357883141828609,0.7648
all,saod_top3,zoom_blur,2,common,pooled,0.74835458,0.6894533976299464,0.644
all,saod_top3,zoom_blur,3,common,pooled,0.7750335,0.7078577613371355,0.5628
all,saod_top3,zoom_blur,4,common,pooled,0.80522364,0.7407206221561745,0.4978
all,saod_top3,zoom_blur,5,common,pooled,0.823422,0.7594706411651075,0.4394
all,saod_top3,snow,1,common,pooled,0.58384814,0.5619181387133894,0.909
all,saod_top3,snow,2,common,pooled,0.6544878,0.630660812940915,0.8562
all,saod_top3,snow,3,common,pooled,0.6579335,0.6373202023378942,0.8586
all,saod_top3,snow,4,common,pooled,0.70669264,0.6923802303881206,0.7874
all,saod_top3,snow,5,common,pooled,0.71620952,0.6964782627216757,0.7884
all,saod_top3,frost,1,common,pooled,0.55667654,0.5454352334161909,0.9292
all,saod_top3,frost,2,common,pooled,0.61435168,0.6024674923104584,0.9012
all,saod_top3,frost,3,common,pooled,0.657031,0.6474831265314634,0.8754
all,saod_top3,frost,4,common,pooled,0.66618076,0.6598339909683517,0.8734
all,saod_top3,frost,5,common,pooled,0.69321606,0.6901179592784128,0.8516
all,saod_top3,fog,1,common,pooled,0.53717388,0.5320366851724774,0.9428
all,saod_top3,fog,2,common,pooled,0.55034586,0.5428459230956251,0.9392
all,saod_top3,fog,3,common,pooled,0.56372752,0.5540161400766126,0.9348
all,saod_top3,fog,4,common,pooled,0.56521936,0.5564237157739303,0.9342
all,saod_top3,fog,5,common,pooled,0.58818502,0.5792078386444641,0.926
all,saod_top3,brightness,1,common,pooled,0.50320416,0.5020056398598314,0.9476
all,saod_top3,brightness,2,common,pooled,0.51246714,0.5066055109692462,0.9402
all,saod_top3,brightness,3,common,pooled,0.52579686,0.5141570003214728,0.936
all,saod_top3,brightness,4,common,pooled,0.54447474,0.5258818572177333,0.9288
all,saod_top3,brightness,5,common,pooled,0.56797654,0.5423051332833145,0.9148
all,saod_top3,contrast,1,common,pooled,0.53502484,0.5305138438119269,0.9402
all,saod_top3,contrast,2,common,pooled,0.55591806,0.5484353455064715,0.937
all,saod_top3,contrast,3,common,pooled,0.59708918,0.5861503979670207,0.9176
all,saod_top3,contrast,4,common,pooled,0.70183362,0.6976943043361522,0.8276
all,saod_top3,contrast,5,common,pooled,0.8431252,0.8469908408579905,0.5986
all,saod_top3,elastic_transform,1,common,pooled,0.56208252,0.5444681627823453,0.9266
all,saod_top3,elastic_transform,2,common,pooled,0.59440528,0.5687388518107281,0.9144
all,saod_top3,elastic_transform,3,common,pooled,0.64000234,0.6096056368274014,0.888
all,saod_top3,elastic_transform,4,common,pooled,0.6782339,0.6446551537595697,0.8638
all,saod_top3,elastic_transform,5,common,pooled,0.72107264,0.6841375714772333,0.8004
all,saod_top3,pixelate,1,common,pooled,0.58849384,0.5637508039879324,0.8938
all,saod_top3,pixelate,2,common,pooled,0.63929974,0.6070463210720133,0.8454
all,saod_top3,pixelate,3,common,pooled,0.83245844,0.8171109229555706,0.5178
all,saod_top3,pixelate,4,common,pooled,0.94384844,0.9416572872532571,0.2658
all,saod_top3,pixelate,5,common,pooled,0.97814396,0.9779269787824053,0.1032
all,saod_top3,jpeg_compression,1,common,pooled,0.60026286,0.5553588646233213,0.8722
all,saod_top3,jpeg_compression,2,common,pooled,0.66207566,0.6056421676031867,0.7884
all,saod_top3,jpeg_compression,3,common,pooled,0.70504048,0.6475288963630427,0.7348
all,saod_top3,jpeg_compression,4,common,pooled,0.81347622,0.7681191680080647,0.5136
all,saod_top3,jpeg_compression,5,common,pooled,0.89116892,0.8612514031985969,0.3526
all,saod_top3,speckle_noise,1,extra,pooled,0.54073378,0.5264617254816446,0.9358
all,saod_top3,speckle_noise,2,extra,pooled,0.5587535,0.5394653358869146,0.9244
all,saod_top3,speckle_noise,3,extra,pooled,0.61964764,0.5851998182591147,0.8936
all,saod_top3,speckle_noise,4,extra,pooled,0.65536546,0.6161553418658489,0.866
all,saod_top3,speckle_noise,5,extra,pooled,0.69870496,0.6589315442477842,0.7882
all,saod_top3,gaussian_blur,1,extra,pooled,0.53369632,0.5210946827904989,0.9286
all,saod_top3,gaussian_blur,2,extra,pooled,0.60162092,0.5666881416907483,0.8744
all,saod_top3,gaussian_blur,3,extra,pooled,0.66875224,0.6231894480604898,0.8
all,saod_top3,gaussian_blur,4,extra,pooled,0.73322626,0.6846213204017431,0.705
all,saod_top3,gaussian_blur,5,extra,pooled,0.83432848,0.793103359049875,0.4808
all,saod_top3,spatter,1,extra,pooled,0.50599896,0.5013734811308551,0.9464
all,saod_top3,spatter,2,extra,pooled,0.56642074,0.5402319326542452,0.91
all,saod_top3,spatter,3,extra,pooled,0.60418438,0.5706698687038063,0.8924
all,saod_top3,spatter,4,extra,pooled,0.641937,0.5791295146800022,0.8322
all,saod_top3,spatter,5,extra,pooled,0.69614702,0.6205593884832925,0.7294
all,saod_top3,saturate,1,extra,pooled,0.52009954,0.5162872042895589,0.9428
all,saod_top3,saturate,2,extra,pooled,0.52862698,0.521127841347166,0.9394
all,saod_top3,saturate,3,extra,pooled,0.51094002,0.5034766766209607,0.9406
all,saod_top3,saturate,4,extra,pooled,0.55213376,0.5293822247276561,0.9214
all,saod_top3,saturate,5,extra,pooled,0.58588534,0.5548597707867503,0.9066
all,saod_min,gaussian_noise,1,common,pooled,0.55165106,0.5538895439088678,0.9392
all,saod_min,gaussian_noise,2,common,pooled,0.59595132,0.6019653740359102,0.9368
all,saod_min,gaussian_noise,3,common,pooled,0.66645264,0.6774400126257647,0.914
all,saod_min,gaussian_noise,4,common,pooled,0.75473644,0.7653363541877796,0.8584
all,saod_min,gaussian_noise,5,common,pooled,0.85684482,0.8606183174987857,0.6478
all,saod_min,shot_noise,1,common,pooled,0.54964374,0.5531177776960299,0.94
all,saod_min,shot_noise,2,common,pooled,0.59456822,0.6033252183915714,0.9382
all,saod_min,shot_noise,3,common,pooled,0.65849926,0.6717475094407568,0.9188
all,saod_min,shot_noise,4,common,pooled,0.76471448,0.7744054214166982,0.8414
all,saod_min,shot_noise,5,common,pooled,0.83824486,0.8412086615906464,0.6982
all,saod_min,impulse_noise,1,common,pooled,0.7467715,0.7561477965689231,0.8566
all,saod_min,impulse_noise,2,common,pooled,0.71478626,0.7269646032786375,0.8898
all,saod_min,impulse_noise,3,common,pooled,0.71224244,0.7235754490477866,0.897
all,saod_min,impulse_noise,4,common,pooled,0.76994298,0.7763357641746201,0.8266
all,saod_min,impulse_noise,5,common,pooled,0.84469262,0.8468216173692305,0.6866
all,saod_min,defocus_blur,1,common,pooled,0.57636196,0.5744113621618867,0.9352
all,saod_min,defocus_blur,2,common,pooled,0.61541818,0.6178820571686351,0.9286
all,saod_min,defocus_blur,3,common,pooled,0.69365696,0.6989582280598954,0.8952
all,saod_min,defocus_blur,4,common,pooled,0.76966786,0.7724216302021139,0.8098
all,saod_min,defocus_blur,5,common,pooled,0.83405904,0.8332448135540488,0.6864
all,saod_min,glass_blur,1,common,pooled,0.61041698,0.6101083175965704,0.922
all,saod_min,glass_blur,2,common,pooled,0.69179866,0.696201526564435,0.869
all,saod_min,glass_blur,3,common,pooled,0.88391464,0.8842526752512513,0.5538
all,saod_min,glass_blur,4,common,pooled,0.91043284,0.9095325301559123,0.441
all,saod_min,glass_blur,5,common,pooled,0.93145426,0.9284084324546471,0.349
all,saod_min,motion_blur,1,common,pooled,0.53335406,0.5363907064333924,0.9548
all,saod_min,motion_blur,2,common,pooled,0.58576904,0.5932959846211285,0.954
all,saod_min,motion_blur,3,common,pooled,0.6721712,0.6836797833586816,0.914
all,saod_min,motion_blur,4,common,pooled,0.76947758,0.777253142401918,0.8172
all,saod_min,motion_blur,5,common,pooled,0.82364992,0.8282278074727402,0.7086
all,saod_min,zoom_blur,1,common,pooled,0.6804989,0.684768751228853,0.9002
all,saod_min,zoom_blur,2,common,pooled,0.75122382,0.7536581536925776,0.8262
all,saod_min,zoom_blur,3,common,pooled,0.7948782,0.7900895252564045,0.7338
all,saod_min,zoom_blur,4,common,pooled,0.83711148,0.8288454076692985,0.631
all,saod_min,zoom_blur,5,common,pooled,0.86854676,0.8548824010705531,0.54
all,saod_min,snow,1,common,pooled,0.59533856,0.6060128282869663,0.933
all,saod_min,snow,2,common,pooled,0.67466774,0.6935398393418022,0.9132
all,saod_min,snow,3,common,pooled,0.68613388,0.7055443312191949,0.9054
all,saod_min,snow,4,common,pooled,0.74332908,0.7644545175057638,0.8518
all,saod_min,snow,5,common,pooled,0.7507332,0.7690957245032246,0.853
all,saod_min,frost,1,common,pooled,0.55849662,0.5651747409814352,0.941
all,saod_min,frost,2,common,pooled,0.62363892,0.6403674323410034,0.9294
all,saod_min,frost,3,common,pooled,0.67444866,0.696370985599116,0.91
all,saod_min,frost,4,common,pooled,0.68163326,0.7065006879370732,0.9058
all,saod_min,frost,5,common,pooled,0.71253992,0.7380881177878306,0.8802
all,saod_min,fog,1,common,pooled,0.51807752,0.527303274032842,0.9546
all,saod_min,fog,2,common,pooled,0.5292949,0.5406904710438112,0.9548
all,saod_min,fog,3,common,pooled,0.54095972,0.554044049387054,0.9544
all,saod_min,fog,4,common,pooled,0.54410246,0.557028232625083,0.9548
all,saod_min,fog,5,common,pooled,0.56681142,0.5829131377670154,0.951
all,saod_min,brightness,1,common,pooled,0.50567328,0.505842659284664,0.9478
all,saod_min,brightness,2,common,pooled,0.51686882,0.5170709202268418,0.9478
all,saod_min,brightness,3,common,pooled,0.53121264,0.5320793943041464,0.9446
all,saod_min,brightness,4,common,pooled,0.55251964,0.5526902963023252,0.941
all,saod_min,brightness,5,common,pooled,0.57830416,0.5792326360783684,0.9356
all,saod_min,contrast,1,common,pooled,0.51760572,0.5266855683504085,0.9522
all,saod_min,contrast,2,common,pooled,0.53638398,0.5485924028302915,0.9544
all,saod_min,contrast,3,common,pooled,0.57666202,0.5952580412591307,0.9512
all,saod_min,contrast,4,common,pooled,0.6968565,0.7210744504064238,0.8948
all,saod_min,contrast,5,common,pooled,0.85636124,0.8675173670295344,0.613
all,saod_min,elastic_transform,1,common,pooled,0.57488796,0.5792638888583868,0.936
all,saod_min,elastic_transform,2,common,pooled,0.61306884,0.6180998074121373,0.9232
all,saod_min,elastic_transform,3,common,pooled,0.6651598,0.674372779007578,0.9064
all,saod_min,elastic_transform,4,common,pooled,0.70676266,0.714791058316625,0.8822
all,saod_min,elastic_transform,5,common,pooled,0.75461656,0.7589778118679276,0.8402
all,saod_min,pixelate,1,common,pooled,0.594498,0.5849388693678135,0.9094
all,saod_min,pixelate,2,common,pooled,0.65366308,0.6485241654134957,0.8736
all,saod_min,pixelate,3,common,pooled,0.86406742,0.8693893634642201,0.5672
all,saod_min,pixelate,4,common,pooled,0.95830282,0.9610425042669455,0.2196
all,saod_min,pixelate,5,common,pooled,0.98253772,0.9838274005274402,0.0666
all,saod_min,jpeg_compression,1,common,pooled,0.62723432,0.6193390183170668,0.902
all,saod_min,jpeg_compression,2,common,pooled,0.70671618,0.7048472720359094,0.8648
all,saod_min,jpeg_compression,3,common,pooled,0.76061508,0.7606788269384734,0.804
all,saod_min,jpeg_compression,4,common,pooled,0.88288228,0.8773255426698321,0.5472
all,saod_min,jpeg_compression,5,common,pooled,0.94795842,0.9387308899001011,0.2508
all,saod_min,speckle_noise,1,extra,pooled,0.53997506,0.5423138899209332,0.9446
all,saod_min,speckle_noise,2,extra,pooled,0.55675098,0.562668978768733,0.9404
all,saod_min,speckle_noise,3,extra,pooled,0.62784976,0.6406977914640792,0.9246
all,saod_min,speckle_noise,4,extra,pooled,0.67428696,0.6895477283913196,0.9058
all,saod_min,speckle_noise,5,extra,pooled,0.7350796,0.7491153883820962,0.8584
all,saod_min,gaussian_blur,1,extra,pooled,0.53572254,0.5312757791773779,0.942
all,saod_min,gaussian_blur,2,extra,pooled,0.60636892,0.6034027555155943,0.9244
all,saod_min,gaussian_blur,3,extra,pooled,0.6811862,0.6844113329887809,0.8972
all,saod_min,gaussian_blur,4,extra,pooled,0.75851914,0.762558634622942,0.8296
all,saod_min,gaussian_blur,5,extra,pooled,0.87791628,0.8728085355869221,0.5486
all,saod_min,spatter,1,extra,pooled,0.50803162,0.5077087952477444,0.9466
all,saod_min,spatter,2,extra,pooled,0.59153286,0.5938580566532846,0.9294
all,saod_min,spatter,3,extra,pooled,0.63301876,0.6399908341323881,0.9192
all,saod_min,spatter,4,extra,pooled,0.69753958,0.6980331397747677,0.8852
all,saod_min,spatter,5,extra,pooled,0.77363562,0.76699233803215,0.8014
all,saod_min,saturate,1,extra,pooled,0.51252648,0.516295467949391,0.9496
all,saod_min,saturate,2,extra,pooled,0.52178936,0.5274098550981139,0.9428
all,saod_min,saturate,3,extra,pooled,0.51816182,0.5154991893096014,0.9466
all,saod_min,saturate,4,extra,pooled,0.56049236,0.5580773932122347,0.9382
all,saod_min,saturate,5,extra,pooled,0.59916404,0.6004617268954748,0.9258
all,knn,gaussian_noise,1,common,pooled,0.61885298,0.5616152457126495,0.7938
all,knn,gaussian_noise,2,common,pooled,0.75823086,0.6758363396016943,0.5798
all,knn,gaussian_noise,3,common,pooled,0.91104912,0.8515719638938505,0.2306
all,knn,gaussian_noise,4,common,pooled,0.9781412,0.9553586117183854,0.0578
all,knn,gaussian_noise,5,common,pooled,0.99520252,0.9897135890234886,0.011
all,knn,shot_noise,1,common,pooled,0.62452628,0.5697555542823954,0.8002
all,knn,shot_noise,2,common,pooled,0.7722795,0.7028927786198088,0.5792
all,knn,shot_noise,3,common,pooled,0.90676248,0.8599248310062292,0.2724
all,knn,shot_noise,4,common,pooled,0.98286076,0.9694176566948401,0.0522
all,knn,shot_noise,5,common,pooled,0.99434328,0.9892570023742877,0.0142
all,knn,impulse_noise,1,common,pooled,0.9940512,0.9917685015555672,0.0208
all,knn,impulse_noise,2,common,pooled,0.98764104,0.9806010696716855,0.0404
all,knn,impulse_noise,3,common,pooled,0.98411122,0.9736724588373467,0.048
all,knn,impulse_noise,4,common,pooled,0.99057398,0.9818487479870759,0.0224
all,knn,impulse_noise,5,common,pooled,0.99602334,0.9918284608749816,0.0082
all,knn,defocus_blur,1,common,pooled,0.59394902,0.5455609417439933,0.8346
all,knn,defocus_blur,2,common,pooled,0.6731705,0.5994459550943254,0.7234
all,knn,defocus_blur,3,common,pooled,0.78843462,0.6955388850694675,0.4952
all,knn,defocus_blur,4,common,pooled,0.85083302,0.7583630994913285,0.3492
all,knn,defocus_blur,5,common,pooled,0.88666094,0.8003053861068452,0.2634
all,knn,glass_blur,1,common,pooled,0.59493378,0.5431511835100129,0.8324
all,knn,glass_blur,2,common,pooled,0.6898459,0.6114082553723861,0.7244
all,knn,glass_blur,3,common,pooled,0.82907684,0.7573131711043075,0.5492
all,knn,glass_blur,4,common,pooled,0.84296676,0.7657125727128115,0.4954
all,knn,glass_blur,5,common,pooled,0.87229678,0.7905292875102896,0.374
all,knn,motion_blur,1,common,pooled,0.58434624,0.5489960251928057,0.885
all,knn,motion_blur,2,common,pooled,0.68554634,0.631716780376884,0.7772
all,knn,motion_blur,3,common,pooled,0.80478836,0.7498480409628043,0.5492
all,knn,motion_blur,4,common,pooled,0.886011,0.8453197593346854,0.356
all,knn,motion_blur,5,common,pooled,0.9178411,0.8846204427086639,0.2648
all,knn,zoom_blur,1,common,pooled,0.768285,0.6972141507936407,0.613
all,knn,zoom_blur,2,common,pooled,0.83097798,0.7645834852362392,0.4784
all,knn,zoom_blur,3,common,pooled,0.82048692,0.7427378714821397,0.4852
all,knn,zoom_blur,4,common,pooled,0.84909218,0.7748181774600358,0.4138
all,knn,zoom_blur,5,common,pooled,0.8273182,0.741821018191934,0.4532
all,knn,snow,1,common,pooled,0.85559264,0.8286410317508455,0.4912
all,knn,snow,2,common,pooled,0.88811156,0.8439520015778561,0.3632
all,knn,snow,3,common,pooled,0.9375286,0.9187025788366121,0.2472
all,knn,snow,4,common,pooled,0.96125436,0.9459932553306305,0.1468
all,knn,snow,5,common,pooled,0.94601006,0.9198052462787768,0.1802
all,knn,frost,1,common,pooled,0.63899676,0.5830214628231694,0.7898
all,knn,frost,2,common,pooled,0.76415542,0.6921894195585954,0.5982
all,knn,frost,3,common,pooled,0.83064422,0.7602054481382329,0.459
all,knn,frost,4,common,pooled,0.83429912,0.7651625810611837,0.4528
all,knn,frost,5,common,pooled,0.8629313,0.7973510404577873,0.375
all,knn,fog,1,common,pooled,0.60882414,0.571949241333347,0.8714
all,knn,fog,2,common,pooled,0.6554346,0.6090278286297572,0.8258
all,knn,fog,3,common,pooled,0.68810256,0.6372441222926846,0.7908
all,knn,fog,4,common,pooled,0.66986612,0.6231430319034297,0.8186
all,knn,fog,5,common,pooled,0.7031111,0.6424780528733585,0.7408
all,knn,brightness,1,common,pooled,0.50763352,0.5051305232156585,0.9446
all,knn,brightness,2,common,pooled,0.53230762,0.5203515695186325,0.9228
all,knn,brightness,3,common,pooled,0.57035338,0.5455859690926489,0.8984
all,knn,brightness,4,common,pooled,0.6271321,0.587317393280712,0.8494
all,knn,brightness,5,common,pooled,0.6943608,0.6442268816196386,0.7778
all,knn,contrast,1,common,pooled,0.62117882,0.5833063223332436,0.866
all,knn,contrast,2,common,pooled,0.7025245,0.6512165477355222,0.7804
all,knn,contrast,3,common,pooled,0.8024712,0.7499192955320751,0.6084
all,knn,contrast,4,common,pooled,0.89572172,0.8595252616886304,0.386
all,knn,contrast,5,common,pooled,0.92711828,0.8964065915036608,0.277
all,knn,elastic_transform,1,common,pooled,0.60119288,0.5675066895150029,0.8846
all,knn,elastic_transform,2,common,pooled,0.67179984,0.6334720310261612,0.8306
all,knn,elastic_transform,3,common,pooled,0.76550952,0.7322382499637123,0.7284
all,knn,elastic_transform,4,common,pooled,0.82735092,0.8015832459686751,0.613
all,knn,elastic_transform,5,common,pooled,0.8916844,0.8736443706031799,0.4362
all,knn,pixelate,1,common,pooled,0.60622758,0.5791782048070423,0.8906
all,knn,pixelate,2,common,pooled,0.67179268,0.6385028094645656,0.828
all,knn,pixelate,3,common,pooled,0.86550476,0.857944859394888,0.5316
all,knn,pixelate,4,common,pooled,0.94799786,0.9442395977205592,0.2306
all,knn,pixelate,5,common,pooled,0.97204668,0.96793328339609,0.1126
all,knn,jpeg_compression,1,common,pooled,0.82145102,0.7814518780873257,0.5456
all,knn,jpeg_compression,2,common,pooled,0.91246064,0.8832533893697856,0.3036
all,knn,jpeg_compression,3,common,pooled,0.94343068,0.9207028638052661,0.1966
all,knn,jpeg_compression,4,common,pooled,0.97661984,0.9630452036132132,0.084
all,knn,jpeg_compression,5,common,pooled,0.9855624,0.974880396576801,0.048
all,knn,speckle_noise,1,extra,pooled,0.58981426,0.5491959910185248,0.851
all,knn,speckle_noise,2,extra,pooled,0.65640024,0.60493576362657,0.791
all,knn,speckle_noise,3,extra,pooled,0.84886856,0.8100829131899008,0.4688
all,knn,speckle_noise,4,extra,pooled,0.91675368,0.8921611985292475,0.2916
all,knn,speckle_noise,5,extra,pooled,0.95966866,0.9462215434374743,0.1516
all,knn,gaussian_blur,1,extra,pooled,0.5284965,0.5086945357492555,0.9114
all,knn,gaussian_blur,2,extra,pooled,0.66061338,0.5913724759328541,0.7492
all,knn,gaussian_blur,3,extra,pooled,0.77806104,0.6873166520406352,0.526
all,knn,gaussian_blur,4,extra,pooled,0.8537569,0.7645647234701635,0.3474
all,knn,gaussian_blur,5,extra,pooled,0.92418808,0.8542430319741501,0.178
all,knn,spatter,1,extra,pooled,0.60034596,0.5786696412065577,0.8824
all,knn,spatter,2,extra,pooled,0.86859366,0.8423599992163245,0.488
all,knn,spatter,3,extra,pooled,0.90168336,0.8734034868266749,0.3754
all,knn,spatter,4,extra,pooled,0.94885772,0.9398376942058204,0.2072
all,knn,spatter,5,extra,pooled,0.9743719,0.9659647391744004,0.0922
all,knn,saturate,1,extra,pooled,0.50157334,0.49572604674504206,0.941
all,knn,saturate,2,extra,pooled,0.52910846,0.5114832154974417,0.92
all,knn,saturate,3,extra,pooled,0.53830698,0.5230908976412367,0.9206
all,knn,saturate,4,extra,pooled,0.66519706,0.6192977589342704,0.8006
all,knn,saturate,5,extra,pooled,0.7405179,0.6985747391505491,0.7228
all,discopatch,gaussian_noise,1,common,pooled,0.87764306,0.8706053059683023,0.454
all,discopatch,gaussian_noise,2,common,pooled,0.95129506,0.946490814003858,0.2134
all,discopatch,gaussian_noise,3,common,pooled,0.98701246,0.9844215879236904,0.059
all,discopatch,gaussian_noise,4,common,pooled,0.99712596,0.9955427126173216,0.011
all,discopatch,gaussian_noise,5,common,pooled,0.99917088,0.9981614931302313,0.0016
all,discopatch,shot_noise,1,common,pooled,0.86875128,0.8550393605755371,0.4466
all,discopatch,shot_noise,2,common,pooled,0.9421872,0.9340484909861567,0.2334
all,discopatch,shot_noise,3,common,pooled,0.9749031,0.9707375800425324,0.1152
all,discopatch,shot_noise,4,common,pooled,0.98990798,0.9877790141673389,0.0466
all,discopatch,shot_noise,5,common,pooled,0.9930312,0.9911309850000469,0.0318
all,discopatch,impulse_noise,1,common,pooled,0.92312212,0.9123408800507629,0.2928
all,discopatch,impulse_noise,2,common,pooled,0.97809634,0.9739704928179902,0.1006
all,discopatch,impulse_noise,3,common,pooled,0.99180378,0.9893898356667632,0.0374
all,discopatch,impulse_noise,4,common,pooled,0.99853484,0.9971824033841354,0.0036
all,discopatch,impulse_noise,5,common,pooled,0.9993074,0.9983076165855005,0.001
all,discopatch,defocus_blur,1,common,pooled,0.65702672,0.6223014830659513,0.8282
all,discopatch,defocus_blur,2,common,pooled,0.72555248,0.6815633743485632,0.7246
all,discopatch,defocus_blur,3,common,pooled,0.79646428,0.7446790941574464,0.569
all,discopatch,defocus_blur,4,common,pooled,0.82854252,0.7734443627178146,0.4952
all,discopatch,defocus_blur,5,common,pooled,0.84752392,0.789782682050635,0.4372
all,discopatch,glass_blur,1,common,pooled,0.67571148,0.6386826473288425,0.8038
all,discopatch,glass_blur,2,common,pooled,0.77495192,0.7348335961528155,0.6324
all,discopatch,glass_blur,3,common,pooled,0.8807698,0.8511102193312996,0.3896
all,discopatch,glass_blur,4,common,pooled,0.91028324,0.8876184336677002,0.314
all,discopatch,glass_blur,5,common,pooled,0.9352564,0.9185573023551923,0.2428
all,discopatch,motion_blur,1,common,pooled,0.58111352,0.5601261218690146,0.9084
all,discopatch,motion_blur,2,common,pooled,0.66109192,0.6240068561531836,0.8286
all,discopatch,motion_blur,3,common,pooled,0.74317496,0.6964555556059533,0.6914
all,discopatch,motion_blur,4,common,pooled,0.8005836,0.7514977378306338,0.5732
all,discopatch,motion_blur,5,common,pooled,0.83004808,0.7819392784862516,0.5032
all,discopatch,zoom_blur,1,common,pooled,0.74685632,0.6944879291792031,0.679
all,discopatch,zoom_blur,2,common,pooled,0.78773672,0.7328346741075529,0.5924
all,discopatch,zoom_blur,3,common,pooled,0.82042532,0.7699555282154742,0.527
all,discopatch,zoom_blur,4,common,pooled,0.8372456,0.787637523261546,0.4814
all,discopatch,zoom_blur,5,common,pooled,0.85356528,0.8087859128759786,0.453
all,discopatch,snow,1,common,pooled,0.7556674,0.6949024622112696,0.6114
all,discopatch,snow,2,common,pooled,0.84100704,0.7873266463322242,0.4192
all,discopatch,snow,3,common,pooled,0.83528856,0.7671923059295349,0.407
all,discopatch,snow,4,common,pooled,0.86629084,0.799972718313019,0.3416
all,discopatch,snow,5,common,pooled,0.84288324,0.7731504596365063,0.3924
all,discopatch,frost,1,common,pooled,0.65804824,0.6074997401421174,0.7916
all,discopatch,frost,2,common,pooled,0.77793868,0.7234457346872842,0.5956
all,discopatch,frost,3,common,pooled,0.83162324,0.780296356578208,0.4708
all,discopatch,frost,4,common,pooled,0.84664188,0.8002590754344572,0.4542
all,discopatch,frost,5,common,pooled,0.87186848,0.8296759500428224,0.386
all,discopatch,fog,1,common,pooled,0.60353018,0.5885332295939003,0.892
all,discopatch,fog,2,common,pooled,0.6546192,0.6346028954632639,0.848
all,discopatch,fog,3,common,pooled,0.7237624,0.6986761642054912,0.7586
all,discopatch,fog,4,common,pooled,0.75559176,0.7339950840522188,0.7172
all,discopatch,fog,5,common,pooled,0.83810136,0.8221365725159737,0.5316
all,discopatch,brightness,1,common,pooled,0.49037776,0.4900214176577324,0.9478
all,discopatch,brightness,2,common,pooled,0.49055106,0.4844009753157667,0.9408
all,discopatch,brightness,3,common,pooled,0.49854426,0.48453236003908307,0.929
all,discopatch,brightness,4,common,pooled,0.51107176,0.4883396526716639,0.9132
all,discopatch,brightness,5,common,pooled,0.52198896,0.49170804443902005,0.8918
all,discopatch,contrast,1,common,pooled,0.54346896,0.5251269580888281,0.926
all,discopatch,contrast,2,common,pooled,0.56605696,0.5386563488974774,0.9058
all,discopatch,contrast,3,common,pooled,0.60523856,0.5652598230794512,0.8668
all,discopatch,contrast,4,common,pooled,0.69055348,0.6390175048273523,0.714
all,discopatch,contrast,5,common,pooled,0.77686728,0.7314141593182004,0.5756
all,discopatch,elastic_transform,1,common,pooled,0.60908184,0.5716879347518508,0.8526
all,discopatch,elastic_transform,2,common,pooled,0.64149384,0.5951121387945781,0.806
all,discopatch,elastic_transform,3,common,pooled,0.67709372,0.6219672147369176,0.7446
all,discopatch,elastic_transform,4,common,pooled,0.69869772,0.638730252445839,0.7036
all,discopatch,elastic_transform,5,common,pooled,0.72097136,0.6558098815364404,0.6576
all,discopatch,pixelate,1,common,pooled,0.5473942,0.533465626266411,0.9214
all,discopatch,pixelate,2,common,pooled,0.55508872,0.5394568739310462,0.9156
all,discopatch,pixelate,3,common,pooled,0.64084992,0.6048667294297272,0.8334
all,discopatch,pixelate,4,common,pooled,0.71760132,0.6729274358437284,0.716
all,discopatch,pixelate,5,common,pooled,0.75392564,0.7045219210190076,0.644
all,discopatch,jpeg_compression,1,common,pooled,0.62883576,0.5686168233725188,0.8102
all,discopatch,jpeg_compression,2,common,pooled,0.64115944,0.5693962150005467,0.778
all,discopatch,jpeg_compression,3,common,pooled,0.64532272,0.5670212614525445,0.7492
all,discopatch,jpeg_compression,4,common,pooled,0.6306944,0.5449916745069083,0.7182
all,discopatch,jpeg_compression,5,common,pooled,0.59282902,0.513372911299588,0.7276
all,discopatch,speckle_noise,1,extra,pooled,0.80311188,0.7787589548742724,0.5826
all,discopatch,speckle_noise,2,extra,pooled,0.85970798,0.8375444096807408,0.4456
all,discopatch,speckle_noise,3,extra,pooled,0.9400061,0.9273678192715807,0.2216
all,discopatch,speckle_noise,4,extra,pooled,0.96080212,0.9519940742012576,0.1574
all,discopatch,speckle_noise,5,extra,pooled,0.97451528,0.9683112093762756,0.1108
all,discopatch,gaussian_blur,1,extra,pooled,0.55500612,0.5411557307995322,0.9256
all,discopatch,gaussian_blur,2,extra,pooled,0.71183368,0.6694278117635406,0.7492
all,discopatch,gaussian_blur,3,extra,pooled,0.800859,0.7515133341423316,0.5676
all,discopatch,gaussian_blur,4,extra,pooled,0.83957608,0.7883391293151127,0.4654
all,discopatch,gaussian_blur,5,extra,pooled,0.86684744,0.8110065490536374,0.3834
all,discopatch,spatter,1,extra,pooled,0.52196004,0.5150412451030446,0.9388
all,discopatch,spatter,2,extra,pooled,0.68447524,0.6280618228805638,0.7406
all,discopatch,spatter,3,extra,pooled,0.81429428,0.7613615625518397,0.5044
all,discopatch,spatter,4,extra,pooled,0.83246784,0.7702081977965498,0.4204
all,discopatch,spatter,5,extra,pooled,0.89244804,0.8385705570197944,0.2894
all,discopatch,saturate,1,extra,pooled,0.65345014,0.6197025716353306,0.8144
all,discopatch,saturate,2,extra,pooled,0.76392946,0.7220856009970624,0.6146
all,discopatch,saturate,3,extra,pooled,0.46883472,0.47278625479451714,0.9572
all,discopatch,saturate,4,extra,pooled,0.514555,0.4863572090166325,0.899
all,discopatch,saturate,5,extra,pooled,0.56279428,0.505034677916103,0.8132
all,cdf,gaussian_noise,1,common,pooled,0.84839428,0.7616370215456356,0.3458
all,cdf,gaussian_noise,2,common,pooled,0.95173112,0.9055557848312148,0.1076
all,cdf,gaussian_noise,3,common,pooled,0.99114708,0.9793956949542272,0.0186
all,cdf,gaussian_noise,4,common,pooled,0.9984218,0.9966418664866858,0.0034
all,cdf,gaussian_noise,5,common,pooled,0.99987448,0.9998054463970754,0.0002
all,cdf,shot_noise,1,common,pooled,0.83587676,0.7600344978043005,0.3868
all,cdf,shot_noise,2,common,pooled,0.95245356,0.9178099185696014,0.1192
all,cdf,shot_noise,3,common,pooled,0.98973344,0.981188302097991,0.0276
all,cdf,shot_noise,4,common,pooled,0.99898684,0.998428994011264,0.0034
all,cdf,shot_noise,5,common,pooled,0.9998436,0.9998049807223497,0.0004
all,cdf,impulse_noise,1,common,pooled,0.99525928,0.991652153859173,0.014
all,cdf,impulse_noise,2,common,pooled,0.99492368,0.9902680896911327,0.0138
all,cdf,impulse_noise,3,common,pooled,0.9964396,0.9926668963058449,0.0078
all,cdf,impulse_noise,4,common,pooled,0.99926924,0.9985979401936089,0.0016
all,cdf,impulse_noise,5,common,pooled,0.99989268,0.9998465594416333,0.0002
all,cdf,defocus_blur,1,common,pooled,0.7345794,0.6643776835138332,0.6244
all,cdf,defocus_blur,2,common,pooled,0.81591024,0.7434914740517482,0.4448
all,cdf,defocus_blur,3,common,pooled,0.897249,0.8392534064040394,0.2568
all,cdf,defocus_blur,4,common,pooled,0.93606412,0.8925761960057605,0.1602
all,cdf,defocus_blur,5,common,pooled,0.95748504,0.9249281241388886,0.1074
all,cdf,glass_blur,1,common,pooled,0.6163274,0.5683525340479493,0.8044
all,cdf,glass_blur,2,common,pooled,0.71041,0.6404224213603232,0.6482
all,cdf,glass_blur,3,common,pooled,0.79832988,0.7155443935842388,0.4542
all,cdf,glass_blur,4,common,pooled,0.83334296,0.7535719720256315,0.383
all,cdf,glass_blur,5,common,pooled,0.89961884,0.8350879862522403,0.2318
all,cdf,motion_blur,1,common,pooled,0.65626612,0.6034389387238623,0.762
all,cdf,motion_blur,2,common,pooled,0.76108288,0.6934038623633187,0.5662
all,cdf,motion_blur,3,common,pooled,0.85377796,0.7880415117445234,0.3584
all,cdf,motion_blur,4,common,pooled,0.91319612,0.8603093705297621,0.2142
all,cdf,motion_blur,5,common,pooled,0.9366382,0.8931878527624109,0.1538
all,cdf,zoom_blur,1,common,pooled,0.7165582,0.6534926723134431,0.6602
all,cdf,zoom_blur,2,common,pooled,0.77833912,0.7070858946302747,0.5244
all,cdf,zoom_blur,3,common,pooled,0.74282096,0.678941830478776,0.6186
all,cdf,zoom_blur,4,common,pooled,0.77969944,0.7116656369537085,0.529
all,cdf,zoom_blur,5,common,pooled,0.749896,0.6837608052015021,0.5886
all,cdf,snow,1,common,pooled,0.8374822,0.7819006113958584,0.4274
all,cdf,snow,2,common,pooled,0.93797616,0.9009487194168468,0.1674
all,cdf,snow,3,common,pooled,0.93512308,0.8988753118677572,0.1798
all,cdf,snow,4,common,pooled,0.9627618,0.9389760010679175,0.1062
all,cdf,snow,5,common,pooled,0.9594084,0.934609885835926,0.11
all,cdf,frost,1,common,pooled,0.61547328,0.5836118511232654,0.8294
all,cdf,frost,2,common,pooled,0.71953232,0.6491489089829686,0.6332
all,cdf,frost,3,common,pooled,0.78788892,0.7061206763790513,0.4936
all,cdf,frost,4,common,pooled,0.78412504,0.6968852001475023,0.4868
all,cdf,frost,5,common,pooled,0.81932104,0.7305461317042038,0.4082
all,cdf,fog,1,common,pooled,0.70177256,0.6357081879625425,0.6924
all,cdf,fog,2,common,pooled,0.75557712,0.68552299158668,0.6022
all,cdf,fog,3,common,pooled,0.7883514,0.7156176305419013,0.5358
all,cdf,fog,4,common,pooled,0.76401372,0.6787181145739108,0.5668
all,cdf,fog,5,common,pooled,0.76012236,0.6613113066619225,0.5352
all,cdf,brightness,1,common,pooled,0.52729916,0.5233808161483792,0.9372
all,cdf,brightness,2,common,pooled,0.59362276,0.5744069672561168,0.8842
all,cdf,brightness,3,common,pooled,0.6714718,0.6363076813652336,0.7814
all,cdf,brightness,4,common,pooled,0.75121288,0.7040333049962565,0.6416
all,cdf,brightness,5,common,pooled,0.81927004,0.7675898734317069,0.4816
all,cdf,contrast,1,common,pooled,0.77152052,0.7156723060649676,0.5994
all,cdf,contrast,2,common,pooled,0.85052476,0.7995068741570248,0.4174
all,cdf,contrast,3,common,pooled,0.92367388,0.8878067611784973,0.226
all,cdf,contrast,4,common,pooled,0.97842964,0.9641626989313027,0.0636
all,cdf,contrast,5,common,pooled,0.99403196,0.9891963568715905,0.0168
all,cdf,elastic_transform,1,common,pooled,0.49660936,0.4892512974435287,0.9444
all,cdf,elastic_transform,2,common,pooled,0.5167604,0.4995941616908395,0.9276
all,cdf,elastic_transform,3,common,pooled,0.55365908,0.520543818218042,0.8916
all,cdf,elastic_transform,4,common,pooled,0.5874872,0.5418873950661083,0.8536
all,cdf,elastic_transform,5,common,pooled,0.63713624,0.5765013663524806,0.7864
all,cdf,pixelate,1,common,pooled,0.53301036,0.5102656634281463,0.9068
all,cdf,pixelate,2,common,pooled,0.573349,0.5335819740774876,0.8538
all,cdf,pixelate,3,common,pooled,0.725061,0.6580094586061134,0.6472
all,cdf,pixelate,4,common,pooled,0.8659046,0.8098157380739548,0.3726
all,cdf,pixelate,5,common,pooled,0.93647696,0.9087546172227233,0.199
all,cdf,jpeg_compression,1,common,pooled,0.63203276,0.5823657613233653,0.7728
all,cdf,jpeg_compression,2,common,pooled,0.73636068,0.666494910480445,0.595
all,cdf,jpeg_compression,3,common,pooled,0.7959882,0.7229518172650877,0.477
all,cdf,jpeg_compression,4,common,pooled,0.904422,0.8487861069995182,0.244
all,cdf,jpeg_compression,5,common,pooled,0.95356064,0.9203992042886592,0.1248
all,cdf,speckle_noise,1,extra,pooled,0.73505504,0.6730385414756752,0.6244
all,cdf,speckle_noise,2,extra,pooled,0.83050272,0.7751945596015257,0.443
all,cdf,speckle_noise,3,extra,pooled,0.96244336,0.9478901633272043,0.133
all,cdf,speckle_noise,4,extra,pooled,0.9848688,0.9798413390663974,0.0624
all,cdf,speckle_noise,5,extra,pooled,0.99475852,0.9934925942755181,0.0232
all,cdf,gaussian_blur,1,extra,pooled,0.6147636,0.5675048453599246,0.8206
all,cdf,gaussian_blur,2,extra,pooled,0.80553368,0.7309701373601981,0.4636
all,cdf,gaussian_blur,3,extra,pooled,0.89968768,0.8414183976516078,0.248
all,cdf,gaussian_blur,4,extra,pooled,0.94444636,0.9041132724619805,0.1386
all,cdf,gaussian_blur,5,extra,pooled,0.97794408,0.9578672130889512,0.0544
all,cdf,spatter,1,extra,pooled,0.4956256,0.493746606879385,0.9454
all,cdf,spatter,2,extra,pooled,0.70656584,0.6414733774723252,0.6698
all,cdf,spatter,3,extra,pooled,0.85639608,0.7971314743473886,0.3794
all,cdf,spatter,4,extra,pooled,0.92354724,0.9008576850154422,0.245
all,cdf,spatter,5,extra,pooled,0.96770004,0.9553625765134807,0.1078
all,cdf,saturate,1,extra,pooled,0.48637388,0.48212455759806633,0.9368
all,cdf,saturate,2,extra,pooled,0.53857988,0.5124381954584752,0.886
all,cdf,saturate,3,extra,pooled,0.58265296,0.5641593985042719,0.907
all,cdf,saturate,4,extra,pooled,0.74838848,0.6940638235502514,0.654
all,cdf,saturate,5,extra,pooled,0.8598036,0.8047788996201574,0.381
all,cdf_sum,gaussian_noise,1,common,pooled,0.80379368,0.7151368413722219,0.452
all,cdf_sum,gaussian_noise,2,common,pooled,0.92398118,0.8634792458354655,0.176
all,cdf_sum,gaussian_noise,3,common,pooled,0.98206616,0.962856333475587,0.0392
all,cdf_sum,gaussian_noise,4,common,pooled,0.99669628,0.9931744158949868,0.0068
all,cdf_sum,gaussian_noise,5,common,pooled,0.99968372,0.9994554056080917,0.0008
all,cdf_sum,shot_noise,1,common,pooled,0.7902784,0.7123782397466372,0.4958
all,cdf_sum,shot_noise,2,common,pooled,0.92502752,0.8771446339866871,0.188
all,cdf_sum,shot_noise,3,common,pooled,0.97977156,0.9645599607685806,0.055
all,cdf_sum,shot_noise,4,common,pooled,0.99762488,0.9961662481946255,0.0064
all,cdf_sum,shot_noise,5,common,pooled,0.99957016,0.999403952241821,0.0014
all,cdf_sum,impulse_noise,1,common,pooled,0.9949322,0.9923106557516163,0.0168
all,cdf_sum,impulse_noise,2,common,pooled,0.99238868,0.9870875164043326,0.0214
all,cdf_sum,impulse_noise,3,common,pooled,0.99354396,0.9881256431341167,0.0168
all,cdf_sum,impulse_noise,4,common,pooled,0.99834636,0.9968440082566493,0.0042
all,cdf_sum,impulse_noise,5,common,pooled,0.99974016,0.999552638145967,0.0006
all,cdf_sum,defocus_blur,1,common,pooled,0.70265256,0.6364990597812069,0.696
all,cdf_sum,defocus_blur,2,common,pooled,0.78724438,0.713390556637423,0.5202
all,cdf_sum,defocus_blur,3,common,pooled,0.88000024,0.815728490168007,0.3064
all,cdf_sum,defocus_blur,4,common,pooled,0.92598112,0.8763035263733545,0.1866
all,cdf_sum,defocus_blur,5,common,pooled,0.95145108,0.9140096191993835,0.1218
all,cdf_sum,glass_blur,1,common,pooled,0.59134358,0.5505368771011832,0.8504
all,cdf_sum,glass_blur,2,common,pooled,0.68434422,0.6180818539928794,0.704
all,cdf_sum,glass_blur,3,common,pooled,0.79410332,0.7082203303984069,0.4714
all,cdf_sum,glass_blur,4,common,pooled,0.83015556,0.7461181088478921,0.3982
all,cdf_sum,glass_blur,5,common,pooled,0.895738,0.8259073213102397,0.2394
all,cdf_sum,motion_blur,1,common,pooled,0.64076068,0.593948360395139,0.7966
all,cdf_sum,motion_blur,2,common,pooled,0.74664888,0.6826999000850806,0.6126
all,cdf_sum,motion_blur,3,common,pooled,0.84638748,0.7811201400087187,0.3898
all,cdf_sum,motion_blur,4,common,pooled,0.91144376,0.8591001535690646,0.2208
all,cdf_sum,motion_blur,5,common,pooled,0.93666188,0.8941246840339536,0.1608
all,cdf_sum,zoom_blur,1,common,pooled,0.69669716,0.6304597369582635,0.6946
all,cdf_sum,zoom_blur,2,common,pooled,0.7641549,0.6865286293070778,0.5496
all,cdf_sum,zoom_blur,3,common,pooled,0.72742364,0.6578091258022616,0.6384
all,cdf_sum,zoom_blur,4,common,pooled,0.76735532,0.6920096650249563,0.5488
all,cdf_sum,zoom_blur,5,common,pooled,0.73436072,0.6626141403664114,0.6136
all,cdf_sum,snow,1,common,pooled,0.82812924,0.7796333848271141,0.4808
all,cdf_sum,snow,2,common,pooled,0.91827768,0.8782092010044654,0.2302
all,cdf_sum,snow,3,common,pooled,0.92472872,0.8907417884306296,0.2204
all,cdf_sum,snow,4,common,pooled,0.95448708,0.9312044411427428,0.1412
all,cdf_sum,snow,5,common,pooled,0.94473916,0.9161820421712964,0.1584
all,cdf_sum,frost,1,common,pooled,0.55883484,0.5398479274643315,0.8848
all,cdf_sum,frost,2,common,pooled,0.65647636,0.5960568133178474,0.7434
all,cdf_sum,frost,3,common,pooled,0.73042892,0.6516399923805025,0.613
all,cdf_sum,frost,4,common,pooled,0.72895708,0.6462313761206118,0.6102
all,cdf_sum,frost,5,common,pooled,0.7689364,0.6811946773545247,0.5396
all,cdf_sum,fog,1,common,pooled,0.66700896,0.6106691383729465,0.7642
all,cdf_sum,fog,2,common,pooled,0.7189084,0.6557484494315169,0.6916
all,cdf_sum,fog,3,common,pooled,0.7518649,0.6830446028784671,0.627
all,cdf_sum,fog,4,common,pooled,0.72273998,0.6436216646672888,0.661
all,cdf_sum,fog,5,common,pooled,0.71212856,0.6214674630105199,0.6396
all,cdf_sum,brightness,1,common,pooled,0.5167203,0.5148060532811892,0.9428
all,cdf_sum,brightness,2,common,pooled,0.56406836,0.5500682233595071,0.911
all,cdf_sum,brightness,3,common,pooled,0.62343762,0.5945019825207185,0.8424
all,cdf_sum,brightness,4,common,pooled,0.69056548,0.6471019000305371,0.7402
all,cdf_sum,brightness,5,common,pooled,0.75493268,0.7016384486563138,0.6198
all,cdf_sum,contrast,1,common,pooled,0.7319475,0.6801694646988127,0.6946
all,cdf_sum,contrast,2,common,pooled,0.8137426,0.7612024211646217,0.5264
all,cdf_sum,contrast,3,common,pooled,0.898651,0.8564626639812796,0.3076
all,cdf_sum,contrast,4,common,pooled,0.970055,0.9514826091645742,0.093
all,cdf_sum,contrast,5,common,pooled,0.99171296,0.9857043712938528,0.0236
all,cdf_sum,elastic_transform,1,common,pooled,0.49217274,0.48712526033456516,0.9516
all,cdf_sum,elastic_transform,2,common,pooled,0.51553664,0.49948671449350535,0.9334
all,cdf_sum,elastic_transform,3,common,pooled,0.55971868,0.5257070484505126,0.8892
all,cdf_sum,elastic_transform,4,common,pooled,0.60067392,0.5534409387947805,0.8464
all,cdf_sum,elastic_transform,5,common,pooled,0.6603901,0.5988371723594293,0.772
all,cdf_sum,pixelate,1,common,pooled,0.53425492,0.5121310639390977,0.9024
all,cdf_sum,pixelate,2,common,pooled,0.57695426,0.5375383038985724,0.8532
all,cdf_sum,pixelate,3,common,pooled,0.73830016,0.6796222642831368,0.6412
all,cdf_sum,pixelate,4,common,pooled,0.88220388,0.8384108951347775,0.3504
all,cdf_sum,pixelate,5,common,pooled,0.94741268,0.9284427215285446,0.172
all,cdf_sum,jpeg_compression,1,common,pooled,0.6372757,0.5879834258064702,0.7694
all,cdf_sum,jpeg_compression,2,common,pooled,0.75179362,0.6828556692141741,0.5864
all,cdf_sum,jpeg_compression,3,common,pooled,0.8162045,0.7461866670158739,0.4516
all,cdf_sum,jpeg_compression,4,common,pooled,0.92458936,0.878013142879224,0.2016
all,cdf_sum,jpeg_compression,5,common,pooled,0.96701848,0.9430371069595893,0.0972
all,cdf_sum,speckle_noise,1,extra,pooled,0.6918674,0.6344477389169458,0.709
all,cdf_sum,speckle_noise,2,extra,pooled,0.78562812,0.7265546643597129,0.5454
all,cdf_sum,speckle_noise,3,extra,pooled,0.93985824,0.9170279654938889,0.1938
all,cdf_sum,speckle_noise,4,extra,pooled,0.97269172,0.9632259603385115,0.1038
all,cdf_sum,speckle_noise,5,extra,pooled,0.9894698,0.9866203439316226,0.0412
all,cdf_sum,gaussian_blur,1,extra,pooled,0.59077812,0.5507113059490154,0.8624
all,cdf_sum,gaussian_blur,2,extra,pooled,0.77674634,0.7015136504195332,0.5434
all,cdf_sum,gaussian_blur,3,extra,pooled,0.8816251,0.8170495017125181,0.3018
all,cdf_sum,gaussian_blur,4,extra,pooled,0.93483636,0.8883897237753138,0.164
all,cdf_sum,gaussian_blur,5,extra,pooled,0.975226,0.9523438902646918,0.0612
all,cdf_sum,spatter,1,extra,pooled,0.4993766,0.4974648343910977,0.946
all,cdf_sum,spatter,2,extra,pooled,0.72857644,0.6692228973004654,0.6638
all,cdf_sum,spatter,3,extra,pooled,0.86162932,0.812082642597587,0.3906
all,cdf_sum,spatter,4,extra,pooled,0.9291214,0.9111665666371992,0.2398
all,cdf_sum,spatter,5,extra,pooled,0.96992628,0.9596704693963245,0.1038
all,cdf_sum,saturate,1,extra,pooled,0.47595656,0.4761147928299566,0.946
all,cdf_sum,saturate,2,extra,pooled,0.520467,0.501300428144508,0.9046
all,cdf_sum,saturate,3,extra,pooled,0.5637588,0.5480105583287121,0.9174
all,cdf_sum,saturate,4,extra,pooled,0.70168896,0.6495165074830538,0.7266
all,cdf_sum,saturate,5,extra,pooled,0.80983972,0.7494553687007204,0.5014
untouched,two_axis,gaussian_noise,1,common,pooled,0.9868957291768781,0.9681462311903887,0.034323432343234324
untouched,two_axis,gaussian_noise,2,common,pooled,0.9970794802252503,0.9914919176222555,0.005940594059405941
untouched,two_axis,gaussian_noise,3,common,pooled,0.9992092278534784,0.9958359323727978,0.0013201320132013201
untouched,two_axis,gaussian_noise,4,common,pooled,0.9994654118877234,0.9987367601603767,0.0006600660066006601
untouched,two_axis,gaussian_noise,5,common,pooled,0.9999966234247187,0.9999966109845204,0.0
untouched,two_axis,shot_noise,1,common,pooled,0.9765370497445784,0.9595726548164107,0.07491749174917492
untouched,two_axis,shot_noise,2,common,pooled,0.9956552189872453,0.9904762102905579,0.011221122112211221
untouched,two_axis,shot_noise,3,common,pooled,0.9988446666448824,0.9957810194278601,0.0029702970297029703
untouched,two_axis,shot_noise,4,common,pooled,0.9996108224683855,0.9994346972701069,0.0006600660066006601
untouched,two_axis,shot_noise,5,common,pooled,0.9999330131032905,0.999930701351489,0.0006600660066006601
untouched,two_axis,impulse_noise,1,common,pooled,0.9997883649751114,0.9997467391967292,0.0006600660066006601
untouched,two_axis,impulse_noise,2,common,pooled,0.9995155159080265,0.9991160064115611,0.0006600660066006601
untouched,two_axis,impulse_noise,3,common,pooled,0.9994367654587241,0.9986823509127825,0.0006600660066006601
untouched,two_axis,impulse_noise,4,common,pooled,0.999767016305591,0.9996792395625722,0.0006600660066006601
untouched,two_axis,impulse_noise,5,common,pooled,1.0,1.0,0.0
untouched,two_axis,defocus_blur,1,common,pooled,0.8358558529120239,0.764093778095061,0.4551155115511551
untouched,two_axis,defocus_blur,2,common,pooled,0.8911718894661743,0.8319195229335757,0.3184818481848185
untouched,two_axis,defocus_blur,3,common,pooled,0.9322994477665588,0.8882638312211721,0.19174917491749174
untouched,two_axis,defocus_blur,4,common,pooled,0.9536996372904617,0.9189987718151585,0.12112211221122113
untouched,two_axis,defocus_blur,5,common,pooled,0.965778518445904,0.938061213249409,0.0834983498349835
untouched,two_axis,glass_blur,1,common,pooled,0.750002831966365,0.66917697196947,0.6270627062706271
untouched,two_axis,glass_blur,2,common,pooled,0.8173174743216896,0.7381490477340414,0.4891089108910891
untouched,two_axis,glass_blur,3,common,pooled,0.8603263296626692,0.7818294110983595,0.365016501650165
untouched,two_axis,glass_blur,4,common,pooled,0.8792658671807775,0.8097264145400713,0.3316831683168317
untouched,two_axis,glass_blur,5,common,pooled,0.9329298870481108,0.8908095733459408,0.20264026402640264
untouched,two_axis,motion_blur,1,common,pooled,0.8029619100523914,0.7456272508827013,0.5511551155115512
untouched,two_axis,motion_blur,2,common,pooled,0.8871409121110131,0.8398114954579863,0.35214521452145214
untouched,two_axis,motion_blur,3,common,pooled,0.9333691686000283,0.8973026646537778,0.19966996699669967
untouched,two_axis,motion_blur,4,common,pooled,0.9571767473777081,0.9299786748046962,0.12145214521452145
untouched,two_axis,motion_blur,5,common,pooled,0.9661101852759534,0.942966465753752,0.09504950495049505
untouched,two_axis,zoom_blur,1,common,pooled,0.7384497162587546,0.6599223112226369,0.6293729372937293
untouched,two_axis,zoom_blur,2,common,pooled,0.7493059503970199,0.6664137694438581,0.5788778877887789
untouched,two_axis,zoom_blur,3,common,pooled,0.766850090949689,0.6887360058765778,0.595049504950495
untouched,two_axis,zoom_blur,4,common,pooled,0.7704412421440164,0.6897132104618587,0.5597359735973597
untouched,two_axis,zoom_blur,5,common,pooled,0.7986139703079219,0.7230257206200001,0.5511551155115512
untouched,two_axis,snow,1,common,pooled,0.9219763857573876,0.9020604997990429,0.3188118811881188
untouched,two_axis,snow,2,common,pooled,0.9785362001546689,0.9677848483827413,0.07656765676567656
untouched,two_axis,snow,3,common,pooled,0.9727802285179012,0.9601341910459575,0.10528052805280529
untouched,two_axis,snow,4,common,pooled,0.9805353505647595,0.9699565883667743,0.06798679867986798
untouched,two_axis,snow,5,common,pooled,0.9797539456915989,0.967195281700534,0.06435643564356436
untouched,two_axis,frost,1,common,pooled,0.6090826607413217,0.5572462575619307,0.7841584158415842
untouched,two_axis,frost,2,common,pooled,0.7240333736343931,0.6375257864472539,0.6221122112211221
untouched,two_axis,frost,3,common,pooled,0.7800642638521278,0.6891590707211447,0.5141914191419142
untouched,two_axis,frost,4,common,pooled,0.7915230532954286,0.6992700979481421,0.4897689768976898
untouched,two_axis,frost,5,common,pooled,0.8147753488220109,0.7225889606878674,0.43564356435643564
untouched,two_axis,fog,1,common,pooled,0.7959769739350173,0.7401810215891412,0.5924092409240924
untouched,two_axis,fog,2,common,pooled,0.8203771961354551,0.7648140339939415,0.532013201320132
untouched,two_axis,fog,3,common,pooled,0.8313837423346295,0.7758871550728685,0.5046204620462046
untouched,two_axis,fog,4,common,pooled,0.8239512466098095,0.7667162360570494,0.5046204620462046
untouched,two_axis,fog,5,common,pooled,0.8347532377000076,0.7727241278967402,0.4656765676567657
untouched,two_axis,brightness,1,common,pooled,0.5351854393360128,0.5262479276253742,0.9247524752475248
untouched,two_axis,brightness,2,common,pooled,0.5750681305754338,0.5603972802177604,0.8782178217821782
untouched,two_axis,brightness,3,common,pooled,0.6281856898561143,0.6060262601157386,0.8264026402640264
untouched,two_axis,brightness,4,common,pooled,0.7012785238919932,0.6701020952672556,0.7062706270627063
untouched,two_axis,brightness,5,common,pooled,0.7744472764108093,0.7375686826412604,0.6082508250825083
untouched,two_axis,contrast,1,common,pooled,0.8183465673300003,0.763438342705938,0.5462046204620462
untouched,two_axis,contrast,2,common,pooled,0.8714712065265933,0.8215616978583976,0.39834983498349835
untouched,two_axis,contrast,3,common,pooled,0.9183015826335109,0.8808929539819693,0.2594059405940594
untouched,two_axis,contrast,4,common,pooled,0.9582387347645656,0.9391924139993348,0.12442244224422443
untouched,two_axis,contrast,5,common,pooled,0.9804482131381455,0.9722561907547866,0.061386138613861385
untouched,two_axis,elastic_transform,1,common,pooled,0.6052065701619667,0.563440186137597,0.8544554455445544
untouched,two_axis,elastic_transform,2,common,pooled,0.6320800792950583,0.5853500520390101,0.8343234323432344
untouched,two_axis,elastic_transform,3,common,pooled,0.6686734416015859,0.6182182572210417,0.7841584158415842
untouched,two_axis,elastic_transform,4,common,pooled,0.696950298990295,0.6471582841048713,0.7524752475247525
untouched,two_axis,elastic_transform,5,common,pooled,0.7351358799246261,0.6874765860865231,0.6947194719471947
untouched,two_axis,pixelate,1,common,pooled,0.685579736191441,0.6312953599727158,0.7712871287128713
untouched,two_axis,pixelate,2,common,pooled,0.7169687067716672,0.6556160094490726,0.7089108910891089
untouched,two_axis,pixelate,3,common,pooled,0.8628691086930476,0.8241118911732616,0.4739273927392739
untouched,two_axis,pixelate,4,common,pooled,0.9405842564454465,0.9249536568881402,0.2438943894389439
untouched,two_axis,pixelate,5,common,pooled,0.9726315502837413,0.9667503879181405,0.11122112211221122
untouched,two_axis,jpeg_compression,1,common,pooled,0.8331932599200514,0.7566768818846397,0.44356435643564357
untouched,two_axis,jpeg_compression,2,common,pooled,0.9017459072639937,0.8425658493564485,0.2957095709570957
untouched,two_axis,jpeg_compression,3,common,pooled,0.9276478340903397,0.8802795826425146,0.2132013201320132
untouched,two_axis,jpeg_compression,4,common,pooled,0.9712176366151467,0.9517974525027129,0.08382838283828382
untouched,two_axis,jpeg_compression,5,common,pooled,0.9887131980524785,0.9813067427728829,0.041254125412541254
untouched,two_axis,speckle_noise,1,extra,pooled,0.9122476009977235,0.8918446551095126,0.366996699669967
untouched,two_axis,speckle_noise,2,extra,pooled,0.960164145127384,0.9499017250992811,0.16897689768976898
untouched,two_axis,speckle_noise,3,extra,pooled,0.9942779030378285,0.9905492245651397,0.01749174917491749
untouched,two_axis,speckle_noise,4,extra,pooled,0.9976723414915749,0.9961505181074565,0.005940594059405941
untouched,two_axis,speckle_noise,5,extra,pooled,0.9990243875872736,0.9986165322734216,0.0023102310231023103
untouched,two_axis,gaussian_blur,1,extra,pooled,0.7132355215719591,0.6413382465364337,0.6805280528052805
untouched,two_axis,gaussian_blur,2,extra,pooled,0.8918341339084404,0.8364691236489579,0.33003300330033003
untouched,two_axis,gaussian_blur,3,extra,pooled,0.945282052957771,0.9082201893724876,0.15742574257425743
untouched,two_axis,gaussian_blur,4,extra,pooled,0.966142643967367,0.9392027142228891,0.08481848184818482
untouched,two_axis,gaussian_blur,5,extra,pooled,0.9819371739154114,0.9656416998573111,0.04554455445544554
untouched,two_axis,spatter,1,extra,pooled,0.5479593503904846,0.5296277897673969,0.9089108910891089
untouched,two_axis,spatter,2,extra,pooled,0.8539719417486303,0.8016475374783787,0.4755775577557756
untouched,two_axis,spatter,3,extra,pooled,0.9492096635406115,0.9303244883725941,0.19240924092409242
untouched,two_axis,spatter,4,extra,pooled,0.9937353636353734,0.9924678156905667,0.029042904290429043
untouched,two_axis,spatter,5,extra,pooled,0.9986484985132177,0.99826761232192,0.005280528052805281
untouched,two_axis,saturate,1,extra,pooled,0.5017115424413728,0.4892078385288342,0.9194719471947195
untouched,two_axis,saturate,2,extra,pooled,0.5599449400385583,0.5277456810156811,0.8679867986798679
untouched,two_axis,saturate,3,extra,pooled,0.5755970002940888,0.5717613239632651,0.907920792079208
untouched,two_axis,saturate,4,extra,pooled,0.7936406016839308,0.772298504441102,0.6587458745874587
untouched,two_axis,saturate,5,extra,pooled,0.8895987321504427,0.8829839209759949,0.4996699669966997
untouched,peak_share,gaussian_noise,1,common,pooled,0.9673600627389471,0.9283949676557692,0.0834983498349835
untouched,peak_share,gaussian_noise,2,common,pooled,0.9869573789062075,0.9649945808718497,0.028052805280528052
untouched,peak_share,gaussian_noise,3,common,pooled,0.9945021729895762,0.9826166577624728,0.010561056105610561
untouched,peak_share,gaussian_noise,4,common,pooled,0.9974565674389221,0.9924818857325217,0.0046204620462046205
untouched,peak_share,gaussian_noise,5,common,pooled,0.9993049701009705,0.998429601874527,0.0019801980198019802
untouched,peak_share,shot_noise,1,common,pooled,0.9544073021163503,0.9151318631661116,0.12838283828382838
untouched,peak_share,shot_noise,2,common,pooled,0.9832380267729743,0.9621534487601394,0.04257425742574258
untouched,peak_share,shot_noise,3,common,pooled,0.9925655436830811,0.9814926487734136,0.01782178217821782
untouched,peak_share,shot_noise,4,common,pooled,0.9971974425165289,0.9941544826298149,0.006600660066006601
untouched,peak_share,shot_noise,5,common,pooled,0.9986110294197736,0.9977199533185143,0.0039603960396039604
untouched,peak_share,impulse_noise,1,common,pooled,0.9917496106046249,0.9785160520721888,0.018151815181518153
untouched,peak_share,impulse_noise,2,common,pooled,0.9925068348419,0.9787153968484213,0.01485148514851485
untouched,peak_share,impulse_noise,3,common,pooled,0.994313520460957,0.9827579851268708,0.010561056105610561
untouched,peak_share,impulse_noise,4,common,pooled,0.9975136424533543,0.9931308854831784,0.0039603960396039604
untouched,peak_share,impulse_noise,5,common,pooled,0.9992517073489527,0.9981555617987828,0.0019801980198019802
untouched,peak_share,defocus_blur,1,common,pooled,0.9167541308586304,0.8600492169236871,0.21386138613861386
untouched,peak_share,defocus_blur,2,common,pooled,0.9566801729677918,0.918463277265085,0.10528052805280529
untouched,peak_share,defocus_blur,3,common,pooled,0.9798649369887483,0.9583583851606969,0.04950495049504951
untouched,peak_share,defocus_blur,4,common,pooled,0.9878905118234595,0.9738362355121194,0.026402640264026403
untouched,peak_share,defocus_blur,5,common,pooled,0.991962661612696,0.9821825826277811,0.01782178217821782
untouched,peak_share,glass_blur,1,common,pooled,0.8148498513217658,0.7345474307898279,0.4551155115511551
untouched,peak_share,glass_blur,2,common,pooled,0.8927064884706293,0.8249412832702073,0.2600660066006601
untouched,peak_share,glass_blur,3,common,pooled,0.9257415939613763,0.8672628406546938,0.17755775577557756
untouched,peak_share,glass_blur,4,common,pooled,0.9436752388110098,0.8960080950103706,0.13927392739273928
untouched,peak_share,glass_blur,5,common,pooled,0.9736057467132851,0.9468803074466824,0.06666666666666667
untouched,peak_share,motion_blur,1,common,pooled,0.87426995174765,0.8072842118254079,0.3231023102310231
untouched,peak_share,motion_blur,2,common,pooled,0.9403375486063458,0.8940874418675531,0.15676567656765678
untouched,peak_share,motion_blur,3,common,pooled,0.9697404393904737,0.9406572520818612,0.07524752475247524
untouched,peak_share,motion_blur,4,common,pooled,0.9825232820311735,0.9631166207503037,0.04026402640264026
untouched,peak_share,motion_blur,5,common,pooled,0.9869958282957009,0.9722970911185945,0.030033003300330034
untouched,peak_share,zoom_blur,1,common,pooled,0.853771416745635,0.7966731886618955,0.3943894389438944
untouched,peak_share,zoom_blur,2,common,pooled,0.8940707338060538,0.8439035295279538,0.28943894389438946
untouched,peak_share,zoom_blur,3,common,pooled,0.8756914899410733,0.823289805480417,0.3333333333333333
untouched,peak_share,zoom_blur,4,common,pooled,0.898708514415798,0.8509886545301868,0.2768976897689769
untouched,peak_share,zoom_blur,5,common,pooled,0.8936873291289525,0.8412169045324447,0.2861386138613861
untouched,peak_share,snow,1,common,pooled,0.9039000533716738,0.8482191039422007,0.27194719471947193
untouched,peak_share,snow,2,common,pooled,0.9650654075308521,0.936654547491352,0.100990099009901
untouched,peak_share,snow,3,common,pooled,0.950974632116677,0.9098892020983878,0.13498349834983497
untouched,peak_share,snow,4,common,pooled,0.9600857214434315,0.9222208219724636,0.10264026402640264
untouched,peak_share,snow,5,common,pooled,0.9709223496607087,0.9468037738623936,0.08316831683168317
untouched,peak_share,frost,1,common,pooled,0.6706590857105512,0.5996778462647203,0.6993399339933993
untouched,peak_share,frost,2,common,pooled,0.7982583406855537,0.7069658022482478,0.47194719471947194
untouched,peak_share,frost,3,common,pooled,0.8573210687405374,0.7700894305751709,0.33135313531353133
untouched,peak_share,frost,4,common,pooled,0.8648499602435491,0.7791509754106737,0.3184818481848185
untouched,peak_share,frost,5,common,pooled,0.8871218507989412,0.8063066829727185,0.26105610561056103
untouched,peak_share,fog,1,common,pooled,0.8452910934657822,0.7773648496040746,0.3716171617161716
untouched,peak_share,fog,2,common,pooled,0.8903490943153721,0.8301733863165301,0.25610561056105613
untouched,peak_share,fog,3,common,pooled,0.9139813090219913,0.8610233561349686,0.20726072607260726
untouched,peak_share,fog,4,common,pooled,0.9074387042664662,0.8513249812569684,0.22805280528052804
untouched,peak_share,fog,5,common,pooled,0.9241706150813102,0.8752046217274756,0.19636963696369636
untouched,peak_share,brightness,1,common,pooled,0.5374834711193892,0.5241409890269505,0.9158415841584159
untouched,peak_share,brightness,2,common,pooled,0.6084610441242144,0.5713526663272926,0.8313531353135314
untouched,peak_share,brightness,3,common,pooled,0.6849229378383382,0.6291286569323564,0.7072607260726073
untouched,peak_share,brightness,4,common,pooled,0.7631725647812306,0.6959706223481217,0.5577557755775577
untouched,peak_share,brightness,5,common,pooled,0.8268482392793735,0.7601798047639223,0.4184818481848185
untouched,peak_share,contrast,1,common,pooled,0.8815955952030846,0.8248044937282137,0.2864686468646865
untouched,peak_share,contrast,2,common,pooled,0.9380725201232994,0.8984289764792963,0.15841584158415842
untouched,peak_share,contrast,3,common,pooled,0.973285952357612,0.95274109586486,0.06831683168316832
untouched,peak_share,contrast,4,common,pooled,0.9927650883900271,0.9872753861475069,0.01881188118811881
untouched,peak_share,contrast,5,common,pooled,0.9982215251228093,0.9973910489796622,0.005280528052805281
untouched,peak_share,elastic_transform,1,common,pooled,0.549582938491869,0.5214592107236244,0.8778877887788779
untouched,peak_share,elastic_transform,2,common,pooled,0.5749176006709582,0.5341608493073691,0.8458745874587459
untouched,peak_share,elastic_transform,3,common,pooled,0.6134784171486456,0.5556897689583367,0.7884488448844884
untouched,peak_share,elastic_transform,4,common,pooled,0.6456518424119639,0.5758990921036256,0.7462046204620462
untouched,peak_share,elastic_transform,5,common,pooled,0.6879503098824734,0.6048212350948998,0.6772277227722773
untouched,peak_share,pixelate,1,common,pooled,0.6550674770447342,0.5911283996459803,0.7452145214521452
untouched,peak_share,pixelate,2,common,pooled,0.7280109793157533,0.6458964344362068,0.6046204620462046
untouched,peak_share,pixelate,3,common,pooled,0.8612903963663693,0.7847598786834984,0.33894389438943895
untouched,peak_share,pixelate,4,common,pooled,0.9337043209271422,0.8849283797873707,0.18151815181518152
untouched,peak_share,pixelate,5,common,pooled,0.9659508327070331,0.9378862315617534,0.09735973597359736
untouched,peak_share,jpeg_compression,1,common,pooled,0.8068188303978913,0.7217522644241784,0.4537953795379538
untouched,peak_share,jpeg_compression,2,common,pooled,0.8765366140574453,0.8009696433955831,0.29141914191419144
untouched,peak_share,jpeg_compression,3,common,pooled,0.9042091733925868,0.8365061316221353,0.23366336633663368
untouched,peak_share,jpeg_compression,4,common,pooled,0.9454869348320971,0.8949251256984938,0.13366336633663367
untouched,peak_share,jpeg_compression,5,common,pooled,0.9647304730473047,0.925510420443233,0.08613861386138613
untouched,peak_share,speckle_noise,1,extra,pooled,0.8914455009857422,0.843293991849316,0.335973597359736
untouched,peak_share,speckle_noise,2,extra,pooled,0.9339745558714287,0.8972752693583947,0.21716171617161717
untouched,peak_share,speckle_noise,3,extra,pooled,0.9785278131773574,0.9616342311415497,0.06831683168316832
untouched,peak_share,speckle_noise,4,extra,pooled,0.9873028788027317,0.9773611918639435,0.03762376237623762
untouched,peak_share,speckle_noise,5,extra,pooled,0.9927776143951029,0.9878308128229246,0.02178217821782178
untouched,peak_share,gaussian_blur,1,extra,pooled,0.8004367763509024,0.7250851209626614,0.5016501650165016
untouched,peak_share,gaussian_blur,2,extra,pooled,0.9534913788408543,0.9131899313884027,0.11782178217821782
untouched,peak_share,gaussian_blur,3,extra,pooled,0.9824520471849165,0.9623014240164927,0.04026402640264026
untouched,peak_share,gaussian_blur,4,extra,pooled,0.9905976538247884,0.9786307310671145,0.019801980198019802
untouched,peak_share,gaussian_blur,5,extra,pooled,0.9956866973826095,0.9903803183301073,0.00825082508250825
untouched,peak_share,spatter,1,extra,pooled,0.49101667592501824,0.4867560518139122,0.9405940594059405
untouched,peak_share,spatter,2,extra,pooled,0.7197243189665501,0.6279150657729019,0.6313531353135313
untouched,peak_share,spatter,3,extra,pooled,0.8849437418989423,0.8092042736841888,0.30132013201320135
untouched,peak_share,spatter,4,extra,pooled,0.9347542179960571,0.8848150994231674,0.18283828382838282
untouched,peak_share,spatter,5,extra,pooled,0.9697184371902536,0.9384253413543776,0.0834983498349835
untouched,peak_share,saturate,1,extra,pooled,0.5722399220120031,0.5380513640711521,0.8646864686468647
untouched,peak_share,saturate,2,extra,pooled,0.6898359093335076,0.6172073952296799,0.6894389438943894
untouched,peak_share,saturate,3,extra,pooled,0.5958733348582383,0.5661857671758539,0.8683168316831683
untouched,peak_share,saturate,4,extra,pooled,0.8027276192965831,0.7539850617880751,0.5204620462046204
untouched,peak_share,saturate,5,extra,pooled,0.9092412508577591,0.8919779703206583,0.3108910891089109
untouched,level,gaussian_noise,1,common,pooled,0.9873590824428977,0.9685934621796805,0.031023102310231022
untouched,level,gaussian_noise,2,common,pooled,0.9970795891470335,0.9914920225248137,0.005940594059405941
untouched,level,gaussian_noise,3,common,pooled,0.9992092278534784,0.9958359323727978,0.0013201320132013201
untouched,level,gaussian_noise,4,common,pooled,0.9994654118877234,0.9987367601603767,0.0006600660066006601
untouched,level,gaussian_noise,5,common,pooled,0.9999966234247187,0.9999966109845204,0.0
untouched,level,shot_noise,1,common,pooled,0.9796547179470422,0.9621828174012651,0.062046204620462043
untouched,level,shot_noise,2,common,pooled,0.9958688146042327,0.9906249311874585,0.011221122112211221
untouched,level,shot_noise,3,common,pooled,0.9988713524817828,0.9958032326479579,0.0029702970297029703
untouched,level,shot_noise,4,common,pooled,0.9996115849208683,0.9994354272927246,0.0006600660066006601
untouched,level,shot_noise,5,common,pooled,0.9999330131032905,0.999930701351489,0.0006600660066006601
untouched,level,impulse_noise,1,common,pooled,0.9997883649751114,0.9997467391967292,0.0006600660066006601
untouched,level,impulse_noise,2,common,pooled,0.9995155159080265,0.9991160064115611,0.0006600660066006601
untouched,level,impulse_noise,3,common,pooled,0.9994367654587241,0.9986823509127825,0.0006600660066006601
untouched,level,impulse_noise,4,common,pooled,0.999767016305591,0.9996792395625722,0.0006600660066006601
untouched,level,impulse_noise,5,common,pooled,1.0,1.0,0.0
untouched,level,defocus_blur,1,common,pooled,0.8784520036162032,0.7997570372775481,0.29042904290429045
untouched,level,defocus_blur,2,common,pooled,0.9207843457613089,0.859276742920362,0.200990099009901
untouched,level,defocus_blur,3,common,pooled,0.9477405265279003,0.9035283224575568,0.12772277227722773
untouched,level,defocus_blur,4,common,pooled,0.9617264102647889,0.9273866629260481,0.0858085808580858
untouched,level,defocus_blur,5,common,pooled,0.9701540154015401,0.9427747397816342,0.06732673267326733
untouched,level,glass_blur,1,common,pooled,0.782189981374375,0.6850912012600499,0.5006600660066006
untouched,level,glass_blur,2,common,pooled,0.8582746789530438,0.7708418477014368,0.3425742574257426
untouched,level,glass_blur,3,common,pooled,0.8972128004879696,0.8158827709014498,0.233993399339934
untouched,level,glass_blur,4,common,pooled,0.9113159929854372,0.840211378134798,0.2099009900990099
untouched,level,glass_blur,5,common,pooled,0.9488069797078718,0.9058405857973777,0.13036303630363036
untouched,level,motion_blur,1,common,pooled,0.8595676894422115,0.7872199985824433,0.3448844884488449
untouched,level,motion_blur,2,common,pooled,0.9192604210916141,0.8670543870114874,0.2079207920792079
untouched,level,motion_blur,3,common,pooled,0.9488979293969001,0.9118037239410126,0.133003300330033
untouched,level,motion_blur,4,common,pooled,0.964731780108704,0.9374161143972597,0.08811881188118811
untouched,level,motion_blur,5,common,pooled,0.9709926042109162,0.9478583941547774,0.07260726072607261
untouched,level,zoom_blur,1,common,pooled,0.6980080384276052,0.6162913828697167,0.6577557755775577
untouched,level,zoom_blur,2,common,pooled,0.7421905259832914,0.6553810566877769,0.5900990099009901
untouched,level,zoom_blur,3,common,pooled,0.6762168197017722,0.6014747712051642,0.7039603960396039
untouched,level,zoom_blur,4,common,pooled,0.7079644697142982,0.6281349226311589,0.6587458745874587
untouched,level,zoom_blur,5,common,pooled,0.6817870796980688,0.6036091001648529,0.6844884488448845
untouched,level,snow,1,common,pooled,0.9448948360182553,0.9195382894097123,0.18976897689768976
untouched,level,snow,2,common,pooled,0.9816672657364747,0.9705049402984444,0.06303630363036304
untouched,level,snow,3,common,pooled,0.9775384766199392,0.9642416063488816,0.07722772277227723
untouched,level,snow,4,common,pooled,0.9830052609221318,0.972151539633391,0.057095709570957096
untouched,level,snow,5,common,pooled,0.9819481750155213,0.96926653307057,0.054455445544554455
untouched,level,frost,1,common,pooled,0.6790029299959699,0.5991953445990392,0.6524752475247525
untouched,level,frost,2,common,pooled,0.7663787863934909,0.6668901528971731,0.49471947194719473
untouched,level,frost,3,common,pooled,0.8131516517988433,0.7157593847365787,0.400990099009901
untouched,level,frost,4,common,pooled,0.813111241817251,0.7149168863364557,0.39933993399339934
untouched,level,frost,5,common,pooled,0.8311112200328944,0.7367383633837685,0.36534653465346534
untouched,level,fog,1,common,pooled,0.688472698755024,0.5953035759440675,0.635973597359736
untouched,level,fog,2,common,pooled,0.7301801566295243,0.6307369801184922,0.5518151815181518
untouched,level,fog,3,common,pooled,0.7505492925530177,0.6487435833811459,0.5198019801980198
untouched,level,fog,4,common,pooled,0.7336750209674433,0.6303769691745297,0.5409240924092409
untouched,level,fog,5,common,pooled,0.7477430317289154,0.6433930952156635,0.5161716171617162
untouched,level,brightness,1,common,pooled,0.5583197725713165,0.5400683515208522,0.9165016501650165
untouched,level,brightness,2,common,pooled,0.6513416985262883,0.6065714961258133,0.7924092409240924
untouched,level,brightness,3,common,pooled,0.7374232373732422,0.6766841731484459,0.6326732673267327
untouched,level,brightness,4,common,pooled,0.8117736823187269,0.7468581522590353,0.45907590759075906
untouched,level,brightness,5,common,pooled,0.8628685640841312,0.8034414055817661,0.3438943894389439
untouched,level,contrast,1,common,pooled,0.7453293250117091,0.654442101697323,0.5534653465346535
untouched,level,contrast,2,common,pooled,0.8166390005337167,0.732955932900436,0.42112211221122114
untouched,level,contrast,3,common,pooled,0.8865198401028221,0.8304761729695327,0.2871287128712871
untouched,level,contrast,4,common,pooled,0.9510940103911382,0.929035338104721,0.13993399339933993
untouched,level,contrast,5,common,pooled,0.9805344791904933,0.9722604032100034,0.057095709570957096
untouched,level,elastic_transform,1,common,pooled,0.558408761668246,0.5212833350021154,0.8775577557755776
untouched,level,elastic_transform,2,common,pooled,0.5987703819886939,0.5497864557196143,0.8445544554455445
untouched,level,elastic_transform,3,common,pooled,0.6559533379080482,0.5955369326714869,0.7825082508250825
untouched,level,elastic_transform,4,common,pooled,0.7002104368852727,0.6364541938639101,0.7171617161716172
untouched,level,elastic_transform,5,common,pooled,0.7548456033722184,0.691489691351165,0.6287128712871287
untouched,level,pixelate,1,common,pooled,0.6561425350455837,0.5863517992673086,0.7432343234323432
untouched,level,pixelate,2,common,pooled,0.7273867485758477,0.6432082339094056,0.6171617161716172
untouched,level,pixelate,3,common,pooled,0.8737191342896666,0.8245992651028493,0.36336633663366336
untouched,level,pixelate,4,common,pooled,0.9431606923068544,0.9250136294107644,0.2099009900990099
untouched,level,pixelate,5,common,pooled,0.9738508207256369,0.9672342331142839,0.11188118811881188
untouched,level,jpeg_compression,1,common,pooled,0.7859837270855798,0.6920793398990075,0.4498349834983498
untouched,level,jpeg_compression,2,common,pooled,0.8864478428040824,0.8138179417780071,0.266996699669967
untouched,level,jpeg_compression,3,common,pooled,0.9257009661362176,0.8717985491264699,0.18811881188118812
untouched,level,jpeg_compression,4,common,pooled,0.9745334335413739,0.9546563998450174,0.07062706270627063
untouched,level,jpeg_compression,5,common,pooled,0.9895028809811675,0.982016485567776,0.036963696369636964
untouched,level,speckle_noise,1,extra,pooled,0.9341166987985927,0.9081155151834801,0.23696369636963696
untouched,level,speckle_noise,2,extra,pooled,0.9690097920683157,0.9561440908159275,0.11749174917491749
untouched,level,speckle_noise,3,extra,pooled,0.9949397117929615,0.9910509570927224,0.01749174917491749
untouched,level,speckle_noise,4,extra,pooled,0.997849121545818,0.9962900874325133,0.005940594059405941
untouched,level,speckle_noise,5,extra,pooled,0.9990563016697709,0.9986440283863066,0.0023102310231023103
untouched,level,gaussian_blur,1,extra,pooled,0.7678895315274101,0.676368355295146,0.5462046204620462
untouched,level,gaussian_blur,2,extra,pooled,0.9229633260355738,0.8644528624806416,0.200990099009901
untouched,level,gaussian_blur,3,extra,pooled,0.95677678658955,0.9195408020023579,0.10396039603960396
untouched,level,gaussian_blur,4,extra,pooled,0.9705189033754861,0.943839666687472,0.06798679867986798
untouched,level,gaussian_blur,5,extra,pooled,0.9830190939886068,0.9667666310761143,0.040594059405940595
untouched,level,spatter,1,extra,pooled,0.5155914997440338,0.5091735595978077,0.9386138613861386
untouched,level,spatter,2,extra,pooled,0.8303926630286791,0.773928359142137,0.46633663366336636
untouched,level,spatter,3,extra,pooled,0.9521191822152513,0.9318708344051797,0.1858085808580858
untouched,level,spatter,4,extra,pooled,0.9939157381084643,0.9926090955553024,0.028052805280528052
untouched,level,spatter,5,extra,pooled,0.9986391312398567,0.9982585702381337,0.005610561056105611
untouched,level,saturate,1,extra,pooled,0.539074872833818,0.5046524250744058,0.8584158415841584
untouched,level,saturate,2,extra,pooled,0.6224689845222146,0.5565405661240039,0.737953795379538
untouched,level,saturate,3,extra,pooled,0.6568011306081103,0.6226070033934916,0.8287128712871287
untouched,level,saturate,4,extra,pooled,0.8638790314675032,0.8211221815291768,0.4023102310231023
untouched,level,saturate,5,extra,pooled,0.9282606280430024,0.9092765449703718,0.2693069306930693
untouched,global_level,gaussian_noise,1,common,pooled,0.922797220316091,0.8523394466243872,0.1702970297029703
untouched,global_level,gaussian_noise,2,common,pooled,0.978856756962825,0.9492899832814661,0.043894389438943894
untouched,global_level,gaussian_noise,3,common,pooled,0.9956083826204403,0.9875536216608253,0.008580858085808581
untouched,global_level,gaussian_noise,4,common,pooled,0.9991640253134224,0.9977215460698585,0.0013201320132013201
untouched,global_level,gaussian_noise,5,common,pooled,0.9999489156836475,0.9999445698968823,0.00033003300330033004
untouched,global_level,shot_noise,1,common,pooled,0.9038169460510408,0.8418626353439211,0.25445544554455446
untouched,global_level,shot_noise,2,common,pooled,0.9756570706575608,0.9522957965221029,0.06567656765676567
untouched,global_level,shot_noise,3,common,pooled,0.9942417410057838,0.9879851202821973,0.016831683168316833
untouched,global_level,shot_noise,4,common,pooled,0.9993046433356207,0.9988746550481978,0.0023102310231023103
untouched,global_level,shot_noise,5,common,pooled,0.9998781165245237,0.9998688933377373,0.00033003300330033004
untouched,global_level,impulse_noise,1,common,pooled,0.9995677983639948,0.9993649049784733,0.0013201320132013201
untouched,global_level,impulse_noise,2,common,pooled,0.9990244965090569,0.9980632377361434,0.0026402640264026403
untouched,global_level,impulse_noise,3,common,pooled,0.9989457460597545,0.9974553453317659,0.0019801980198019802
untouched,global_level,impulse_noise,4,common,pooled,0.9996881569345053,0.999155797137228,0.00033003300330033004
untouched,global_level,impulse_noise,5,common,pooled,0.9999924843969545,0.9999924013069786,0.0
untouched,global_level,defocus_blur,1,common,pooled,0.8065044821313815,0.7272489920191479,0.4448844884488449
untouched,global_level,defocus_blur,2,common,pooled,0.8863506845734078,0.819901773137874,0.2755775577557756
untouched,global_level,defocus_blur,3,common,pooled,0.946553170168502,0.904919370143196,0.13498349834983497
untouched,global_level,defocus_blur,4,common,pooled,0.9694287052467623,0.9416303084251634,0.07095709570957096
untouched,global_level,defocus_blur,5,common,pooled,0.9803390735113116,0.9611328312188052,0.0462046204620462
untouched,global_level,glass_blur,1,common,pooled,0.6773362088684116,0.5989816388692352,0.6462046204620462
untouched,global_level,glass_blur,2,common,pooled,0.7806274983934037,0.6893796628598827,0.4551155115511551
untouched,global_level,glass_blur,3,common,pooled,0.8267627356795085,0.7311657999038242,0.33993399339933994
untouched,global_level,glass_blur,4,common,pooled,0.8609493622629589,0.7752656127313173,0.2953795379537954
untouched,global_level,glass_blur,5,common,pooled,0.9313128342537224,0.874581414083271,0.1551155115511551
untouched,global_level,motion_blur,1,common,pooled,0.7548031238767441,0.6677395568335828,0.523102310231023
untouched,global_level,motion_blur,2,common,pooled,0.8571118299948807,0.7747593934815047,0.3214521452145215
untouched,global_level,motion_blur,3,common,pooled,0.9212319053687547,0.8588374623360305,0.17953795379537954
untouched,global_level,motion_blur,4,common,pooled,0.9545100153579714,0.9089594762604074,0.10165016501650165
untouched,global_level,motion_blur,5,common,pooled,0.9658221960809943,0.9291908197643456,0.07095709570957096
untouched,global_level,zoom_blur,1,common,pooled,0.7548220762670327,0.696975209125732,0.6207920792079208
untouched,global_level,zoom_blur,2,common,pooled,0.8127498393403697,0.7530831983566755,0.49273927392739275
untouched,global_level,zoom_blur,3,common,pooled,0.7759036695748783,0.7209523156395881,0.595049504950495
untouched,global_level,zoom_blur,4,common,pooled,0.8110390048905881,0.7547712880989794,0.5158415841584159
untouched,global_level,zoom_blur,5,common,pooled,0.7816140029844568,0.7252681752115373,0.574917491749175
untouched,global_level,snow,1,common,pooled,0.8567731921707022,0.7851213446926157,0.3858085808580858
untouched,global_level,snow,2,common,pooled,0.9370411397575401,0.895931590928887,0.19141914191419143
untouched,global_level,snow,3,common,pooled,0.9193232689605594,0.8676542953952475,0.23102310231023102
untouched,global_level,snow,4,common,pooled,0.935332919430557,0.8911048920041339,0.18316831683168316
untouched,global_level,snow,5,common,pooled,0.9347592283980873,0.889773235476119,0.17293729372937294
untouched,global_level,frost,1,common,pooled,0.5388344279972551,0.504635765367718,0.862046204620462
untouched,global_level,frost,2,common,pooled,0.6307051596248734,0.5453761432336508,0.6828382838283829
untouched,global_level,frost,3,common,pooled,0.6875405461338213,0.58119348527306,0.5877887788778878
untouched,global_level,frost,4,common,pooled,0.6896089707980699,0.5801138606614599,0.5815181518151815
untouched,global_level,frost,5,common,pooled,0.7173003736017166,0.6010544398146752,0.5359735973597359
untouched,global_level,fog,1,common,pooled,0.6733614351534163,0.6200371742646058,0.7178217821782178
untouched,global_level,fog,2,common,pooled,0.7293125946257992,0.6734617274441018,0.6336633663366337
untouched,global_level,fog,3,common,pooled,0.7678673114836236,0.7129888891732761,0.5716171617161716
untouched,global_level,fog,4,common,pooled,0.7502239431863978,0.6877602896583208,0.599009900990099
untouched,global_level,fog,5,common,pooled,0.7525469180581424,0.6769387529408767,0.5742574257425742
untouched,global_level,brightness,1,common,pooled,0.5186036227385115,0.5136149066809632,0.9366336633663367
untouched,global_level,brightness,2,common,pooled,0.5651972028886056,0.5448246502024456,0.8867986798679868
untouched,global_level,brightness,3,common,pooled,0.619245716650873,0.5820413564096338,0.802970297029703
untouched,global_level,brightness,4,common,pooled,0.680392989794029,0.6271548474281713,0.6927392739273928
untouched,global_level,brightness,5,common,pooled,0.7365087300809289,0.6737601123995185,0.5792079207920792
untouched,global_level,contrast,1,common,pooled,0.721163175723513,0.6688040417815332,0.6508250825082508
untouched,global_level,contrast,2,common,pooled,0.8100299534903985,0.7633755470312023,0.503960396039604
untouched,global_level,contrast,3,common,pooled,0.9033855068675184,0.8740594662350353,0.3194719471947195
untouched,global_level,contrast,4,common,pooled,0.9757189382304567,0.9666420535907188,0.0858085808580858
untouched,global_level,contrast,5,common,pooled,0.9941049352459999,0.991621133518998,0.02145214521452145
untouched,global_level,elastic_transform,1,common,pooled,0.5158911435698025,0.4939885030342868,0.9108910891089109
untouched,global_level,elastic_transform,2,common,pooled,0.5373725887440229,0.5051793158352407,0.8841584158415842
untouched,global_level,elastic_transform,3,common,pooled,0.5729221536014988,0.5262383654959588,0.835973597359736
untouched,global_level,elastic_transform,4,common,pooled,0.6031880316744546,0.5463879700842624,0.7973597359735973
untouched,global_level,elastic_transform,5,common,pooled,0.6444233136184906,0.5770817465322362,0.7372937293729372
untouched,global_level,pixelate,1,common,pooled,0.5592471326340555,0.51926114082038,0.8514851485148515
untouched,global_level,pixelate,2,common,pooled,0.6070017100719973,0.5442044588725521,0.76006600660066
untouched,global_level,pixelate,3,common,pooled,0.7713862475356447,0.6838190655216216,0.4854785478547855
untouched,global_level,pixelate,4,common,pooled,0.8911721073097408,0.8333224344976107,0.2735973597359736
untouched,global_level,pixelate,5,common,pooled,0.9495730266095916,0.9239862056578295,0.1491749174917492
untouched,global_level,jpeg_compression,1,common,pooled,0.657258983324075,0.580194377461337,0.6828382838283829
untouched,global_level,jpeg_compression,2,common,pooled,0.7786899977126426,0.6848441566300176,0.47293729372937293
untouched,global_level,jpeg_compression,3,common,pooled,0.8416756527137862,0.7536764371913909,0.3574257425742574
untouched,global_level,jpeg_compression,4,common,pooled,0.9380040083216242,0.8883704594400984,0.16666666666666666
untouched,global_level,jpeg_compression,5,common,pooled,0.973059503970199,0.9513625017166073,0.07491749174917492
untouched,global_level,speckle_noise,1,extra,pooled,0.811864958773105,0.7501293819016348,0.5079207920792079
untouched,global_level,speckle_noise,2,extra,pooled,0.891218181224063,0.8463765069304832,0.3471947194719472
untouched,global_level,speckle_noise,3,extra,pooled,0.9774390310318161,0.9671221589205596,0.08976897689768977
untouched,global_level,speckle_noise,4,extra,pooled,0.9905832761493971,0.9868736877165025,0.04026402640264026
untouched,global_level,speckle_noise,5,extra,pooled,0.9965902035748129,0.9957711436907104,0.01485148514851485
untouched,global_level,gaussian_blur,1,extra,pooled,0.6644904094369833,0.5943441469719035,0.700990099009901
untouched,global_level,gaussian_blur,2,extra,pooled,0.878111840887059,0.8085888524700142,0.2900990099009901
untouched,global_level,gaussian_blur,3,extra,pooled,0.9496165953228987,0.9080270701782258,0.12409240924092409
untouched,global_level,gaussian_blur,4,extra,pooled,0.9735298282303478,0.9480821034736194,0.062046204620462043
untouched,global_level,gaussian_blur,5,extra,pooled,0.9888433595834831,0.9769659373892048,0.024092409240924092
untouched,global_level,spatter,1,extra,pooled,0.481128974283567,0.4831791702699654,0.9528052805280528
untouched,global_level,spatter,2,extra,pooled,0.7224030323824462,0.6478918811233065,0.6214521452145214
untouched,global_level,spatter,3,extra,pooled,0.9091484494984152,0.8572877475528444,0.2716171617161716
untouched,global_level,spatter,4,extra,pooled,0.9817255388905227,0.9782150778792064,0.0735973597359736
untouched,global_level,spatter,5,extra,pooled,0.9952757354943416,0.9944307856929571,0.020792079207920793
untouched,global_level,saturate,1,extra,pooled,0.5033658464856386,0.48737813200282853,0.9148514851485149
untouched,global_level,saturate,2,extra,pooled,0.5491707240030934,0.5110770259015769,0.8498349834983498
untouched,global_level,saturate,3,extra,pooled,0.5871980415863368,0.5641063732640769,0.8792079207920792
untouched,global_level,saturate,4,extra,pooled,0.7350905684627869,0.6772396787137414,0.6217821782178218
untouched,global_level,saturate,5,extra,pooled,0.8333689507564618,0.7842594266820319,0.4425742574257426
untouched,means_knn,gaussian_noise,1,common,pooled,0.9820525220838916,0.9578554846188042,0.036963696369636964
untouched,means_knn,gaussian_noise,2,common,pooled,0.9964988181986516,0.9894262939138927,0.005280528052805281
untouched,means_knn,gaussian_noise,3,common,pooled,0.9993179317931793,0.99706563200562,0.0013201320132013201
untouched,means_knn,gaussian_noise,4,common,pooled,0.9997012275484974,0.9992378360033615,0.00033003300330033004
untouched,means_knn,gaussian_noise,5,common,pooled,0.9999998910782167,0.9999998911141527,0.0
untouched,means_knn,shot_noise,1,common,pooled,0.9734005380736094,0.9544021558764421,0.08052805280528053
untouched,means_knn,shot_noise,2,common,pooled,0.9953236610789792,0.9904185114463009,0.01485148514851485
untouched,means_knn,shot_noise,3,common,pooled,0.9988576283370911,0.9971021045083704,0.0036303630363036304
untouched,means_knn,shot_noise,4,common,pooled,0.9997468657756865,0.9996785932738467,0.00033003300330033004
untouched,means_knn,shot_noise,5,common,pooled,0.9999494602925639,0.9999509325230902,0.0
untouched,means_knn,impulse_noise,1,common,pooled,0.9998045943208183,0.999754194299826,0.0006600660066006601
untouched,means_knn,impulse_noise,2,common,pooled,0.9996521038242439,0.9993537583041766,0.0006600660066006601
untouched,means_knn,impulse_noise,3,common,pooled,0.9996437168469322,0.9992165883320967,0.0006600660066006601
untouched,means_knn,impulse_noise,4,common,pooled,0.9998377065429315,0.9997767981633054,0.00033003300330033004
untouched,means_knn,impulse_noise,5,common,pooled,1.0,1.0,0.0
untouched,means_knn,defocus_blur,1,common,pooled,0.6574730146281955,0.5824148739610763,0.7366336633663366
untouched,means_knn,defocus_blur,2,common,pooled,0.7463573288021872,0.6533784824518557,0.566996699669967
untouched,means_knn,defocus_blur,3,common,pooled,0.8129585334771101,0.7193724783164196,0.43267326732673267
untouched,means_knn,defocus_blur,4,common,pooled,0.847814920105872,0.7605385775911092,0.3564356435643564
untouched,means_knn,defocus_blur,5,common,pooled,0.8709965253951137,0.7895069977185388,0.29504950495049503
untouched,means_knn,glass_blur,1,common,pooled,0.610440261847967,0.5423461274978789,0.7729372937293729
untouched,means_knn,glass_blur,2,common,pooled,0.6912309250727053,0.5967378453235983,0.6346534653465347
untouched,means_knn,glass_blur,3,common,pooled,0.7950638826258863,0.6805260483249507,0.4171617161716172
untouched,means_knn,glass_blur,4,common,pooled,0.7912283109499069,0.674700413413523,0.40924092409240925
untouched,means_knn,glass_blur,5,common,pooled,0.8119254103628185,0.6987339709315901,0.36633663366336633
untouched,means_knn,motion_blur,1,common,pooled,0.7681666285440425,0.7179731279830077,0.6211221122112212
untouched,means_knn,motion_blur,2,common,pooled,0.8501238440675751,0.8017411946434492,0.45676567656765676
untouched,means_knn,motion_blur,3,common,pooled,0.9033054493568169,0.8615824980538607,0.2996699669966997
untouched,means_knn,motion_blur,4,common,pooled,0.9336593362306528,0.9003793166114695,0.21122112211221122
untouched,means_knn,motion_blur,5,common,pooled,0.9453609123288567,0.9158336853637326,0.16831683168316833
untouched,means_knn,zoom_blur,1,common,pooled,0.6244370377631823,0.5561317150308315,0.7557755775577558
untouched,means_knn,zoom_blur,2,common,pooled,0.6707249833894281,0.5902041992328497,0.689108910891089
untouched,means_knn,zoom_blur,3,common,pooled,0.6404668387630842,0.5649910736477783,0.7277227722772277
untouched,means_knn,zoom_blur,4,common,pooled,0.6656651308695226,0.5832987314662167,0.6778877887788779
untouched,means_knn,zoom_blur,5,common,pooled,0.644401093574704,0.5651697232907684,0.7118811881188118
untouched,means_knn,snow,1,common,pooled,0.9568070668452984,0.9378156016621529,0.15148514851485148
untouched,means_knn,snow,2,common,pooled,0.9852336916860003,0.9772821291133701,0.04884488448844884
untouched,means_knn,snow,3,common,pooled,0.9806859893910184,0.9708650870904285,0.061386138613861385
untouched,means_knn,snow,4,common,pooled,0.9838289274472002,0.9759360742337442,0.054455445544554455
untouched,means_knn,snow,5,common,pooled,0.9826594342602577,0.9745997600006827,0.061386138613861385
untouched,means_knn,frost,1,common,pooled,0.7773695389340914,0.7157534617558321,0.5887788778877888
untouched,means_knn,frost,2,common,pooled,0.8695777102462722,0.8122248874687652,0.3570957095709571
untouched,means_knn,frost,3,common,pooled,0.9074955614373319,0.8578234649705174,0.25412541254125415
untouched,means_knn,frost,4,common,pooled,0.9056666557744883,0.8539843548748582,0.2528052805280528
untouched,means_knn,frost,5,common,pooled,0.9206107244387806,0.8727048058653595,0.21782178217821782
untouched,means_knn,fog,1,common,pooled,0.5591960483177031,0.5074629527595181,0.8201320132013201
untouched,means_knn,fog,2,common,pooled,0.5911218943676546,0.5248523285432822,0.7775577557755775
untouched,means_knn,fog,3,common,pooled,0.5972363275931554,0.5264111818015547,0.7537953795379538
untouched,means_knn,fog,4,common,pooled,0.5547361369800347,0.4980678680046463,0.8052805280528053
untouched,means_knn,fog,5,common,pooled,0.5400113278654598,0.4825760518816212,0.76996699669967
untouched,means_knn,brightness,1,common,pooled,0.577282619351044,0.5570565035794258,0.9006600660066006
untouched,means_knn,brightness,2,common,pooled,0.6958971342678822,0.6535782053129893,0.7551155115511551
untouched,means_knn,brightness,3,common,pooled,0.8022516311037045,0.7536567969300828,0.5590759075907591
untouched,means_knn,brightness,4,common,pooled,0.8836201243886765,0.8426224142281954,0.3564356435643564
untouched,means_knn,brightness,5,common,pooled,0.9307157250378503,0.9009648404928429,0.22112211221122113
untouched,means_knn,contrast,1,common,pooled,0.6825800302802557,0.6102872909808441,0.6937293729372938
untouched,means_knn,contrast,2,common,pooled,0.7524479081571523,0.669300703939974,0.5792079207920792
untouched,means_knn,contrast,3,common,pooled,0.8207106057140368,0.7348648128267118,0.43399339933993397
untouched,means_knn,contrast,4,common,pooled,0.8895315274101667,0.8137357583103875,0.2613861386138614
untouched,means_knn,contrast,5,common,pooled,0.9306278251587535,0.8730485043936436,0.16732673267326734
untouched,means_knn,elastic_transform,1,common,pooled,0.554170179394177,0.5204591373908305,0.8636963696369637
untouched,means_knn,elastic_transform,2,common,pooled,0.6089736300362709,0.5582603439782464,0.7996699669966997
untouched,means_knn,elastic_transform,3,common,pooled,0.6854789835419185,0.6197961157656593,0.7141914191419142
untouched,means_knn,elastic_transform,4,common,pooled,0.7408132100338747,0.6715974972082269,0.6277227722772277
untouched,means_knn,elastic_transform,5,common,pooled,0.8050680216536505,0.7388292504401044,0.5204620462046204
untouched,means_knn,pixelate,1,common,pooled,0.620474463287913,0.5795471103925515,0.8478547854785479
untouched,means_knn,pixelate,2,common,pooled,0.6921531658116307,0.6395798911530634,0.764026402640264
untouched,means_knn,pixelate,3,common,pooled,0.8589119803069416,0.8327367617683206,0.48250825082508253
untouched,means_knn,pixelate,4,common,pooled,0.9394885033057762,0.9287258146913666,0.2462046204620462
untouched,means_knn,pixelate,5,common,pooled,0.9721546907165964,0.967520346773679,0.12376237623762376
untouched,means_knn,jpeg_compression,1,common,pooled,0.787364092844928,0.7103567787940961,0.5227722772277228
untouched,means_knn,jpeg_compression,2,common,pooled,0.8887402106547289,0.826645003146786,0.2933993399339934
untouched,means_knn,jpeg_compression,3,common,pooled,0.9249324140334826,0.8765337142879844,0.21155115511551156
untouched,means_knn,jpeg_compression,4,common,pooled,0.9701680663115817,0.9471359122226831,0.08844884488448845
untouched,means_knn,jpeg_compression,5,common,pooled,0.9853184328333824,0.9733907784852802,0.043894389438943894
untouched,means_knn,speckle_noise,1,extra,pooled,0.9238855667744992,0.8997509514851869,0.2778877887788779
untouched,means_knn,speckle_noise,2,extra,pooled,0.9658944112233006,0.9539172206719208,0.13663366336633664
untouched,means_knn,speckle_noise,3,extra,pooled,0.9950641004694529,0.9929956490641483,0.01881188118811881
untouched,means_knn,speckle_noise,4,extra,pooled,0.9979617466697165,0.9972118133015261,0.005280528052805281
untouched,means_knn,speckle_noise,5,extra,pooled,0.9991695803243691,0.9989894537457393,0.0029702970297029703
untouched,means_knn,gaussian_blur,1,extra,pooled,0.5645803788299623,0.522656408983422,0.8636963696369637
untouched,means_knn,gaussian_blur,2,extra,pooled,0.7400642638521278,0.648662428709583,0.5884488448844885
untouched,means_knn,gaussian_blur,3,extra,pooled,0.8419834656733,0.750463179909171,0.36105610561056106
untouched,means_knn,gaussian_blur,4,extra,pooled,0.8895898005642149,0.8092217015754034,0.24818481848184817
untouched,means_knn,gaussian_blur,5,extra,pooled,0.9309117842477317,0.86810309243101,0.14983498349834984
untouched,means_knn,spatter,1,extra,pooled,0.5466713503033471,0.5264780286808095,0.9158415841584159
untouched,means_knn,spatter,2,extra,pooled,0.867715583439532,0.823473806778497,0.40924092409240925
untouched,means_knn,spatter,3,extra,pooled,0.9564691914736028,0.9388641646978775,0.1551155115511551
untouched,means_knn,spatter,4,extra,pooled,0.9844921521855156,0.9798959387101462,0.06072607260726073
untouched,means_knn,spatter,5,extra,pooled,0.9945742792100992,0.9926149333365442,0.02145214521452145
untouched,means_knn,saturate,1,extra,pooled,0.47734617521158057,0.4738612924684798,0.9244224422442244
untouched,means_knn,saturate,2,extra,pooled,0.5079405613828709,0.4951982137677807,0.9013201320132013
untouched,means_knn,saturate,3,extra,pooled,0.7062947532377,0.6763815435950089,0.799009900990099
untouched,means_knn,saturate,4,extra,pooled,0.9269080373383873,0.9036942309044368,0.2597359735973597
untouched,means_knn,saturate,5,extra,pooled,0.9664933721094882,0.958203505039405,0.14323432343234324
untouched,means_own,gaussian_noise,1,common,pooled,0.8741426221830104,0.7908070186480073,0.2861386138613861
untouched,means_own,gaussian_noise,2,common,pooled,0.9625709897722445,0.9203894707985548,0.08646864686468647
untouched,means_own,gaussian_noise,3,common,pooled,0.9916854556742803,0.9791648952528242,0.01881188118811881
untouched,means_own,gaussian_noise,4,common,pooled,0.998350924201331,0.9965766386462065,0.0036303630363036304
untouched,means_own,gaussian_noise,5,common,pooled,0.999938132427104,0.9999328884422469,0.00033003300330033004
untouched,means_own,shot_noise,1,common,pooled,0.8556965003431036,0.7840535061755465,0.3686468646864686
untouched,means_own,shot_noise,2,common,pooled,0.9592681545382261,0.9260804188903121,0.1132013201320132
untouched,means_own,shot_noise,3,common,pooled,0.9897917415503926,0.9802118620257337,0.027722772277227723
untouched,means_own,shot_noise,4,common,pooled,0.9987406463418619,0.9981822052654842,0.0036303630363036304
untouched,means_own,shot_noise,5,common,pooled,0.9998350924201331,0.9998221142576457,0.0009900990099009901
untouched,means_own,impulse_noise,1,common,pooled,0.9995198727793572,0.9994301651266343,0.0016501650165016502
untouched,means_own,impulse_noise,2,common,pooled,0.9985774815105273,0.9977332380632074,0.0039603960396039604
untouched,means_own,impulse_noise,3,common,pooled,0.9983199904148831,0.996810598804038,0.0039603960396039604
untouched,means_own,impulse_noise,4,common,pooled,0.9994290320121121,0.9990446557876409,0.0013201320132013201
untouched,means_own,impulse_noise,5,common,pooled,0.9999896524305896,0.9999894920296201,0.0
untouched,means_own,defocus_blur,1,common,pooled,0.7628971015913473,0.6822994186637731,0.5455445544554456
untouched,means_own,defocus_blur,2,common,pooled,0.8549154222352928,0.7783927001149236,0.3551155115511551
untouched,means_own,defocus_blur,3,common,pooled,0.9309987038307791,0.8777449992628605,0.166996699669967
untouched,means_own,defocus_blur,4,common,pooled,0.960235379973641,0.9226069636148561,0.09669966996699669
untouched,means_own,defocus_blur,5,common,pooled,0.9739427507107147,0.946378361118798,0.05676567656765676
untouched,means_own,glass_blur,1,common,pooled,0.6518156172052849,0.5813573309209855,0.7145214521452146
untouched,means_own,glass_blur,2,common,pooled,0.7640657234040236,0.6729737847505783,0.49834983498349833
untouched,means_own,glass_blur,3,common,pooled,0.8551159472382882,0.7605756555221973,0.2996699669966997
untouched,means_own,glass_blur,4,common,pooled,0.8827326296986134,0.7969116750818748,0.24818481848184817
untouched,means_own,glass_blur,5,common,pooled,0.9352273742225707,0.8748609690311963,0.14125412541254126
untouched,means_own,motion_blur,1,common,pooled,0.7139553856375737,0.6411082151940732,0.6366336633663366
untouched,means_own,motion_blur,2,common,pooled,0.8285648465836682,0.7509882952752718,0.40033003300330033
untouched,means_own,motion_blur,3,common,pooled,0.9072401398555697,0.8454144089573153,0.22442244224422442
untouched,means_own,motion_blur,4,common,pooled,0.9489618664836781,0.9044169043062439,0.12112211221122113
untouched,means_own,motion_blur,5,common,pooled,0.963319391345075,0.9276819299380376,0.08646864686468647
untouched,means_own,zoom_blur,1,common,pooled,0.7492694615996253,0.6778324180997612,0.6062706270627063
untouched,means_own,zoom_blur,2,common,pooled,0.8138806652942522,0.739164549557682,0.4636963696369637
untouched,means_own,zoom_blur,3,common,pooled,0.7765594876319315,0.706699149115243,0.5597359735973597
untouched,means_own,zoom_blur,4,common,pooled,0.8149533270158699,0.7438522229498338,0.466996699669967
untouched,means_own,zoom_blur,5,common,pooled,0.7812038035486717,0.7105108073328175,0.5409240924092409
untouched,means_own,snow,1,common,pooled,0.8633754860634578,0.8091064340474772,0.40033003300330033
untouched,means_own,snow,2,common,pooled,0.9357243843196201,0.899702997254076,0.19702970297029704
untouched,means_own,snow,3,common,pooled,0.9305279438834972,0.8944105970685722,0.21815181518151816
untouched,means_own,snow,4,common,pooled,0.9492837303532333,0.9200134921346242,0.16105610561056105
untouched,means_own,snow,5,common,pooled,0.9409737607424109,0.9062079473291726,0.1726072607260726
untouched,means_own,frost,1,common,pooled,0.5299565402084763,0.5050918673439062,0.8930693069306931
untouched,means_own,frost,2,common,pooled,0.6391946323345206,0.5611524346399781,0.7234323432343235
untouched,means_own,frost,3,common,pooled,0.7101278741735559,0.6116101751442325,0.6155115511551155
untouched,means_own,frost,4,common,pooled,0.7143366118790097,0.612438531095153,0.599009900990099
untouched,means_own,frost,5,common,pooled,0.7485791153372763,0.6416494661079967,0.5409240924092409
untouched,means_own,fog,1,common,pooled,0.6649546340772691,0.6076430405360096,0.733993399339934
untouched,means_own,fog,2,common,pooled,0.7220777919376096,0.6591651349225034,0.664026402640264
untouched,means_own,fog,3,common,pooled,0.7610009911882277,0.6959208995193746,0.592079207920792
untouched,means_own,fog,4,common,pooled,0.7365478330011219,0.6630025112866895,0.6290429042904291
untouched,means_own,fog,5,common,pooled,0.7332227777233169,0.6477333392591531,0.6049504950495049
untouched,means_own,brightness,1,common,pooled,0.5134981319914169,0.5107862486196676,0.9455445544554455
untouched,means_own,brightness,2,common,pooled,0.5541905477676481,0.5384763605814467,0.907920792079208
untouched,means_own,brightness,3,common,pooled,0.6061365443475041,0.5746123729536132,0.8260726072607261
untouched,means_own,brightness,4,common,pooled,0.6696092975634197,0.6217139363574447,0.7333333333333333
untouched,means_own,brightness,5,common,pooled,0.7325591172978684,0.6737762557418534,0.6201320132013202
untouched,means_own,contrast,1,common,pooled,0.715786251892516,0.6608888120375194,0.6937293729372938
untouched,means_own,contrast,2,common,pooled,0.8084232482654206,0.7548785861223626,0.5155115511551155
untouched,means_own,contrast,3,common,pooled,0.9049246805868706,0.867803390358587,0.28976897689768977
untouched,means_own,contrast,4,common,pooled,0.9758802513914758,0.9636585957048812,0.08118811881188119
untouched,means_own,contrast,5,common,pooled,0.9931683168316832,0.9896164727145048,0.022442244224422443
untouched,means_own,elastic_transform,1,common,pooled,0.5377920465313858,0.5102520068296965,0.8957095709570957
untouched,means_own,elastic_transform,2,common,pooled,0.5786705007134377,0.5354303647989013,0.8442244224422443
untouched,means_own,elastic_transform,3,common,pooled,0.6386499144964002,0.5778954978475082,0.7739273927392739
untouched,means_own,elastic_transform,4,common,pooled,0.6846045594658475,0.615317763067491,0.7085808580858086
untouched,means_own,elastic_transform,5,common,pooled,0.7413861386138614,0.668162174723677,0.6217821782178218
untouched,means_own,pixelate,1,common,pooled,0.558288620941302,0.5249940325794827,0.8739273927392739
untouched,means_own,pixelate,2,common,pooled,0.6083160692306855,0.5543400259604138,0.7976897689768977
untouched,means_own,pixelate,3,common,pooled,0.8103615113986646,0.7505134634223873,0.47953795379537956
untouched,means_own,pixelate,4,common,pooled,0.9292581337341655,0.8985239101309274,0.2155115511551155
untouched,means_own,pixelate,5,common,pooled,0.9704957030356501,0.9577322250627841,0.09801980198019802
untouched,means_own,jpeg_compression,1,common,pooled,0.6737544249474452,0.6089835986650556,0.7122112211221122
untouched,means_own,jpeg_compression,2,common,pooled,0.808873857682798,0.7338334574179216,0.4636963696369637
untouched,means_own,jpeg_compression,3,common,pooled,0.8728103998518664,0.8062279981900181,0.3346534653465347
untouched,means_own,jpeg_compression,4,common,pooled,0.9577337733773378,0.9253397817135539,0.12574257425742574
untouched,means_own,jpeg_compression,5,common,pooled,0.9828597414196866,0.9698089791216229,0.05214521452145215
untouched,means_own,speckle_noise,1,extra,pooled,0.7574774804213095,0.6961665225090504,0.6105610561056105
untouched,means_own,speckle_noise,2,extra,pooled,0.8492362404557288,0.797787034844793,0.4419141914191419
untouched,means_own,speckle_noise,3,extra,pooled,0.9656500996634317,0.9514543708518439,0.13366336633663367
untouched,means_own,speckle_noise,4,extra,pooled,0.9852126697818296,0.9800336138479472,0.05742574257425743
untouched,means_own,speckle_noise,5,extra,pooled,0.9944840919735538,0.9931698582408091,0.023762376237623763
untouched,means_own,gaussian_blur,1,extra,pooled,0.6213675129889227,0.5646170458723615,0.7858085808580858
untouched,means_own,gaussian_blur,2,extra,pooled,0.8416058338507117,0.76255660362415,0.3801980198019802
untouched,means_own,gaussian_blur,3,extra,pooled,0.9327174895707393,0.8793237923953255,0.16303630363036303
untouched,means_own,gaussian_blur,4,extra,pooled,0.9657657745972618,0.9312167913969503,0.08118811881188119
untouched,means_own,gaussian_blur,5,extra,pooled,0.9857814593340523,0.9687464533171425,0.029372937293729372
untouched,means_own,spatter,1,extra,pooled,0.49706281519241036,0.49478615798469916,0.9429042904290429
untouched,means_own,spatter,2,extra,pooled,0.7830583058305831,0.7114056054441635,0.5399339933993399
untouched,means_own,spatter,3,extra,pooled,0.9220837826356894,0.8786714168100773,0.2382838283828383
untouched,means_own,spatter,4,extra,pooled,0.9818196473112658,0.9781001060802673,0.07623762376237624
untouched,means_own,spatter,5,extra,pooled,0.9947673975318324,0.9936417023083839,0.022442244224422443
untouched,means_own,saturate,1,extra,pooled,0.4850847411473821,0.4786575702886293,0.9346534653465347
untouched,means_own,saturate,2,extra,pooled,0.5206749338300166,0.4972811741679963,0.9
untouched,means_own,saturate,3,extra,pooled,0.573719515515908,0.5552766143358445,0.9016501650165016
untouched,means_own,saturate,4,extra,pooled,0.71634175298718,0.6640098551247553,0.6871287128712872
untouched,means_own,saturate,5,extra,pooled,0.8176270300297357,0.7716507282252638,0.5016501650165016
untouched,saod_top3,gaussian_noise,1,common,pooled,0.5515299153677744,0.5290942821822753,0.9264026402640264
untouched,saod_top3,gaussian_noise,2,common,pooled,0.5850740668126219,0.5488011960844861,0.9102310231023102
untouched,saod_top3,gaussian_noise,3,common,pooled,0.6349013168643597,0.5844441969498815,0.8693069306930693
untouched,saod_top3,gaussian_noise,4,common,pooled,0.7000936182727183,0.6462909778747256,0.7683168316831683
untouched,saod_top3,gaussian_noise,5,common,pooled,0.7875124443137383,0.74980809649232,0.5858085808580858
untouched,saod_top3,shot_noise,1,common,pooled,0.551990600050104,0.5310519145217849,0.9316831683168317
untouched,saod_top3,shot_noise,2,common,pooled,0.5893147186005729,0.5559477109148501,0.9089108910891089
untouched,saod_top3,shot_noise,3,common,pooled,0.6366074676774608,0.5911598908548221,0.8676567656765677
untouched,saod_top3,shot_noise,4,common,pooled,0.710291855918265,0.6555222458283436,0.7570957095709571
untouched,saod_top3,shot_noise,5,common,pooled,0.7629359866679737,0.714584381676515,0.6221122112211221
untouched,saod_top3,impulse_noise,1,common,pooled,0.6924900064263853,0.6445466222572754,0.806930693069307
untouched,saod_top3,impulse_noise,2,common,pooled,0.6735828186779074,0.6162774494419866,0.828052805280528
untouched,saod_top3,impulse_noise,3,common,pooled,0.6674769902732848,0.607202987055923,0.8221122112211221
untouched,saod_top3,impulse_noise,4,common,pooled,0.7046039603960396,0.641163333547616,0.7524752475247525
untouched,saod_top3,impulse_noise,5,common,pooled,0.7691806358853707,0.7211060024298281,0.6102310231023103
untouched,saod_top3,defocus_blur,1,common,pooled,0.5751157838556132,0.5477095361068143,0.8976897689768977
untouched,saod_top3,defocus_blur,2,common,pooled,0.6150191157729634,0.5765810523547191,0.865016501650165
untouched,saod_top3,defocus_blur,3,common,pooled,0.6845081636876559,0.6333977908831128,0.7749174917491749
untouched,saod_top3,defocus_blur,4,common,pooled,0.7455787014344999,0.6881711662001236,0.6749174917491749
untouched,saod_top3,defocus_blur,5,common,pooled,0.7991760067095819,0.7450379930932183,0.5603960396039604
untouched,saod_top3,glass_blur,1,common,pooled,0.6061065363962139,0.5752223807697254,0.8854785478547855
untouched,saod_top3,glass_blur,2,common,pooled,0.6718547201254779,0.6321159201826106,0.8066006600660066
untouched,saod_top3,glass_blur,3,common,pooled,0.8356480301495496,0.8119788342856105,0.5105610561056105
untouched,saod_top3,glass_blur,4,common,pooled,0.8662967682906905,0.8474837086128887,0.4277227722772277
untouched,saod_top3,glass_blur,5,common,pooled,0.8855922621965167,0.8664041112731402,0.3811881188118812
untouched,saod_top3,motion_blur,1,common,pooled,0.5442593863346731,0.5262386081366461,0.9336633663366337
untouched,saod_top3,motion_blur,2,common,pooled,0.5927136228474332,0.5591913999460485,0.9003300330033003
untouched,saod_top3,motion_blur,3,common,pooled,0.6651129518892483,0.6158494353230406,0.807920792079208
untouched,saod_top3,motion_blur,4,common,pooled,0.7407363112548878,0.6889233835190827,0.6742574257425743
untouched,saod_top3,motion_blur,5,common,pooled,0.7847669618446993,0.7374083785707412,0.5716171617161716
untouched,saod_top3,zoom_blur,1,common,pooled,0.6888857301571741,0.6297239644291346,0.7663366336633664
untouched,saod_top3,zoom_blur,2,common,pooled,0.7444907362023331,0.6823416521162602,0.6544554455445545
untouched,saod_top3,zoom_blur,3,common,pooled,0.7695407857617445,0.6979860856729208,0.5716171617161716
untouched,saod_top3,zoom_blur,4,common,pooled,0.8001902863553683,0.73146598107131,0.5036303630363036
untouched,saod_top3,zoom_blur,5,common,pooled,0.8183908984957902,0.7493815438850968,0.4448844884488449
untouched,saod_top3,snow,1,common,pooled,0.5839777146031435,0.559628845391261,0.9089108910891089
untouched,saod_top3,snow,2,common,pooled,0.6530445272249997,0.6244332935050741,0.8564356435643564
untouched,saod_top3,snow,3,common,pooled,0.6583501072879565,0.6314746099183273,0.8514851485148515
untouched,saod_top3,snow,4,common,pooled,0.7066744545741703,0.688100092405465,0.7887788778877888
untouched,saod_top3,snow,5,common,pooled,0.7167151368602207,0.6911589655344162,0.7887788778877888
untouched,saod_top3,frost,1,common,pooled,0.5581339520090622,0.5435526483643218,0.9303630363036304
untouched,saod_top3,frost,2,common,pooled,0.6142535590192683,0.5983510941916959,0.903960396039604
untouched,saod_top3,frost,3,common,pooled,0.6583859425546515,0.6439508837179444,0.8709570957095709
untouched,saod_top3,frost,4,common,pooled,0.6665539870818765,0.657645733984797,0.8702970297029703
untouched,saod_top3,frost,5,common,pooled,0.694430230151728,0.6860940414776597,0.8405940594059406
untouched,saod_top3,fog,1,common,pooled,0.5386644010935747,0.5310988325849768,0.9432343234323433
untouched,saod_top3,fog,2,common,pooled,0.5505472775000272,0.5402475883668719,0.9386138613861386
untouched,saod_top3,fog,3,common,pooled,0.5658317267370302,0.5517439406443195,0.933993399339934
untouched,saod_top3,fog,4,common,pooled,0.5668058687056825,0.554188984719635,0.9333333333333333
untouched,saod_top3,fog,5,common,pooled,0.5891214913570565,0.576611099313523,0.9224422442244224
untouched,saod_top3,brightness,1,common,pooled,0.503840690999793,0.5024609191832474,0.9458745874587459
untouched,saod_top3,brightness,2,common,pooled,0.5142704418956747,0.5075408132630326,0.9389438943894389
untouched,saod_top3,brightness,3,common,pooled,0.5274016163992636,0.5149983559736215,0.9336633663366337
untouched,saod_top3,brightness,4,common,pooled,0.5460355193935235,0.5262251387177097,0.9264026402640264
untouched,saod_top3,brightness,5,common,pooled,0.5691816161814202,0.5424206791827072,0.9148514851485149
untouched,saod_top3,contrast,1,common,pooled,0.5358452874990469,0.5291503700080156,0.9392739273927393
untouched,saod_top3,contrast,2,common,pooled,0.5561521201625113,0.5453967430718555,0.935973597359736
untouched,saod_top3,contrast,3,common,pooled,0.5974133799518566,0.5827301421542594,0.9148514851485149
untouched,saod_top3,contrast,4,common,pooled,0.7015571458135913,0.6921030201163982,0.8231023102310231
untouched,saod_top3,contrast,5,common,pooled,0.8398275768170876,0.8403108359188034,0.592079207920792
untouched,saod_top3,elastic_transform,1,common,pooled,0.5630856451981832,0.543565094556792,0.9221122112211221
untouched,saod_top3,elastic_transform,2,common,pooled,0.5954045355030553,0.5683007291462151,0.9128712871287129
untouched,saod_top3,elastic_transform,3,common,pooled,0.639159178294067,0.6061384637021732,0.8867986798679868
untouched,saod_top3,elastic_transform,4,common,pooled,0.6743842651591891,0.636350081059216,0.865016501650165
untouched,saod_top3,elastic_transform,5,common,pooled,0.7193949394939494,0.676046917758443,0.7983498349834983
untouched,saod_top3,pixelate,1,common,pooled,0.5888916663943622,0.5624097833686511,0.8947194719471947
untouched,saod_top3,pixelate,2,common,pooled,0.6385668071757671,0.604734887094504,0.835973597359736
untouched,saod_top3,pixelate,3,common,pooled,0.8317047348299187,0.8146854975223775,0.525082508250825
untouched,saod_top3,pixelate,4,common,pooled,0.9428404622640482,0.939479394409691,0.264026402640264
untouched,saod_top3,pixelate,5,common,pooled,0.9763238898147241,0.9756122868882371,0.11188118811881188
untouched,saod_top3,jpeg_compression,1,common,pooled,0.5998915683647573,0.5520445235884076,0.8722772277227723
untouched,saod_top3,jpeg_compression,2,common,pooled,0.6620812774346742,0.6026519566396142,0.7848184818481848
untouched,saod_top3,jpeg_compression,3,common,pooled,0.7045231404328551,0.6418622052420111,0.733003300330033
untouched,saod_top3,jpeg_compression,4,common,pooled,0.8127212473722619,0.7620663700281837,0.5141914191419142
untouched,saod_top3,jpeg_compression,5,common,pooled,0.8890334280952847,0.8547878413838232,0.3445544554455445
untouched,saod_top3,speckle_noise,1,extra,pooled,0.5410210872572406,0.5262580323778705,0.9353135313531353
untouched,saod_top3,speckle_noise,2,extra,pooled,0.5596106590857105,0.5396808249764465,0.9214521452145215
untouched,saod_top3,speckle_noise,3,extra,pooled,0.619446731801893,0.582171714566206,0.8937293729372937
untouched,saod_top3,speckle_noise,4,extra,pooled,0.6540569007395789,0.6118020130044451,0.857095709570957
untouched,saod_top3,speckle_noise,5,extra,pooled,0.6958061301179623,0.6513150834269068,0.7904290429042904
untouched,saod_top3,gaussian_blur,1,extra,pooled,0.533470030171334,0.5207166009320875,0.9293729372937294
untouched,saod_top3,gaussian_blur,2,extra,pooled,0.601362557047784,0.5642932547063995,0.8722772277227723
untouched,saod_top3,gaussian_blur,3,extra,pooled,0.6683581130390267,0.6181793211065025,0.7947194719471947
untouched,saod_top3,gaussian_blur,4,extra,pooled,0.7316026206581054,0.6778317046768637,0.7023102310231023
untouched,saod_top3,gaussian_blur,5,extra,pooled,0.830926161923123,0.7841903015546055,0.4858085808580858
untouched,saod_top3,spatter,1,extra,pooled,0.5066800095851169,0.5020692719332269,0.9455445544554455
untouched,saod_top3,spatter,2,extra,pooled,0.5676856299491335,0.5392365773632313,0.9102310231023102
untouched,saod_top3,spatter,3,extra,pooled,0.6045895827206483,0.569673855413777,0.8930693069306931
untouched,saod_top3,spatter,4,extra,pooled,0.6411848511583832,0.577108976777493,0.8346534653465346
untouched,saod_top3,spatter,5,extra,pooled,0.6945227047457221,0.6181669750099001,0.7429042904290429
untouched,saod_top3,saturate,1,extra,pooled,0.5199932468494374,0.5156687986041408,0.9432343234323433
untouched,saod_top3,saturate,2,extra,pooled,0.5284773279308129,0.5204293667596429,0.9402640264026403
untouched,saod_top3,saturate,3,extra,pooled,0.5116767963925105,0.5044683004223804,0.9412541254125413
untouched,saod_top3,saturate,4,extra,pooled,0.5528373035323334,0.5294568247167004,0.9231023102310231
untouched,saod_top3,saturate,5,extra,pooled,0.5867349061638837,0.5546939981802621,0.9082508250825082
untouched,saod_min,gaussian_noise,1,common,pooled,0.5512343016479866,0.5524108728874744,0.9386138613861386
untouched,saod_min,gaussian_noise,2,common,pooled,0.5967697611345293,0.6014542444920783,0.9376237623762376
untouched,saod_min,gaussian_noise,3,common,pooled,0.6651516735831999,0.6748462574748417,0.9227722772277228
untouched,saod_min,gaussian_noise,4,common,pooled,0.7511930202921282,0.7596973867651156,0.86006600660066
untouched,saod_min,gaussian_noise,5,common,pooled,0.8527651973118104,0.8534899102571777,0.6673267326732674
untouched,saod_min,shot_noise,1,common,pooled,0.5497850428607217,0.5523446470464142,0.9366336633663367
untouched,saod_min,shot_noise,2,common,pooled,0.5945173131174504,0.6022005165748567,0.9353135313531353
untouched,saod_min,shot_noise,3,common,pooled,0.6562745482469039,0.6684725732714637,0.9254125412541254
untouched,saod_min,shot_noise,4,common,pooled,0.7607896829286889,0.7680373682774277,0.8445544554455445
untouched,saod_min,shot_noise,5,common,pooled,0.8330941955581697,0.8339661363772493,0.7099009900990099
untouched,saod_min,impulse_noise,1,common,pooled,0.7500172641026479,0.7558622714550649,0.86006600660066
untouched,saod_min,impulse_noise,2,common,pooled,0.7141310220130924,0.7231437819786277,0.8907590759075907
untouched,saod_min,impulse_noise,3,common,pooled,0.7091726845951922,0.7174245985485016,0.9036303630363036
untouched,saod_min,impulse_noise,4,common,pooled,0.7673479724210045,0.7700079842460408,0.8323432343234324
untouched,saod_min,impulse_noise,5,common,pooled,0.8415103639076779,0.8405320386694425,0.6861386138613862
untouched,saod_min,defocus_blur,1,common,pooled,0.5731094990687188,0.5706918043042684,0.9415841584158415
untouched,saod_min,defocus_blur,2,common,pooled,0.610977300700367,0.6121144995652579,0.933993399339934
untouched,saod_min,defocus_blur,3,common,pooled,0.6923491160997288,0.6942493727437302,0.8966996699669967
untouched,saod_min,defocus_blur,4,common,pooled,0.767040704070407,0.7672382807311612,0.8174917491749175
untouched,saod_min,defocus_blur,5,common,pooled,0.8319250291365771,0.8275937912468072,0.698019801980198
untouched,saod_min,glass_blur,1,common,pooled,0.608939864283458,0.6066827693630372,0.9224422442244224
untouched,saod_min,glass_blur,2,common,pooled,0.6904363951246609,0.6917799727174088,0.8689768976897689
untouched,saod_min,glass_blur,3,common,pooled,0.8837927109542637,0.8814445013957588,0.5518151815181518
untouched,saod_min,glass_blur,4,common,pooled,0.9084666535960527,0.9052051879934864,0.45115511551155113
untouched,saod_min,glass_blur,5,common,pooled,0.9315268655578429,0.9252995741029465,0.34026402640264025
untouched,saod_min,motion_blur,1,common,pooled,0.5333516866538139,0.5364906484347413,0.9554455445544554
untouched,saod_min,motion_blur,2,common,pooled,0.5839410079621824,0.5898751358306846,0.9537953795379538
untouched,saod_min,motion_blur,3,common,pooled,0.6717753161454759,0.6800157252619852,0.9135313531353135
untouched,saod_min,motion_blur,4,common,pooled,0.7666274548246904,0.772506207485787,0.8257425742574257
untouched,saod_min,motion_blur,5,common,pooled,0.8204740820616715,0.8218383278568532,0.7125412541254126
untouched,saod_min,zoom_blur,1,common,pooled,0.6806660567046804,0.6828813926358339,0.9023102310231023
untouched,saod_min,zoom_blur,2,common,pooled,0.749512466098095,0.7502797955567883,0.8257425742574257
untouched,saod_min,zoom_blur,3,common,pooled,0.7923161127993987,0.7851088955643041,0.7462046204620462
untouched,saod_min,zoom_blur,4,common,pooled,0.8351782504983172,0.8243100929514515,0.6333333333333333
untouched,saod_min,zoom_blur,5,common,pooled,0.8658417475410908,0.849664192603261,0.5452145214521452
untouched,saod_min,snow,1,common,pooled,0.5959494711847423,0.604842161607607,0.9346534653465347
untouched,saod_min,snow,2,common,pooled,0.6741535688222288,0.6907810469649435,0.9168316831683169
untouched,saod_min,snow,3,common,pooled,0.6865869903822065,0.701892813315614,0.9089108910891089
untouched,saod_min,snow,4,common,pooled,0.7415733751592981,0.7606021135668792,0.8537953795379538
untouched,saod_min,snow,5,common,pooled,0.7502683832739709,0.7660751976776277,0.8567656765676568
untouched,saod_min,frost,1,common,pooled,0.557082638956965,0.5632332442581708,0.9402640264026403
untouched,saod_min,frost,2,common,pooled,0.6230218170331885,0.6375828056955257,0.933003300330033
untouched,saod_min,frost,3,common,pooled,0.675050703090111,0.6929055262178089,0.9052805280528052
untouched,saod_min,frost,4,common,pooled,0.6813049918853271,0.7032471435542993,0.9013201320132013
untouched,saod_min,frost,5,common,pooled,0.7149038220653748,0.7359407560752224,0.8722772277227723
untouched,saod_min,fog,1,common,pooled,0.519384591924539,0.527741589771415,0.9511551155115512
untouched,saod_min,fog,2,common,pooled,0.5297877114444117,0.5397361496983458,0.9564356435643564
untouched,saod_min,fog,3,common,pooled,0.5427637813286279,0.5531410250638942,0.9534653465346534
untouched,saod_min,fog,4,common,pooled,0.5464954960842618,0.5566175515015164,0.9537953795379538
untouched,saod_min,fog,5,common,pooled,0.568369822130728,0.5805240536381415,0.9498349834983498
untouched,saod_min,brightness,1,common,pooled,0.5055326275201778,0.5060218986490419,0.9435643564356435
untouched,saod_min,brightness,2,common,pooled,0.5171762027687917,0.5171389895100598,0.9435643564356435
untouched,saod_min,brightness,3,common,pooled,0.5319530764957684,0.5313017267848911,0.9392739273927393
untouched,saod_min,brightness,4,common,pooled,0.5540777592610746,0.5514223092579932,0.9386138613861386
untouched,saod_min,brightness,5,common,pooled,0.5803686457754687,0.5784288211216378,0.9346534653465347
untouched,saod_min,contrast,1,common,pooled,0.5191696347852607,0.5271302115051286,0.9528052805280528
untouched,saod_min,contrast,2,common,pooled,0.5364878715594331,0.5470138334784719,0.9521452145214522
untouched,saod_min,contrast,3,common,pooled,0.575919626616127,0.5919750682721014,0.9475247524752475
untouched,saod_min,contrast,4,common,pooled,0.6971357927871995,0.716563658530625,0.8966996699669967
untouched,saod_min,contrast,5,common,pooled,0.8566216275092856,0.8648687197632419,0.6026402640264027
untouched,saod_min,elastic_transform,1,common,pooled,0.5714820442440284,0.5742519139873745,0.9353135313531353
untouched,saod_min,elastic_transform,2,common,pooled,0.6100298990295069,0.6128534781698061,0.9264026402640264
untouched,saod_min,elastic_transform,3,common,pooled,0.6592136391857008,0.6666202883024055,0.9198019801980198
untouched,saod_min,elastic_transform,4,common,pooled,0.702937293729373,0.7075047420579941,0.8805280528052806
untouched,saod_min,elastic_transform,5,common,pooled,0.753662277118801,0.7528033714749915,0.832013201320132
untouched,saod_min,pixelate,1,common,pooled,0.5959524120728904,0.5853477064643272,0.9102310231023102
untouched,saod_min,pixelate,2,common,pooled,0.6563010707011295,0.6482156613331208,0.8706270627062707
untouched,saod_min,pixelate,3,common,pooled,0.8652916925355902,0.8676428307690436,0.566006600660066
untouched,saod_min,pixelate,4,common,pooled,0.9568081560631311,0.9587793025391061,0.23531353135313532
untouched,saod_min,pixelate,5,common,pooled,0.9814378764609134,0.9822292075093579,0.07194719471947195
untouched,saod_min,jpeg_compression,1,common,pooled,0.6268187759369996,0.6164924349490989,0.9089108910891089
untouched,saod_min,jpeg_compression,2,common,pooled,0.708049101939897,0.7038085680128583,0.8765676567656766
untouched,saod_min,jpeg_compression,3,common,pooled,0.7616091015042098,0.7576681375460388,0.8042904290429043
untouched,saod_min,jpeg_compression,4,common,pooled,0.8832092169613001,0.8741371728845994,0.5432343234323432
untouched,saod_min,jpeg_compression,5,common,pooled,0.9467986798679868,0.9338762649354552,0.24653465346534653
untouched,saod_min,speckle_noise,1,extra,pooled,0.538358058578135,0.5407596311862216,0.9435643564356435
untouched,saod_min,speckle_noise,2,extra,pooled,0.5559867768955113,0.5609042130283841,0.9429042904290429
untouched,saod_min,speckle_noise,3,extra,pooled,0.627530634251544,0.639026077132669,0.9277227722772278
untouched,saod_min,speckle_noise,4,extra,pooled,0.6717837031227876,0.6850048096858203,0.9056105610561056
untouched,saod_min,speckle_noise,5,extra,pooled,0.7319565075319413,0.7438486155244407,0.8537953795379538
untouched,saod_min,gaussian_blur,1,extra,pooled,0.5349590454094915,0.5297465767201239,0.9468646864686469
untouched,saod_min,gaussian_blur,2,extra,pooled,0.6035922948730517,0.598837412225407,0.928052805280528
untouched,saod_min,gaussian_blur,3,extra,pooled,0.6806007036347199,0.6804518604905705,0.901980198019802
untouched,saod_min,gaussian_blur,4,extra,pooled,0.7576881896110403,0.7586031181657766,0.834983498349835
untouched,saod_min,gaussian_blur,5,extra,pooled,0.8773936106481935,0.8679670621214343,0.5567656765676567
untouched,saod_min,spatter,1,extra,pooled,0.5078097463211668,0.5078716875211521,0.9432343234323433
untouched,saod_min,spatter,2,extra,pooled,0.5917694888300711,0.5921185335256829,0.9323432343234324
untouched,saod_min,spatter,3,extra,pooled,0.632982332886754,0.6386242002621623,0.9227722772277228
untouched,saod_min,spatter,4,extra,pooled,0.6957989957411582,0.6948369724592909,0.8805280528052806
untouched,saod_min,spatter,5,extra,pooled,0.7710711912775436,0.7631235197645042,0.8161716171617162
untouched,saod_min,saturate,1,extra,pooled,0.5128318574431701,0.5166953331218882,0.9495049504950495
untouched,saod_min,saturate,2,extra,pooled,0.5209835092420133,0.5272103400398366,0.9419141914191419
untouched,saod_min,saturate,3,extra,pooled,0.5185836900521735,0.5156824956198578,0.9432343234323433
untouched,saod_min,saturate,4,extra,pooled,0.5592670108595018,0.556680135382634,0.9379537953795379
untouched,saod_min,saturate,5,extra,pooled,0.5979138210850788,0.5977609083960868,0.9234323432343234
untouched,knn,gaussian_noise,1,common,pooled,0.6191729568996504,0.5608377461730258,0.7976897689768977
untouched,knn,gaussian_noise,2,common,pooled,0.7594903549760916,0.6749511608513385,0.5815181518151815
untouched,knn,gaussian_noise,3,common,pooled,0.9100495594113867,0.8472922233252992,0.22772277227722773
untouched,knn,gaussian_noise,4,common,pooled,0.9764379309218051,0.9524168023912737,0.0594059405940594
untouched,knn,gaussian_noise,5,common,pooled,0.9948551884891459,0.9897264210437987,0.01221122112211221
untouched,knn,shot_noise,1,common,pooled,0.6250926924375606,0.5695442908686486,0.8046204620462046
untouched,knn,shot_noise,2,common,pooled,0.772667113245978,0.701180753050375,0.5864686468646865
untouched,knn,shot_noise,3,common,pooled,0.9057817316385104,0.8563241645432292,0.266006600660066
untouched,knn,shot_noise,4,common,pooled,0.9814648890631638,0.9677284644838896,0.05478547854785479
untouched,knn,shot_noise,5,common,pooled,0.9938601879989979,0.9890779237984824,0.0165016501650165
untouched,knn,impulse_noise,1,common,pooled,0.9937520286682133,0.9916946799822971,0.023432343234323433
untouched,knn,impulse_noise,2,common,pooled,0.9869755688440132,0.979901746843732,0.043234323432343236
untouched,knn,impulse_noise,3,common,pooled,0.9831769761134529,0.9724511392058212,0.05148514851485148
untouched,knn,impulse_noise,4,common,pooled,0.9897896175756189,0.9810087719704363,0.023762376237623763
untouched,knn,impulse_noise,5,common,pooled,0.9958139724863575,0.9919477078623046,0.008580858085808581
untouched,knn,defocus_blur,1,common,pooled,0.5925127710790881,0.5446380540847808,0.832013201320132
untouched,knn,defocus_blur,2,common,pooled,0.6738548508316178,0.5992672837310198,0.7290429042904291
untouched,knn,defocus_blur,3,common,pooled,0.7903995795619166,0.6955897245339837,0.4867986798679868
untouched,knn,defocus_blur,4,common,pooled,0.8521079632715747,0.7569340652978115,0.3415841584158416
untouched,knn,defocus_blur,5,common,pooled,0.8867058785086429,0.7970074853107785,0.25742574257425743
untouched,knn,glass_blur,1,common,pooled,0.5944167783114945,0.5423101168293458,0.833993399339934
untouched,knn,glass_blur,2,common,pooled,0.6899885632127569,0.6105522143679123,0.7257425742574257
untouched,knn,glass_blur,3,common,pooled,0.8287671687960876,0.7536624547006865,0.5481848184818482
untouched,knn,glass_blur,4,common,pooled,0.8421892733827838,0.7617692274473871,0.4996699669966997
untouched,knn,glass_blur,5,common,pooled,0.870969131566622,0.7860084406593473,0.3801980198019802
untouched,knn,motion_blur,1,common,pooled,0.5864457732902003,0.5505270939481295,0.8910891089108911
untouched,knn,motion_blur,2,common,pooled,0.6893962465553486,0.6334611163755595,0.7772277227722773
untouched,knn,motion_blur,3,common,pooled,0.8073793418945855,0.7496972092618495,0.5435643564356436
untouched,knn,motion_blur,4,common,pooled,0.887647943012123,0.8446007394123696,0.3448844884488449
untouched,knn,motion_blur,5,common,pooled,0.9185994837107473,0.883666212522314,0.25676567656765675
untouched,knn,zoom_blur,1,common,pooled,0.7681021468483482,0.695402811746082,0.6214521452145214
untouched,knn,zoom_blur,2,common,pooled,0.8304605757605463,0.7614655185296098,0.4792079207920792
untouched,knn,zoom_blur,3,common,pooled,0.8189430230151729,0.7387464872160272,0.48514851485148514
untouched,knn,zoom_blur,4,common,pooled,0.8473138254419501,0.7699176756876193,0.42046204620462047
untouched,knn,zoom_blur,5,common,pooled,0.8251601694822948,0.7366058005409977,0.46204620462046203
untouched,knn,snow,1,common,pooled,0.8547798146151249,0.8253975320501103,0.4904290429042904
untouched,knn,snow,2,common,pooled,0.8877535426810008,0.8393088461487332,0.3455445544554455
untouched,knn,snow,3,common,pooled,0.936214913570565,0.915794430535432,0.24554455445544554
untouched,knn,snow,4,common,pooled,0.959899791959394,0.9433084152495655,0.14422442244224423
untouched,knn,snow,5,common,pooled,0.9445890925726236,0.916250272069073,0.1782178217821782
untouched,knn,frost,1,common,pooled,0.6396662636560686,0.5828690042260791,0.7910891089108911
untouched,knn,frost,2,common,pooled,0.765208748597632,0.6892704153646326,0.5966996699669967
untouched,knn,frost,3,common,pooled,0.8326725048742498,0.7580588215160282,0.4518151815181518
untouched,knn,frost,4,common,pooled,0.8340776503392914,0.7608786522341975,0.4551155115511551
untouched,knn,frost,5,common,pooled,0.8633593111786426,0.7938768481994107,0.36534653465346534
untouched,knn,fog,1,common,pooled,0.6086754566545763,0.5726322258002026,0.8765676567656766
untouched,knn,fog,2,common,pooled,0.654144909540459,0.6083812670184872,0.8343234323432344
untouched,knn,fog,3,common,pooled,0.6872359463669139,0.6364571941407268,0.7993399339933993
untouched,knn,fog,4,common,pooled,0.6698002919103792,0.6226372278404787,0.8260726072607261
untouched,knn,fog,5,common,pooled,0.7028702523717718,0.64088857699742,0.7607260726072608
untouched,knn,brightness,1,common,pooled,0.5078499384591925,0.5055631819626859,0.9435643564356435
untouched,knn,brightness,2,common,pooled,0.5331123310350837,0.520723947707719,0.9240924092409241
untouched,knn,brightness,3,common,pooled,0.5718049428705246,0.5460630265202465,0.9026402640264026
untouched,knn,brightness,4,common,pooled,0.6294275071071463,0.5880023537210906,0.8504950495049505
untouched,knn,brightness,5,common,pooled,0.697193412410548,0.6447786612982664,0.7785478547854785
untouched,knn,contrast,1,common,pooled,0.6193809975056912,0.5824391466795816,0.8752475247524752
untouched,knn,contrast,2,common,pooled,0.6996529207376183,0.648776960655391,0.7976897689768977
untouched,knn,contrast,3,common,pooled,0.797925094489647,0.7449590335921799,0.6402640264026402
untouched,knn,contrast,4,common,pooled,0.89025068348419,0.8521498090732447,0.4161716171617162
untouched,knn,contrast,5,common,pooled,0.9225500223289655,0.8895144991685728,0.2953795379537954
untouched,knn,elastic_transform,1,common,pooled,0.6016193401518369,0.566011077403394,0.8871287128712871
untouched,knn,elastic_transform,2,common,pooled,0.6718527595333791,0.6304549337428715,0.8237623762376237
untouched,knn,elastic_transform,3,common,pooled,0.765066169983335,0.7279688892884648,0.7264026402640265
untouched,knn,elastic_transform,4,common,pooled,0.8274675685390321,0.7979586326641837,0.6026402640264027
untouched,knn,elastic_transform,5,common,pooled,0.8917330000326765,0.8707664246145568,0.43597359735973595
untouched,knn,pixelate,1,common,pooled,0.6090237885174656,0.581382424304074,0.8937293729372937
untouched,knn,pixelate,2,common,pooled,0.6749264233354029,0.64028834426716,0.8277227722772277
untouched,knn,pixelate,3,common,pooled,0.8686513304795827,0.8601861329046742,0.5277227722772277
untouched,knn,pixelate,4,common,pooled,0.9499935736147872,0.9454224533017327,0.21056105610561057
untouched,knn,pixelate,5,common,pooled,0.9729977453190863,0.96866922322288,0.10594059405940594
untouched,knn,jpeg_compression,1,common,pooled,0.821841921815944,0.779142123381996,0.5445544554455446
untouched,knn,jpeg_compression,2,common,pooled,0.9124065178795108,0.8813541993093854,0.2947194719471947
untouched,knn,jpeg_compression,3,common,pooled,0.9428143754969557,0.9188877143665704,0.18778877887788778
untouched,knn,jpeg_compression,4,common,pooled,0.9755399252796567,0.9618882860372284,0.0867986798679868
untouched,knn,jpeg_compression,5,common,pooled,0.984559139082225,0.9740761190494467,0.04983498349834983
untouched,knn,speckle_noise,1,extra,pooled,0.5909640122428085,0.5496439878252072,0.8524752475247525
untouched,knn,speckle_noise,2,extra,pooled,0.6575347732793081,0.6049879093314394,0.7910891089108911
untouched,knn,speckle_noise,3,extra,pooled,0.8486585737781699,0.8083713253049936,0.48283828382838284
untouched,knn,speckle_noise,4,extra,pooled,0.9158090710061105,0.8901813205729937,0.29372937293729373
untouched,knn,speckle_noise,5,extra,pooled,0.9583209707109325,0.9443758196986973,0.1528052805280528
untouched,knn,gaussian_blur,1,extra,pooled,0.5264561753205024,0.5078051938731194,0.9138613861386139
untouched,knn,gaussian_blur,2,extra,pooled,0.6607829842390179,0.5908578869109506,0.7491749174917491
untouched,knn,gaussian_blur,3,extra,pooled,0.7803169623893083,0.6874962161516079,0.5221122112211221
untouched,knn,gaussian_blur,4,extra,pooled,0.8549997276955418,0.7630501008717238,0.33993399339933994
untouched,knn,gaussian_blur,5,extra,pooled,0.923174144147088,0.8496275577646599,0.17623762376237623
untouched,knn,spatter,1,extra,pooled,0.599631408685423,0.577165814271618,0.8881188118811881
untouched,knn,spatter,2,extra,pooled,0.8680597218137656,0.8397197748650925,0.4881188118811881
untouched,knn,spatter,3,extra,pooled,0.9006124127264211,0.8699289913328065,0.36567656765676565
untouched,knn,spatter,4,extra,pooled,0.9473252077683015,0.9376548545770574,0.20594059405940593
untouched,knn,spatter,5,extra,pooled,0.9727704255574072,0.9639125233454693,0.09372937293729373
untouched,knn,saturate,1,extra,pooled,0.5011623588101385,0.49621579487972645,0.9415841584158415
untouched,knn,saturate,2,extra,pooled,0.5287808929407792,0.5122787361740289,0.9217821782178218
untouched,knn,saturate,3,extra,pooled,0.5374074981755601,0.5223390530721257,0.9217821782178218
untouched,knn,saturate,4,extra,pooled,0.6664228997157141,0.6199967208414344,0.804950495049505
untouched,knn,saturate,5,extra,pooled,0.7415574181180494,0.6992523720500637,0.732013201320132
untouched,discopatch,gaussian_noise,1,common,pooled,0.8755566992342798,0.8659924659774153,0.4613861386138614
untouched,discopatch,gaussian_noise,2,common,pooled,0.9493745166595867,0.9427244480315078,0.21683168316831683
untouched,discopatch,gaussian_noise,3,common,pooled,0.9857149081244758,0.981661797894487,0.062376237623762376
untouched,discopatch,gaussian_noise,4,common,pooled,0.9963832521866048,0.9936961509211785,0.01221122112211221
untouched,discopatch,gaussian_noise,5,common,pooled,0.9987325316690084,0.9970293977366411,0.0019801980198019802
untouched,discopatch,shot_noise,1,common,pooled,0.865633107865242,0.8487608373706148,0.4561056105610561
untouched,discopatch,shot_noise,2,common,pooled,0.9396414294894836,0.9290837944996221,0.23894389438943894
untouched,discopatch,shot_noise,3,common,pooled,0.9729830408783453,0.9669475151634077,0.12475247524752475
untouched,discopatch,shot_noise,4,common,pooled,0.9886026969033537,0.9850003019451189,0.04785478547854786
untouched,discopatch,shot_noise,5,common,pooled,0.9918655033820214,0.9888066229310718,0.034323432343234324
untouched,discopatch,impulse_noise,1,common,pooled,0.9206004313302617,0.9074535436893357,0.29141914191419144
untouched,discopatch,impulse_noise,2,common,pooled,0.9763372327331743,0.9706243306473219,0.10594059405940594
untouched,discopatch,impulse_noise,3,common,pooled,0.9905412323410558,0.986841054860515,0.039603960396039604
untouched,discopatch,impulse_noise,4,common,pooled,0.9979063054820334,0.9956847248407718,0.0049504950495049506
untouched,discopatch,impulse_noise,5,common,pooled,0.99889259222952,0.9972371565817926,0.0016501650165016502
untouched,discopatch,defocus_blur,1,common,pooled,0.657235347297106,0.6225869004558187,0.8306930693069307
untouched,discopatch,defocus_blur,2,common,pooled,0.7248282848086789,0.6804393484834301,0.7257425742574257
untouched,discopatch,defocus_blur,3,common,pooled,0.7947608622248363,0.7411418078066643,0.5636963696369637
untouched,discopatch,defocus_blur,4,common,pooled,0.8264598242002418,0.7686183229102276,0.4867986798679868
untouched,discopatch,defocus_blur,5,common,pooled,0.8452656057684976,0.7840703328233808,0.4521452145214521
untouched,discopatch,glass_blur,1,common,pooled,0.676018799899792,0.6385615230275916,0.804950495049505
untouched,discopatch,glass_blur,2,common,pooled,0.774767615375399,0.7331155317092041,0.6224422442244224
untouched,discopatch,glass_blur,3,common,pooled,0.8797649467917089,0.8476830424869017,0.3957095709570957
untouched,discopatch,glass_blur,4,common,pooled,0.9092695705214086,0.8838884681711416,0.3095709570957096
untouched,discopatch,glass_blur,5,common,pooled,0.9339640993802351,0.9140940477828267,0.24224422442244226
untouched,discopatch,motion_blur,1,common,pooled,0.5819115772963435,0.5608009392964911,0.9115511551155115
untouched,discopatch,motion_blur,2,common,pooled,0.6611258155518522,0.6238516869107074,0.8343234323432344
untouched,discopatch,motion_blur,3,common,pooled,0.7433660098683136,0.6956619482399042,0.69009900990099
untouched,discopatch,motion_blur,4,common,pooled,0.7992310122101319,0.7479156493954946,0.568976897689769
untouched,discopatch,motion_blur,5,common,pooled,0.8292129856550011,0.7785424192309677,0.5026402640264026
untouched,discopatch,zoom_blur,1,common,pooled,0.7446553170168502,0.6914453630674544,0.6828382838283829
untouched,discopatch,zoom_blur,2,common,pooled,0.7848169569432191,0.7287917167140125,0.602970297029703
untouched,discopatch,zoom_blur,3,common,pooled,0.8170750144321363,0.7647651215934277,0.5316831683168317
untouched,discopatch,zoom_blur,4,common,pooled,0.8337273034234116,0.7821337445203509,0.49075907590759077
untouched,discopatch,zoom_blur,5,common,pooled,0.8503263296626692,0.8030930649021885,0.466006600660066
untouched,discopatch,snow,1,common,pooled,0.7504352514459367,0.6887956107375114,0.6171617161716172
untouched,discopatch,snow,2,common,pooled,0.8349809931488198,0.7779497256280486,0.43498349834983496
untouched,discopatch,snow,3,common,pooled,0.8297517672559335,0.758653074951758,0.4171617161716172
untouched,discopatch,snow,4,common,pooled,0.8604319837924387,0.7906048917849238,0.36072607260726075
untouched,discopatch,snow,5,common,pooled,0.8371071463582002,0.7641065796132982,0.41056105610561056
untouched,discopatch,frost,1,common,pooled,0.6533804964654881,0.6012018694644485,0.7983498349834983
untouched,discopatch,frost,2,common,pooled,0.7739485235652278,0.7157468053566174,0.5993399339933994
untouched,discopatch,frost,3,common,pooled,0.8273826095480835,0.7715310701955678,0.4752475247524752
untouched,discopatch,frost,4,common,pooled,0.8418211722162315,0.7903720279687521,0.46732673267326735
untouched,discopatch,frost,5,common,pooled,0.8664808461044124,0.819220375040746,0.40264026402640263
untouched,discopatch,fog,1,common,pooled,0.6010602990992169,0.5835762271164973,0.9006600660066006
untouched,discopatch,fog,2,common,pooled,0.652031935866854,0.6297569822629572,0.8498349834983498
untouched,discopatch,fog,3,common,pooled,0.7200430241043906,0.6927131751611161,0.7541254125412541
untouched,discopatch,fog,4,common,pooled,0.7512652354344346,0.7276818516538416,0.7287128712871287
untouched,discopatch,fog,5,common,pooled,0.8364579725299263,0.817426356512891,0.5392739273927393
untouched,discopatch,brightness,1,common,pooled,0.4905468962737858,0.490109355671143,0.9481848184818482
untouched,discopatch,brightness,2,common,pooled,0.4896992669563986,0.4833684827935424,0.9419141914191419
untouched,discopatch,brightness,3,common,pooled,0.496152610310536,0.48252636640267627,0.9333333333333333
untouched,discopatch,brightness,4,common,pooled,0.5074050474354366,0.48508288206192307,0.9161716171617161
untouched,discopatch,brightness,5,common,pooled,0.5175035127275104,0.4878819907026254,0.9006600660066006
untouched,discopatch,contrast,1,common,pooled,0.5421247372261979,0.5240813004250766,0.928052805280528
untouched,discopatch,contrast,2,common,pooled,0.5641536232831204,0.5365488136364058,0.9102310231023102
untouched,discopatch,contrast,3,common,pooled,0.6026606323998737,0.5617157221775949,0.8702970297029703
untouched,discopatch,contrast,4,common,pooled,0.6878062063632105,0.6341281606358846,0.7112211221122112
untouched,discopatch,contrast,5,common,pooled,0.7745308194185755,0.727027052964129,0.5706270627062706
untouched,discopatch,elastic_transform,1,common,pooled,0.608148111840887,0.5703676464507093,0.8584158415841584
untouched,discopatch,elastic_transform,2,common,pooled,0.6400813645721007,0.5930778897010921,0.8194719471947195
untouched,discopatch,elastic_transform,3,common,pooled,0.6748048666252764,0.6190221521018927,0.762046204620462
untouched,discopatch,elastic_transform,4,common,pooled,0.6960106307660469,0.6359061211355995,0.7191419141914192
untouched,discopatch,elastic_transform,5,common,pooled,0.7176850853402172,0.6519788944597275,0.6683168316831684
untouched,discopatch,pixelate,1,common,pooled,0.5478139942707142,0.533558271404686,0.9247524752475248
untouched,discopatch,pixelate,2,common,pooled,0.555522770098792,0.5395547684378985,0.9174917491749175
untouched,discopatch,pixelate,3,common,pooled,0.6406808700672048,0.6041968591802784,0.8382838283828383
untouched,discopatch,pixelate,4,common,pooled,0.7162917578886602,0.6706868212025267,0.7234323432343235
untouched,discopatch,pixelate,5,common,pooled,0.7522342036183817,0.7016287750982093,0.6518151815181518
untouched,discopatch,jpeg_compression,1,common,pooled,0.6276627563746474,0.5671632047799731,0.8148514851485148
untouched,discopatch,jpeg_compression,2,common,pooled,0.6401387663518827,0.5681816402335944,0.7693069306930693
untouched,discopatch,jpeg_compression,3,common,pooled,0.6439669313466,0.5655428540936351,0.7442244224422442
untouched,discopatch,jpeg_compression,4,common,pooled,0.6285840168175233,0.5429930582841443,0.7174917491749175
untouched,discopatch,jpeg_compression,5,common,pooled,0.5896982321994576,0.5113566917846717,0.7313531353135313
untouched,discopatch,speckle_noise,1,extra,pooled,0.7993128124693657,0.7712968841089389,0.5815181518151815
untouched,discopatch,speckle_noise,2,extra,pooled,0.8559269243756059,0.8303176382148806,0.45544554455445546
untouched,discopatch,speckle_noise,3,extra,pooled,0.9370207713840691,0.9217501289690863,0.22343234323432343
untouched,discopatch,speckle_noise,4,extra,pooled,0.958297988214663,0.9470850766325545,0.16369636963696368
untouched,discopatch,speckle_noise,5,extra,pooled,0.9726042109161411,0.9642251661088327,0.11617161716171617
untouched,discopatch,gaussian_blur,1,extra,pooled,0.5557238397107037,0.542179872376106,0.9277227722772278
untouched,discopatch,gaussian_blur,2,extra,pooled,0.7113870099881275,0.6685675858791686,0.7442244224422442
untouched,discopatch,gaussian_blur,3,extra,pooled,0.7992661939461273,0.7483142542841137,0.5613861386138614
untouched,discopatch,gaussian_blur,4,extra,pooled,0.8375364071060571,0.7837696479160937,0.467986798679868
untouched,discopatch,gaussian_blur,5,extra,pooled,0.8644118768312474,0.8043422575456113,0.3937293729372937
untouched,discopatch,spatter,1,extra,pooled,0.5217276084044048,0.5150736527468032,0.9396039603960396
untouched,discopatch,spatter,2,extra,pooled,0.6808413118539577,0.624926956068294,0.7455445544554455
untouched,discopatch,spatter,3,extra,pooled,0.8095169318912089,0.7543666258534749,0.5168316831683168
untouched,discopatch,spatter,4,extra,pooled,0.8284344672090972,0.763068643414603,0.43597359735973595
untouched,discopatch,spatter,5,extra,pooled,0.8881900467274451,0.8301037853877269,0.2973597359735974
untouched,discopatch,saturate,1,extra,pooled,0.6493660207604919,0.6150310875826944,0.8270627062706271
untouched,discopatch,saturate,2,extra,pooled,0.7595577230990426,0.7153152230908395,0.6191419141914192
untouched,discopatch,saturate,3,extra,pooled,0.4686756200372513,0.47242800939310964,0.9554455445544554
untouched,discopatch,saturate,4,extra,pooled,0.5104768595671448,0.48318569638458403,0.904950495049505
untouched,discopatch,saturate,5,extra,pooled,0.5573117014671765,0.5006006562595475,0.8158415841584158
untouched,cdf,gaussian_noise,1,common,pooled,0.8503164177803919,0.7641393973891881,0.34785478547854787
untouched,cdf,gaussian_noise,2,common,pooled,0.952923896350031,0.9060980155836944,0.10858085808580858
untouched,cdf,gaussian_noise,3,common,pooled,0.9908554716857825,0.9772280081705246,0.01881188118811881
untouched,cdf,gaussian_noise,4,common,pooled,0.9980717576708166,0.9954993160254935,0.0039603960396039604
untouched,cdf,gaussian_noise,5,common,pooled,0.9997944645949743,0.9996830939876918,0.00033003300330033004
untouched,cdf,shot_noise,1,common,pooled,0.8372070276334564,0.7621923589839571,0.38613861386138615
untouched,cdf,shot_noise,2,common,pooled,0.9533106776024137,0.917977079717992,0.1188118811881188
untouched,cdf,shot_noise,3,common,pooled,0.9894978705791371,0.9796435122486263,0.027722772277227723
untouched,cdf,shot_noise,4,common,pooled,0.9987322593645503,0.9978820508499774,0.0036303630363036304
untouched,cdf,shot_noise,5,common,pooled,0.999767016305591,0.9997019556395479,0.0006600660066006601
untouched,cdf,impulse_noise,1,common,pooled,0.9949083423193804,0.9904254567175581,0.013201320132013201
untouched,cdf,impulse_noise,2,common,pooled,0.9946110947728436,0.9888954164228937,0.013201320132013201
untouched,cdf,impulse_noise,3,common,pooled,0.9960214140225904,0.9913291842050297,0.00825082508250825
untouched,cdf,impulse_noise,4,common,pooled,0.9990444291953948,0.9980025714127001,0.0019801980198019802
untouched,cdf,impulse_noise,5,common,pooled,0.9998240913200231,0.9997493834697031,0.00033003300330033004
untouched,cdf,defocus_blur,1,common,pooled,0.7334457406136653,0.6637268173569872,0.6224422442244224
untouched,cdf,defocus_blur,2,common,pooled,0.8160202158829745,0.7434547195637938,0.44455445544554456
untouched,cdf,defocus_blur,3,common,pooled,0.89809354202747,0.8394365400546199,0.2570957095709571
untouched,cdf,defocus_blur,4,common,pooled,0.937006502630461,0.8924473058566064,0.1594059405940594
untouched,cdf,defocus_blur,5,common,pooled,0.9581899378056618,0.924027981510797,0.10924092409240924
untouched,cdf,glass_blur,1,common,pooled,0.6153364049276214,0.5678755978831025,0.8
untouched,cdf,glass_blur,2,common,pooled,0.7105350237994097,0.6405551289109748,0.6544554455445545
untouched,cdf,glass_blur,3,common,pooled,0.7996575499134072,0.7166397565825255,0.45445544554455447
untouched,cdf,glass_blur,4,common,pooled,0.8350508120118942,0.7548349431914324,0.3811881188118812
untouched,cdf,glass_blur,5,common,pooled,0.9013541156095808,0.8361228526192062,0.22475247524752476
untouched,cdf,motion_blur,1,common,pooled,0.6567199294186844,0.6039075441772215,0.761056105610561
untouched,cdf,motion_blur,2,common,pooled,0.7628777135139256,0.6950152268187656,0.5683168316831683
untouched,cdf,motion_blur,3,common,pooled,0.8552407716019127,0.7892386477058968,0.3564356435643564
untouched,cdf,motion_blur,4,common,pooled,0.9150301168730735,0.8613902745806459,0.2085808580858086
untouched,cdf,motion_blur,5,common,pooled,0.9381251293446177,0.893951425620525,0.1495049504950495
untouched,cdf,zoom_blur,1,common,pooled,0.7149427616028929,0.6519732428789378,0.6696369636963696
untouched,cdf,zoom_blur,2,common,pooled,0.7775813918025466,0.7059386143304426,0.5283828382838284
untouched,cdf,zoom_blur,3,common,pooled,0.7414598786611334,0.6768978756235939,0.6247524752475248
untouched,cdf,zoom_blur,4,common,pooled,0.7787863934908342,0.7097694068910433,0.5336633663366337
untouched,cdf,zoom_blur,5,common,pooled,0.74833055582786,0.6812690907399461,0.5943894389438944
untouched,cdf,snow,1,common,pooled,0.836406125761091,0.7816008334275545,0.4376237623762376
untouched,cdf,snow,2,common,pooled,0.9386823731878138,0.9005566824267458,0.16567656765676567
untouched,cdf,snow,3,common,pooled,0.9351623479179602,0.898248024668075,0.1825082508250825
untouched,cdf,snow,4,common,pooled,0.9628947053121154,0.9379363800271894,0.10924092409240924
untouched,cdf,snow,5,common,pooled,0.9598310623141522,0.9342958066104884,0.11287128712871287
untouched,cdf,frost,1,common,pooled,0.6159024714352623,0.5854009140636591,0.8336633663366336
untouched,cdf,frost,2,common,pooled,0.7206872964524175,0.6513114361197367,0.633993399339934
untouched,cdf,frost,3,common,pooled,0.789664411985753,0.7095311477901654,0.501980198019802
untouched,cdf,frost,4,common,pooled,0.7858122841987168,0.7000624759421485,0.48943894389438947
untouched,cdf,frost,5,common,pooled,0.8204664030759512,0.7340401566125673,0.41023102310231024
untouched,cdf,fog,1,common,pooled,0.7016939515733751,0.6354449084286156,0.6904290429042904
untouched,cdf,fog,2,common,pooled,0.7554566545763487,0.6847442503249472,0.6
untouched,cdf,fog,3,common,pooled,0.7885966517443823,0.7155338867642544,0.5349834983498349
untouched,cdf,fog,4,common,pooled,0.7641257393066039,0.679216415888614,0.5706270627062706
untouched,cdf,fog,5,common,pooled,0.7600958511692754,0.6617532671558488,0.533003300330033
untouched,cdf,brightness,1,common,pooled,0.5277140585345663,0.5241532088076117,0.9376237623762376
untouched,cdf,brightness,2,common,pooled,0.5939610495703036,0.5753744547111104,0.8907590759075907
untouched,cdf,brightness,3,common,pooled,0.6719906545109956,0.6377459230212146,0.7864686468646864
untouched,cdf,brightness,4,common,pooled,0.7521969523685041,0.7059542858815142,0.6501650165016502
untouched,cdf,brightness,5,common,pooled,0.8206342515439663,0.7695638188363599,0.48052805280528055
untouched,cdf,contrast,1,common,pooled,0.770939232537115,0.7142564817655307,0.5947194719471948
untouched,cdf,contrast,2,common,pooled,0.8506537485431711,0.79826759858492,0.4145214521452145
untouched,cdf,contrast,3,common,pooled,0.9243033907351131,0.8868675255059502,0.2198019801980198
untouched,cdf,contrast,4,common,pooled,0.9784704113975754,0.9624359033226509,0.06006600660066007
untouched,cdf,contrast,5,common,pooled,0.9936312344105698,0.9876226205391173,0.0165016501650165
untouched,cdf,elastic_transform,1,common,pooled,0.4960185820562254,0.4888596029084481,0.9425742574257425
untouched,cdf,elastic_transform,2,common,pooled,0.5161509220228954,0.4991814585914426,0.9273927392739274
untouched,cdf,elastic_transform,3,common,pooled,0.5528855558823209,0.5200117531049455,0.8910891089108911
untouched,cdf,elastic_transform,4,common,pooled,0.5869216525612957,0.5414272160371313,0.8554455445544554
untouched,cdf,elastic_transform,5,common,pooled,0.6362078881155442,0.5758925658990095,0.7851485148514852
untouched,cdf,pixelate,1,common,pooled,0.5314461545164417,0.5098440214913489,0.9042904290429042
untouched,cdf,pixelate,2,common,pooled,0.5717099630755155,0.5331243010277268,0.8544554455445544
untouched,cdf,pixelate,3,common,pooled,0.7265274646276508,0.6606637382476647,0.6455445544554456
untouched,cdf,pixelate,4,common,pooled,0.8686247535644653,0.8129004881394033,0.3683168316831683
untouched,cdf,pixelate,5,common,pooled,0.9386264963129977,0.9098037518548105,0.19240924092409242
untouched,cdf,jpeg_compression,1,common,pooled,0.6300629567907285,0.5805334840257763,0.7716171617161716
untouched,cdf,jpeg_compression,2,common,pooled,0.7353853108083086,0.6650380024052313,0.599009900990099
untouched,cdf,jpeg_compression,3,common,pooled,0.7959884107222603,0.7220221828456663,0.4788778877887789
untouched,cdf,jpeg_compression,4,common,pooled,0.9053369495365378,0.8485650825745454,0.24026402640264027
untouched,cdf,jpeg_compression,5,common,pooled,0.9542936966964023,0.9195478960474394,0.12475247524752475
untouched,cdf,speckle_noise,1,extra,pooled,0.7357122940016774,0.6749137129025713,0.6293729372937293
untouched,cdf,speckle_noise,2,extra,pooled,0.831221448877561,0.7768816150559229,0.4392739273927393
untouched,cdf,speckle_noise,3,extra,pooled,0.9627285995926326,0.9472199211101525,0.13333333333333333
untouched,cdf,speckle_noise,4,extra,pooled,0.9847972421004477,0.9789764167195718,0.06006600660066007
untouched,cdf,speckle_noise,5,extra,pooled,0.9945456327810999,0.9929065943264758,0.023432343234323433
untouched,cdf,gaussian_blur,1,extra,pooled,0.6125559585661536,0.5661135042116454,0.8191419141914191
untouched,cdf,gaussian_blur,2,extra,pooled,0.8056332167870253,0.7308918387928047,0.4646864686468647
untouched,cdf,gaussian_blur,3,extra,pooled,0.9007535208966441,0.8417496478272303,0.24785478547854786
untouched,cdf,gaussian_blur,4,extra,pooled,0.9454370486553606,0.9038870848846952,0.13663366336633664
untouched,cdf,gaussian_blur,5,extra,pooled,0.978150943807252,0.9562714412412363,0.051815181518151815
untouched,cdf,spatter,1,extra,pooled,0.49479027110631857,0.493529437830614,0.9448844884488449
untouched,cdf,spatter,2,extra,pooled,0.7041239965580717,0.640719273496399,0.6874587458745874
untouched,cdf,spatter,3,extra,pooled,0.8547618425208857,0.7956636271304252,0.3910891089108911
untouched,cdf,spatter,4,extra,pooled,0.9228521168948578,0.8996210331042201,0.2514851485148515
untouched,cdf,spatter,5,extra,pooled,0.9673993835027067,0.9541662302829722,0.11155115511551156
untouched,cdf,saturate,1,extra,pooled,0.4874048840527617,0.48369348040384336,0.9389438943894389
untouched,cdf,saturate,2,extra,pooled,0.5394001132786546,0.5140974191148862,0.8891089108910891
untouched,cdf,saturate,3,extra,pooled,0.5824233462950256,0.5640261156719273,0.9092409240924092
untouched,cdf,saturate,4,extra,pooled,0.7478319119040617,0.6940614997057976,0.6673267326732674
untouched,cdf,saturate,5,extra,pooled,0.8608604820878127,0.8060326051068051,0.37722772277227723
untouched,cdf_sum,gaussian_noise,1,common,pooled,0.806692481129301,0.717433108405603,0.4498349834983498
untouched,cdf_sum,gaussian_noise,2,common,pooled,0.9256106155169972,0.864486915237796,0.17194719471947195
untouched,cdf_sum,gaussian_noise,3,common,pooled,0.9818913178446558,0.9615245502462777,0.037953795379537955
untouched,cdf_sum,gaussian_noise,4,common,pooled,0.9963513381041075,0.9924487260960339,0.007260726072607261
untouched,cdf_sum,gaussian_noise,5,common,pooled,0.9996500343103617,0.9993440811427697,0.0009900990099009901
untouched,cdf_sum,shot_noise,1,common,pooled,0.7927258765480508,0.7149174747995003,0.49735973597359734
untouched,cdf_sum,shot_noise,2,common,pooled,0.9263347819930507,0.8781213102604983,0.18184818481848186
untouched,cdf_sum,shot_noise,3,common,pooled,0.9797434892004052,0.9637962376051856,0.0537953795379538
untouched,cdf_sum,shot_noise,4,common,pooled,0.9974207321722272,0.9958009980987041,0.007260726072607261
untouched,cdf_sum,shot_noise,5,common,pooled,0.9995280419131022,0.9993109039764558,0.0013201320132013201
untouched,cdf_sum,impulse_noise,1,common,pooled,0.9946846169765491,0.9918082199672594,0.01617161716171617
untouched,cdf_sum,impulse_noise,2,common,pooled,0.9921974969774205,0.986421037774332,0.020792079207920793
untouched,cdf_sum,impulse_noise,3,common,pooled,0.9932604646603275,0.9873470233253431,0.015841584158415842
untouched,cdf_sum,impulse_noise,4,common,pooled,0.998229149647638,0.9965345989626949,0.0046204620462046205
untouched,cdf_sum,impulse_noise,5,common,pooled,0.9997039505930791,0.999431132116296,0.0006600660066006601
untouched,cdf_sum,defocus_blur,1,common,pooled,0.7019404415689093,0.6363013743476205,0.6966996699669967
untouched,cdf_sum,defocus_blur,2,common,pooled,0.7879494385082073,0.7135254598323215,0.5165016501650165
untouched,cdf_sum,defocus_blur,3,common,pooled,0.8813019420753957,0.8161552230913944,0.30726072607260724
untouched,cdf_sum,defocus_blur,4,common,pooled,0.9270724003093379,0.8761368577134563,0.1801980198019802
untouched,cdf_sum,defocus_blur,5,common,pooled,0.9520789900772255,0.9131571785468598,0.12343234323432344
untouched,cdf_sum,glass_blur,1,common,pooled,0.5906654576348724,0.5506906699454003,0.8478547854785479
untouched,cdf_sum,glass_blur,2,common,pooled,0.6851336470280691,0.6190833066179653,0.7072607260726073
untouched,cdf_sum,glass_blur,3,common,pooled,0.7967501007526495,0.7104325507835536,0.46897689768976897
untouched,cdf_sum,glass_blur,4,common,pooled,0.833015935256892,0.7481883703659877,0.3940594059405941
untouched,cdf_sum,glass_blur,5,common,pooled,0.8980158807960004,0.827243998510309,0.23333333333333334
untouched,cdf_sum,motion_blur,1,common,pooled,0.6417084381705497,0.5950322485847496,0.8003300330033003
untouched,cdf_sum,motion_blur,2,common,pooled,0.7496431722380159,0.6853520564726624,0.6174917491749174
untouched,cdf_sum,motion_blur,3,common,pooled,0.8488956420394514,0.7830429932229096,0.38514851485148516
untouched,cdf_sum,motion_blur,4,common,pooled,0.91378524981211,0.8605260608503413,0.21221122112211221
untouched,cdf_sum,motion_blur,5,common,pooled,0.9382626975568844,0.8950703134125958,0.15676567656765678
untouched,cdf_sum,zoom_blur,1,common,pooled,0.6958164232264811,0.6298840785781713,0.7003300330033003
untouched,cdf_sum,zoom_blur,2,common,pooled,0.7642950582186931,0.6862142580676202,0.5544554455445545
untouched,cdf_sum,zoom_blur,3,common,pooled,0.7268091363591804,0.6565927508040029,0.6432343234323432
untouched,cdf_sum,zoom_blur,4,common,pooled,0.7672327331743075,0.6908007473156116,0.5504950495049505
untouched,cdf_sum,zoom_blur,5,common,pooled,0.7333847444150355,0.6607305371229137,0.6201320132013202
untouched,cdf_sum,snow,1,common,pooled,0.8274918580967008,0.779301052305359,0.4861386138613861
untouched,cdf_sum,snow,2,common,pooled,0.9193624808025357,0.8780676890660534,0.22508250825082507
untouched,cdf_sum,snow,3,common,pooled,0.924652811815835,0.8899732102161616,0.22310231023102312
untouched,cdf_sum,snow,4,common,pooled,0.9544645949743489,0.9301033339709305,0.1429042904290429
untouched,cdf_sum,snow,5,common,pooled,0.9451520003485497,0.9160057051548285,0.16006600660066006
untouched,cdf_sum,frost,1,common,pooled,0.5590072868673006,0.5415400766967033,0.8900990099009901
untouched,cdf_sum,frost,2,common,pooled,0.6571640035290658,0.5975230766788224,0.7462046204620462
untouched,cdf_sum,frost,3,common,pooled,0.7320420655926979,0.6549812743156711,0.6227722772277228
untouched,cdf_sum,frost,4,common,pooled,0.730649609515407,0.6493313320667797,0.6151815181518152
untouched,cdf_sum,frost,5,common,pooled,0.7700324586914137,0.6846185972300138,0.5475247524752476
untouched,cdf_sum,fog,1,common,pooled,0.6668361489614308,0.6105895593221101,0.7577557755775578
untouched,cdf_sum,fog,2,common,pooled,0.7188498948904791,0.6550939121856768,0.6848184818481848
untouched,cdf_sum,fog,3,common,pooled,0.7523230293326363,0.6830525067063313,0.6326732673267327
untouched,cdf_sum,fog,4,common,pooled,0.7232784367545666,0.6442779267927944,0.6577557755775577
untouched,cdf_sum,fog,5,common,pooled,0.7125181627073598,0.6218576530351352,0.637953795379538
untouched,cdf_sum,brightness,1,common,pooled,0.5172142709320438,0.5155766726748204,0.9465346534653465
untouched,cdf_sum,brightness,2,common,pooled,0.5647087976124345,0.5509143512621991,0.9165016501650165
untouched,cdf_sum,brightness,3,common,pooled,0.6242533411757017,0.5959214575770868,0.8501650165016502
untouched,cdf_sum,brightness,4,common,pooled,0.6919585225849317,0.649091065113675,0.7445544554455445
untouched,cdf_sum,brightness,5,common,pooled,0.7570006208541646,0.7043737936539117,0.6201320132013202
untouched,cdf_sum,contrast,1,common,pooled,0.7315339454737553,0.6791225425136777,0.6924092409240924
untouched,cdf_sum,contrast,2,common,pooled,0.8143297498066638,0.7602633930946805,0.5165016501650165
untouched,cdf_sum,contrast,3,common,pooled,0.8996072280495376,0.8556197208363977,0.30363036303630364
untouched,cdf_sum,contrast,4,common,pooled,0.9701607685521028,0.9500999234647638,0.08646864686468647
untouched,cdf_sum,contrast,5,common,pooled,0.9912864751821717,0.9845980180679569,0.023762376237623763
untouched,cdf_sum,elastic_transform,1,common,pooled,0.49168327723861494,0.4871305823564882,0.9485148514851485
untouched,cdf_sum,elastic_transform,2,common,pooled,0.515166378023941,0.49948805735285123,0.933993399339934
untouched,cdf_sum,elastic_transform,3,common,pooled,0.559403762158394,0.5258045095615616,0.8897689768976897
untouched,cdf_sum,elastic_transform,4,common,pooled,0.600795020096069,0.553729752293078,0.8405940594059406
untouched,cdf_sum,elastic_transform,5,common,pooled,0.6603681556274439,0.5990213182133448,0.7729372937293729
untouched,cdf_sum,pixelate,1,common,pooled,0.5327678114346088,0.5121229904999365,0.902970297029703
untouched,cdf_sum,pixelate,2,common,pooled,0.5756743892211004,0.537669944296493,0.8554455445544554
untouched,cdf_sum,pixelate,3,common,pooled,0.7408574322778813,0.6832848330290348,0.6435643564356436
untouched,cdf_sum,pixelate,4,common,pooled,0.8853717500462918,0.8416421716858977,0.3438943894389439
untouched,cdf_sum,pixelate,5,common,pooled,0.9493451622389962,0.9298142521481656,0.166006600660066
untouched,cdf_sum,jpeg_compression,1,common,pooled,0.6352841224716531,0.5863307184582264,0.7712871287128713
untouched,cdf_sum,jpeg_compression,2,common,pooled,0.7514451742203924,0.6821183274361047,0.5907590759075908
untouched,cdf_sum,jpeg_compression,3,common,pooled,0.8169430012308162,0.7458530705837638,0.45742574257425744
untouched,cdf_sum,jpeg_compression,4,common,pooled,0.9255367120870502,0.8777249323245456,0.1957095709570957
untouched,cdf_sum,jpeg_compression,5,common,pooled,0.9672205339345816,0.9421345714167837,0.09471947194719472
untouched,cdf_sum,speckle_noise,1,extra,pooled,0.6934316897036238,0.6365650858694414,0.7145214521452146
untouched,cdf_sum,speckle_noise,2,extra,pooled,0.7874111470552996,0.7289534827683137,0.5475247524752476
untouched,cdf_sum,speckle_noise,3,extra,pooled,0.9405534315807819,0.9174127520986601,0.18976897689768976
untouched,cdf_sum,speckle_noise,4,extra,pooled,0.9727853478417149,0.9627734414221403,0.10396039603960396
untouched,cdf_sum,speckle_noise,5,extra,pooled,0.9893506083281596,0.9862301423916704,0.041584158415841586
untouched,cdf_sum,gaussian_blur,1,extra,pooled,0.588809484908887,0.5498295809889515,0.8564356435643564
untouched,cdf_sum,gaussian_blur,2,extra,pooled,0.7773464475160388,0.7015218846137651,0.5429042904290429
untouched,cdf_sum,gaussian_blur,3,extra,pooled,0.8832228866451002,0.8177019312961895,0.298019801980198
untouched,cdf_sum,gaussian_blur,4,extra,pooled,0.9359534468298315,0.8882290193159015,0.16072607260726074
untouched,cdf_sum,gaussian_blur,5,extra,pooled,0.9753804093280615,0.9509493883309285,0.0594059405940594
untouched,cdf_sum,spatter,1,extra,pooled,0.498396725811195,0.4969978221744295,0.9471947194719472
untouched,cdf_sum,spatter,2,extra,pooled,0.7270501802655513,0.6686448290386773,0.6782178217821783
untouched,cdf_sum,spatter,3,extra,pooled,0.8608461044124215,0.8110028524839439,0.3937293729372937
untouched,cdf_sum,spatter,4,extra,pooled,0.9287467459617249,0.9103067978134418,0.23894389438943894
untouched,cdf_sum,spatter,5,extra,pooled,0.9696132187476173,0.9587913403389673,0.1042904290429043
untouched,cdf_sum,saturate,1,extra,pooled,0.47675451208487185,0.47760746751523103,0.9485148514851485
untouched,cdf_sum,saturate,2,extra,pooled,0.5213532986962063,0.5029819733708543,0.9072607260726072
untouched,cdf_sum,saturate,3,extra,pooled,0.5639998801860384,0.5479314693990638,0.9174917491749175
untouched,cdf_sum,saturate,4,extra,pooled,0.7017053883606182,0.6498997583812859,0.733003300330033
untouched,cdf_sum,saturate,5,extra,pooled,0.8116840396910978,0.7514656106455238,0.5013201320132014
held_out,two_axis,gaussian_noise,1,common,pooled,0.985969921875,0.9652537252649847,0.034583333333333334
held_out,two_axis,gaussian_noise,2,common,pooled,0.9966962239583333,0.9913321643345946,0.006458333333333333
held_out,two_axis,gaussian_noise,3,common,pooled,0.9994004774305556,0.9971079108683835,0.0014583333333333334
held_out,two_axis,gaussian_noise,4,common,pooled,0.9996634982638889,0.9992109055833578,0.0004166666666666667
held_out,two_axis,gaussian_noise,5,common,pooled,0.9999980902777778,0.9999980832491716,0.0
held_out,two_axis,shot_noise,1,common,pooled,0.9756100260416667,0.9568949135755287,0.07625
held_out,two_axis,shot_noise,2,common,pooled,0.9952792100694444,0.9905980543898163,0.012291666666666666
held_out,two_axis,shot_noise,3,common,pooled,0.9989506944444444,0.996962314514739,0.0035416666666666665
held_out,two_axis,shot_noise,4,common,pooled,0.9997364583333334,0.9996273645297975,0.0004166666666666667
held_out,two_axis,shot_noise,5,common,pooled,0.999951171875,0.9999497529098639,0.0004166666666666667
held_out,two_axis,impulse_noise,1,common,pooled,0.9998619791666666,0.9998353032059324,0.0004166666666666667
held_out,two_axis,impulse_noise,2,common,pooled,0.9996878038194444,0.9994260860047587,0.0004166666666666667
held_out,two_axis,impulse_noise,3,common,pooled,0.9996412760416666,0.9991465080738781,0.0004166666666666667
held_out,two_axis,impulse_noise,4,common,pooled,0.9998496527777778,0.999790513679785,0.0004166666666666667
held_out,two_axis,impulse_noise,5,common,pooled,1.0,1.0,0.0
held_out,two_axis,defocus_blur,1,common,pooled,0.83646640625,0.7627647232716167,0.44625
held_out,two_axis,defocus_blur,2,common,pooled,0.8909841579861111,0.8303358703742398,0.31875
held_out,two_axis,defocus_blur,3,common,pooled,0.9313032552083333,0.8858310972179064,0.193125
held_out,two_axis,defocus_blur,4,common,pooled,0.9528588975694444,0.9168774371101023,0.12395833333333334
held_out,two_axis,defocus_blur,5,common,pooled,0.9649811631944445,0.936057330923935,0.08458333333333333
held_out,two_axis,glass_blur,1,common,pooled,0.7492437065972222,0.6669416297116326,0.6270833333333333
held_out,two_axis,glass_blur,2,common,pooled,0.8164383680555556,0.7354001677635627,0.48333333333333334
held_out,two_axis,glass_blur,3,common,pooled,0.8585612413194444,0.7779770431269406,0.36645833333333333
held_out,two_axis,glass_blur,4,common,pooled,0.8768641059027777,0.8051903405428332,0.33625
held_out,two_axis,glass_blur,5,common,pooled,0.931229296875,0.8870218734898991,0.20541666666666666
held_out,two_axis,motion_blur,1,common,pooled,0.8036053385416667,0.7433844000306891,0.5508333333333333
held_out,two_axis,motion_blur,2,common,pooled,0.8856671006944444,0.8356598062740355,0.3514583333333333
held_out,two_axis,motion_blur,3,common,pooled,0.9318802083333333,0.8940994618735244,0.20291666666666666
held_out,two_axis,motion_blur,4,common,pooled,0.9558407552083333,0.9271038781313937,0.12770833333333334
held_out,two_axis,motion_blur,5,common,pooled,0.9649926215277778,0.9403757193568328,0.09708333333333333
held_out,two_axis,zoom_blur,1,common,pooled,0.7405398003472222,0.6607048555942778,0.6195833333333334
held_out,two_axis,zoom_blur,2,common,pooled,0.7514137152777778,0.6672171617791589,0.5685416666666666
held_out,two_axis,zoom_blur,3,common,pooled,0.7687190972222222,0.6891460041741373,0.5860416666666667
held_out,two_axis,zoom_blur,4,common,pooled,0.7723377604166667,0.6903578656915627,0.55125
held_out,two_axis,zoom_blur,5,common,pooled,0.8001169270833334,0.7230453608222371,0.5364583333333334
held_out,two_axis,snow,1,common,pooled,0.9233781684027778,0.9025186609007612,0.314375
held_out,two_axis,snow,2,common,pooled,0.9782735677083333,0.9675879491959378,0.07541666666666667
held_out,two_axis,snow,3,common,pooled,0.9725946180555556,0.9597933342622604,0.10125
held_out,two_axis,snow,4,common,pooled,0.98011953125,0.969610324475856,0.06979166666666667
held_out,two_axis,snow,5,common,pooled,0.9791589409722222,0.966282455665094,0.065625
held_out,two_axis,frost,1,common,pooled,0.6133843315972223,0.5600290151414095,0.7833333333333333
held_out,two_axis,frost,2,common,pooled,0.7275625434027778,0.6392874493835456,0.61
held_out,two_axis,frost,3,common,pooled,0.7804682291666667,0.6877376508371393,0.508125
held_out,two_axis,frost,4,common,pooled,0.7923020833333333,0.6975813345320823,0.4741666666666667
held_out,two_axis,frost,5,common,pooled,0.8163075954861111,0.7222360774061704,0.4216666666666667
held_out,two_axis,fog,1,common,pooled,0.7968622829861111,0.7381273119635235,0.5841666666666666
held_out,two_axis,fog,2,common,pooled,0.8216734375,0.7636320663469489,0.5260416666666666
held_out,two_axis,fog,3,common,pooled,0.8309865017361111,0.7730655220991995,0.49541666666666667
held_out,two_axis,fog,4,common,pooled,0.823624609375,0.7641734174630903,0.5
held_out,two_axis,fog,5,common,pooled,0.8352110243055556,0.7710960271223593,0.4533333333333333
held_out,two_axis,brightness,1,common,pooled,0.5359175347222223,0.5261554508520003,0.9272916666666666
held_out,two_axis,brightness,2,common,pooled,0.5777030815972222,0.5608330575495211,0.8789583333333333
held_out,two_axis,brightness,3,common,pooled,0.6318110243055556,0.6066540259889716,0.825
held_out,two_axis,brightness,4,common,pooled,0.7035145399305556,0.6696587279411119,0.7160416666666667
held_out,two_axis,brightness,5,common,pooled,0.7757473958333333,0.736489955207636,0.611875
held_out,two_axis,contrast,1,common,pooled,0.8176961805555556,0.7606150965149604,0.5372916666666666
held_out,two_axis,contrast,2,common,pooled,0.8716436197916667,0.8200331261802345,0.3925
held_out,two_axis,contrast,3,common,pooled,0.9184261284722223,0.8802767915126741,0.255625
held_out,two_axis,contrast,4,common,pooled,0.9575287326388889,0.9378977656407951,0.12770833333333334
held_out,two_axis,contrast,5,common,pooled,0.9795932291666667,0.970899451220094,0.06333333333333334
held_out,two_axis,elastic_transform,1,common,pooled,0.6042998697916667,0.5627043308661781,0.8604166666666667
held_out,two_axis,elastic_transform,2,common,pooled,0.6317709201388889,0.5854724408272151,0.83625
held_out,two_axis,elastic_transform,3,common,pooled,0.6693742621527777,0.6194264449996392,0.790625
held_out,two_axis,elastic_transform,4,common,pooled,0.6977128038194444,0.6480773986259791,0.7510416666666667
held_out,two_axis,elastic_transform,5,common,pooled,0.7368305121527777,0.6887287992845951,0.7041666666666667
held_out,two_axis,pixelate,1,common,pooled,0.6850346354166666,0.6293540133475963,0.775
held_out,two_axis,pixelate,2,common,pooled,0.7170185763888889,0.6545806535860366,0.715625
held_out,two_axis,pixelate,3,common,pooled,0.8622079861111112,0.8212102926133977,0.46375
held_out,two_axis,pixelate,4,common,pooled,0.9392254774305555,0.922495205421782,0.2425
held_out,two_axis,pixelate,5,common,pooled,0.9712694878472222,0.9653046501074632,0.1175
held_out,two_axis,jpeg_compression,1,common,pooled,0.8343963107638889,0.7571233960245999,0.43895833333333334
held_out,two_axis,jpeg_compression,2,common,pooled,0.9022921006944444,0.8422994591039271,0.28770833333333334
held_out,two_axis,jpeg_compression,3,common,pooled,0.9282746961805556,0.8800890964218915,0.206875
held_out,two_axis,jpeg_compression,4,common,pooled,0.9710713107638889,0.9508507816260539,0.08291666666666667
held_out,two_axis,jpeg_compression,5,common,pooled,0.9883326388888889,0.9808809785562151,0.03958333333333333
held_out,two_axis,speckle_noise,1,extra,pooled,0.9122850260416666,0.8894152832117086,0.3647916666666667
held_out,two_axis,speckle_noise,2,extra,pooled,0.9594425347222222,0.9480340203201276,0.17354166666666668
held_out,two_axis,speckle_noise,3,extra,pooled,0.9939371527777778,0.9911534010870962,0.019583333333333335
held_out,two_axis,speckle_noise,4,extra,pooled,0.9976043402777778,0.996591839380497,0.006666666666666667
held_out,two_axis,speckle_noise,5,extra,pooled,0.9990620225694444,0.9988105944642539,0.002916666666666667
held_out,two_axis,gaussian_blur,1,extra,pooled,0.7132820746527778,0.6398646569154358,0.6839583333333333
held_out,two_axis,gaussian_blur,2,extra,pooled,0.8915988715277777,0.8347451152521688,0.324375
held_out,two_axis,gaussian_blur,3,extra,pooled,0.9441239149305556,0.9055905877089436,0.15916666666666668
held_out,two_axis,gaussian_blur,4,extra,pooled,0.9653318142361111,0.937137859589469,0.08541666666666667
held_out,two_axis,gaussian_blur,5,extra,pooled,0.9811352430555556,0.9639160254044217,0.04479166666666667
held_out,two_axis,spatter,1,extra,pooled,0.5495848958333334,0.5309231425652126,0.9077083333333333
held_out,two_axis,spatter,2,extra,pooled,0.856016796875,0.8029743522131034,0.4554166666666667
held_out,two_axis,spatter,3,extra,pooled,0.9500598958333333,0.9306889529073011,0.18541666666666667
held_out,two_axis,spatter,4,extra,pooled,0.9934590277777777,0.992434268675428,0.029791666666666668
held_out,two_axis,spatter,5,extra,pooled,0.9986230034722222,0.9983601771086434,0.005833333333333334
held_out,two_axis,saturate,1,extra,pooled,0.5032690755208333,0.4884093008018696,0.91875
held_out,two_axis,saturate,2,extra,pooled,0.5618439887152777,0.5266637511527621,0.8647916666666666
held_out,two_axis,saturate,3,extra,pooled,0.5777996744791667,0.5726593064611144,0.905
held_out,two_axis,saturate,4,extra,pooled,0.7954117621527778,0.7719309065221919,0.660625
held_out,two_axis,saturate,5,extra,pooled,0.8893404079861111,0.8812005260572224,0.4839583333333333
held_out,peak_share,gaussian_noise,1,common,pooled,0.966596484375,0.9276595779100283,0.08020833333333334
held_out,peak_share,gaussian_noise,2,common,pooled,0.9866733506944444,0.9662026552096307,0.029375
held_out,peak_share,gaussian_noise,3,common,pooled,0.9948437934027777,0.9848121431123342,0.010416666666666666
held_out,peak_share,gaussian_noise,4,common,pooled,0.9978553385416666,0.9940702365983846,0.003958333333333334
held_out,peak_share,gaussian_noise,5,common,pooled,0.9994950086805555,0.9989389229115747,0.0014583333333333334
held_out,peak_share,shot_noise,1,common,pooled,0.9539559461805556,0.9145777990486118,0.12333333333333334
held_out,peak_share,shot_noise,2,common,pooled,0.9828015190972222,0.9630130550066263,0.043125
held_out,peak_share,shot_noise,3,common,pooled,0.9927115451388889,0.9832374328924088,0.019166666666666665
held_out,peak_share,shot_noise,4,common,pooled,0.9975298611111111,0.9952287209079859,0.0060416666666666665
held_out,peak_share,shot_noise,5,common,pooled,0.9988451388888889,0.9982202641066192,0.0033333333333333335
held_out,peak_share,impulse_noise,1,common,pooled,0.9918881076388889,0.9802395127042457,0.019583333333333335
held_out,peak_share,impulse_noise,2,common,pooled,0.9926953125,0.9803304102928135,0.015
held_out,peak_share,impulse_noise,3,common,pooled,0.99461953125,0.9845076194451212,0.010416666666666666
held_out,peak_share,impulse_noise,4,common,pooled,0.9979093315972222,0.9944682758850425,0.0033333333333333335
held_out,peak_share,impulse_noise,5,common,pooled,0.9994496527777778,0.9987397673678204,0.0014583333333333334
held_out,peak_share,defocus_blur,1,common,pooled,0.9170461805555555,0.8598097239538373,0.21520833333333333
held_out,peak_share,defocus_blur,2,common,pooled,0.9561403211805556,0.9179476865140054,0.10416666666666667
held_out,peak_share,defocus_blur,3,common,pooled,0.9790676215277778,0.9585927334897975,0.049791666666666665
held_out,peak_share,defocus_blur,4,common,pooled,0.9875766927083334,0.9748699595324731,0.02875
held_out,peak_share,defocus_blur,5,common,pooled,0.9920203125,0.9836165663811898,0.019166666666666665
held_out,peak_share,glass_blur,1,common,pooled,0.8143007378472222,0.7337937960353745,0.456875
held_out,peak_share,glass_blur,2,common,pooled,0.8924079427083333,0.8237977106542952,0.26395833333333335
held_out,peak_share,glass_blur,3,common,pooled,0.925176953125,0.8656707173193018,0.175625
held_out,peak_share,glass_blur,4,common,pooled,0.9429248263888889,0.8945770562274983,0.13729166666666667
held_out,peak_share,glass_blur,5,common,pooled,0.9725834201388889,0.9466227874501851,0.06854166666666667
held_out,peak_share,motion_blur,1,common,pooled,0.8739851128472222,0.8061041993696217,0.32104166666666667
held_out,peak_share,motion_blur,2,common,pooled,0.9397644965277778,0.8928969721579312,0.151875
held_out,peak_share,motion_blur,3,common,pooled,0.9687729600694445,0.9400566352161672,0.075625
held_out,peak_share,motion_blur,4,common,pooled,0.9817595920138888,0.963559415579447,0.041875
held_out,peak_share,motion_blur,5,common,pooled,0.9865351128472222,0.9730190119390758,0.031041666666666665
held_out,peak_share,zoom_blur,1,common,pooled,0.8538552517361111,0.7968170410977438,0.3960416666666667
held_out,peak_share,zoom_blur,2,common,pooled,0.8940909722222222,0.8440643704941636,0.29
held_out,peak_share,zoom_blur,3,common,pooled,0.87579140625,0.8234538241737417,0.334375
held_out,peak_share,zoom_blur,4,common,pooled,0.89883828125,0.8512259038634259,0.27729166666666666
held_out,peak_share,zoom_blur,5,common,pooled,0.8941601128472222,0.8416406773600396,0.28270833333333334
held_out,peak_share,snow,1,common,pooled,0.9056817274305555,0.8492392038979666,0.269375
held_out,peak_share,snow,2,common,pooled,0.9650167534722223,0.9372915101098005,0.09729166666666667
held_out,peak_share,snow,3,common,pooled,0.9512375868055556,0.9095002195447885,0.129375
held_out,peak_share,snow,4,common,pooled,0.9599492621527778,0.9217340977308714,0.09979166666666667
held_out,peak_share,snow,5,common,pooled,0.9704802517361111,0.9468050275581226,0.08125
held_out,peak_share,frost,1,common,pooled,0.6716860677083333,0.6004157062079103,0.699375
held_out,peak_share,frost,2,common,pooled,0.7999970052083333,0.7080989162808606,0.46208333333333335
held_out,peak_share,frost,3,common,pooled,0.8572349392361112,0.7685874465210598,0.3277083333333333
held_out,peak_share,frost,4,common,pooled,0.8655456163194445,0.7780221659324371,0.3122916666666667
held_out,peak_share,frost,5,common,pooled,0.8888704861111111,0.8066874818358868,0.25729166666666664
held_out,peak_share,fog,1,common,pooled,0.8451372395833333,0.777101387679864,0.3745833333333333
held_out,peak_share,fog,2,common,pooled,0.8905029947916666,0.8303637992717775,0.2608333333333333
held_out,peak_share,fog,3,common,pooled,0.9140348958333333,0.8611155668114582,0.20958333333333334
held_out,peak_share,fog,4,common,pooled,0.9075605034722222,0.8512234061982609,0.226875
held_out,peak_share,fog,5,common,pooled,0.9240184027777778,0.8750343038898896,0.19375
held_out,peak_share,brightness,1,common,pooled,0.5384815538194444,0.5241262387089698,0.9172916666666666
held_out,peak_share,brightness,2,common,pooled,0.6104565538194444,0.5724752251228946,0.83
held_out,peak_share,brightness,3,common,pooled,0.686655078125,0.6305431385071847,0.703125
held_out,peak_share,brightness,4,common,pooled,0.7644236111111111,0.6974017376659536,0.5520833333333334
held_out,peak_share,brightness,5,common,pooled,0.8273767795138889,0.7605221626129177,0.4197916666666667
held_out,peak_share,contrast,1,common,pooled,0.8819084635416666,0.8250114643381454,0.29083333333333333
held_out,peak_share,contrast,2,common,pooled,0.9380150173611111,0.8986009440216107,0.15958333333333333
held_out,peak_share,contrast,3,common,pooled,0.9725079427083333,0.9527505588113602,0.07020833333333333
held_out,peak_share,contrast,4,common,pooled,0.9928163628472222,0.9881396358724079,0.020416666666666666
held_out,peak_share,contrast,5,common,pooled,0.9984773003472223,0.997849595059067,0.005
held_out,peak_share,elastic_transform,1,common,pooled,0.5503171440972222,0.5216579765241744,0.8789583333333333
held_out,peak_share,elastic_transform,2,common,pooled,0.5763030381944444,0.5349366138311198,0.8435416666666666
held_out,peak_share,elastic_transform,3,common,pooled,0.6153842881944445,0.5570892650172086,0.7866666666666666
held_out,peak_share,elastic_transform,4,common,pooled,0.6471374565972222,0.5772328136520537,0.7391666666666666
held_out,peak_share,elastic_transform,5,common,pooled,0.689544140625,0.6066017297895548,0.6760416666666667
held_out,peak_share,pixelate,1,common,pooled,0.6556372829861111,0.5915592381104883,0.7377083333333333
held_out,peak_share,pixelate,2,common,pooled,0.7287310763888889,0.6466249827623759,0.5997916666666666
held_out,peak_share,pixelate,3,common,pooled,0.8612293836805556,0.7834720620805936,0.33875
held_out,peak_share,pixelate,4,common,pooled,0.9332910590277778,0.8834693389721768,0.181875
held_out,peak_share,pixelate,5,common,pooled,0.9650714409722222,0.9373600367858586,0.09729166666666667
held_out,peak_share,jpeg_compression,1,common,pooled,0.8090835069444444,0.7242808127712684,0.44979166666666665
held_out,peak_share,jpeg_compression,2,common,pooled,0.8781696180555556,0.8025506220089039,0.29
held_out,peak_share,jpeg_compression,3,common,pooled,0.9057666666666667,0.837882441237292,0.23208333333333334
held_out,peak_share,jpeg_compression,4,common,pooled,0.9457163628472223,0.8946085275685401,0.13020833333333334
held_out,peak_share,jpeg_compression,5,common,pooled,0.9642381076388888,0.9251222396910586,0.08291666666666667
held_out,peak_share,speckle_noise,1,extra,pooled,0.8922061197916666,0.8431866354742054,0.331875
held_out,peak_share,speckle_noise,2,extra,pooled,0.9341193142361112,0.8971639420550134,0.21270833333333333
held_out,peak_share,speckle_noise,3,extra,pooled,0.9781229166666666,0.9623733473656825,0.06854166666666667
held_out,peak_share,speckle_noise,4,extra,pooled,0.9871328559027778,0.9782450291635588,0.03895833333333333
held_out,peak_share,speckle_noise,5,extra,pooled,0.9928428385416667,0.9886573484759952,0.02375
held_out,peak_share,gaussian_blur,1,extra,pooled,0.800484765625,0.7250651323454718,0.5010416666666667
held_out,peak_share,gaussian_blur,2,extra,pooled,0.9529581163194445,0.912519370821598,0.11625
held_out,peak_share,gaussian_blur,3,extra,pooled,0.9817427083333333,0.9627884000932414,0.041875
held_out,peak_share,gaussian_blur,4,extra,pooled,0.9905478298611111,0.9799861319443358,0.02125
held_out,peak_share,gaussian_blur,5,extra,pooled,0.9960234375,0.991706748304359,0.008541666666666666
held_out,peak_share,spatter,1,extra,pooled,0.49217018229166665,0.4875559163930202,0.94375
held_out,peak_share,spatter,2,extra,pooled,0.7246036024305555,0.6321439617713943,0.6258333333333334
held_out,peak_share,spatter,3,extra,pooled,0.887909375,0.8112960690569162,0.2997916666666667
held_out,peak_share,spatter,4,extra,pooled,0.9356920572916667,0.8850831199063459,0.17791666666666667
held_out,peak_share,spatter,5,extra,pooled,0.9694329427083334,0.9386737547054534,0.08020833333333334
held_out,peak_share,saturate,1,extra,pooled,0.5743080078125,0.5387490386893672,0.86
held_out,peak_share,saturate,2,extra,pooled,0.6914397786458333,0.6178712048854996,0.6783333333333333
held_out,peak_share,saturate,3,extra,pooled,0.5962423394097223,0.567730909855361,0.8695833333333334
held_out,peak_share,saturate,4,extra,pooled,0.8024476128472222,0.7542621633581206,0.5220833333333333
held_out,peak_share,saturate,5,extra,pooled,0.9080140625,0.8907615485515563,0.31083333333333335
held_out,level,gaussian_noise,1,common,pooled,0.9865148871527778,0.9658237953694431,0.03208333333333333
held_out,level,gaussian_noise,2,common,pooled,0.9966974826388889,0.9913333879250226,0.006458333333333333
held_out,level,gaussian_noise,3,common,pooled,0.9994004774305556,0.9971079108683835,0.0014583333333333334
held_out,level,gaussian_noise,4,common,pooled,0.9996634982638889,0.9992109055833578,0.0004166666666666667
held_out,level,gaussian_noise,5,common,pooled,0.9999980902777778,0.9999980832491716,0.0
held_out,level,shot_noise,1,common,pooled,0.9788074652777777,0.9596360638155932,0.06333333333333334
held_out,level,shot_noise,2,common,pooled,0.9954830729166667,0.9907475278193987,0.012083333333333333
held_out,level,shot_noise,3,common,pooled,0.9989754774305556,0.9969831232242937,0.0035416666666666665
held_out,level,shot_noise,4,common,pooled,0.9997374565972222,0.9996283172221345,0.0004166666666666667
held_out,level,shot_noise,5,common,pooled,0.9999513454861111,0.9999499212730284,0.0004166666666666667
held_out,level,impulse_noise,1,common,pooled,0.9998619791666666,0.9998353032059324,0.0004166666666666667
held_out,level,impulse_noise,2,common,pooled,0.9996878038194444,0.9994260860047587,0.0004166666666666667
held_out,level,impulse_noise,3,common,pooled,0.9996412760416666,0.9991465080738781,0.0004166666666666667
held_out,level,impulse_noise,4,common,pooled,0.9998496527777778,0.999790513679785,0.0004166666666666667
held_out,level,impulse_noise,5,common,pooled,1.0,1.0,0.0
held_out,level,defocus_blur,1,common,pooled,0.8797723958333333,0.7996106384335329,0.28875
held_out,level,defocus_blur,2,common,pooled,0.9211012586805556,0.8582474829333826,0.19375
held_out,level,defocus_blur,3,common,pooled,0.9471346354166666,0.9014752926281486,0.12583333333333332
held_out,level,defocus_blur,4,common,pooled,0.9610677951388888,0.925499960721695,0.08729166666666667
held_out,level,defocus_blur,5,common,pooled,0.9694361979166667,0.9409115803091691,0.0675
held_out,level,glass_blur,1,common,pooled,0.7827537760416666,0.6850454915200583,0.5058333333333334
held_out,level,glass_blur,2,common,pooled,0.858337890625,0.7693831696976677,0.34229166666666666
held_out,level,glass_blur,3,common,pooled,0.8966567708333333,0.8133045853860252,0.22958333333333333
held_out,level,glass_blur,4,common,pooled,0.9104341579861112,0.8371811588214471,0.20729166666666668
held_out,level,glass_blur,5,common,pooled,0.9477715277777777,0.9028241003190755,0.12770833333333334
held_out,level,motion_blur,1,common,pooled,0.8602191840277778,0.7858301294557426,0.348125
held_out,level,motion_blur,2,common,pooled,0.9187983506944445,0.8639224362305701,0.20729166666666668
held_out,level,motion_blur,3,common,pooled,0.9480717447916667,0.9092484160758345,0.13
held_out,level,motion_blur,4,common,pooled,0.9637111979166667,0.9348835004690046,0.09145833333333334
held_out,level,motion_blur,5,common,pooled,0.9700394097222222,0.9454975388071658,0.07354166666666667
held_out,level,zoom_blur,1,common,pooled,0.6988299479166666,0.6171279261651883,0.6645833333333333
held_out,level,zoom_blur,2,common,pooled,0.7431053385416667,0.6561231030703383,0.590625
held_out,level,zoom_blur,3,common,pooled,0.6767344618055555,0.6021990287214232,0.7058333333333333
held_out,level,zoom_blur,4,common,pooled,0.7081611545138888,0.6286150812849296,0.6647916666666667
held_out,level,zoom_blur,5,common,pooled,0.6822430121527778,0.604424125389625,0.6910416666666667
held_out,level,snow,1,common,pooled,0.9458846354166667,0.9197698998442576,0.18541666666666667
held_out,level,snow,2,common,pooled,0.9814002170138889,0.9703144281696102,0.061875
held_out,level,snow,3,common,pooled,0.9773587239583333,0.9639033994011074,0.07583333333333334
held_out,level,snow,4,common,pooled,0.9826546875,0.9718675665243781,0.057916666666666665
held_out,level,snow,5,common,pooled,0.9814017361111111,0.9684177929321958,0.055625
held_out,level,frost,1,common,pooled,0.6792015625,0.5996426011041662,0.6625
held_out,level,frost,2,common,pooled,0.7688031684027777,0.6687596813923098,0.49604166666666666
held_out,level,frost,3,common,pooled,0.8138896701388889,0.7151783322161417,0.40166666666666667
held_out,level,frost,4,common,pooled,0.8136240885416667,0.7138157729577703,0.39979166666666666
held_out,level,frost,5,common,pooled,0.8348141927083333,0.7388482382166068,0.35875
held_out,level,fog,1,common,pooled,0.6892684027777778,0.5963846107044609,0.641875
held_out,level,fog,2,common,pooled,0.7308019097222223,0.6319045069455708,0.5679166666666666
held_out,level,fog,3,common,pooled,0.7517729166666667,0.6501902273579552,0.5235416666666667
held_out,level,fog,4,common,pooled,0.7349460069444445,0.6312367278395308,0.5429166666666667
held_out,level,fog,5,common,pooled,0.7484638888888889,0.6441876191499066,0.5175
held_out,level,brightness,1,common,pooled,0.5581092881944445,0.5391806971338631,0.9127083333333333
held_out,level,brightness,2,common,pooled,0.65232109375,0.6063400449798553,0.7958333333333333
held_out,level,brightness,3,common,pooled,0.7384971788194444,0.6765606828508265,0.6404166666666666
held_out,level,brightness,4,common,pooled,0.8127544270833333,0.7465346020641774,0.46729166666666666
held_out,level,brightness,5,common,pooled,0.863815234375,0.8027597465709029,0.3466666666666667
held_out,level,contrast,1,common,pooled,0.7473328559027778,0.6560516239355048,0.555
held_out,level,contrast,2,common,pooled,0.8189249565972222,0.7353746745777022,0.42104166666666665
held_out,level,contrast,3,common,pooled,0.8872821614583334,0.8314601603919245,0.285
held_out,level,contrast,4,common,pooled,0.9505213107638889,0.9279754056162633,0.13854166666666667
held_out,level,contrast,5,common,pooled,0.9797782986111111,0.9710396296859674,0.06
held_out,level,elastic_transform,1,common,pooled,0.55856953125,0.5220714209728056,0.8745833333333334
held_out,level,elastic_transform,2,common,pooled,0.5995537326388889,0.5514286258742955,0.84
held_out,level,elastic_transform,3,common,pooled,0.6572888020833333,0.5982353875193531,0.7766666666666666
held_out,level,elastic_transform,4,common,pooled,0.7013586371527778,0.638911166398552,0.7170833333333333
held_out,level,elastic_transform,5,common,pooled,0.7561221788194444,0.6938796286436467,0.63625
held_out,level,pixelate,1,common,pooled,0.6562882378472222,0.5867688182111123,0.740625
held_out,level,pixelate,2,common,pooled,0.7279483506944444,0.6435819538586174,0.6202083333333334
held_out,level,pixelate,3,common,pooled,0.8733098958333333,0.8223326199696984,0.369375
held_out,level,pixelate,4,common,pooled,0.9423359375,0.9229960321019572,0.2075
held_out,level,pixelate,5,common,pooled,0.9729279513888889,0.9661569235665848,0.11229166666666666
held_out,level,jpeg_compression,1,common,pooled,0.78920390625,0.695695939265293,0.44666666666666666
held_out,level,jpeg_compression,2,common,pooled,0.8883286892361111,0.8153445088828426,0.26208333333333333
held_out,level,jpeg_compression,3,common,pooled,0.9267099826388889,0.8722397933841058,0.18541666666666667
held_out,level,jpeg_compression,4,common,pooled,0.974276171875,0.9537116637686512,0.070625
held_out,level,jpeg_compression,5,common,pooled,0.9891322482638889,0.9816093646822972,0.036041666666666666
held_out,level,speckle_noise,1,extra,pooled,0.9340168836805556,0.9058172482421657,0.23458333333333334
held_out,level,speckle_noise,2,extra,pooled,0.9684096788194444,0.9544326647105877,0.11895833333333333
held_out,level,speckle_noise,3,extra,pooled,0.9946171440972222,0.9916767114146489,0.019166666666666665
held_out,level,speckle_noise,4,extra,pooled,0.9977919704861111,0.9967414238932535,0.006666666666666667
held_out,level,speckle_noise,5,extra,pooled,0.9991165364583333,0.9988565255795593,0.002916666666666667
held_out,level,gaussian_blur,1,extra,pooled,0.7693561197916666,0.6772102332201201,0.5485416666666667
held_out,level,gaussian_blur,2,extra,pooled,0.923208984375,0.8633295880012597,0.19458333333333333
held_out,level,gaussian_blur,3,extra,pooled,0.955990625,0.9172920070197067,0.10479166666666667
held_out,level,gaussian_blur,4,extra,pooled,0.969784765625,0.9419251148005404,0.068125
held_out,level,gaussian_blur,5,extra,pooled,0.9822312065972222,0.9651408528735023,0.04
held_out,level,spatter,1,extra,pooled,0.515912890625,0.5098726041240692,0.9360416666666667
held_out,level,spatter,2,extra,pooled,0.8346707465277777,0.7777088119481204,0.46145833333333336
held_out,level,spatter,3,extra,pooled,0.9533036024305556,0.9326411294969545,0.174375
held_out,level,spatter,4,extra,pooled,0.9937219618055556,0.9926259588529271,0.028541666666666667
held_out,level,spatter,5,extra,pooled,0.9986315104166666,0.9983674217219147,0.005833333333333334
held_out,level,saturate,1,extra,pooled,0.5409238932291667,0.5048393331854668,0.8602083333333334
held_out,level,saturate,2,extra,pooled,0.6239930772569444,0.5567351972810859,0.7445833333333334
held_out,level,saturate,3,extra,pooled,0.6568997178819445,0.6231794277292487,0.8314583333333333
held_out,level,saturate,4,extra,pooled,0.8648534288194445,0.8202119154433984,0.4085416666666667
held_out,level,saturate,5,extra,pooled,0.9283102430555555,0.9079453690716883,0.261875
held_out,global_level,gaussian_noise,1,common,pooled,0.9203035590277778,0.8476503956122778,0.16520833333333335
held_out,global_level,gaussian_noise,2,common,pooled,0.9782063368055556,0.9486801336450894,0.045
held_out,global_level,gaussian_noise,3,common,pooled,0.995687890625,0.9880839508039782,0.008541666666666666
held_out,global_level,gaussian_noise,4,common,pooled,0.9992756944444444,0.9983294233152967,0.0014583333333333334
held_out,global_level,gaussian_noise,5,common,pooled,0.9999690538194445,0.9999665255258082,0.00020833333333333335
held_out,global_level,shot_noise,1,common,pooled,0.90261796875,0.838236902151499,0.246875
held_out,global_level,shot_noise,2,common,pooled,0.9748891493055556,0.9514071875520321,0.07041666666666667
held_out,global_level,shot_noise,3,common,pooled,0.9942749131944445,0.9884529412098529,0.017291666666666667
held_out,global_level,shot_noise,4,common,pooled,0.9994066840277778,0.9991214450000909,0.0020833333333333333
held_out,global_level,shot_noise,5,common,pooled,0.9999043836805556,0.9998985547929161,0.00020833333333333335
held_out,global_level,impulse_noise,1,common,pooled,0.9996490885416667,0.9995161965149987,0.0014583333333333334
held_out,global_level,impulse_noise,2,common,pooled,0.9990920572916666,0.9983889379344477,0.0022916666666666667
held_out,global_level,impulse_noise,3,common,pooled,0.9989860677083333,0.9978672386936227,0.001875
held_out,global_level,impulse_noise,4,common,pooled,0.9998005642361111,0.9994580997575948,0.00020833333333333335
held_out,global_level,impulse_noise,5,common,pooled,0.9999953993055556,0.9999953492154686,0.0
held_out,global_level,defocus_blur,1,common,pooled,0.8069126302083334,0.7260764185923709,0.43645833333333334
held_out,global_level,defocus_blur,2,common,pooled,0.8849717013888889,0.8173552408694413,0.270625
held_out,global_level,defocus_blur,3,common,pooled,0.9440992621527777,0.9025569930663898,0.13583333333333333
held_out,global_level,defocus_blur,4,common,pooled,0.9678633246527778,0.940750605521925,0.07770833333333334
held_out,global_level,defocus_blur,5,common,pooled,0.9795786024305555,0.9610669504578349,0.04958333333333333
held_out,global_level,glass_blur,1,common,pooled,0.6774122829861111,0.5986151628894696,0.65
held_out,global_level,glass_blur,2,common,pooled,0.7807868923611111,0.6883769428218304,0.45666666666666667
held_out,global_level,glass_blur,3,common,pooled,0.8266852430555556,0.7298891208358205,0.335
held_out,global_level,glass_blur,4,common,pooled,0.859772265625,0.7730066876815507,0.2916666666666667
held_out,global_level,glass_blur,5,common,pooled,0.9282619791666666,0.8713854312055326,0.155625
held_out,global_level,motion_blur,1,common,pooled,0.7538856770833333,0.6657161818373931,0.5283333333333333
held_out,global_level,motion_blur,2,common,pooled,0.8550305121527778,0.771016739895004,0.3204166666666667
held_out,global_level,motion_blur,3,common,pooled,0.9187114583333333,0.8554245366319526,0.179375
held_out,global_level,motion_blur,4,common,pooled,0.9517039496527778,0.9062882839536529,0.109375
held_out,global_level,motion_blur,5,common,pooled,0.9638560329861111,0.9275049829666584,0.08083333333333333
held_out,global_level,zoom_blur,1,common,pooled,0.75467890625,0.6964401562627773,0.6214583333333333
held_out,global_level,zoom_blur,2,common,pooled,0.8122383680555556,0.7520754698494285,0.495625
held_out,global_level,zoom_blur,3,common,pooled,0.7753572916666667,0.7202983523988802,0.599375
held_out,global_level,zoom_blur,4,common,pooled,0.8103427951388888,0.7538780621292694,0.520625
held_out,global_level,zoom_blur,5,common,pooled,0.7811707465277777,0.7247687787050824,0.5827083333333334
held_out,global_level,snow,1,common,pooled,0.8587616319444444,0.7842390558129056,0.37125
held_out,global_level,snow,2,common,pooled,0.9361463541666667,0.8948796102530314,0.18625
held_out,global_level,snow,3,common,pooled,0.9188342881944445,0.8660861893719433,0.22354166666666667
held_out,global_level,snow,4,common,pooled,0.9343545572916667,0.889567833037296,0.17958333333333334
held_out,global_level,snow,5,common,pooled,0.9328403211805556,0.8865230198752697,0.170625
held_out,global_level,frost,1,common,pooled,0.5383079427083334,0.5033290688813122,0.86
held_out,global_level,frost,2,common,pooled,0.6315421875,0.5451598921607069,0.68625
held_out,global_level,frost,3,common,pooled,0.6895629340277778,0.581305681943267,0.579375
held_out,global_level,frost,4,common,pooled,0.6899522135416667,0.5791321755218671,0.5795833333333333
held_out,global_level,frost,5,common,pooled,0.7205752604166666,0.6024000595206763,0.5325
held_out,global_level,fog,1,common,pooled,0.6724573350694445,0.6195382894160217,0.7247916666666666
held_out,global_level,fog,2,common,pooled,0.7287497829861111,0.6731095794415706,0.6352083333333334
held_out,global_level,fog,3,common,pooled,0.7673690104166667,0.7118878321782676,0.5722916666666666
held_out,global_level,fog,4,common,pooled,0.7494447048611111,0.6858609820860456,0.5983333333333334
held_out,global_level,fog,5,common,pooled,0.7523842881944445,0.6751382318654082,0.57625
held_out,global_level,brightness,1,common,pooled,0.5188466579861111,0.5128162877524398,0.9320833333333334
held_out,global_level,brightness,2,common,pooled,0.5659969184027778,0.54368995506104,0.8858333333333334
held_out,global_level,brightness,3,common,pooled,0.6204203559027778,0.5805938906684698,0.8064583333333334
held_out,global_level,brightness,4,common,pooled,0.6812883680555556,0.6254391730517992,0.7002083333333333
held_out,global_level,brightness,5,common,pooled,0.7370207465277778,0.6716487186188798,0.5889583333333334
held_out,global_level,contrast,1,common,pooled,0.7213935763888889,0.6692157926260042,0.6575
held_out,global_level,contrast,2,common,pooled,0.8103784722222223,0.7636016020866205,0.5
held_out,global_level,contrast,3,common,pooled,0.9026171006944445,0.8732263404019471,0.3070833333333333
held_out,global_level,contrast,4,common,pooled,0.9748565972222222,0.9659722240543445,0.09208333333333334
held_out,global_level,contrast,5,common,pooled,0.9940490017361111,0.9917030151503574,0.023333333333333334
held_out,global_level,elastic_transform,1,common,pooled,0.5167822916666667,0.49480372600710626,0.9129166666666667
held_out,global_level,elastic_transform,2,common,pooled,0.5386768229166666,0.5062868594837993,0.8902083333333334
held_out,global_level,elastic_transform,3,common,pooled,0.5748859809027778,0.5277368401251987,0.8427083333333333
held_out,global_level,elastic_transform,4,common,pooled,0.6055363715277777,0.54817407814355,0.8016666666666666
held_out,global_level,elastic_transform,5,common,pooled,0.6474373697916667,0.57926707625286,0.7389583333333334
held_out,global_level,pixelate,1,common,pooled,0.5598381076388889,0.5200774536162462,0.84875
held_out,global_level,pixelate,2,common,pooled,0.6081211371527778,0.5453571328829758,0.7604166666666666
held_out,global_level,pixelate,3,common,pooled,0.7723431857638889,0.6828364193403141,0.48541666666666666
held_out,global_level,pixelate,4,common,pooled,0.8895786892361112,0.8299976783971086,0.27458333333333335
held_out,global_level,pixelate,5,common,pooled,0.9475651909722222,0.9218260036506939,0.15104166666666666
held_out,global_level,jpeg_compression,1,common,pooled,0.6605094618055556,0.5829696503217769,0.6802083333333333
held_out,global_level,jpeg_compression,2,common,pooled,0.78186640625,0.6872670156833971,0.470625
held_out,global_level,jpeg_compression,3,common,pooled,0.8433236545138889,0.7545204386456683,0.35083333333333333
held_out,global_level,jpeg_compression,4,common,pooled,0.9370493923611111,0.8875995887898801,0.16229166666666667
held_out,global_level,jpeg_compression,5,common,pooled,0.9727473524305555,0.95142568868628,0.08104166666666666
held_out,global_level,speckle_noise,1,extra,pooled,0.8128095920138889,0.7476976339696582,0.5060416666666666
held_out,global_level,speckle_noise,2,extra,pooled,0.8910896267361111,0.8440263161064003,0.3333333333333333
held_out,global_level,speckle_noise,3,extra,pooled,0.97711015625,0.9670678581153289,0.091875
held_out,global_level,speckle_noise,4,extra,pooled,0.9904480034722222,0.9872119472705058,0.03979166666666667
held_out,global_level,speckle_noise,5,extra,pooled,0.9965743923611111,0.9959308738128291,0.014791666666666667
held_out,global_level,gaussian_blur,1,extra,pooled,0.6653217881944444,0.5945586850732985,0.6975
held_out,global_level,gaussian_blur,2,extra,pooled,0.8768755208333333,0.8061314138825828,0.285
held_out,global_level,gaussian_blur,3,extra,pooled,0.9471036024305556,0.9057277087623168,0.12729166666666666
held_out,global_level,gaussian_blur,4,extra,pooled,0.9722678819444445,0.9474663426324788,0.06645833333333333
held_out,global_level,gaussian_blur,5,extra,pooled,0.9886701388888889,0.9774199216626986,0.026458333333333334
held_out,global_level,spatter,1,extra,pooled,0.48195633680555555,0.48322869042497435,0.9529166666666666
held_out,global_level,spatter,2,extra,pooled,0.7287273871527777,0.6510662807848434,0.609375
held_out,global_level,spatter,3,extra,pooled,0.910948046875,0.858215282098247,0.25333333333333335
held_out,global_level,spatter,4,extra,pooled,0.9819020399305556,0.9786693666000025,0.076875
held_out,global_level,spatter,5,extra,pooled,0.9953778211805555,0.9946731917604156,0.02020833333333333
held_out,global_level,saturate,1,extra,pooled,0.5017961588541666,0.4862226364800258,0.9141666666666667
held_out,global_level,saturate,2,extra,pooled,0.5479679470486111,0.5098484149866589,0.8533333333333334
held_out,global_level,saturate,3,extra,pooled,0.5882319661458333,0.5637746947180002,0.8841666666666667
held_out,global_level,saturate,4,extra,pooled,0.7360640625,0.6761674888434375,0.6239583333333333
held_out,global_level,saturate,5,extra,pooled,0.8328240451388889,0.782220892855465,0.44875
held_out,means_knn,gaussian_noise,1,common,pooled,0.9819681857638889,0.9582114679516482,0.036875
held_out,means_knn,gaussian_noise,2,common,pooled,0.9968068576388889,0.9910882793015927,0.005625
held_out,means_knn,gaussian_noise,3,common,pooled,0.9995213975694445,0.9979938052727548,0.0010416666666666667
held_out,means_knn,gaussian_noise,4,common,pooled,0.9998114149305556,0.9995174416925235,0.00020833333333333335
held_out,means_knn,gaussian_noise,5,common,pooled,0.9999999131944445,0.9999999132034848,0.0
held_out,means_knn,shot_noise,1,common,pooled,0.9733635850694444,0.9551795752360595,0.08020833333333334
held_out,means_knn,shot_noise,2,common,pooled,0.9954975694444445,0.9916886771460788,0.015
held_out,means_knn,shot_noise,3,common,pooled,0.9990690538194444,0.997946121723374,0.0027083333333333334
held_out,means_knn,shot_noise,4,common,pooled,0.999823046875,0.9997814229551487,0.00020833333333333335
held_out,means_knn,shot_noise,5,common,pooled,0.9999610243055556,0.9999620699322315,0.0
held_out,means_knn,impulse_noise,1,common,pooled,0.999872265625,0.9998394412075515,0.0004166666666666667
held_out,means_knn,impulse_noise,2,common,pooled,0.9997766493055555,0.9995804700766519,0.0004166666666666667
held_out,means_knn,impulse_noise,3,common,pooled,0.9997733506944444,0.9994892389672507,0.0004166666666666667
held_out,means_knn,impulse_noise,4,common,pooled,0.9998971788194444,0.9998583314940035,0.00020833333333333335
held_out,means_knn,impulse_noise,5,common,pooled,1.0,1.0,0.0
held_out,means_knn,defocus_blur,1,common,pooled,0.6550383680555556,0.5807555539238762,0.7297916666666666
held_out,means_knn,defocus_blur,2,common,pooled,0.7438896701388888,0.6521898260151093,0.566875
held_out,means_knn,defocus_blur,3,common,pooled,0.8109027777777778,0.7185101071924289,0.43375
held_out,means_knn,defocus_blur,4,common,pooled,0.8459672309027778,0.7599635978937878,0.3616666666666667
held_out,means_knn,defocus_blur,5,common,pooled,0.8696779079861111,0.7893063548423636,0.308125
held_out,means_knn,glass_blur,1,common,pooled,0.6073898003472222,0.5404587712990763,0.7697916666666667
held_out,means_knn,glass_blur,2,common,pooled,0.6873569878472222,0.5941060488619754,0.6320833333333333
held_out,means_knn,glass_blur,3,common,pooled,0.7921571180555556,0.6788965169505841,0.4175
held_out,means_knn,glass_blur,4,common,pooled,0.7878720920138889,0.6724421748447555,0.41541666666666666
held_out,means_knn,glass_blur,5,common,pooled,0.8089045138888888,0.6967263792421611,0.37375
held_out,means_knn,motion_blur,1,common,pooled,0.7650220052083333,0.7156001864222097,0.628125
held_out,means_knn,motion_blur,2,common,pooled,0.8472473524305556,0.7992968861049934,0.46145833333333336
held_out,means_knn,motion_blur,3,common,pooled,0.9019568142361111,0.8611864743594646,0.3127083333333333
held_out,means_knn,motion_blur,4,common,pooled,0.9325744357638889,0.9001123752589347,0.21625
held_out,means_knn,motion_blur,5,common,pooled,0.9449587673611111,0.9160015132742538,0.17458333333333334
held_out,means_knn,zoom_blur,1,common,pooled,0.6242317274305555,0.555473669634129,0.7458333333333333
held_out,means_knn,zoom_blur,2,common,pooled,0.6701022135416667,0.5896674628263854,0.680625
held_out,means_knn,zoom_blur,3,common,pooled,0.64023671875,0.5647392158194682,0.7172916666666667
held_out,means_knn,zoom_blur,4,common,pooled,0.6652581597222222,0.5831089910771807,0.6770833333333334
held_out,means_knn,zoom_blur,5,common,pooled,0.6446194444444444,0.5655061081581946,0.70625
held_out,means_knn,snow,1,common,pooled,0.9578900607638889,0.9402213358264606,0.15229166666666666
held_out,means_knn,snow,2,common,pooled,0.9860108072916667,0.9795096666908741,0.04583333333333333
held_out,means_knn,snow,3,common,pooled,0.9815820746527778,0.9730233773524787,0.05875
held_out,means_knn,snow,4,common,pooled,0.984828125,0.9782418046546241,0.04958333333333333
held_out,means_knn,snow,5,common,pooled,0.9834485677083333,0.9766471863415869,0.05875
held_out,means_knn,frost,1,common,pooled,0.7759130208333334,0.7138850043000822,0.58375
held_out,means_knn,frost,2,common,pooled,0.8693215277777778,0.811623056191449,0.36083333333333334
held_out,means_knn,frost,3,common,pooled,0.9073784722222222,0.8571675632378318,0.25604166666666667
held_out,means_knn,frost,4,common,pooled,0.9055805121527778,0.8532765843338922,0.25645833333333334
held_out,means_knn,frost,5,common,pooled,0.9221690972222222,0.8749497682752638,0.21375
held_out,means_knn,fog,1,common,pooled,0.5605702256944445,0.5072928523455253,0.805
held_out,means_knn,fog,2,common,pooled,0.5922354600694445,0.5244223468320779,0.763125
held_out,means_knn,fog,3,common,pooled,0.5995624131944445,0.5266278095655315,0.745
held_out,means_knn,fog,4,common,pooled,0.5575199652777778,0.49853014217549757,0.7816666666666666
held_out,means_knn,fog,5,common,pooled,0.541644140625,0.48295661225669345,0.75875
held_out,means_knn,brightness,1,common,pooled,0.5755745659722222,0.556052823756291,0.9020833333333333
held_out,means_knn,brightness,2,common,pooled,0.69373984375,0.6526904471892836,0.76125
held_out,means_knn,brightness,3,common,pooled,0.8007114583333333,0.7535336698385848,0.5604166666666667
held_out,means_knn,brightness,4,common,pooled,0.883047265625,0.8430855630236511,0.35875
held_out,means_knn,brightness,5,common,pooled,0.931048046875,0.9020654892451772,0.22270833333333334
held_out,means_knn,contrast,1,common,pooled,0.6828032552083333,0.6103889295576401,0.689375
held_out,means_knn,contrast,2,common,pooled,0.7532352864583334,0.6699819516875611,0.5725
held_out,means_knn,contrast,3,common,pooled,0.822176171875,0.736935505175651,0.4272916666666667
held_out,means_knn,contrast,4,common,pooled,0.8911513454861111,0.8167354927733411,0.2633333333333333
held_out,means_knn,contrast,5,common,pooled,0.9317967881944444,0.8754352096087887,0.16916666666666666
held_out,means_knn,elastic_transform,1,common,pooled,0.554000390625,0.5209230667262179,0.8597916666666666
held_out,means_knn,elastic_transform,2,common,pooled,0.6082133680555556,0.558742247133589,0.8010416666666667
held_out,means_knn,elastic_transform,3,common,pooled,0.6840780381944445,0.6204288004488682,0.7152083333333333
held_out,means_knn,elastic_transform,4,common,pooled,0.7389127170138889,0.6720912221943409,0.6335416666666667
held_out,means_knn,elastic_transform,5,common,pooled,0.8033787760416666,0.7396488970141091,0.5235416666666667
held_out,means_knn,pixelate,1,common,pooled,0.619249609375,0.579271903031239,0.845625
held_out,means_knn,pixelate,2,common,pooled,0.6904234809027778,0.6391647414143903,0.764375
held_out,means_knn,pixelate,3,common,pooled,0.8560081163194444,0.8313309687676189,0.4920833333333333
held_out,means_knn,pixelate,4,common,pooled,0.9374720486111111,0.927999499822801,0.2602083333333333
held_out,means_knn,pixelate,5,common,pooled,0.9713096788194444,0.9674945613469965,0.130625
held_out,means_knn,jpeg_compression,1,common,pooled,0.7866674045138888,0.7111366499138814,0.5214583333333334
held_out,means_knn,jpeg_compression,2,common,pooled,0.8885597222222222,0.8277626794015391,0.30020833333333335
held_out,means_knn,jpeg_compression,3,common,pooled,0.9252490451388888,0.878037387483608,0.21208333333333335
held_out,means_knn,jpeg_compression,4,common,pooled,0.9706393663194445,0.9484996539826468,0.08395833333333333
held_out,means_knn,jpeg_compression,5,common,pooled,0.9854856770833333,0.9746936572427676,0.042083333333333334
held_out,means_knn,speckle_noise,1,extra,pooled,0.9236114583333334,0.9001952413662934,0.27708333333333335
held_out,means_knn,speckle_noise,2,extra,pooled,0.965687109375,0.95479241992531,0.13583333333333333
held_out,means_knn,speckle_noise,3,extra,pooled,0.9950828559027778,0.9936619897458177,0.017916666666666668
held_out,means_knn,speckle_noise,4,extra,pooled,0.998048046875,0.9975804963857124,0.005625
held_out,means_knn,speckle_noise,5,extra,pooled,0.999238671875,0.9991373071809739,0.0022916666666666667
held_out,means_knn,gaussian_blur,1,extra,pooled,0.5635825520833333,0.5221078761586071,0.8583333333333333
held_out,means_knn,gaussian_blur,2,extra,pooled,0.7371347222222222,0.6470869119989932,0.5875
held_out,means_knn,gaussian_blur,3,extra,pooled,0.8402675347222223,0.749989996199153,0.36541666666666667
held_out,means_knn,gaussian_blur,4,extra,pooled,0.8887296440972222,0.8091492229827095,0.256875
held_out,means_knn,gaussian_blur,5,extra,pooled,0.9308913194444445,0.8686369404756118,0.15520833333333334
held_out,means_knn,spatter,1,extra,pooled,0.5462185329861111,0.5263471596763523,0.91375
held_out,means_knn,spatter,2,extra,pooled,0.8687716579861111,0.8259928350308507,0.40979166666666667
held_out,means_knn,spatter,3,extra,pooled,0.95734921875,0.9412299199614881,0.15895833333333334
held_out,means_knn,spatter,4,extra,pooled,0.9847692274305555,0.9806990668960154,0.05875
held_out,means_knn,spatter,5,extra,pooled,0.9947477430555556,0.993156479534626,0.021666666666666667
held_out,means_knn,saturate,1,extra,pooled,0.4785279296875,0.4736287572198735,0.920625
held_out,means_knn,saturate,2,extra,pooled,0.5092012369791666,0.494742271308715,0.8935416666666667
held_out,means_knn,saturate,3,extra,pooled,0.7037614366319445,0.6763243984973388,0.7989583333333333
held_out,means_knn,saturate,4,extra,pooled,0.927157421875,0.9041480073982944,0.26104166666666667
held_out,means_knn,saturate,5,extra,pooled,0.9666772135416667,0.9589697640088537,0.14229166666666668
held_out,means_own,gaussian_noise,1,common,pooled,0.8723711371527778,0.7864626686767555,0.28291666666666665
held_out,means_own,gaussian_noise,2,common,pooled,0.9609001302083333,0.9185118342167903,0.08916666666666667
held_out,means_own,gaussian_noise,3,common,pooled,0.9918315538194444,0.9796457277144004,0.018125
held_out,means_own,gaussian_noise,4,common,pooled,0.9984379774305555,0.9963982405865015,0.0033333333333333335
held_out,means_own,gaussian_noise,5,common,pooled,0.9999231770833333,0.9999175864588202,0.0004166666666666667
held_out,means_own,shot_noise,1,common,pooled,0.8547555121527778,0.7803832455261038,0.36291666666666667
held_out,means_own,shot_noise,2,common,pooled,0.9578210503472222,0.9245382731221826,0.11708333333333333
held_out,means_own,shot_noise,3,common,pooled,0.9898325086805555,0.9802996315432132,0.027916666666666666
held_out,means_own,shot_noise,4,common,pooled,0.9987511284722222,0.998077246781477,0.0035416666666666665
held_out,means_own,shot_noise,5,common,pooled,0.9998140190972222,0.9997981119909872,0.0010416666666666667
held_out,means_own,impulse_noise,1,common,pooled,0.9994859809027777,0.9993705337818917,0.0016666666666666668
held_out,means_own,impulse_noise,2,common,pooled,0.9985970052083334,0.9976014405329773,0.0035416666666666665
held_out,means_own,impulse_noise,3,common,pooled,0.9983799479166666,0.9966586492619343,0.0035416666666666665
held_out,means_own,impulse_noise,4,common,pooled,0.9993270833333333,0.998808327346099,0.00125
held_out,means_own,impulse_noise,5,common,pooled,0.9999876736111111,0.9999875071856313,0.0
held_out,means_own,defocus_blur,1,common,pooled,0.7633296875,0.6810962999931771,0.5445833333333333
held_out,means_own,defocus_blur,2,common,pooled,0.8538835069444445,0.7760385885533981,0.3485416666666667
held_out,means_own,defocus_blur,3,common,pooled,0.9286282118055555,0.8753166415047418,0.17166666666666666
held_out,means_own,defocus_blur,4,common,pooled,0.9583992621527778,0.9214859911307816,0.10083333333333333
held_out,means_own,defocus_blur,5,common,pooled,0.9729593315972223,0.9463847449202379,0.06166666666666667
held_out,means_own,glass_blur,1,common,pooled,0.6514459635416666,0.580139801869771,0.7152083333333333
held_out,means_own,glass_blur,2,common,pooled,0.7633322916666667,0.6708480424828513,0.503125
held_out,means_own,glass_blur,3,common,pooled,0.85315234375,0.7570111744644415,0.29791666666666666
held_out,means_own,glass_blur,4,common,pooled,0.8800280815972222,0.7929152678406254,0.24895833333333334
held_out,means_own,glass_blur,5,common,pooled,0.9321934895833334,0.871686874974731,0.14541666666666667
held_out,means_own,motion_blur,1,common,pooled,0.7123409288194444,0.6388615621891718,0.6447916666666667
held_out,means_own,motion_blur,2,common,pooled,0.8258662326388889,0.7469134416082136,0.405625
held_out,means_own,motion_blur,3,common,pooled,0.9047452256944445,0.8420101971459941,0.22354166666666667
held_out,means_own,motion_blur,4,common,pooled,0.9462403645833334,0.9016513975620201,0.12791666666666668
held_out,means_own,motion_blur,5,common,pooled,0.9613533854166667,0.9260675312112232,0.09104166666666667
held_out,means_own,zoom_blur,1,common,pooled,0.7489004340277777,0.6769413252793236,0.6085416666666666
held_out,means_own,zoom_blur,2,common,pooled,0.8129567274305556,0.737704308159479,0.46416666666666667
held_out,means_own,zoom_blur,3,common,pooled,0.7758265190972222,0.7057368042968983,0.5627083333333334
held_out,means_own,zoom_blur,4,common,pooled,0.8140125868055555,0.7426853084816318,0.4710416666666667
held_out,means_own,zoom_blur,5,common,pooled,0.78061015625,0.7098819732785948,0.5447916666666667
held_out,means_own,snow,1,common,pooled,0.8645358940972222,0.8085311233928011,0.39479166666666665
held_out,means_own,snow,2,common,pooled,0.9344822482638889,0.8990614469364899,0.19979166666666667
held_out,means_own,snow,3,common,pooled,0.9299529079861111,0.8935635337410947,0.21395833333333333
held_out,means_own,snow,4,common,pooled,0.9483641493055556,0.9196464977271915,0.16208333333333333
held_out,means_own,snow,5,common,pooled,0.9393951822916666,0.9040852404127351,0.17541666666666667
held_out,means_own,frost,1,common,pooled,0.5295314236111112,0.5032518795289009,0.89125
held_out,means_own,frost,2,common,pooled,0.6395654513888889,0.5598153030401303,0.72
held_out,means_own,frost,3,common,pooled,0.7106877604166667,0.6093516490629967,0.6135416666666667
held_out,means_own,frost,4,common,pooled,0.7136846788194444,0.6095196133565861,0.59875
held_out,means_own,frost,5,common,pooled,0.7499375,0.6398781880642719,0.5377083333333333
held_out,means_own,fog,1,common,pooled,0.6643038194444445,0.6072095588114367,0.74125
held_out,means_own,fog,2,common,pooled,0.7217321180555556,0.6589824672826297,0.6610416666666666
held_out,means_own,fog,3,common,pooled,0.7603623697916667,0.6948067773054432,0.5922916666666667
held_out,means_own,fog,4,common,pooled,0.7355701822916667,0.6609470010429581,0.6302083333333334
held_out,means_own,fog,5,common,pooled,0.7329180121527777,0.6459748950969997,0.6064583333333333
held_out,means_own,brightness,1,common,pooled,0.5136338541666666,0.5100410748278947,0.9429166666666666
held_out,means_own,brightness,2,common,pooled,0.5547818576388889,0.5374606551307282,0.906875
held_out,means_own,brightness,3,common,pooled,0.606834765625,0.5733807572885021,0.833125
held_out,means_own,brightness,4,common,pooled,0.66969921875,0.6200344949610491,0.739375
held_out,means_own,brightness,5,common,pooled,0.7318851128472222,0.67133491657002,0.6352083333333334
held_out,means_own,contrast,1,common,pooled,0.7160491753472222,0.6611053328058265,0.6904166666666667
held_out,means_own,contrast,2,common,pooled,0.8084174045138889,0.755118220146049,0.5164583333333334
held_out,means_own,contrast,3,common,pooled,0.9037968315972222,0.8671834879677991,0.28375
held_out,means_own,contrast,4,common,pooled,0.9752274305555556,0.9634854064663991,0.08395833333333333
held_out,means_own,contrast,5,common,pooled,0.9933120659722222,0.9899871516161606,0.0225
held_out,means_own,elastic_transform,1,common,pooled,0.5380559027777778,0.5105550058959403,0.900625
held_out,means_own,elastic_transform,2,common,pooled,0.5792654079861111,0.5359238070211906,0.8527083333333333
held_out,means_own,elastic_transform,3,common,pooled,0.6394694010416667,0.5782512046512983,0.773125
held_out,means_own,elastic_transform,4,common,pooled,0.6853671875,0.6155506501774848,0.71125
held_out,means_own,elastic_transform,5,common,pooled,0.7421959201388889,0.6680696529999407,0.629375
held_out,means_own,pixelate,1,common,pooled,0.5585698784722222,0.5250280577670798,0.875625
held_out,means_own,pixelate,2,common,pooled,0.6087923611111111,0.5542401460187825,0.8004166666666667
held_out,means_own,pixelate,3,common,pooled,0.8088635416666666,0.7468746800470245,0.480625
held_out,means_own,pixelate,4,common,pooled,0.9268177083333333,0.8954574184603156,0.21979166666666666
held_out,means_own,pixelate,5,common,pooled,0.9689735243055555,0.9563486052133354,0.104375
held_out,means_own,jpeg_compression,1,common,pooled,0.67603828125,0.6111989123138524,0.7045833333333333
held_out,means_own,jpeg_compression,2,common,pooled,0.8097302951388888,0.7344415374100665,0.460625
held_out,means_own,jpeg_compression,3,common,pooled,0.8724019965277777,0.8057313742029308,0.32916666666666666
held_out,means_own,jpeg_compression,4,common,pooled,0.9570283420138889,0.9254613353473462,0.12854166666666667
held_out,means_own,jpeg_compression,5,common,pooled,0.9829501736111111,0.9703071812732603,0.05395833333333333
held_out,means_own,speckle_noise,1,extra,pooled,0.7577332465277777,0.6931939376652501,0.615
held_out,means_own,speckle_noise,2,extra,pooled,0.8489317708333334,0.7949136388324796,0.44
held_out,means_own,speckle_noise,3,extra,pooled,0.9650758680555556,0.9506597970905464,0.13083333333333333
held_out,means_own,speckle_noise,4,extra,pooled,0.9850315538194444,0.9798225561130631,0.059375
held_out,means_own,speckle_noise,5,extra,pooled,0.9944430121527777,0.9930865803014668,0.023541666666666666
held_out,means_own,gaussian_blur,1,extra,pooled,0.6226269097222222,0.5649213823065793,0.7864583333333334
held_out,means_own,gaussian_blur,2,extra,pooled,0.8407769097222222,0.760411075533837,0.37375
held_out,means_own,gaussian_blur,3,extra,pooled,0.930302734375,0.8769259638971547,0.166875
held_out,means_own,gaussian_blur,4,extra,pooled,0.9641720920138889,0.9304186289413598,0.085
held_out,means_own,gaussian_blur,5,extra,pooled,0.9856213107638889,0.9694096254895312,0.030208333333333334
held_out,means_own,spatter,1,extra,pooled,0.498246484375,0.4953205711468703,0.94375
held_out,means_own,spatter,2,extra,pooled,0.7873000868055555,0.7130275716870503,0.5197916666666667
held_out,means_own,spatter,3,extra,pooled,0.9230968315972222,0.8795011706614718,0.21979166666666666
held_out,means_own,spatter,4,extra,pooled,0.9819175347222222,0.9783761495865932,0.07875
held_out,means_own,spatter,5,extra,pooled,0.9948782118055556,0.9938074581666699,0.022083333333333333
held_out,means_own,saturate,1,extra,pooled,0.4835779296875,0.4771762945586119,0.9385416666666667
held_out,means_own,saturate,2,extra,pooled,0.5194324001736111,0.4956423096138687,0.9010416666666666
held_out,means_own,saturate,3,extra,pooled,0.5740858289930556,0.5547966245499437,0.901875
held_out,means_own,saturate,4,extra,pooled,0.7160521267361111,0.662055330455469,0.6829166666666666
held_out,means_own,saturate,5,extra,pooled,0.8159561631944444,0.7687833908968953,0.5079166666666667
held_out,saod_top3,gaussian_noise,1,common,pooled,0.5514692925347222,0.5298921245934268,0.9285416666666667
held_out,saod_top3,gaussian_noise,2,common,pooled,0.5848016493055556,0.5503876741580467,0.910625
held_out,saod_top3,gaussian_noise,3,common,pooled,0.6382669487847222,0.5903649496174272,0.868125
held_out,saod_top3,gaussian_noise,4,common,pooled,0.7030287543402778,0.6528886847174484,0.76625
held_out,saod_top3,gaussian_noise,5,common,pooled,0.7915311414930556,0.7584774531259342,0.57875
held_out,saod_top3,shot_noise,1,common,pooled,0.5514096354166667,0.5315362674018602,0.930625
held_out,saod_top3,shot_noise,2,common,pooled,0.5902521701388889,0.5573234988792325,0.910625
held_out,saod_top3,shot_noise,3,common,pooled,0.6384996961805556,0.5953707789416516,0.8708333333333333
held_out,saod_top3,shot_noise,4,common,pooled,0.7138732855902777,0.6643112589706132,0.753125
held_out,saod_top3,shot_noise,5,common,pooled,0.7679552300347222,0.7249340200212089,0.6270833333333333
held_out,saod_top3,impulse_noise,1,common,pooled,0.6916358506944444,0.6472048838568176,0.8108333333333333
held_out,saod_top3,impulse_noise,2,common,pooled,0.6739527126736111,0.6205968536590117,0.82875
held_out,saod_top3,impulse_noise,3,common,pooled,0.6706027994791667,0.6147735031953493,0.825625
held_out,saod_top3,impulse_noise,4,common,pooled,0.7088371527777778,0.6509328120716984,0.7479166666666667
held_out,saod_top3,impulse_noise,5,common,pooled,0.7746737413194444,0.7318729913029105,0.6041666666666666
held_out,saod_top3,defocus_blur,1,common,pooled,0.5763529947916667,0.549024271680587,0.8995833333333333
held_out,saod_top3,defocus_blur,2,common,pooled,0.6160610677083334,0.5789828105494055,0.8670833333333333
held_out,saod_top3,defocus_blur,3,common,pooled,0.6869685763888889,0.6387784743389027,0.7714583333333334
held_out,saod_top3,defocus_blur,4,common,pooled,0.748804296875,0.6955536337380939,0.6691666666666667
held_out,saod_top3,defocus_blur,5,common,pooled,0.8031091796875,0.7535633079407391,0.5454166666666667
held_out,saod_top3,glass_blur,1,common,pooled,0.6073134765625,0.5778508124765397,0.8891666666666667
held_out,saod_top3,glass_blur,2,common,pooled,0.6734634331597222,0.6358749079776924,0.8160416666666667
held_out,saod_top3,glass_blur,3,common,pooled,0.836932421875,0.8154855933970511,0.5114583333333333
held_out,saod_top3,glass_blur,4,common,pooled,0.8682475694444445,0.8513610557367347,0.424375
held_out,saod_top3,glass_blur,5,common,pooled,0.8876625868055555,0.870871384633231,0.379375
held_out,saod_top3,motion_blur,1,common,pooled,0.5436864800347222,0.5261178427078335,0.93625
held_out,saod_top3,motion_blur,2,common,pooled,0.5931395182291667,0.5600971473440599,0.89875
held_out,saod_top3,motion_blur,3,common,pooled,0.6669773654513889,0.6197043498152233,0.8085416666666667
held_out,saod_top3,motion_blur,4,common,pooled,0.7449717447916666,0.6948518565964169,0.6708333333333333
held_out,saod_top3,motion_blur,5,common,pooled,0.7889754557291667,0.7454601414269408,0.56125
held_out,saod_top3,zoom_blur,1,common,pooled,0.6934751085069445,0.6354180656750688,0.760625
held_out,saod_top3,zoom_blur,2,common,pooled,0.7494633246527778,0.6893378348362011,0.6395833333333333
held_out,saod_top3,zoom_blur,3,common,pooled,0.7757543402777778,0.7073069847763342,0.559375
held_out,saod_top3,zoom_blur,4,common,pooled,0.8060771701388889,0.7405482840548414,0.49145833333333333
held_out,saod_top3,zoom_blur,5,common,pooled,0.8239950086805555,0.7591265587346798,0.4347916666666667
held_out,saod_top3,snow,1,common,pooled,0.5842204644097222,0.5615604906163714,0.9095833333333333
held_out,saod_top3,snow,2,common,pooled,0.6546592664930555,0.6297075196664923,0.8566666666666667
held_out,saod_top3,snow,3,common,pooled,0.6577703993055556,0.636149446168276,0.8591666666666666
held_out,saod_top3,snow,4,common,pooled,0.7068968315972223,0.6915018881281898,0.7875
held_out,saod_top3,snow,5,common,pooled,0.716409375,0.695304796716421,0.7877083333333333
held_out,saod_top3,frost,1,common,pooled,0.5565662109375,0.5450321218681057,0.93
held_out,saod_top3,frost,2,common,pooled,0.6141891276041667,0.6018006718489023,0.9025
held_out,saod_top3,frost,3,common,pooled,0.6569911675347222,0.646374096922112,0.8764583333333333
held_out,saod_top3,frost,4,common,pooled,0.665705078125,0.6584151052798095,0.874375
held_out,saod_top3,frost,5,common,pooled,0.6930182725694445,0.6895635618478371,0.850625
held_out,saod_top3,fog,1,common,pooled,0.5372261284722222,0.5319569756746072,0.9435416666666666
held_out,saod_top3,fog,2,common,pooled,0.5502390407986111,0.5425146686143723,0.94
held_out,saod_top3,fog,3,common,pooled,0.5636941189236111,0.5532576740520172,0.9360416666666667
held_out,saod_top3,fog,4,common,pooled,0.565158203125,0.555657802930765,0.935625
held_out,saod_top3,fog,5,common,pooled,0.5883806206597222,0.5787405085210026,0.9266666666666666
held_out,saod_top3,brightness,1,common,pooled,0.5033157986111111,0.5020384162961746,0.9485416666666666
held_out,saod_top3,brightness,2,common,pooled,0.5125087673611111,0.5061974130553093,0.9414583333333333
held_out,saod_top3,brightness,3,common,pooled,0.5259642578125,0.5137672378371605,0.936875
held_out,saod_top3,brightness,4,common,pooled,0.5446875868055555,0.5254546535640156,0.93
held_out,saod_top3,brightness,5,common,pooled,0.5682639539930555,0.5418751823966703,0.9164583333333334
held_out,saod_top3,contrast,1,common,pooled,0.5349916015625,0.5303251106281301,0.9408333333333333
held_out,saod_top3,contrast,2,common,pooled,0.5557448133680556,0.5478162801407107,0.9377083333333334
held_out,saod_top3,contrast,3,common,pooled,0.5970429036458333,0.5854069020027334,0.9185416666666667
held_out,saod_top3,contrast,4,common,pooled,0.7018901692708334,0.6967635381422699,0.826875
held_out,saod_top3,contrast,5,common,pooled,0.8430625434027778,0.8461369028384934,0.595
held_out,saod_top3,elastic_transform,1,common,pooled,0.5625172743055555,0.5442070092900446,0.9272916666666666
held_out,saod_top3,elastic_transform,2,common,pooled,0.594891796875,0.5684763213892257,0.915
held_out,saod_top3,elastic_transform,3,common,pooled,0.6400728515625,0.6087328754859677,0.8897916666666666
held_out,saod_top3,elastic_transform,4,common,pooled,0.6778797092013888,0.6431114359649237,0.865
held_out,saod_top3,elastic_transform,5,common,pooled,0.7209682725694444,0.6821614869849946,0.8033333333333333
held_out,saod_top3,pixelate,1,common,pooled,0.589123828125,0.5633932234629362,0.8941666666666667
held_out,saod_top3,pixelate,2,common,pooled,0.6401982421875,0.607069389971256,0.8410416666666667
held_out,saod_top3,pixelate,3,common,pooled,0.8333231770833334,0.8172012261659001,0.5147916666666666
held_out,saod_top3,pixelate,4,common,pooled,0.9438424045138889,0.9414482329104876,0.26479166666666665
held_out,saod_top3,pixelate,5,common,pooled,0.9780833767361111,0.9777949305069813,0.10375
held_out,saod_top3,jpeg_compression,1,common,pooled,0.6011466796875,0.5554388960631923,0.8714583333333333
held_out,saod_top3,jpeg_compression,2,common,pooled,0.6628801432291667,0.6052319772127862,0.78625
held_out,saod_top3,jpeg_compression,3,common,pooled,0.7056098958333333,0.6470388840004958,0.7345833333333334
held_out,saod_top3,jpeg_compression,4,common,pooled,0.8141610894097222,0.7674300179331619,0.5104166666666666
held_out,saod_top3,jpeg_compression,5,common,pooled,0.8911391927083333,0.8603438016005611,0.3525
held_out,saod_top3,speckle_noise,1,extra,pooled,0.5406419053819445,0.5264517988810167,0.9364583333333333
held_out,saod_top3,speckle_noise,2,extra,pooled,0.5588109809027778,0.5395832736837457,0.9264583333333334
held_out,saod_top3,speckle_noise,3,extra,pooled,0.6200322482638889,0.58504639601353,0.8947916666666667
held_out,saod_top3,speckle_noise,4,extra,pooled,0.6558858940972222,0.6159870772823639,0.8666666666666667
held_out,saod_top3,speckle_noise,5,extra,pooled,0.6988432942708334,0.658090523212036,0.7875
held_out,saod_top3,gaussian_blur,1,extra,pooled,0.5338375,0.5209022432831778,0.929375
held_out,saod_top3,gaussian_blur,2,extra,pooled,0.6024522135416667,0.5667339611459972,0.8733333333333333
held_out,saod_top3,gaussian_blur,3,extra,pooled,0.6699274739583333,0.6231839861242461,0.7983333333333333
held_out,saod_top3,gaussian_blur,4,extra,pooled,0.7342763237847222,0.6845227056320817,0.7029166666666666
held_out,saod_top3,gaussian_blur,5,extra,pooled,0.8349163194444444,0.7925750842175974,0.47875
held_out,saod_top3,spatter,1,extra,pooled,0.5062072048611111,0.5013287702540833,0.9458333333333333
held_out,saod_top3,spatter,2,extra,pooled,0.5668410373263889,0.5400132344190812,0.9102083333333333
held_out,saod_top3,spatter,3,extra,pooled,0.6049596354166666,0.5709066764836689,0.8947916666666667
held_out,saod_top3,spatter,4,extra,pooled,0.6428976128472222,0.5793083761699327,0.8335416666666666
held_out,saod_top3,spatter,5,extra,pooled,0.6965171440972222,0.6204193423245323,0.731875
held_out,saod_top3,saturate,1,extra,pooled,0.5200625868055555,0.5162962176440018,0.9435416666666666
held_out,saod_top3,saturate,2,extra,pooled,0.5284771918402777,0.5209927387955433,0.9404166666666667
held_out,saod_top3,saturate,3,extra,pooled,0.5109711805555556,0.5033036953425745,0.94125
held_out,saod_top3,saturate,4,extra,pooled,0.5525969618055555,0.5293951375728159,0.921875
held_out,saod_top3,saturate,5,extra,pooled,0.5867045355902778,0.5552452616467696,0.9077083333333333
held_out,saod_min,gaussian_noise,1,common,pooled,0.5508524522569445,0.5525706814891337,0.9391666666666667
held_out,saod_min,gaussian_noise,2,common,pooled,0.5952444878472222,0.6001110295778811,0.9372916666666666
held_out,saod_min,gaussian_noise,3,common,pooled,0.6662572265625,0.6760834239205668,0.9135416666666667
held_out,saod_min,gaussian_noise,4,common,pooled,0.7549351779513889,0.7643602518653669,0.8554166666666667
held_out,saod_min,gaussian_noise,5,common,pooled,0.8565320963541667,0.8593301053835447,0.6452083333333334
held_out,saod_min,shot_noise,1,common,pooled,0.5489284939236111,0.5518782032068668,0.940625
held_out,saod_min,shot_noise,2,common,pooled,0.593382421875,0.6011959195453715,0.9385416666666667
held_out,saod_min,shot_noise,3,common,pooled,0.6575863498263889,0.6696056899101029,0.9197916666666667
held_out,saod_min,shot_noise,4,common,pooled,0.7643806423611111,0.7728279072660617,0.8414583333333333
held_out,saod_min,shot_noise,5,common,pooled,0.8376610460069445,0.8397339615917923,0.699375
held_out,saod_min,impulse_noise,1,common,pooled,0.7454383463541666,0.753846555022141,0.8597916666666666
held_out,saod_min,impulse_noise,2,common,pooled,0.7134525173611111,0.724734838602147,0.89125
held_out,saod_min,impulse_noise,3,common,pooled,0.7114513888888889,0.721583622875181,0.8972916666666667
held_out,saod_min,impulse_noise,4,common,pooled,0.7690408637152778,0.7743635908196923,0.8266666666666667
held_out,saod_min,impulse_noise,5,common,pooled,0.8444907986111111,0.8455272128721913,0.68
held_out,saod_min,defocus_blur,1,common,pooled,0.5754830295138889,0.5729900798736691,0.935625
held_out,saod_min,defocus_blur,2,common,pooled,0.6141912543402778,0.6154980558519364,0.9289583333333333
held_out,saod_min,defocus_blur,3,common,pooled,0.6929267795138889,0.6967404954014762,0.8947916666666667
held_out,saod_min,defocus_blur,4,common,pooled,0.7683424262152778,0.7700630274982635,0.8102083333333333
held_out,saod_min,defocus_blur,5,common,pooled,0.83279296875,0.8311640104381585,0.68625
held_out,saod_min,glass_blur,1,common,pooled,0.6097469401041666,0.6085785947905318,0.9216666666666666
held_out,saod_min,glass_blur,2,common,pooled,0.6909062282986111,0.6940833125851646,0.8685416666666667
held_out,saod_min,glass_blur,3,common,pooled,0.8830950520833334,0.8827516767816526,0.5522916666666666
held_out,saod_min,glass_blur,4,common,pooled,0.9096077256944445,0.9082047817014491,0.44395833333333334
held_out,saod_min,glass_blur,5,common,pooled,0.9310543402777778,0.9274193858711461,0.34708333333333335
held_out,saod_min,motion_blur,1,common,pooled,0.5326695963541667,0.535382322512705,0.9552083333333333
held_out,saod_min,motion_blur,2,common,pooled,0.5841181206597222,0.5908772016400314,0.9533333333333334
held_out,saod_min,motion_blur,3,common,pooled,0.6709323133680556,0.6812940089767583,0.9141666666666667
held_out,saod_min,motion_blur,4,common,pooled,0.7689558376736111,0.7753607878337893,0.81625
held_out,saod_min,motion_blur,5,common,pooled,0.823582421875,0.8268486953779117,0.7075
held_out,saod_min,zoom_blur,1,common,pooled,0.6798578993055555,0.6829348740073593,0.9004166666666666
held_out,saod_min,zoom_blur,2,common,pooled,0.7504910807291667,0.752108431590508,0.825625
held_out,saod_min,zoom_blur,3,common,pooled,0.7941308810763889,0.7881498045716495,0.7329166666666667
held_out,saod_min,zoom_blur,4,common,pooled,0.8361505859375,0.8268836512605855,0.63
held_out,saod_min,zoom_blur,5,common,pooled,0.8673621961805555,0.8528987687863481,0.5420833333333334
held_out,saod_min,snow,1,common,pooled,0.5945194010416667,0.6041977675052935,0.9329166666666666
held_out,saod_min,snow,2,common,pooled,0.6734476128472222,0.6911066323503845,0.9133333333333333
held_out,saod_min,snow,3,common,pooled,0.6847893663194444,0.7033975977238451,0.905625
held_out,saod_min,snow,4,common,pooled,0.7423022352430556,0.7624054287967368,0.8514583333333333
held_out,saod_min,snow,5,common,pooled,0.7499565755208333,0.7672432577908954,0.8495833333333334
held_out,saod_min,frost,1,common,pooled,0.55730859375,0.5637524106612851,0.9416666666666667
held_out,saod_min,frost,2,common,pooled,0.6225170572916666,0.6386146342728343,0.9297916666666667
held_out,saod_min,frost,3,common,pooled,0.6729796875,0.6936421127640506,0.9129166666666667
held_out,saod_min,frost,4,common,pooled,0.6797622178819445,0.703770048491427,0.90625
held_out,saod_min,frost,5,common,pooled,0.7108400173611111,0.7354876858098289,0.8802083333333334
held_out,saod_min,fog,1,common,pooled,0.5175899522569445,0.5270035581303926,0.9552083333333333
held_out,saod_min,fog,2,common,pooled,0.5285972222222223,0.5397713941745381,0.9558333333333333
held_out,saod_min,fog,3,common,pooled,0.5399706380208333,0.5530130734275952,0.955
held_out,saod_min,fog,4,common,pooled,0.5434213107638889,0.5558630740997671,0.9552083333333333
held_out,saod_min,fog,5,common,pooled,0.5659271267361111,0.5814858489952779,0.9514583333333333
held_out,saod_min,brightness,1,common,pooled,0.5057928168402778,0.5058092780328416,0.9483333333333334
held_out,saod_min,brightness,2,common,pooled,0.5166797526041667,0.516625570925498,0.9483333333333334
held_out,saod_min,brightness,3,common,pooled,0.5307823784722222,0.531154914417033,0.945
held_out,saod_min,brightness,4,common,pooled,0.5520022786458333,0.5516337831374162,0.940625
held_out,saod_min,brightness,5,common,pooled,0.5775852213541667,0.5775232744983283,0.9354166666666667
held_out,saod_min,contrast,1,common,pooled,0.5170781032986111,0.5263098834773048,0.9527083333333334
held_out,saod_min,contrast,2,common,pooled,0.5355398003472223,0.5476863653487438,0.955
held_out,saod_min,contrast,3,common,pooled,0.5756415147569445,0.5938748910971535,0.9520833333333333
held_out,saod_min,contrast,4,common,pooled,0.6955443359375,0.7191426594549355,0.8964583333333334
held_out,saod_min,contrast,5,common,pooled,0.8553936631944444,0.8662180729161816,0.6133333333333333
held_out,saod_min,elastic_transform,1,common,pooled,0.5740676866319444,0.5777285191129169,0.9366666666666666
held_out,saod_min,elastic_transform,2,common,pooled,0.6118482638888889,0.6155904896267603,0.9235416666666667
held_out,saod_min,elastic_transform,3,common,pooled,0.6636804253472223,0.6715422660813981,0.9072916666666667
held_out,saod_min,elastic_transform,4,common,pooled,0.7054638454861111,0.7120743644767134,0.880625
held_out,saod_min,elastic_transform,5,common,pooled,0.7538965060763889,0.7563688015492359,0.8333333333333334
held_out,saod_min,pixelate,1,common,pooled,0.5937887586805556,0.5834974501249076,0.9114583333333334
held_out,saod_min,pixelate,2,common,pooled,0.6530580078125,0.6473526457706058,0.875625
held_out,saod_min,pixelate,3,common,pooled,0.8633130425347222,0.8682176518049941,0.5679166666666666
held_out,saod_min,pixelate,4,common,pooled,0.9577974826388889,0.9604064171929656,0.22104166666666666
held_out,saod_min,pixelate,5,common,pooled,0.9821498263888889,0.9834487121336422,0.06875
held_out,saod_min,jpeg_compression,1,common,pooled,0.6261111328125,0.6170808422946369,0.9027083333333333
held_out,saod_min,jpeg_compression,2,common,pooled,0.7059690104166667,0.7025843112882448,0.8670833333333333
held_out,saod_min,jpeg_compression,3,common,pooled,0.7593661892361111,0.7580480123352749,0.8041666666666667
held_out,saod_min,jpeg_compression,4,common,pooled,0.8821876085069444,0.8757616329509736,0.5458333333333333
held_out,saod_min,jpeg_compression,5,common,pooled,0.9472963324652778,0.9374185785981595,0.250625
held_out,saod_min,speckle_noise,1,extra,pooled,0.539073046875,0.5409824305217336,0.945625
held_out,saod_min,speckle_noise,2,extra,pooled,0.5556419487847222,0.5608827526639228,0.94125
held_out,saod_min,speckle_noise,3,extra,pooled,0.6265339626736111,0.638331536892092,0.9247916666666667
held_out,saod_min,speckle_noise,4,extra,pooled,0.6732020399305556,0.6874195540914084,0.9060416666666666
held_out,saod_min,speckle_noise,5,extra,pooled,0.7342470703125,0.7470846568483258,0.85875
held_out,saod_min,gaussian_blur,1,extra,pooled,0.5352289496527778,0.5305937629979173,0.9422916666666666
held_out,saod_min,gaussian_blur,2,extra,pooled,0.6053714409722222,0.6015731762915135,0.9235416666666667
held_out,saod_min,gaussian_blur,3,extra,pooled,0.6804672092013889,0.6822094383643778,0.8970833333333333
held_out,saod_min,gaussian_blur,4,extra,pooled,0.7575683810763889,0.7604620824066636,0.8297916666666667
held_out,saod_min,gaussian_blur,5,extra,pooled,0.8768098524305555,0.8709813882824591,0.5572916666666666
held_out,saod_min,spatter,1,extra,pooled,0.5077941840277778,0.5073910250570963,0.9470833333333334
held_out,saod_min,spatter,2,extra,pooled,0.5902905815972223,0.5916368714300921,0.929375
held_out,saod_min,spatter,3,extra,pooled,0.6321669921875,0.6379413912482043,0.919375
held_out,saod_min,spatter,4,extra,pooled,0.69645,0.6957733019393791,0.8852083333333334
held_out,saod_min,spatter,5,extra,pooled,0.7723456163194444,0.7644607581439995,0.79625
held_out,saod_min,saturate,1,extra,pooled,0.5126189019097223,0.5161107762866464,0.9502083333333333
held_out,saod_min,saturate,2,extra,pooled,0.5217451605902778,0.5270673458740105,0.9429166666666666
held_out,saod_min,saturate,3,extra,pooled,0.5181957899305556,0.515418895920861,0.94625
held_out,saod_min,saturate,4,extra,pooled,0.5598394748263888,0.5569073391454437,0.9385416666666667
held_out,saod_min,saturate,5,extra,pooled,0.5986184678819444,0.599271093089123,0.9247916666666667
held_out,knn,gaussian_noise,1,common,pooled,0.6190209201388889,0.5612703527592195,0.79125
held_out,knn,gaussian_noise,2,common,pooled,0.7587639973958333,0.6758046253991364,0.57625
held_out,knn,gaussian_noise,3,common,pooled,0.9110276258680555,0.851484864610225,0.22979166666666667
held_out,knn,gaussian_noise,4,common,pooled,0.9781542317708334,0.9548624306195027,0.0575
held_out,knn,gaussian_noise,5,common,pooled,0.9950375434027777,0.9893369065853403,0.01125
held_out,knn,shot_noise,1,common,pooled,0.6246236979166667,0.5692589832811448,0.7995833333333333
held_out,knn,shot_noise,2,common,pooled,0.7725353515625,0.7025251224953786,0.5745833333333333
held_out,knn,shot_noise,3,common,pooled,0.9067565104166667,0.8595549274154547,0.27020833333333333
held_out,knn,shot_noise,4,common,pooled,0.9827941840277777,0.9689698161072593,0.051875
held_out,knn,shot_noise,5,common,pooled,0.9941832465277778,0.988904043957124,0.014375
held_out,knn,impulse_noise,1,common,pooled,0.9939475260416667,0.9915515081659722,0.021041666666666667
held_out,knn,impulse_noise,2,common,pooled,0.9875643663194444,0.9802330249793236,0.03979166666666667
held_out,knn,impulse_noise,3,common,pooled,0.9840985894097222,0.9733169439187368,0.04770833333333333
held_out,knn,impulse_noise,4,common,pooled,0.9904517578125,0.9813795981928948,0.0225
held_out,knn,impulse_noise,5,common,pooled,0.9958731553819444,0.991494556116464,0.008541666666666666
held_out,knn,defocus_blur,1,common,pooled,0.5940070095486111,0.5457395102244014,0.8335416666666666
held_out,knn,defocus_blur,2,common,pooled,0.6735435112847222,0.5997591409515424,0.7227083333333333
held_out,knn,defocus_blur,3,common,pooled,0.7888676432291667,0.6959125093559704,0.49020833333333336
held_out,knn,defocus_blur,4,common,pooled,0.8510182942708333,0.7586837376919947,0.3475
held_out,knn,defocus_blur,5,common,pooled,0.8866651475694445,0.8005262482208678,0.2627083333333333
held_out,knn,glass_blur,1,common,pooled,0.594968359375,0.5431816506781448,0.8322916666666667
held_out,knn,glass_blur,2,common,pooled,0.6899304036458334,0.6114127683572859,0.723125
held_out,knn,glass_blur,3,common,pooled,0.829051171875,0.7572782536923006,0.5470833333333334
held_out,knn,glass_blur,4,common,pooled,0.8429510850694445,0.7657749741519005,0.494375
held_out,knn,glass_blur,5,common,pooled,0.8724296875,0.7907552978207086,0.37041666666666667
held_out,knn,motion_blur,1,common,pooled,0.5847247178819445,0.5494715941071792,0.8852083333333334
held_out,knn,motion_blur,2,common,pooled,0.6862606987847222,0.6324903897480181,0.7739583333333333
held_out,knn,motion_blur,3,common,pooled,0.8053498046875,0.7505212769698584,0.5445833333333333
held_out,knn,motion_blur,4,common,pooled,0.8863138237847222,0.8455691874733613,0.358125
held_out,knn,motion_blur,5,common,pooled,0.9182294921875,0.8849044190972404,0.263125
held_out,knn,zoom_blur,1,common,pooled,0.7689679036458333,0.6982934335980222,0.614375
held_out,knn,zoom_blur,2,common,pooled,0.8313684244791667,0.7654749066620143,0.47875
held_out,knn,zoom_blur,3,common,pooled,0.82087109375,0.7435083462931836,0.48520833333333335
held_out,knn,zoom_blur,4,common,pooled,0.8493608289930555,0.7754644651080966,0.413125
held_out,knn,zoom_blur,5,common,pooled,0.8274978515625,0.742327706227793,0.45479166666666665
held_out,knn,snow,1,common,pooled,0.8551474826388888,0.8277930637814698,0.49041666666666667
held_out,knn,snow,2,common,pooled,0.8878155381944445,0.8434856141618753,0.3625
held_out,knn,snow,3,common,pooled,0.9373823350694445,0.9181409389454933,0.24770833333333334
held_out,knn,snow,4,common,pooled,0.9610283420138889,0.9454168610437927,0.14833333333333334
held_out,knn,snow,5,common,pooled,0.9460012803819444,0.9194207912284384,0.180625
held_out,knn,frost,1,common,pooled,0.6392386935763889,0.5827913066818594,0.7879166666666667
held_out,knn,frost,2,common,pooled,0.7641226345486111,0.6919178004705536,0.5977083333333333
held_out,knn,frost,3,common,pooled,0.8309698784722223,0.7603889222403167,0.4583333333333333
held_out,knn,frost,4,common,pooled,0.8342994791666667,0.7650485954700147,0.4525
held_out,knn,frost,5,common,pooled,0.8629609809027777,0.7973211127729412,0.373125
held_out,knn,fog,1,common,pooled,0.6092857204861111,0.5721169515991159,0.871875
held_out,knn,fog,2,common,pooled,0.6558868055555556,0.6092300349272816,0.8264583333333333
held_out,knn,fog,3,common,pooled,0.6887962022569445,0.6375786667507172,0.790625
held_out,knn,fog,4,common,pooled,0.6705961371527778,0.6233419578824392,0.8191666666666667
held_out,knn,fog,5,common,pooled,0.7039832248263889,0.6428693360451099,0.73875
held_out,knn,brightness,1,common,pooled,0.5075621527777778,0.5050304145093018,0.944375
held_out,knn,brightness,2,common,pooled,0.532196484375,0.5200326233496346,0.9229166666666667
held_out,knn,brightness,3,common,pooled,0.5703147352430555,0.5451387328635425,0.8979166666666667
held_out,knn,brightness,4,common,pooled,0.6271949869791666,0.5867082346583357,0.845
held_out,knn,brightness,5,common,pooled,0.6945814236111111,0.6436968598536427,0.7745833333333333
held_out,knn,contrast,1,common,pooled,0.6216731553819445,0.5834631600312665,0.866875
held_out,knn,contrast,2,common,pooled,0.7033020399305555,0.6515665094682883,0.7797916666666667
held_out,knn,contrast,3,common,pooled,0.8030504991319445,0.750369340468574,0.6077083333333333
held_out,knn,contrast,4,common,pooled,0.8958396267361111,0.8595628452807257,0.38458333333333333
held_out,knn,contrast,5,common,pooled,0.9271793402777778,0.8962604702599755,0.2760416666666667
held_out,knn,elastic_transform,1,common,pooled,0.6011407986111111,0.5673471398910606,0.883125
held_out,knn,elastic_transform,2,common,pooled,0.6716476128472222,0.6331590511640826,0.8308333333333333
held_out,knn,elastic_transform,3,common,pooled,0.7654181640625,0.7317808367737806,0.7279166666666667
held_out,knn,elastic_transform,4,common,pooled,0.8273240668402778,0.8010349689686267,0.6110416666666667
held_out,knn,elastic_transform,5,common,pooled,0.8917623480902778,0.8731999059424068,0.4322916666666667
held_out,knn,pixelate,1,common,pooled,0.6067326171875,0.5797141711787277,0.889375
held_out,knn,pixelate,2,common,pooled,0.6723652994791667,0.6389602618684975,0.8260416666666667
held_out,knn,pixelate,3,common,pooled,0.8654098307291667,0.8580056080856497,0.5327083333333333
held_out,knn,pixelate,4,common,pooled,0.9480581380208334,0.9441536169115263,0.22958333333333333
held_out,knn,pixelate,5,common,pooled,0.9720174913194445,0.967738397080616,0.11208333333333333
held_out,knn,jpeg_compression,1,common,pooled,0.8215217664930555,0.7809782309727323,0.5408333333333334
held_out,knn,jpeg_compression,2,common,pooled,0.9124461805555556,0.8827827055385427,0.300625
held_out,knn,jpeg_compression,3,common,pooled,0.9433125,0.9201569457153236,0.195625
held_out,knn,jpeg_compression,4,common,pooled,0.9765379340277778,0.9625717364078213,0.08416666666666667
held_out,knn,jpeg_compression,5,common,pooled,0.9854603298611111,0.9744200606914215,0.0475
held_out,knn,speckle_noise,1,extra,pooled,0.5898659071180555,0.548691097377997,0.8514583333333333
held_out,knn,speckle_noise,2,extra,pooled,0.6566684244791666,0.6044866359907423,0.7902083333333333
held_out,knn,speckle_noise,3,extra,pooled,0.8489425130208333,0.8096783955901269,0.47208333333333335
held_out,knn,speckle_noise,4,extra,pooled,0.9167279079861111,0.8917981074110229,0.29083333333333333
held_out,knn,speckle_noise,5,extra,pooled,0.9596358289930556,0.9458842103759139,0.1525
held_out,knn,gaussian_blur,1,extra,pooled,0.5282158203125,0.5087040028088107,0.911875
held_out,knn,gaussian_blur,2,extra,pooled,0.6609617838541667,0.5917094235701688,0.7475
held_out,knn,gaussian_blur,3,extra,pooled,0.7785212456597222,0.6877422440659184,0.524375
held_out,knn,gaussian_blur,4,extra,pooled,0.8539419053819445,0.7649163138446362,0.34458333333333335
held_out,knn,gaussian_blur,5,extra,pooled,0.92416640625,0.8544420339175418,0.178125
held_out,knn,spatter,1,extra,pooled,0.5999273220486111,0.5779693952362972,0.8810416666666666
held_out,knn,spatter,2,extra,pooled,0.8682597439236112,0.8415510536588982,0.48854166666666665
held_out,knn,spatter,3,extra,pooled,0.9013494574652777,0.8726307345043862,0.37083333333333335
held_out,knn,spatter,4,extra,pooled,0.948648828125,0.9394654247877374,0.20833333333333334
held_out,knn,spatter,5,extra,pooled,0.9742617838541666,0.9656676513367823,0.09354166666666666
held_out,knn,saturate,1,extra,pooled,0.5016672743055556,0.4957814882496461,0.9404166666666667
held_out,knn,saturate,2,extra,pooled,0.5293342881944444,0.5117139491093684,0.9204166666666667
held_out,knn,saturate,3,extra,pooled,0.5378995659722222,0.52252496639578,0.9210416666666666
held_out,knn,saturate,4,extra,pooled,0.6650591145833333,0.6186690931791428,0.7983333333333333
held_out,knn,saturate,5,extra,pooled,0.7409440321180556,0.6987036341517425,0.7227083333333333
held_out,discopatch,gaussian_noise,1,common,pooled,0.8776642144097222,0.8704030922756156,0.4527083333333333
held_out,discopatch,gaussian_noise,2,common,pooled,0.9511539279513889,0.9462659291747001,0.21416666666666667
held_out,discopatch,gaussian_noise,3,common,pooled,0.9868929904513889,0.9842162977916483,0.059166666666666666
held_out,discopatch,gaussian_noise,4,common,pooled,0.9970553385416666,0.9953996449953231,0.010625
held_out,discopatch,gaussian_noise,5,common,pooled,0.9991359592013889,0.998075915344239,0.0016666666666666668
held_out,discopatch,shot_noise,1,common,pooled,0.8686677951388889,0.8546245697646094,0.4475
held_out,discopatch,shot_noise,2,common,pooled,0.9420286892361112,0.9337175882397454,0.23395833333333332
held_out,discopatch,shot_noise,3,common,pooled,0.9747878255208333,0.9705004448023267,0.11541666666666667
held_out,discopatch,shot_noise,4,common,pooled,0.9898341796875,0.9875949764717218,0.04604166666666667
held_out,discopatch,shot_noise,5,common,pooled,0.9929758029513889,0.9909895471301204,0.031875
held_out,discopatch,impulse_noise,1,common,pooled,0.9230345486111111,0.9121311460318137,0.2925
held_out,discopatch,impulse_noise,2,common,pooled,0.9779523654513889,0.9737342038556048,0.10083333333333333
held_out,discopatch,impulse_noise,3,common,pooled,0.9917053602430556,0.9892084059013042,0.03770833333333334
held_out,discopatch,impulse_noise,4,common,pooled,0.9984818142361112,0.9970774189700424,0.00375
held_out,discopatch,impulse_noise,5,common,pooled,0.9992774088541667,0.9982339811597343,0.0010416666666666667
held_out,discopatch,defocus_blur,1,common,pooled,0.6573311631944444,0.6224100393654404,0.8279166666666666
held_out,discopatch,defocus_blur,2,common,pooled,0.7260050347222222,0.6817620262460558,0.7252083333333333
held_out,discopatch,defocus_blur,3,common,pooled,0.7970763020833334,0.7450440793446218,0.5679166666666666
held_out,discopatch,defocus_blur,4,common,pooled,0.8292990017361112,0.7738279609195786,0.4922916666666667
held_out,discopatch,defocus_blur,5,common,pooled,0.8483494791666667,0.79025748111887,0.4372916666666667
held_out,discopatch,glass_blur,1,common,pooled,0.6759026041666667,0.6387508753167033,0.805
held_out,discopatch,glass_blur,2,common,pooled,0.7753124565972223,0.734965193941997,0.6272916666666667
held_out,discopatch,glass_blur,3,common,pooled,0.8808869791666667,0.8511385000422367,0.38916666666666666
held_out,discopatch,glass_blur,4,common,pooled,0.9104772569444445,0.887711443472406,0.31416666666666665
held_out,discopatch,glass_blur,5,common,pooled,0.9354839409722222,0.9186730205736612,0.2425
held_out,discopatch,motion_blur,1,common,pooled,0.5812137152777778,0.5600838124218878,0.9079166666666667
held_out,discopatch,motion_blur,2,common,pooled,0.6613723958333333,0.6241614755042866,0.83
held_out,discopatch,motion_blur,3,common,pooled,0.7436649305555556,0.6967602997168179,0.6885416666666667
held_out,discopatch,motion_blur,4,common,pooled,0.8014318576388889,0.7520699293183156,0.5679166666666666
held_out,discopatch,motion_blur,5,common,pooled,0.8307476128472222,0.7823462356866424,0.5008333333333334
held_out,discopatch,zoom_blur,1,common,pooled,0.7472956163194444,0.694525482631096,0.6779166666666666
held_out,discopatch,zoom_blur,2,common,pooled,0.7882772569444444,0.7329550413218573,0.5929166666666666
held_out,discopatch,zoom_blur,3,common,pooled,0.8209650607638889,0.7701894401702498,0.5275
held_out,discopatch,zoom_blur,4,common,pooled,0.8377883680555556,0.7879156982398532,0.481875
held_out,discopatch,zoom_blur,5,common,pooled,0.8540951388888889,0.8090914667814817,0.45229166666666665
held_out,discopatch,snow,1,common,pooled,0.7558393663194445,0.6951722321037211,0.61125
held_out,discopatch,snow,2,common,pooled,0.8410175347222222,0.7871381505680342,0.41854166666666665
held_out,discopatch,snow,3,common,pooled,0.835372265625,0.767060680861326,0.40708333333333335
held_out,discopatch,snow,4,common,pooled,0.8664764756944444,0.8002004778934979,0.346875
held_out,discopatch,snow,5,common,pooled,0.8432641493055556,0.7735847091009819,0.39229166666666665
held_out,discopatch,frost,1,common,pooled,0.6578729166666667,0.607249478135783,0.7954166666666667
held_out,discopatch,frost,2,common,pooled,0.7779789930555555,0.7232011637855464,0.5960416666666667
held_out,discopatch,frost,3,common,pooled,0.8318815972222222,0.7803927104233249,0.47
held_out,discopatch,frost,4,common,pooled,0.8467590277777778,0.8001742698985813,0.45395833333333335
held_out,discopatch,frost,5,common,pooled,0.8717724826388888,0.8295802088592525,0.3883333333333333
held_out,discopatch,fog,1,common,pooled,0.6038299696180556,0.5887462683487861,0.8929166666666667
held_out,discopatch,fog,2,common,pooled,0.6550461805555555,0.6348833449942639,0.85
held_out,discopatch,fog,3,common,pooled,0.7246146701388889,0.6993708159580376,0.755625
held_out,discopatch,fog,4,common,pooled,0.75569453125,0.7341555907610555,0.7175
held_out,discopatch,fog,5,common,pooled,0.8383141493055556,0.8222931714988774,0.5333333333333333
held_out,discopatch,brightness,1,common,pooled,0.4903171440972222,0.4900325367732214,0.9479166666666666
held_out,discopatch,brightness,2,common,pooled,0.49042337239583333,0.48437770520520207,0.9416666666666667
held_out,discopatch,brightness,3,common,pooled,0.4984126519097222,0.48449621344541466,0.9310416666666667
held_out,discopatch,brightness,4,common,pooled,0.5110512586805556,0.48843463821715627,0.9141666666666667
held_out,discopatch,brightness,5,common,pooled,0.5221454427083333,0.4920071573221125,0.8929166666666667
held_out,discopatch,contrast,1,common,pooled,0.5433912760416667,0.5253242453671467,0.9275
held_out,discopatch,contrast,2,common,pooled,0.5659618055555555,0.5388940694375186,0.9064583333333334
held_out,discopatch,contrast,3,common,pooled,0.6051818142361111,0.5655911560456525,0.8685416666666667
held_out,discopatch,contrast,4,common,pooled,0.690773828125,0.639745640000823,0.715
held_out,discopatch,contrast,5,common,pooled,0.77742578125,0.7325022300359032,0.576875
held_out,discopatch,elastic_transform,1,common,pooled,0.6091419270833334,0.5715761935520938,0.85375
held_out,discopatch,elastic_transform,2,common,pooled,0.6416735243055556,0.5951867646981293,0.8079166666666666
held_out,discopatch,elastic_transform,3,common,pooled,0.6772428819444445,0.62199026983608,0.7458333333333333
held_out,discopatch,elastic_transform,4,common,pooled,0.6988423177083334,0.6387942023255513,0.7045833333333333
held_out,discopatch,elastic_transform,5,common,pooled,0.7211977430555555,0.6560417965492232,0.6579166666666667
held_out,discopatch,pixelate,1,common,pooled,0.5474745225694444,0.533503425322289,0.9222916666666666
held_out,discopatch,pixelate,2,common,pooled,0.5551071180555556,0.539418318823522,0.9164583333333334
held_out,discopatch,pixelate,3,common,pooled,0.6409729600694445,0.604903123078055,0.835
held_out,discopatch,pixelate,4,common,pooled,0.7178536458333333,0.6730998240558584,0.7135416666666666
held_out,discopatch,pixelate,5,common,pooled,0.7542373263888889,0.704681788552163,0.6433333333333333
held_out,discopatch,jpeg_compression,1,common,pooled,0.6288834201388889,0.5685589451239389,0.8125
held_out,discopatch,jpeg_compression,2,common,pooled,0.6412691840277778,0.5694235888960857,0.7770833333333333
held_out,discopatch,jpeg_compression,3,common,pooled,0.6453393663194444,0.5670144980316753,0.7479166666666667
held_out,discopatch,jpeg_compression,4,common,pooled,0.6306345052083333,0.5449019830355292,0.7183333333333334
held_out,discopatch,jpeg_compression,5,common,pooled,0.5927468098958333,0.5132294875876595,0.7283333333333334
held_out,discopatch,speckle_noise,1,extra,pooled,0.8030424913194445,0.7783334800141015,0.583125
held_out,discopatch,speckle_noise,2,extra,pooled,0.8595955512152778,0.8371178287038255,0.44583333333333336
held_out,discopatch,speckle_noise,3,extra,pooled,0.9398990885416667,0.9270815945204145,0.22104166666666666
held_out,discopatch,speckle_noise,4,extra,pooled,0.960733984375,0.9517635408877346,0.15708333333333332
held_out,discopatch,speckle_noise,5,extra,pooled,0.9744625868055555,0.9681158251204085,0.11083333333333334
held_out,discopatch,gaussian_blur,1,extra,pooled,0.5550108940972223,0.5410816949713994,0.92625
held_out,discopatch,gaussian_blur,2,extra,pooled,0.7122749565972222,0.6696130767560982,0.7479166666666667
held_out,discopatch,gaussian_blur,3,extra,pooled,0.8014486545138889,0.7518962176926894,0.5670833333333334
held_out,discopatch,gaussian_blur,4,extra,pooled,0.840256640625,0.7887818173286812,0.4635416666666667
held_out,discopatch,gaussian_blur,5,extra,pooled,0.8676076388888889,0.811441269076017,0.3829166666666667
held_out,discopatch,spatter,1,extra,pooled,0.5220349392361111,0.5151985316158146,0.9385416666666667
held_out,discopatch,spatter,2,extra,pooled,0.6847913194444445,0.6284425528265127,0.7408333333333333
held_out,discopatch,spatter,3,extra,pooled,0.8146447482638889,0.7616719820719764,0.505625
held_out,discopatch,spatter,4,extra,pooled,0.8329130208333333,0.7703193748456072,0.4216666666666667
held_out,discopatch,spatter,5,extra,pooled,0.892807421875,0.8385928066333024,0.29083333333333333
held_out,discopatch,saturate,1,extra,pooled,0.6534361979166666,0.6195884288748779,0.8166666666666667
held_out,discopatch,saturate,2,extra,pooled,0.7638774739583334,0.721878278169435,0.615
held_out,discopatch,saturate,3,extra,pooled,0.46895792100694444,0.4727919124850831,0.956875
held_out,discopatch,saturate,4,extra,pooled,0.5144904513888889,0.4862906164149697,0.9
held_out,discopatch,saturate,5,extra,pooled,0.562773046875,0.5048076251054869,0.814375
held_out,cdf,gaussian_noise,1,common,pooled,0.8481267361111111,0.7613087372995382,0.3439583333333333
held_out,cdf,gaussian_noise,2,common,pooled,0.9516037760416667,0.9051864739170533,0.108125
held_out,cdf,gaussian_noise,3,common,pooled,0.9910805555555555,0.979042404107231,0.018541666666666668
held_out,cdf,gaussian_noise,4,common,pooled,0.9983572048611111,0.9965146144895427,0.0035416666666666665
held_out,cdf,gaussian_noise,5,common,pooled,0.9998695746527778,0.9997980375194641,0.00020833333333333335
held_out,cdf,shot_noise,1,common,pooled,0.8357854166666666,0.759701687236531,0.38666666666666666
held_out,cdf,shot_noise,2,common,pooled,0.9524066840277777,0.9174311925423027,0.119375
held_out,cdf,shot_noise,3,common,pooled,0.9896892795138889,0.9809271752871057,0.027916666666666666
held_out,cdf,shot_noise,4,common,pooled,0.9989529513888888,0.9983734386660126,0.0035416666666666665
held_out,cdf,shot_noise,5,common,pooled,0.9998378038194444,0.9997977547631753,0.0004166666666666667
held_out,cdf,impulse_noise,1,common,pooled,0.9951737847222222,0.9914142429496909,0.013958333333333333
held_out,cdf,impulse_noise,2,common,pooled,0.9948451822916666,0.989995609486549,0.01375
held_out,cdf,impulse_noise,3,common,pooled,0.9963553819444444,0.992422853980692,0.007916666666666667
held_out,cdf,impulse_noise,4,common,pooled,0.9992408420138889,0.9985422889308814,0.0016666666666666668
held_out,cdf,impulse_noise,5,common,pooled,0.9998884982638889,0.9998408054022104,0.00020833333333333335
held_out,cdf,defocus_blur,1,common,pooled,0.7335916232638889,0.6629997485202912,0.6252083333333334
held_out,cdf,defocus_blur,2,common,pooled,0.814996875,0.7421166161897417,0.445625
held_out,cdf,defocus_blur,3,common,pooled,0.8965513454861112,0.8380423938938063,0.25916666666666666
held_out,cdf,defocus_blur,4,common,pooled,0.9356172309027778,0.8916231615920107,0.16125
held_out,cdf,defocus_blur,5,common,pooled,0.9571543402777778,0.9241036155274771,0.10833333333333334
held_out,cdf,glass_blur,1,common,pooled,0.6154557291666667,0.5671854456340344,0.8072916666666666
held_out,cdf,glass_blur,2,common,pooled,0.7096109809027777,0.6391173690614586,0.65
held_out,cdf,glass_blur,3,common,pooled,0.7975884114583334,0.7142205258465814,0.455
held_out,cdf,glass_blur,4,common,pooled,0.8325875434027777,0.7522149535410726,0.38395833333333335
held_out,cdf,glass_blur,5,common,pooled,0.8991032118055555,0.8340238849986279,0.23229166666666667
held_out,cdf,motion_blur,1,common,pooled,0.6558608072916666,0.602748424020277,0.7645833333333333
held_out,cdf,motion_blur,2,common,pooled,0.7607186197916667,0.6925715537442103,0.5666666666666667
held_out,cdf,motion_blur,3,common,pooled,0.8533499565972222,0.7871702684538069,0.35833333333333334
held_out,cdf,motion_blur,4,common,pooled,0.9129461805555555,0.8596921076000752,0.21520833333333333
held_out,cdf,motion_blur,5,common,pooled,0.9364213975694444,0.8926255251006643,0.15479166666666666
held_out,cdf,zoom_blur,1,common,pooled,0.7155778645833333,0.6520925635419291,0.6620833333333334
held_out,cdf,zoom_blur,2,common,pooled,0.7774807291666667,0.7057279170865481,0.52375
held_out,cdf,zoom_blur,3,common,pooled,0.7418825086805556,0.6775317641609367,0.6185416666666667
held_out,cdf,zoom_blur,4,common,pooled,0.7788396267361111,0.7102972729083092,0.5295833333333333
held_out,cdf,zoom_blur,5,common,pooled,0.7489345052083334,0.6823021800128,0.5883333333333334
held_out,cdf,snow,1,common,pooled,0.8368054253472222,0.7810275334572647,0.42854166666666665
held_out,cdf,snow,2,common,pooled,0.9377775607638889,0.9003301153867675,0.16791666666666666
held_out,cdf,snow,3,common,pooled,0.9348242621527778,0.8981636583069165,0.18
held_out,cdf,snow,4,common,pooled,0.9625595052083333,0.9383797132249323,0.10604166666666667
held_out,cdf,snow,5,common,pooled,0.9592771267361111,0.9341108819208866,0.11041666666666666
held_out,cdf,frost,1,common,pooled,0.6160713107638889,0.5835517490616624,0.8302083333333333
held_out,cdf,frost,2,common,pooled,0.7199371961805555,0.6490190105169225,0.63125
held_out,cdf,frost,3,common,pooled,0.7879690972222222,0.7058051021332846,0.49270833333333336
held_out,cdf,frost,4,common,pooled,0.7840364583333334,0.6963237973525844,0.48583333333333334
held_out,cdf,frost,5,common,pooled,0.8192821614583333,0.7302388095437459,0.4075
held_out,cdf,fog,1,common,pooled,0.7011572048611111,0.634724099135978,0.6927083333333334
held_out,cdf,fog,2,common,pooled,0.7549776909722222,0.6844735542667599,0.6014583333333333
held_out,cdf,fog,3,common,pooled,0.7877614149305555,0.7145477829334568,0.5345833333333333
held_out,cdf,fog,4,common,pooled,0.7633447482638889,0.6776500585167216,0.565625
held_out,cdf,fog,5,common,pooled,0.7593894965277778,0.6603522868640882,0.5345833333333333
held_out,cdf,brightness,1,common,pooled,0.5274786458333334,0.523258711438291,0.9370833333333334
held_out,cdf,brightness,2,common,pooled,0.5939043836805555,0.5742453074872342,0.8845833333333334
held_out,cdf,brightness,3,common,pooled,0.6717643229166667,0.6360779411192651,0.7791666666666667
held_out,cdf,brightness,4,common,pooled,0.7513856770833334,0.7036813359499865,0.6377083333333333
held_out,cdf,brightness,5,common,pooled,0.8193064670138889,0.7671286405002659,0.47833333333333333
held_out,cdf,contrast,1,common,pooled,0.7708560763888889,0.7144368936819394,0.5985416666666666
held_out,cdf,contrast,2,common,pooled,0.8499181857638889,0.7983758330331856,0.41583333333333333
held_out,cdf,contrast,3,common,pooled,0.9232233940972222,0.8868855332127896,0.22708333333333333
held_out,cdf,contrast,4,common,pooled,0.9782312065972222,0.963634259656184,0.06354166666666666
held_out,cdf,contrast,5,common,pooled,0.9939231770833333,0.9889049730534448,0.016666666666666666
held_out,cdf,elastic_transform,1,common,pooled,0.4962314236111111,0.4888351212987396,0.945
held_out,cdf,elastic_transform,2,common,pooled,0.516396875,0.4991315772558651,0.9277083333333334
held_out,cdf,elastic_transform,3,common,pooled,0.5532546440972222,0.5200199932595406,0.8927083333333333
held_out,cdf,elastic_transform,4,common,pooled,0.5870584635416667,0.5412721679367678,0.8547916666666666
held_out,cdf,elastic_transform,5,common,pooled,0.6367583333333333,0.5759213581950644,0.7872916666666666
held_out,cdf,pixelate,1,common,pooled,0.5324305555555555,0.5097943271086768,0.908125
held_out,cdf,pixelate,2,common,pooled,0.5727058159722223,0.5329396814199905,0.8554166666666667
held_out,cdf,pixelate,3,common,pooled,0.7246592881944445,0.6575562880709728,0.6475
held_out,cdf,pixelate,4,common,pooled,0.86549609375,0.8092841804369252,0.3729166666666667
held_out,cdf,pixelate,5,common,pooled,0.9362672309027777,0.9083065948696353,0.2
held_out,cdf,jpeg_compression,1,common,pooled,0.6315190972222222,0.5818297879375998,0.77375
held_out,cdf,jpeg_compression,2,common,pooled,0.735658984375,0.6655886511710049,0.5939583333333334
held_out,cdf,jpeg_compression,3,common,pooled,0.7951862413194445,0.7218734995115991,0.475625
held_out,cdf,jpeg_compression,4,common,pooled,0.9039099826388889,0.8478332333777474,0.24416666666666667
held_out,cdf,jpeg_compression,5,common,pooled,0.9532961805555555,0.9197417034741004,0.125
held_out,cdf,speckle_noise,1,extra,pooled,0.7353644097222222,0.6728800997020915,0.6222916666666667
held_out,cdf,speckle_noise,2,extra,pooled,0.8306057291666666,0.7748772826956295,0.440625
held_out,cdf,speckle_noise,3,extra,pooled,0.9624745659722223,0.9476574240682492,0.13208333333333333
held_out,cdf,speckle_noise,4,extra,pooled,0.9848614583333334,0.979687895958601,0.06208333333333333
held_out,cdf,speckle_noise,5,extra,pooled,0.9947275173611111,0.9934118521470628,0.023125
held_out,cdf,gaussian_blur,1,extra,pooled,0.6138349392361111,0.5663687095490493,0.8227083333333334
held_out,cdf,gaussian_blur,2,extra,pooled,0.8046493055555556,0.7296256129890955,0.46625
held_out,cdf,gaussian_blur,3,extra,pooled,0.8990395833333333,0.84025649571227,0.2520833333333333
held_out,cdf,gaussian_blur,4,extra,pooled,0.9440591579861111,0.9032496564572257,0.139375
held_out,cdf,gaussian_blur,5,extra,pooled,0.9777332899305555,0.9572592398133739,0.055
held_out,cdf,spatter,1,extra,pooled,0.49556944444444445,0.49374931377712883,0.9460416666666667
held_out,cdf,spatter,2,extra,pooled,0.7064423177083333,0.6414315147702206,0.6695833333333333
held_out,cdf,spatter,3,extra,pooled,0.8560779513888889,0.7966721874301451,0.37958333333333333
held_out,cdf,spatter,4,extra,pooled,0.9234019965277778,0.9005426024231871,0.24541666666666667
held_out,cdf,spatter,5,extra,pooled,0.9676061631944445,0.9551214224545637,0.10833333333333334
held_out,cdf,saturate,1,extra,pooled,0.48662037760416665,0.4821569356468445,0.9370833333333334
held_out,cdf,saturate,2,extra,pooled,0.5388942491319444,0.5124592854589175,0.8864583333333333
held_out,cdf,saturate,3,extra,pooled,0.5822436848958333,0.5640878649761782,0.908125
held_out,cdf,saturate,4,extra,pooled,0.7476766927083334,0.6934994535211004,0.655625
held_out,cdf,saturate,5,extra,pooled,0.8598874131944444,0.8046466330978953,0.37916666666666665
held_out,cdf_sum,gaussian_noise,1,common,pooled,0.8034619357638889,0.7145836754609158,0.4510416666666667
held_out,cdf_sum,gaussian_noise,2,common,pooled,0.9237059678819445,0.8627614034349,0.176875
held_out,cdf_sum,gaussian_noise,3,common,pooled,0.9818591145833333,0.962209457670501,0.03958333333333333
held_out,cdf_sum,gaussian_noise,4,common,pooled,0.9965679253472223,0.9929207090440746,0.007083333333333333
held_out,cdf_sum,gaussian_noise,5,common,pooled,0.9996710503472223,0.9994344508639716,0.0008333333333333334
held_out,cdf_sum,shot_noise,1,common,pooled,0.7901575954861111,0.7118185388395116,0.495625
held_out,cdf_sum,shot_noise,2,common,pooled,0.9248630642361111,0.8764250211978525,0.18791666666666668
held_out,cdf_sum,shot_noise,3,common,pooled,0.9796138888888889,0.9640304077676249,0.055
held_out,cdf_sum,shot_noise,4,common,pooled,0.9975445746527778,0.9960273815043102,0.006666666666666667
held_out,cdf_sum,shot_noise,5,common,pooled,0.9995536892361111,0.9993804182128897,0.0014583333333333334
held_out,cdf_sum,impulse_noise,1,common,pooled,0.9947986979166666,0.9920658579883651,0.016875
held_out,cdf_sum,impulse_noise,2,common,pooled,0.9922397135416666,0.9867237897329335,0.021666666666666667
held_out,cdf_sum,impulse_noise,3,common,pooled,0.9933966145833333,0.987753772813891,0.016666666666666666
held_out,cdf_sum,impulse_noise,4,common,pooled,0.9982807725694445,0.9967154336946713,0.004375
held_out,cdf_sum,impulse_noise,5,common,pooled,0.9997299045138889,0.9995348126234098,0.000625
held_out,cdf_sum,defocus_blur,1,common,pooled,0.7016792534722223,0.635146703622056,0.6970833333333334
held_out,cdf_sum,defocus_blur,2,common,pooled,0.786284375,0.7119344624817727,0.5225
held_out,cdf_sum,defocus_blur,3,common,pooled,0.8791760850694444,0.814262038651926,0.30833333333333335
held_out,cdf_sum,defocus_blur,4,common,pooled,0.9254037326388889,0.875048078034651,0.186875
held_out,cdf_sum,defocus_blur,5,common,pooled,0.9510056857638889,0.9128786372972593,0.12291666666666666
held_out,cdf_sum,glass_blur,1,common,pooled,0.5905633029513889,0.5495133258918734,0.853125
held_out,cdf_sum,glass_blur,2,common,pooled,0.6835999782986111,0.6168498868333043,0.7058333333333333
held_out,cdf_sum,glass_blur,3,common,pooled,0.7933675347222222,0.7068146453597481,0.47375
held_out,cdf_sum,glass_blur,4,common,pooled,0.8294101128472222,0.7446904824570152,0.3985416666666667
held_out,cdf_sum,glass_blur,5,common,pooled,0.89516875,0.8246240457736442,0.24104166666666665
held_out,cdf_sum,motion_blur,1,common,pooled,0.6404238715277778,0.5933756982065684,0.799375
held_out,cdf_sum,motion_blur,2,common,pooled,0.7463733940972223,0.6819251613461241,0.6166666666666667
held_out,cdf_sum,motion_blur,3,common,pooled,0.8460274305555555,0.7802210452768433,0.389375
held_out,cdf_sum,motion_blur,4,common,pooled,0.9111911892361111,0.8583425323280476,0.21979166666666666
held_out,cdf_sum,motion_blur,5,common,pooled,0.9364022135416666,0.8933711939693552,0.16125
held_out,cdf_sum,zoom_blur,1,common,pooled,0.6958501736111111,0.6291123267123988,0.694375
held_out,cdf_sum,zoom_blur,2,common,pooled,0.7633938151041667,0.6851856960618088,0.5491666666666667
held_out,cdf_sum,zoom_blur,3,common,pooled,0.7266072482638889,0.6563828811335131,0.6375
held_out,cdf_sum,zoom_blur,4,common,pooled,0.7665881510416667,0.690603378705267,0.5477083333333334
held_out,cdf_sum,zoom_blur,5,common,pooled,0.7334723090277778,0.661134521408873,0.6133333333333333
held_out,cdf_sum,snow,1,common,pooled,0.8273110677083333,0.7784370715359983,0.4822916666666667
held_out,cdf_sum,snow,2,common,pooled,0.9179278211805556,0.8772674860206022,0.22875
held_out,cdf_sum,snow,3,common,pooled,0.9242873697916667,0.8897157828797801,0.22145833333333334
held_out,cdf_sum,snow,4,common,pooled,0.9541254774305555,0.930326236685943,0.14166666666666666
held_out,cdf_sum,snow,5,common,pooled,0.9445197916666667,0.9153469093068889,0.159375
held_out,cdf_sum,frost,1,common,pooled,0.5594168836805555,0.5397961952339764,0.8854166666666666
held_out,cdf_sum,frost,2,common,pooled,0.6568101128472222,0.5957181902939812,0.7435416666666667
held_out,cdf_sum,frost,3,common,pooled,0.7305974826388889,0.6512928834681173,0.6127083333333333
held_out,cdf_sum,frost,4,common,pooled,0.7288041232638889,0.6456081249583637,0.60875
held_out,cdf_sum,frost,5,common,pooled,0.7689727864583333,0.6808564904243932,0.53875
held_out,cdf_sum,fog,1,common,pooled,0.6663635416666667,0.6095814929935979,0.7627083333333333
held_out,cdf_sum,fog,2,common,pooled,0.7182971788194444,0.6545639661859375,0.6870833333333334
held_out,cdf_sum,fog,3,common,pooled,0.7512581380208333,0.6818327833904017,0.6252083333333334
held_out,cdf_sum,fog,4,common,pooled,0.7220960286458333,0.6425255889208125,0.6547916666666667
held_out,cdf_sum,fog,5,common,pooled,0.7114951822916666,0.6205199095727548,0.636875
held_out,cdf_sum,brightness,1,common,pooled,0.5167804036458333,0.5146503410096495,0.943125
held_out,cdf_sum,brightness,2,common,pooled,0.5641782986111111,0.5498313028690952,0.9110416666666666
held_out,cdf_sum,brightness,3,common,pooled,0.6235652994791666,0.5941606690266408,0.8414583333333333
held_out,cdf_sum,brightness,4,common,pooled,0.6905986111111111,0.6465933253337961,0.7404166666666666
held_out,cdf_sum,brightness,5,common,pooled,0.7548285590277778,0.700943117858485,0.6177083333333333
held_out,cdf_sum,contrast,1,common,pooled,0.7312551866319444,0.6788592018256001,0.694375
held_out,cdf_sum,contrast,2,common,pooled,0.8131049045138888,0.7598501531762923,0.525
held_out,cdf_sum,contrast,3,common,pooled,0.898117578125,0.8552324603857955,0.309375
held_out,cdf_sum,contrast,4,common,pooled,0.9697450954861111,0.9506678847229524,0.09333333333333334
held_out,cdf_sum,contrast,5,common,pooled,0.9915088541666667,0.9852507672197885,0.023958333333333335
held_out,cdf_sum,elastic_transform,1,common,pooled,0.49195227864583335,0.48684511868461633,0.951875
held_out,cdf_sum,elastic_transform,2,common,pooled,0.515315234375,0.4991276369966508,0.933125
held_out,cdf_sum,elastic_transform,3,common,pooled,0.5594364149305555,0.5252582962613024,0.8891666666666667
held_out,cdf_sum,elastic_transform,4,common,pooled,0.6003338541666666,0.5528643692770514,0.84625
held_out,cdf_sum,elastic_transform,5,common,pooled,0.6600713758680555,0.5982351787407709,0.7725
held_out,cdf_sum,pixelate,1,common,pooled,0.5336735243055556,0.5117510230199551,0.9035416666666667
held_out,cdf_sum,pixelate,2,common,pooled,0.5763345920138889,0.5369784399361225,0.8547916666666666
held_out,cdf_sum,pixelate,3,common,pooled,0.7379077039930556,0.6791993754555147,0.6414583333333334
held_out,cdf_sum,pixelate,4,common,pooled,0.8817722222222222,0.837718495423966,0.3516666666666667
held_out,cdf_sum,pixelate,5,common,pooled,0.9471575954861111,0.9279036842514155,0.17291666666666666
held_out,cdf_sum,jpeg_compression,1,common,pooled,0.6366794053819445,0.5873506554020841,0.7702083333333334
held_out,cdf_sum,jpeg_compression,2,common,pooled,0.7509622612847222,0.6817893829727355,0.5858333333333333
held_out,cdf_sum,jpeg_compression,3,common,pooled,0.8153187282986111,0.7448919023095051,0.451875
held_out,cdf_sum,jpeg_compression,4,common,pooled,0.9241078559027778,0.8769043869042951,0.20104166666666667
held_out,cdf_sum,jpeg_compression,5,common,pooled,0.9667233506944445,0.9422448378091179,0.0975
held_out,cdf_sum,speckle_noise,1,extra,pooled,0.6921006510416666,0.6340964383483074,0.7079166666666666
held_out,cdf_sum,speckle_noise,2,extra,pooled,0.7857133680555556,0.7259751750465314,0.5410416666666666
held_out,cdf_sum,speckle_noise,3,extra,pooled,0.9398360243055556,0.9165262480075118,0.19416666666666665
held_out,cdf_sum,speckle_noise,4,extra,pooled,0.9726266927083334,0.9628774367232504,0.103125
held_out,cdf_sum,speckle_noise,5,extra,pooled,0.9893958333333334,0.9864409941818393,0.04145833333333333
held_out,cdf_sum,gaussian_blur,1,extra,pooled,0.5898890625,0.5497129209650542,0.8633333333333333
held_out,cdf_sum,gaussian_blur,2,extra,pooled,0.7758334418402778,0.7001158888785264,0.5425
held_out,cdf_sum,gaussian_blur,3,extra,pooled,0.8808462022569444,0.8156439134959714,0.30354166666666665
held_out,cdf_sum,gaussian_blur,4,extra,pooled,0.9343249565972223,0.8872099885626537,0.16541666666666666
held_out,cdf_sum,gaussian_blur,5,extra,pooled,0.9749198784722222,0.9514499686967433,0.06166666666666667
held_out,cdf_sum,spatter,1,extra,pooled,0.4993107421875,0.49739713164860644,0.94625
held_out,cdf_sum,spatter,2,extra,pooled,0.728271484375,0.66884298647725,0.6625
held_out,cdf_sum,spatter,3,extra,pooled,0.8612445746527778,0.8113021039273713,0.3910416666666667
held_out,cdf_sum,spatter,4,extra,pooled,0.9288950086805555,0.910673259437645,0.24020833333333333
held_out,cdf_sum,spatter,5,extra,pooled,0.9697518229166666,0.9592772172460896,0.10416666666666667
held_out,cdf_sum,saturate,1,extra,pooled,0.4762843098958333,0.4762160435338145,0.946875
held_out,cdf_sum,saturate,2,extra,pooled,0.5208427734375,0.5013967979957574,0.9047916666666667
held_out,cdf_sum,saturate,3,extra,pooled,0.5633862630208334,0.5478886167392465,0.9191666666666667
held_out,cdf_sum,saturate,4,extra,pooled,0.7010554253472222,0.6489027047490091,0.7272916666666667
held_out,cdf_sum,saturate,5,extra,pooled,0.8099561631944444,0.7491841175670004,0.49854166666666666
screen,two_axis,gaussian_noise,1,common,pooled,0.991125,0.9890305493582502,0.03
screen,two_axis,gaussian_noise,2,common,pooled,0.999975,0.9999751243781094,0.0
screen,two_axis,gaussian_noise,3,common,pooled,1.0,1.0,0.0
screen,two_axis,gaussian_noise,4,common,pooled,1.0,1.0,0.0
screen,two_axis,gaussian_noise,5,common,pooled,1.0,1.0,0.0
screen,two_axis,shot_noise,1,common,pooled,0.9803,0.9781080624532092,0.06
screen,two_axis,shot_noise,2,common,pooled,0.998875,0.9988760304135393,0.005
screen,two_axis,shot_noise,3,common,pooled,1.0,1.0,0.0
screen,two_axis,shot_noise,4,common,pooled,1.0,1.0,0.0
screen,two_axis,shot_noise,5,common,pooled,1.0,1.0,0.0
screen,two_axis,impulse_noise,1,common,pooled,1.0,1.0,0.0
screen,two_axis,impulse_noise,2,common,pooled,1.0,1.0,0.0
screen,two_axis,impulse_noise,3,common,pooled,1.0,1.0,0.0
screen,two_axis,impulse_noise,4,common,pooled,1.0,1.0,0.0
screen,two_axis,impulse_noise,5,common,pooled,1.0,1.0,0.0
screen,two_axis,defocus_blur,1,common,pooled,0.83625,0.7802033486766422,0.455
screen,two_axis,defocus_blur,2,common,pooled,0.894475,0.8507958040482648,0.285
screen,two_axis,defocus_blur,3,common,pooled,0.9398,0.9082993492125333,0.175
screen,two_axis,defocus_blur,4,common,pooled,0.9631,0.9422246616451553,0.085
screen,two_axis,defocus_blur,5,common,pooled,0.972375,0.9574633070860807,0.07
screen,two_axis,glass_blur,1,common,pooled,0.753975,0.6890130517193616,0.55
screen,two_axis,glass_blur,2,common,pooled,0.820325,0.754648678818632,0.485
screen,two_axis,glass_blur,3,common,pooled,0.864925,0.795483852923728,0.335
screen,two_axis,glass_blur,4,common,pooled,0.884425,0.8293591266919635,0.275
screen,two_axis,glass_blur,5,common,pooled,0.938775,0.9086552070965235,0.185
screen,two_axis,motion_blur,1,common,pooled,0.796725,0.7496594253757944,0.56
screen,two_axis,motion_blur,2,common,pooled,0.8852,0.8479977927889596,0.3
screen,two_axis,motion_blur,3,common,pooled,0.934675,0.9114791621738481,0.205
screen,two_axis,motion_blur,4,common,pooled,0.958125,0.942390638318029,0.145
screen,two_axis,motion_blur,5,common,pooled,0.969475,0.9573855925258398,0.085
screen,two_axis,zoom_blur,1,common,pooled,0.751575,0.6871566617853684,0.63
screen,two_axis,zoom_blur,2,common,pooled,0.760475,0.6920962197812495,0.57
screen,two_axis,zoom_blur,3,common,pooled,0.77625,0.7111492411858686,0.6
screen,two_axis,zoom_blur,4,common,pooled,0.779625,0.713415281861282,0.57
screen,two_axis,zoom_blur,5,common,pooled,0.810175,0.742496607485,0.5
screen,two_axis,snow,1,common,pooled,0.94975,0.9422070929879196,0.17
screen,two_axis,snow,2,common,pooled,0.985925,0.9843746750892508,0.055
screen,two_axis,snow,3,common,pooled,0.982825,0.9807910047730882,0.075
screen,two_axis,snow,4,common,pooled,0.987325,0.9858861376069227,0.045
screen,two_axis,snow,5,common,pooled,0.985375,0.9830644814944787,0.055
screen,two_axis,frost,1,common,pooled,0.6197,0.5808995109636257,0.775
screen,two_axis,frost,2,common,pooled,0.751825,0.6725931788046173,0.535
screen,two_axis,frost,3,common,pooled,0.79355,0.7169902305347728,0.455
screen,two_axis,frost,4,common,pooled,0.82025,0.742062028341251,0.46
screen,two_axis,frost,5,common,pooled,0.832475,0.7534380971467356,0.39
screen,two_axis,fog,1,common,pooled,0.804125,0.7562003081187889,0.58
screen,two_axis,fog,2,common,pooled,0.827425,0.7838883771081029,0.465
screen,two_axis,fog,3,common,pooled,0.83715,0.7940572569616483,0.455
screen,two_axis,fog,4,common,pooled,0.82605,0.7809312924397398,0.485
screen,two_axis,fog,5,common,pooled,0.83475,0.7823625825567032,0.465
screen,two_axis,brightness,1,common,pooled,0.534275,0.5332161788610943,0.915
screen,two_axis,brightness,2,common,pooled,0.57425,0.5672763839901396,0.895
screen,two_axis,brightness,3,common,pooled,0.625625,0.6159457138451869,0.845
screen,two_axis,brightness,4,common,pooled,0.70725,0.6862232554454216,0.725
screen,two_axis,brightness,5,common,pooled,0.781475,0.7551029553856123,0.615
screen,two_axis,contrast,1,common,pooled,0.816325,0.7653728710763716,0.5
screen,two_axis,contrast,2,common,pooled,0.875075,0.8272749178707322,0.355
screen,two_axis,contrast,3,common,pooled,0.921875,0.889832894265041,0.215
screen,two_axis,contrast,4,common,pooled,0.960625,0.9476536479789114,0.145
screen,two_axis,contrast,5,common,pooled,0.9867,0.9837165743586996,0.04
screen,two_axis,elastic_transform,1,common,pooled,0.60895,0.5785186853210704,0.89
screen,two_axis,elastic_transform,2,common,pooled,0.63745,0.6008962042448669,0.85
screen,two_axis,elastic_transform,3,common,pooled,0.675975,0.6350025771524385,0.8
screen,two_axis,elastic_transform,4,common,pooled,0.700325,0.6616680513868309,0.78
screen,two_axis,elastic_transform,5,common,pooled,0.7338,0.6995743012192371,0.73
screen,two_axis,pixelate,1,common,pooled,0.6975,0.6557968924575592,0.775
screen,two_axis,pixelate,2,common,pooled,0.728975,0.6804210372666821,0.715
screen,two_axis,pixelate,3,common,pooled,0.86945,0.8385920910695159,0.445
screen,two_axis,pixelate,4,common,pooled,0.9418,0.9330222901171044,0.25
screen,two_axis,pixelate,5,common,pooled,0.973475,0.9721064279476561,0.145
screen,two_axis,jpeg_compression,1,common,pooled,0.85345,0.785289218344156,0.355
screen,two_axis,jpeg_compression,2,common,pooled,0.914025,0.8684311499767828,0.26
screen,two_axis,jpeg_compression,3,common,pooled,0.9356,0.9055207230402916,0.22
screen,two_axis,jpeg_compression,4,common,pooled,0.978225,0.973169122810424,0.075
screen,two_axis,jpeg_compression,5,common,pooled,0.993125,0.9925788263546109,0.03
screen,two_axis,speckle_noise,1,extra,pooled,0.91845,0.9138337462760656,0.285
screen,two_axis,speckle_noise,2,extra,pooled,0.960375,0.9638965406456527,0.215
screen,two_axis,speckle_noise,3,extra,pooled,0.99595,0.9962532244797505,0.02
screen,two_axis,speckle_noise,4,extra,pooled,0.999,0.9990178017004859,0.0
screen,two_axis,speckle_noise,5,extra,pooled,0.9998,0.9998034386168261,0.0
screen,two_axis,gaussian_blur,1,extra,pooled,0.7141,0.660444217673563,0.715
screen,two_axis,gaussian_blur,2,extra,pooled,0.895475,0.8532048972974868,0.29
screen,two_axis,gaussian_blur,3,extra,pooled,0.950925,0.9260104024512441,0.145
screen,two_axis,gaussian_blur,4,extra,pooled,0.973025,0.9577458480582429,0.065
screen,two_axis,gaussian_blur,5,extra,pooled,0.986025,0.9803709755272713,0.03
screen,two_axis,spatter,1,extra,pooled,0.5524,0.5368966523046347,0.87
screen,two_axis,spatter,2,extra,pooled,0.877875,0.8337744155646154,0.37
screen,two_axis,spatter,3,extra,pooled,0.96165,0.9523472788580245,0.17
screen,two_axis,spatter,4,extra,pooled,0.995925,0.9960039127581561,0.03
screen,two_axis,spatter,5,extra,pooled,0.99965,0.9996559673736269,0.0
screen,two_axis,saturate,1,extra,pooled,0.5071125,0.4979962950123373,0.885
screen,two_axis,saturate,2,extra,pooled,0.5641875,0.5274514362867366,0.845
screen,two_axis,saturate,3,extra,pooled,0.5775625,0.5779706282492076,0.88
screen,two_axis,saturate,4,extra,pooled,0.789025,0.7864779458123036,0.705
screen,two_axis,saturate,5,extra,pooled,0.8735,0.8835027075656693,0.64
screen,peak_share,gaussian_noise,1,common,pooled,0.96495,0.9337306059226078,0.09
screen,peak_share,gaussian_noise,2,common,pooled,0.987325,0.9785074586042448,0.035
screen,peak_share,gaussian_noise,3,common,pooled,0.99705,0.9965012309354113,0.01
screen,peak_share,gaussian_noise,4,common,pooled,1.0,1.0,0.0
screen,peak_share,gaussian_noise,5,common,pooled,1.0,1.0,0.0
screen,peak_share,shot_noise,1,common,pooled,0.949725,0.9205182551284792,0.125
screen,peak_share,shot_noise,2,common,pooled,0.98235,0.972893769284574,0.045
screen,peak_share,shot_noise,3,common,pooled,0.994225,0.9927993431136537,0.025
screen,peak_share,shot_noise,4,common,pooled,0.999225,0.9992135398844582,0.005
screen,peak_share,shot_noise,5,common,pooled,0.999775,0.9997751118387825,0.0
screen,peak_share,impulse_noise,1,common,pooled,0.99315,0.9904539233297218,0.025
screen,peak_share,impulse_noise,2,common,pooled,0.994,0.9912426305105202,0.01
screen,peak_share,impulse_noise,3,common,pooled,0.99645,0.9955986450392154,0.01
screen,peak_share,impulse_noise,4,common,pooled,1.0,1.0,0.0
screen,peak_share,impulse_noise,5,common,pooled,1.0,1.0,0.0
screen,peak_share,defocus_blur,1,common,pooled,0.90965,0.8578683229673982,0.21
screen,peak_share,defocus_blur,2,common,pooled,0.952875,0.9200151641793166,0.125
screen,peak_share,defocus_blur,3,common,pooled,0.978225,0.9644974978230295,0.045
screen,peak_share,defocus_blur,4,common,pooled,0.988425,0.9821727828940285,0.03
screen,peak_share,defocus_blur,5,common,pooled,0.993425,0.9907633160969456,0.01
screen,peak_share,glass_blur,1,common,pooled,0.80395,0.7308093342531014,0.435
screen,peak_share,glass_blur,2,common,pooled,0.88295,0.8204062360052876,0.25
screen,peak_share,glass_blur,3,common,pooled,0.91645,0.8631613474359985,0.17
screen,peak_share,glass_blur,4,common,pooled,0.937875,0.8951782601974173,0.145
screen,peak_share,glass_blur,5,common,pooled,0.9709,0.9499650295107506,0.06
screen,peak_share,motion_blur,1,common,pooled,0.858225,0.7966911801395795,0.325
screen,peak_share,motion_blur,2,common,pooled,0.92975,0.8891522440522165,0.16
screen,peak_share,motion_blur,3,common,pooled,0.9646,0.9417944688400808,0.095
screen,peak_share,motion_blur,4,common,pooled,0.979525,0.9675205661134206,0.045
screen,peak_share,motion_blur,5,common,pooled,0.986,0.9783517452970806,0.035
screen,peak_share,zoom_blur,1,common,pooled,0.84845,0.8002296083273919,0.37
screen,peak_share,zoom_blur,2,common,pooled,0.8896,0.8492091422337333,0.31
screen,peak_share,zoom_blur,3,common,pooled,0.867275,0.8251168517659039,0.365
screen,peak_share,zoom_blur,4,common,pooled,0.89165,0.8530147202522936,0.28
screen,peak_share,zoom_blur,5,common,pooled,0.883775,0.8407697344904175,0.29
screen,peak_share,snow,1,common,pooled,0.909225,0.8587106464839622,0.235
screen,peak_share,snow,2,common,pooled,0.965075,0.9454610441558198,0.095
screen,peak_share,snow,3,common,pooled,0.951025,0.9154383229698775,0.14
screen,peak_share,snow,4,common,pooled,0.959725,0.9287996976425644,0.125
screen,peak_share,snow,5,common,pooled,0.9704,0.9542947716175189,0.075
screen,peak_share,frost,1,common,pooled,0.64985,0.5982064503018012,0.765
screen,peak_share,frost,2,common,pooled,0.786925,0.6993860760315038,0.49
screen,peak_share,frost,3,common,pooled,0.84605,0.7543975213384613,0.315
screen,peak_share,frost,4,common,pooled,0.856125,0.7753895586134959,0.32
screen,peak_share,frost,5,common,pooled,0.8804,0.7951463305794371,0.26
screen,peak_share,fog,1,common,pooled,0.837075,0.7742989983877712,0.37
screen,peak_share,fog,2,common,pooled,0.881975,0.8273793119379906,0.25
screen,peak_share,fog,3,common,pooled,0.90505,0.8579299232165524,0.22
screen,peak_share,fog,4,common,pooled,0.89865,0.8496748561643612,0.25
screen,peak_share,fog,5,common,pooled,0.915375,0.8748796215510584,0.22
screen,peak_share,brightness,1,common,pooled,0.532275,0.5296649991136433,0.91
screen,peak_share,brightness,2,common,pooled,0.596925,0.5708239950769112,0.83
screen,peak_share,brightness,3,common,pooled,0.67075,0.6280431008464941,0.74
screen,peak_share,brightness,4,common,pooled,0.7511,0.6947184372870152,0.6
screen,peak_share,brightness,5,common,pooled,0.8185,0.7598877091498355,0.39
screen,peak_share,contrast,1,common,pooled,0.8748,0.8209908619194526,0.29
screen,peak_share,contrast,2,common,pooled,0.93305,0.9005244684751104,0.165
screen,peak_share,contrast,3,common,pooled,0.9715,0.9572848331746224,0.075
screen,peak_share,contrast,4,common,pooled,0.99435,0.9930504462369438,0.025
screen,peak_share,contrast,5,common,pooled,0.9999,0.9998997462247162,0.0
screen,peak_share,elastic_transform,1,common,pooled,0.54805,0.5284796805374284,0.865
screen,peak_share,elastic_transform,2,common,pooled,0.571025,0.5404489077434365,0.84
screen,peak_share,elastic_transform,3,common,pooled,0.608125,0.5602942543134927,0.78
screen,peak_share,elastic_transform,4,common,pooled,0.63875,0.5787807332168121,0.74
screen,peak_share,elastic_transform,5,common,pooled,0.68065,0.6016616788662269,0.695
screen,peak_share,pixelate,1,common,pooled,0.642875,0.5900038555957597,0.75
screen,peak_share,pixelate,2,common,pooled,0.71465,0.6460894245375887,0.66
screen,peak_share,pixelate,3,common,pooled,0.84605,0.7744770591589019,0.37
screen,peak_share,pixelate,4,common,pooled,0.92475,0.8798477892651019,0.205
screen,peak_share,pixelate,5,common,pooled,0.9599,0.9398271502979926,0.125
screen,peak_share,jpeg_compression,1,common,pooled,0.808,0.7277243993523691,0.42
screen,peak_share,jpeg_compression,2,common,pooled,0.875775,0.8039773003140898,0.28
screen,peak_share,jpeg_compression,3,common,pooled,0.903375,0.8401792828826781,0.235
screen,peak_share,jpeg_compression,4,common,pooled,0.944475,0.8975434838794492,0.14
screen,peak_share,jpeg_compression,5,common,pooled,0.9633,0.929600829501988,0.095
screen,peak_share,speckle_noise,1,extra,pooled,0.880675,0.8450999513686933,0.37
screen,peak_share,speckle_noise,2,extra,pooled,0.925825,0.9001537040867885,0.25
screen,peak_share,speckle_noise,3,extra,pooled,0.975525,0.9680293124022493,0.075
screen,peak_share,speckle_noise,4,extra,pooled,0.98695,0.9844450545512227,0.045
screen,peak_share,speckle_noise,5,extra,pooled,0.99365,0.9928760594576568,0.035
screen,peak_share,gaussian_blur,1,extra,pooled,0.79055,0.7243093533631929,0.485
screen,peak_share,gaussian_blur,2,extra,pooled,0.9488,0.9137466794052306,0.125
screen,peak_share,gaussian_blur,3,extra,pooled,0.981075,0.9691571363249682,0.045
screen,peak_share,gaussian_blur,4,extra,pooled,0.991675,0.9875383314624818,0.025
screen,peak_share,gaussian_blur,5,extra,pooled,0.9982,0.9980121420826884,0.01
screen,peak_share,spatter,1,extra,pooled,0.4947,0.490594092187568,0.935
screen,peak_share,spatter,2,extra,pooled,0.7263,0.6295749554911398,0.655
screen,peak_share,spatter,3,extra,pooled,0.8839,0.8092483142951247,0.25
screen,peak_share,spatter,4,extra,pooled,0.930425,0.8826648113103492,0.205
screen,peak_share,spatter,5,extra,pooled,0.967575,0.9429333684777057,0.085
screen,peak_share,saturate,1,extra,pooled,0.5638875,0.5390703941056978,0.865
screen,peak_share,saturate,2,extra,pooled,0.6759875,0.6101469364310351,0.73
screen,peak_share,saturate,3,extra,pooled,0.5986875,0.5659533833307904,0.86
screen,peak_share,saturate,4,extra,pooled,0.80365,0.763926025778548,0.52
screen,peak_share,saturate,5,extra,pooled,0.890625,0.8812035312712058,0.365
screen,level,gaussian_noise,1,common,pooled,0.993,0.9912002257621954,0.025
screen,level,gaussian_noise,2,common,pooled,0.999975,0.9999751243781094,0.0
screen,level,gaussian_noise,3,common,pooled,1.0,1.0,0.0
screen,level,gaussian_noise,4,common,pooled,1.0,1.0,0.0
screen,level,gaussian_noise,5,common,pooled,1.0,1.0,0.0
screen,level,shot_noise,1,common,pooled,0.986075,0.9835215776877161,0.04
screen,level,shot_noise,2,common,pooled,0.999075,0.9990711532910168,0.005
screen,level,shot_noise,3,common,pooled,1.0,1.0,0.0
screen,level,shot_noise,4,common,pooled,1.0,1.0,0.0
screen,level,shot_noise,5,common,pooled,1.0,1.0,0.0
screen,level,impulse_noise,1,common,pooled,1.0,1.0,0.0
screen,level,impulse_noise,2,common,pooled,1.0,1.0,0.0
screen,level,impulse_noise,3,common,pooled,1.0,1.0,0.0
screen,level,impulse_noise,4,common,pooled,1.0,1.0,0.0
screen,level,impulse_noise,5,common,pooled,1.0,1.0,0.0
screen,level,defocus_blur,1,common,pooled,0.894325,0.835150552022182,0.235
screen,level,defocus_blur,2,common,pooled,0.9338,0.8929095287104216,0.17
screen,level,defocus_blur,3,common,pooled,0.959625,0.9327771332743253,0.1
screen,level,defocus_blur,4,common,pooled,0.973675,0.9563389192672538,0.06
screen,level,defocus_blur,5,common,pooled,0.979375,0.9669136276908421,0.04
screen,level,glass_blur,1,common,pooled,0.794375,0.7167670894122946,0.475
screen,level,glass_blur,2,common,pooled,0.8727,0.8045158816950926,0.32
screen,level,glass_blur,3,common,pooled,0.9119,0.8478334096100982,0.2
screen,level,glass_blur,4,common,pooled,0.92655,0.8766905299576776,0.17
screen,level,glass_blur,5,common,pooled,0.958675,0.9322168923632608,0.11
screen,level,motion_blur,1,common,pooled,0.863525,0.8079066134238628,0.355
screen,level,motion_blur,2,common,pooled,0.9261,0.8889509780240353,0.17
screen,level,motion_blur,3,common,pooled,0.95635,0.9350521343874127,0.12
screen,level,motion_blur,4,common,pooled,0.97055,0.9567597074830008,0.09
screen,level,motion_blur,5,common,pooled,0.977925,0.9674859687538131,0.06
screen,level,zoom_blur,1,common,pooled,0.721225,0.659613746411686,0.64
screen,level,zoom_blur,2,common,pooled,0.77005,0.7023753983521593,0.55
screen,level,zoom_blur,3,common,pooled,0.701325,0.6466196406522714,0.69
screen,level,zoom_blur,4,common,pooled,0.733975,0.6739102534893497,0.685
screen,level,zoom_blur,5,common,pooled,0.70565,0.6459816357192719,0.695
screen,level,snow,1,common,pooled,0.965,0.9570659458298855,0.1
screen,level,snow,2,common,pooled,0.98965,0.9881625791845633,0.04
screen,level,snow,3,common,pooled,0.987475,0.9855275703416656,0.045
screen,level,snow,4,common,pooled,0.990675,0.9893567674485684,0.035
screen,level,snow,5,common,pooled,0.989175,0.9871781087963127,0.04
screen,level,frost,1,common,pooled,0.6695,0.6136369444949805,0.69
screen,level,frost,2,common,pooled,0.779025,0.6971094694479569,0.495
screen,level,frost,3,common,pooled,0.81725,0.7411908271050514,0.425
screen,level,frost,4,common,pooled,0.8307,0.7551836733661055,0.41
screen,level,frost,5,common,pooled,0.846,0.770342411051941,0.36
screen,level,fog,1,common,pooled,0.7041,0.6277022233431611,0.61
screen,level,fog,2,common,pooled,0.751625,0.6732359954291539,0.515
screen,level,fog,3,common,pooled,0.769975,0.6884870865852987,0.515
screen,level,fog,4,common,pooled,0.75505,0.6716995977119952,0.5
screen,level,fog,5,common,pooled,0.767075,0.6828314697317655,0.51
screen,level,brightness,1,common,pooled,0.554225,0.5479643302976845,0.89
screen,level,brightness,2,common,pooled,0.649575,0.6177227946919552,0.81
screen,level,brightness,3,common,pooled,0.74005,0.6935275462786079,0.62
screen,level,brightness,4,common,pooled,0.821375,0.771216937444485,0.44
screen,level,brightness,5,common,pooled,0.8774,0.8334921149785653,0.33
screen,level,contrast,1,common,pooled,0.762375,0.6795101195421528,0.495
screen,level,contrast,2,common,pooled,0.8417,0.768332175613604,0.405
screen,level,contrast,3,common,pooled,0.906975,0.8646051509166193,0.235
screen,level,contrast,4,common,pooled,0.963425,0.9508527263532542,0.115
screen,level,contrast,5,common,pooled,0.9891,0.9865119862750873,0.035
screen,level,elastic_transform,1,common,pooled,0.562475,0.5317242805409079,0.865
screen,level,elastic_transform,2,common,pooled,0.60485,0.5642091220502041,0.85
screen,level,elastic_transform,3,common,pooled,0.6623,0.6119480452401713,0.775
screen,level,elastic_transform,4,common,pooled,0.706775,0.6540872489576834,0.695
screen,level,elastic_transform,5,common,pooled,0.763625,0.7110572044921923,0.56
screen,level,pixelate,1,common,pooled,0.654375,0.5968141134574059,0.74
screen,level,pixelate,2,common,pooled,0.72685,0.6573106577871263,0.645
screen,level,pixelate,3,common,pooled,0.878175,0.8392819091070108,0.4
screen,level,pixelate,4,common,pooled,0.9484,0.9384861105665804,0.19
screen,level,pixelate,5,common,pooled,0.9772,0.9753843709962369,0.1
screen,level,jpeg_compression,1,common,pooled,0.807375,0.7264087592012166,0.44
screen,level,jpeg_compression,2,common,pooled,0.907325,0.8510961486579977,0.225
screen,level,jpeg_compression,3,common,pooled,0.9425,0.909488545771083,0.15
screen,level,jpeg_compression,4,common,pooled,0.98415,0.9796785650648473,0.045
screen,level,jpeg_compression,5,common,pooled,0.99475,0.9942512334011573,0.025
screen,level,speckle_noise,1,extra,pooled,0.937475,0.9323983200537743,0.355
screen,level,speckle_noise,2,extra,pooled,0.972775,0.9728977009661596,0.14
screen,level,speckle_noise,3,extra,pooled,0.997275,0.9973583863294001,0.015
screen,level,speckle_noise,4,extra,pooled,0.999225,0.9992315116294659,0.0
screen,level,speckle_noise,5,extra,pooled,0.99985,0.9998518509486417,0.0
screen,level,gaussian_blur,1,extra,pooled,0.78285,0.7118661062997476,0.515
screen,level,gaussian_blur,2,extra,pooled,0.93535,0.8955537385075143,0.17
screen,level,gaussian_blur,3,extra,pooled,0.966025,0.9448431476602721,0.09
screen,level,gaussian_blur,4,extra,pooled,0.979775,0.9669925226489722,0.04
screen,level,gaussian_blur,5,extra,pooled,0.9889,0.9840865781062288,0.025
screen,level,spatter,1,extra,pooled,0.523475,0.5162988214194648,0.945
screen,level,spatter,2,extra,pooled,0.85775,0.8124753217209804,0.37
screen,level,spatter,3,extra,pooled,0.966175,0.9586963492369708,0.12
screen,level,spatter,4,extra,pooled,0.996875,0.9968522951211615,0.025
screen,level,spatter,5,extra,pooled,0.999725,0.9997285388294928,0.0
screen,level,saturate,1,extra,pooled,0.5360125,0.5130117672781623,0.88
screen,level,saturate,2,extra,pooled,0.6170625,0.5572512499783502,0.735
screen,level,saturate,3,extra,pooled,0.6684875,0.6397290628656123,0.775
screen,level,saturate,4,extra,pooled,0.872225,0.8480438007079057,0.41
screen,level,saturate,5,extra,pooled,0.9259,0.9201470616319275,0.35
screen,global_level,gaussian_noise,1,common,pooled,0.931275,0.8710573874650396,0.16
screen,global_level,gaussian_noise,2,common,pooled,0.98345,0.9702041803937826,0.03
screen,global_level,gaussian_noise,3,common,pooled,0.999,0.998911353567612,0.005
screen,global_level,gaussian_noise,4,common,pooled,1.0,1.0,0.0
screen,global_level,gaussian_noise,5,common,pooled,1.0,1.0,0.0
screen,global_level,shot_noise,1,common,pooled,0.91035,0.8619872513532935,0.24
screen,global_level,shot_noise,2,common,pooled,0.98065,0.9717656154655422,0.045
screen,global_level,shot_noise,3,common,pooled,0.997375,0.9971059383113714,0.01
screen,global_level,shot_noise,4,common,pooled,0.99995,0.9999501243781094,0.0
screen,global_level,shot_noise,5,common,pooled,1.0,1.0,0.0
screen,global_level,impulse_noise,1,common,pooled,1.0,1.0,0.0
screen,global_level,impulse_noise,2,common,pooled,1.0,1.0,0.0
screen,global_level,impulse_noise,3,common,pooled,1.0,1.0,0.0
screen,global_level,impulse_noise,4,common,pooled,1.0,1.0,0.0
screen,global_level,impulse_noise,5,common,pooled,1.0,1.0,0.0
screen,global_level,defocus_blur,1,common,pooled,0.8433,0.7859310939690968,0.37
screen,global_level,defocus_blur,2,common,pooled,0.91275,0.8675761003522146,0.215
screen,global_level,defocus_blur,3,common,pooled,0.963375,0.9408545625410087,0.095
screen,global_level,defocus_blur,4,common,pooled,0.97985,0.9665406152656718,0.035
screen,global_level,defocus_blur,5,common,pooled,0.987025,0.9807371780948403,0.03
screen,global_level,glass_blur,1,common,pooled,0.71455,0.65308056960646,0.63
screen,global_level,glass_blur,2,common,pooled,0.81675,0.7494616633309273,0.39
screen,global_level,glass_blur,3,common,pooled,0.85815,0.7891943189054097,0.29
screen,global_level,glass_blur,4,common,pooled,0.8869,0.8252112585556274,0.25
screen,global_level,glass_blur,5,common,pooled,0.9482,0.9132627473836757,0.12
screen,global_level,motion_blur,1,common,pooled,0.77335,0.7038386595965529,0.535
screen,global_level,motion_blur,2,common,pooled,0.87375,0.816098262081616,0.29
screen,global_level,motion_blur,3,common,pooled,0.936425,0.8967876932781642,0.145
screen,global_level,motion_blur,4,common,pooled,0.965075,0.9392341562458953,0.095
screen,global_level,motion_blur,5,common,pooled,0.975125,0.956911064877081,0.07
screen,global_level,zoom_blur,1,common,pooled,0.79965,0.76064892688318,0.58
screen,global_level,zoom_blur,2,common,pooled,0.8519,0.8111699287751082,0.385
screen,global_level,zoom_blur,3,common,pooled,0.8174,0.7804392462904337,0.53
screen,global_level,zoom_blur,4,common,pooled,0.84935,0.8132291346345304,0.395
screen,global_level,zoom_blur,5,common,pooled,0.822575,0.7861492197593087,0.505
screen,global_level,snow,1,common,pooled,0.88895,0.8288892623869817,0.27
screen,global_level,snow,2,common,pooled,0.9513,0.9277797405742929,0.16
screen,global_level,snow,3,common,pooled,0.9394,0.9023767047110288,0.18
screen,global_level,snow,4,common,pooled,0.95165,0.9252511398349991,0.145
screen,global_level,snow,5,common,pooled,0.948825,0.9223212976747979,0.165
screen,global_level,frost,1,common,pooled,0.53,0.5192206717145084,0.855
screen,global_level,frost,2,common,pooled,0.6377,0.5631873845147062,0.65
screen,global_level,frost,3,common,pooled,0.7023,0.6047073107501175,0.605
screen,global_level,frost,4,common,pooled,0.7088,0.6122029233625886,0.61
screen,global_level,frost,5,common,pooled,0.731325,0.6254612277480376,0.555
screen,global_level,fog,1,common,pooled,0.701525,0.6725226737932235,0.715
screen,global_level,fog,2,common,pooled,0.764525,0.7325568702141613,0.62
screen,global_level,fog,3,common,pooled,0.802175,0.7696498198188468,0.58
screen,global_level,fog,4,common,pooled,0.7868,0.7481778957143689,0.59
screen,global_level,fog,5,common,pooled,0.793625,0.7390211627248586,0.59
screen,global_level,brightness,1,common,pooled,0.515475,0.5254649841691195,0.94
screen,global_level,brightness,2,common,pooled,0.561425,0.559499828031812,0.875
screen,global_level,brightness,3,common,pooled,0.618625,0.5995548547611187,0.78
screen,global_level,brightness,4,common,pooled,0.686675,0.6515860293203628,0.69
screen,global_level,brightness,5,common,pooled,0.748475,0.7048486341404074,0.585
screen,global_level,contrast,1,common,pooled,0.752875,0.7225688944436459,0.645
screen,global_level,contrast,2,common,pooled,0.844525,0.816906335917083,0.45
screen,global_level,contrast,3,common,pooled,0.92875,0.9122326700758301,0.25
screen,global_level,contrast,4,common,pooled,0.98575,0.9826471041738115,0.05
screen,global_level,contrast,5,common,pooled,0.998175,0.9980495706805743,0.01
screen,global_level,elastic_transform,1,common,pooled,0.5297,0.5126314163937464,0.895
screen,global_level,elastic_transform,2,common,pooled,0.5516,0.5223901342578509,0.85
screen,global_level,elastic_transform,3,common,pooled,0.587725,0.5429300744730908,0.795
screen,global_level,elastic_transform,4,common,pooled,0.61785,0.5628240696581581,0.765
screen,global_level,elastic_transform,5,common,pooled,0.6616,0.5924997789817573,0.66
screen,global_level,pixelate,1,common,pooled,0.574,0.5431866672711005,0.82
screen,global_level,pixelate,2,common,pooled,0.6288,0.5760842485352835,0.745
screen,global_level,pixelate,3,common,pooled,0.792775,0.7101441657795624,0.435
screen,global_level,pixelate,4,common,pooled,0.904775,0.8568121219309925,0.255
screen,global_level,pixelate,5,common,pooled,0.9575,0.9414187981509836,0.13
screen,global_level,jpeg_compression,1,common,pooled,0.676025,0.5957663303155671,0.655
screen,global_level,jpeg_compression,2,common,pooled,0.805,0.7172932901020969,0.395
screen,global_level,jpeg_compression,3,common,pooled,0.8659,0.790157496907459,0.315
screen,global_level,jpeg_compression,4,common,pooled,0.954875,0.9200464536728932,0.125
screen,global_level,jpeg_compression,5,common,pooled,0.982325,0.9737607309785575,0.05
screen,global_level,speckle_noise,1,extra,pooled,0.812,0.7642187916702474,0.555
screen,global_level,speckle_noise,2,extra,pooled,0.89535,0.8694268516467094,0.335
screen,global_level,speckle_noise,3,extra,pooled,0.980875,0.9788164966585708,0.115
screen,global_level,speckle_noise,4,extra,pooled,0.99325,0.9929470841601586,0.035
screen,global_level,speckle_noise,5,extra,pooled,0.99805,0.9980299031829325,0.01
screen,global_level,gaussian_blur,1,extra,pooled,0.700175,0.6469675928567726,0.65
screen,global_level,gaussian_blur,2,extra,pooled,0.9049,0.8571929503367759,0.245
screen,global_level,gaussian_blur,3,extra,pooled,0.9654,0.9421841989564953,0.095
screen,global_level,gaussian_blur,4,extra,pooled,0.982275,0.9703450602564885,0.035
screen,global_level,gaussian_blur,5,extra,pooled,0.994225,0.9920559353691785,0.02
screen,global_level,spatter,1,extra,pooled,0.477575,0.4773452355541445,0.94
screen,global_level,spatter,2,extra,pooled,0.737075,0.6493611912795,0.565
screen,global_level,spatter,3,extra,pooled,0.925625,0.8800234458126328,0.21
screen,global_level,spatter,4,extra,pooled,0.985975,0.9852347990023169,0.07
screen,global_level,spatter,5,extra,pooled,0.996775,0.9967351397371765,0.02
screen,global_level,saturate,1,extra,pooled,0.5004375,0.5015832889516781,0.925
screen,global_level,saturate,2,extra,pooled,0.5460125,0.5252391653790369,0.85
screen,global_level,saturate,3,extra,pooled,0.5976375,0.5708627213099813,0.855
screen,global_level,saturate,4,extra,pooled,0.74395,0.6901098050005946,0.635
screen,global_level,saturate,5,extra,pooled,0.829825,0.7926430080959798,0.47
screen,means_knn,gaussian_noise,1,common,pooled,0.9802,0.9664876412246122,0.05
screen,means_knn,gaussian_noise,2,common,pooled,0.9987,0.9985162432521171,0.005
screen,means_knn,gaussian_noise,3,common,pooled,1.0,1.0,0.0
screen,means_knn,gaussian_noise,4,common,pooled,1.0,1.0,0.0
screen,means_knn,gaussian_noise,5,common,pooled,1.0,1.0,0.0
screen,means_knn,shot_noise,1,common,pooled,0.969925,0.9602100592278954,0.08
screen,means_knn,shot_noise,2,common,pooled,0.996875,0.9965629766587026,0.01
screen,means_knn,shot_noise,3,common,pooled,0.999925,0.9999249987499687,0.0
screen,means_knn,shot_noise,4,common,pooled,1.0,1.0,0.0
screen,means_knn,shot_noise,5,common,pooled,1.0,1.0,0.0
screen,means_knn,impulse_noise,1,common,pooled,1.0,1.0,0.0
screen,means_knn,impulse_noise,2,common,pooled,1.0,1.0,0.0
screen,means_knn,impulse_noise,3,common,pooled,1.0,1.0,0.0
screen,means_knn,impulse_noise,4,common,pooled,1.0,1.0,0.0
screen,means_knn,impulse_noise,5,common,pooled,1.0,1.0,0.0
screen,means_knn,defocus_blur,1,common,pooled,0.66855,0.5965754653573835,0.68
screen,means_knn,defocus_blur,2,common,pooled,0.74695,0.6589777074853889,0.545
screen,means_knn,defocus_blur,3,common,pooled,0.8098,0.7188060985696689,0.39
screen,means_knn,defocus_blur,4,common,pooled,0.844475,0.7600651798605602,0.325
screen,means_knn,defocus_blur,5,common,pooled,0.86775,0.7908095310843108,0.27
screen,means_knn,glass_blur,1,common,pooled,0.622675,0.5581489175148762,0.73
screen,means_knn,glass_blur,2,common,pooled,0.697575,0.6095359409441605,0.6
screen,means_knn,glass_blur,3,common,pooled,0.79275,0.681995378999444,0.405
screen,means_knn,glass_blur,4,common,pooled,0.788575,0.6752835522417573,0.42
screen,means_knn,glass_blur,5,common,pooled,0.8076,0.6963757637405469,0.35
screen,means_knn,motion_blur,1,common,pooled,0.7537,0.6938006382922719,0.6
screen,means_knn,motion_blur,2,common,pooled,0.83995,0.780210085853218,0.435
screen,means_knn,motion_blur,3,common,pooled,0.889175,0.8401996272073098,0.31
screen,means_knn,motion_blur,4,common,pooled,0.921025,0.8871913223156161,0.24
screen,means_knn,motion_blur,5,common,pooled,0.9341,0.9054217621610842,0.19
screen,means_knn,zoom_blur,1,common,pooled,0.62445,0.552425734655019,0.73
screen,means_knn,zoom_blur,2,common,pooled,0.6667,0.5816575071669646,0.655
screen,means_knn,zoom_blur,3,common,pooled,0.639425,0.5615302423237865,0.68
screen,means_knn,zoom_blur,4,common,pooled,0.662325,0.5772932119446044,0.635
screen,means_knn,zoom_blur,5,common,pooled,0.645825,0.5634314744879316,0.665
screen,means_knn,snow,1,common,pooled,0.959375,0.9483699781390347,0.145
screen,means_knn,snow,2,common,pooled,0.9859,0.984230971940767,0.06
screen,means_knn,snow,3,common,pooled,0.98115,0.978613633349656,0.095
screen,means_knn,snow,4,common,pooled,0.9844,0.982953564870654,0.065
screen,means_knn,snow,5,common,pooled,0.98075,0.9792054792527718,0.11
screen,means_knn,frost,1,common,pooled,0.763825,0.6921835128724492,0.53
screen,means_knn,frost,2,common,pooled,0.8604,0.8013512453486012,0.34
screen,means_knn,frost,3,common,pooled,0.89305,0.8430993525221434,0.255
screen,means_knn,frost,4,common,pooled,0.89855,0.845505853752742,0.23
screen,means_knn,frost,5,common,pooled,0.91385,0.863140469274859,0.195
screen,means_knn,fog,1,common,pooled,0.552375,0.500593814089809,0.79
screen,means_knn,fog,2,common,pooled,0.580075,0.5139193417142126,0.755
screen,means_knn,fog,3,common,pooled,0.58635,0.5140304546546174,0.695
screen,means_knn,fog,4,common,pooled,0.549975,0.4900901630272698,0.735
screen,means_knn,fog,5,common,pooled,0.52415,0.4715680578772391,0.755
screen,means_knn,brightness,1,common,pooled,0.57455,0.5553708599378242,0.895
screen,means_knn,brightness,2,common,pooled,0.686325,0.6480747379325636,0.77
screen,means_knn,brightness,3,common,pooled,0.789025,0.7402084696381872,0.575
screen,means_knn,brightness,4,common,pooled,0.87275,0.8296384667988995,0.35
screen,means_knn,brightness,5,common,pooled,0.92255,0.8922397443725412,0.25
screen,means_knn,contrast,1,common,pooled,0.677475,0.5972662223082301,0.665
screen,means_knn,contrast,2,common,pooled,0.747675,0.6523868305766691,0.545
screen,means_knn,contrast,3,common,pooled,0.819575,0.7198580132148542,0.405
screen,means_knn,contrast,4,common,pooled,0.8893,0.805543998646004,0.245
screen,means_knn,contrast,5,common,pooled,0.92905,0.8731934416158859,0.175
screen,means_knn,elastic_transform,1,common,pooled,0.559425,0.5331809046535929,0.88
screen,means_knn,elastic_transform,2,common,pooled,0.610825,0.570308402577921,0.82
screen,means_knn,elastic_transform,3,common,pooled,0.679825,0.6272997984205262,0.715
screen,means_knn,elastic_transform,4,common,pooled,0.7307,0.6757261106873289,0.635
screen,means_knn,elastic_transform,5,common,pooled,0.791075,0.7350161968846414,0.535
screen,means_knn,pixelate,1,common,pooled,0.6165,0.5744191854400018,0.845
screen,means_knn,pixelate,2,common,pooled,0.683375,0.6284997579064031,0.785
screen,means_knn,pixelate,3,common,pooled,0.844925,0.8130195958466022,0.455
screen,means_knn,pixelate,4,common,pooled,0.9293,0.9214643955818429,0.255
screen,means_knn,pixelate,5,common,pooled,0.96815,0.9660807761674918,0.145
screen,means_knn,jpeg_compression,1,common,pooled,0.7913,0.7079427815331092,0.47
screen,means_knn,jpeg_compression,2,common,pooled,0.8869,0.8235830093825838,0.295
screen,means_knn,jpeg_compression,3,common,pooled,0.9227,0.880529865422943,0.225
screen,means_knn,jpeg_compression,4,common,pooled,0.969275,0.9560460580156428,0.095
screen,means_knn,jpeg_compression,5,common,pooled,0.98605,0.9819048033012723,0.05
screen,means_knn,speckle_noise,1,extra,pooled,0.91775,0.9020576892403207,0.295
screen,means_knn,speckle_noise,2,extra,pooled,0.9623,0.9585669783547418,0.145
screen,means_knn,speckle_noise,3,extra,pooled,0.995525,0.995573364704444,0.035
screen,means_knn,speckle_noise,4,extra,pooled,0.998725,0.9987437705766397,0.005
screen,means_knn,speckle_noise,5,extra,pooled,0.99975,0.9997505818805069,0.0
screen,means_knn,gaussian_blur,1,extra,pooled,0.5778,0.536314684441415,0.825
screen,means_knn,gaussian_blur,2,extra,pooled,0.73985,0.6564720295924419,0.6
screen,means_knn,gaussian_blur,3,extra,pooled,0.8358,0.7484729045681366,0.345
screen,means_knn,gaussian_blur,4,extra,pooled,0.8829,0.8049873582233112,0.245
screen,means_knn,gaussian_blur,5,extra,pooled,0.9252,0.8666461215758321,0.145
screen,means_knn,spatter,1,extra,pooled,0.556025,0.5351236334849151,0.89
screen,means_knn,spatter,2,extra,pooled,0.8707,0.8295452322107502,0.405
screen,means_knn,spatter,3,extra,pooled,0.95705,0.947273509025867,0.16
screen,means_knn,spatter,4,extra,pooled,0.9845,0.9826823871001172,0.07
screen,means_knn,spatter,5,extra,pooled,0.9962,0.9958526998723336,0.015
screen,means_knn,saturate,1,extra,pooled,0.4596625,0.4622856287573655,0.93
screen,means_knn,saturate,2,extra,pooled,0.4826875,0.473474725600282,0.895
screen,means_knn,saturate,3,extra,pooled,0.7068625,0.6786924546573028,0.78
screen,means_knn,saturate,4,extra,pooled,0.91785,0.9001584153430467,0.27
screen,means_knn,saturate,5,extra,pooled,0.958375,0.9548781356967788,0.2
screen,means_own,gaussian_noise,1,common,pooled,0.88275,0.812536949191115,0.275
screen,means_own,gaussian_noise,2,common,pooled,0.9706,0.9508063247045266,0.07
screen,means_own,gaussian_noise,3,common,pooled,0.997675,0.9974384910007671,0.01
screen,means_own,gaussian_noise,4,common,pooled,1.0,1.0,0.0
screen,means_own,gaussian_noise,5,common,pooled,1.0,1.0,0.0
screen,means_own,shot_noise,1,common,pooled,0.86,0.8069109580163115,0.355
screen,means_own,shot_noise,2,common,pooled,0.965525,0.9529965272463146,0.105
screen,means_own,shot_noise,3,common,pooled,0.99475,0.9942661752988152,0.025
screen,means_own,shot_noise,4,common,pooled,0.999975,0.9999751243781094,0.0
screen,means_own,shot_noise,5,common,pooled,1.0,1.0,0.0
screen,means_own,impulse_noise,1,common,pooled,1.0,1.0,0.0
screen,means_own,impulse_noise,2,common,pooled,1.0,1.0,0.0
screen,means_own,impulse_noise,3,common,pooled,1.0,1.0,0.0
screen,means_own,impulse_noise,4,common,pooled,1.0,1.0,0.0
screen,means_own,impulse_noise,5,common,pooled,1.0,1.0,0.0
screen,means_own,defocus_blur,1,common,pooled,0.7985,0.7373680354420876,0.48
screen,means_own,defocus_blur,2,common,pooled,0.8822,0.8292046648099383,0.275
screen,means_own,defocus_blur,3,common,pooled,0.9499,0.9210306697315518,0.13
screen,means_own,defocus_blur,4,common,pooled,0.97255,0.9564603950272463,0.06
screen,means_own,defocus_blur,5,common,pooled,0.982875,0.9749410739325224,0.04
screen,means_own,glass_blur,1,common,pooled,0.6838,0.6295507869946095,0.69
screen,means_own,glass_blur,2,common,pooled,0.794975,0.7273047854658472,0.46
screen,means_own,glass_blur,3,common,pooled,0.879225,0.8131066643701466,0.275
screen,means_own,glass_blur,4,common,pooled,0.904375,0.8453185762517237,0.225
screen,means_own,glass_blur,5,common,pooled,0.950975,0.9166835704938856,0.11
screen,means_own,motion_blur,1,common,pooled,0.72695,0.6696408437100572,0.62
screen,means_own,motion_blur,2,common,pooled,0.841025,0.7858599859988542,0.37
screen,means_own,motion_blur,3,common,pooled,0.919275,0.8786147143910878,0.2
screen,means_own,motion_blur,4,common,pooled,0.957775,0.9343756361062493,0.125
screen,means_own,motion_blur,5,common,pooled,0.971675,0.9555112739044656,0.065
screen,means_own,zoom_blur,1,common,pooled,0.782875,0.7336708973279742,0.565
screen,means_own,zoom_blur,2,common,pooled,0.84265,0.7928216216740361,0.415
screen,means_own,zoom_blur,3,common,pooled,0.80815,0.763385249756585,0.525
screen,means_own,zoom_blur,4,common,pooled,0.842925,0.7983714739468122,0.43
screen,means_own,zoom_blur,5,common,pooled,0.8129,0.7681373110244526,0.51
screen,means_own,snow,1,common,pooled,0.8943,0.856244303250572,0.31
screen,means_own,snow,2,common,pooled,0.949175,0.9349865286156073,0.2
screen,means_own,snow,3,common,pooled,0.9483,0.9328364446895111,0.18
screen,means_own,snow,4,common,pooled,0.963775,0.9542260449486153,0.125
screen,means_own,snow,5,common,pooled,0.9529,0.9400435609501914,0.17
screen,means_own,frost,1,common,pooled,0.526925,0.5220526660411609,0.885
screen,means_own,frost,2,common,pooled,0.6506,0.5846801721725609,0.695
screen,means_own,frost,3,common,pooled,0.721475,0.633996979973592,0.585
screen,means_own,frost,4,common,pooled,0.733625,0.6463421898610464,0.59
screen,means_own,frost,5,common,pooled,0.760825,0.6671019403153035,0.51
screen,means_own,fog,1,common,pooled,0.68865,0.6547375261632556,0.76
screen,means_own,fog,2,common,pooled,0.751875,0.7154082223780596,0.66
screen,means_own,fog,3,common,pooled,0.788925,0.7494640635717619,0.58
screen,means_own,fog,4,common,pooled,0.768275,0.7207673193491154,0.6
screen,means_own,fog,5,common,pooled,0.76785,0.7007321413529094,0.575
screen,means_own,brightness,1,common,pooled,0.511575,0.5214842778257581,0.935
screen,means_own,brightness,2,common,pooled,0.554175,0.5523056870915874,0.9
screen,means_own,brightness,3,common,pooled,0.608775,0.5929321604703048,0.835
screen,means_own,brightness,4,common,pooled,0.678525,0.6497768562224406,0.73
screen,means_own,brightness,5,common,pooled,0.746675,0.7084825761265727,0.605
screen,means_own,contrast,1,common,pooled,0.744625,0.7119976857390987,0.695
screen,means_own,contrast,2,common,pooled,0.838375,0.8087737038475434,0.48
screen,means_own,contrast,3,common,pooled,0.926625,0.9082952543578626,0.255
screen,means_own,contrast,4,common,pooled,0.986075,0.9835747995520779,0.055
screen,means_own,contrast,5,common,pooled,0.998525,0.9984819206488875,0.005
screen,means_own,elastic_transform,1,common,pooled,0.549325,0.5283937124640024,0.885
screen,means_own,elastic_transform,2,common,pooled,0.589975,0.5539786699642212,0.825
screen,means_own,elastic_transform,3,common,pooled,0.651475,0.5982257091854173,0.73
screen,means_own,elastic_transform,4,common,pooled,0.69835,0.6388979561499435,0.695
screen,means_own,elastic_transform,5,common,pooled,0.755575,0.6922558848341306,0.59
screen,means_own,pixelate,1,common,pooled,0.576425,0.5439518927006606,0.835
screen,means_own,pixelate,2,common,pooled,0.6318,0.5819944405746325,0.775
screen,means_own,pixelate,3,common,pooled,0.8281,0.7732670826528655,0.45
screen,means_own,pixelate,4,common,pooled,0.938825,0.9192180937784776,0.195
screen,means_own,pixelate,5,common,pooled,0.976075,0.9722012403091639,0.075
screen,means_own,jpeg_compression,1,common,pooled,0.695525,0.6346980285487939,0.72
screen,means_own,jpeg_compression,2,common,pooled,0.834375,0.7719367876824081,0.425
screen,means_own,jpeg_compression,3,common,pooled,0.895,0.8449669084063227,0.285
screen,means_own,jpeg_compression,4,common,pooled,0.97075,0.9590929321838544,0.075
screen,means_own,jpeg_compression,5,common,pooled,0.990675,0.9891257073985918,0.03
screen,means_own,speckle_noise,1,extra,pooled,0.7561,0.7137200471845171,0.59
screen,means_own,speckle_noise,2,extra,pooled,0.850625,0.8208471918834779,0.44
screen,means_own,speckle_noise,3,extra,pooled,0.96955,0.9668450914293192,0.145
screen,means_own,speckle_noise,4,extra,pooled,0.988925,0.9885419246778561,0.06
screen,means_own,speckle_noise,5,extra,pooled,0.9971,0.9970789777678841,0.025
screen,means_own,gaussian_blur,1,extra,pooled,0.6533,0.611058236640149,0.75
screen,means_own,gaussian_blur,2,extra,pooled,0.86955,0.8135092344409847,0.315
screen,means_own,gaussian_blur,3,extra,pooled,0.951,0.9216021652053402,0.12
screen,means_own,gaussian_blur,4,extra,pooled,0.97635,0.9621239952299422,0.055
screen,means_own,gaussian_blur,5,extra,pooled,0.993,0.9913074649501982,0.025
screen,means_own,spatter,1,extra,pooled,0.50025,0.49634306828085956,0.94
screen,means_own,spatter,2,extra,pooled,0.8023,0.728994633032628,0.47
screen,means_own,spatter,3,extra,pooled,0.937425,0.9059614747606269,0.18
screen,means_own,spatter,4,extra,pooled,0.986925,0.9862937410304862,0.055
screen,means_own,spatter,5,extra,pooled,0.997575,0.9975530088541998,0.015
screen,means_own,saturate,1,extra,pooled,0.4812875,0.48644466639089257,0.935
screen,means_own,saturate,2,extra,pooled,0.5149125,0.5049064330344841,0.9
screen,means_own,saturate,3,extra,pooled,0.5850125,0.5604950430745825,0.88
screen,means_own,saturate,4,extra,pooled,0.723575,0.6842547808436206,0.69
screen,means_own,saturate,5,extra,pooled,0.8094,0.7816986682163181,0.575
screen,saod_top3,gaussian_noise,1,common,pooled,0.548125,0.5348772719988238,0.905
screen,saod_top3,gaussian_noise,2,common,pooled,0.56355,0.5563625754967502,0.86
screen,saod_top3,gaussian_noise,3,common,pooled,0.612125,0.5898382332408423,0.845
screen,saod_top3,gaussian_noise,4,common,pooled,0.6743,0.6375986051575724,0.78
screen,saod_top3,gaussian_noise,5,common,pooled,0.77855,0.7684372793932961,0.66
screen,saod_top3,shot_noise,1,common,pooled,0.547825,0.5376279268772381,0.895
screen,saod_top3,shot_noise,2,common,pooled,0.576975,0.5669847592581475,0.865
screen,saod_top3,shot_noise,3,common,pooled,0.6174125,0.5962105812241665,0.85
screen,saod_top3,shot_noise,4,common,pooled,0.69205,0.662874547194502,0.71
screen,saod_top3,shot_noise,5,common,pooled,0.757425,0.7314988111588767,0.61
screen,saod_top3,impulse_noise,1,common,pooled,0.688125,0.6770700284811515,0.765
screen,saod_top3,impulse_noise,2,common,pooled,0.6534,0.6317330590660568,0.81
screen,saod_top3,impulse_noise,3,common,pooled,0.64445,0.6212062720932927,0.765
screen,saod_top3,impulse_noise,4,common,pooled,0.682475,0.6441857219867457,0.74
screen,saod_top3,impulse_noise,5,common,pooled,0.7634,0.7413364408922343,0.635
screen,saod_top3,defocus_blur,1,common,pooled,0.56555,0.5629185790897371,0.895
screen,saod_top3,defocus_blur,2,common,pooled,0.588875,0.5811223178498107,0.905
screen,saod_top3,defocus_blur,3,common,pooled,0.661125,0.6523812770669133,0.8
screen,saod_top3,defocus_blur,4,common,pooled,0.72565,0.7181793831744728,0.69
screen,saod_top3,defocus_blur,5,common,pooled,0.78325,0.7701005536552556,0.61
screen,saod_top3,glass_blur,1,common,pooled,0.592025,0.580981332388876,0.87
screen,saod_top3,glass_blur,2,common,pooled,0.65535,0.648873171645967,0.835
screen,saod_top3,glass_blur,3,common,pooled,0.813075,0.8127003716306983,0.61
screen,saod_top3,glass_blur,4,common,pooled,0.846875,0.8517462500410744,0.545
screen,saod_top3,glass_blur,5,common,pooled,0.873,0.8771262781555874,0.505
screen,saod_top3,motion_blur,1,common,pooled,0.539425,0.5402917093496175,0.915
screen,saod_top3,motion_blur,2,common,pooled,0.59145,0.5807838166158806,0.895
screen,saod_top3,motion_blur,3,common,pooled,0.648725,0.628320669186761,0.85
screen,saod_top3,motion_blur,4,common,pooled,0.7368,0.7239572343393782,0.705
screen,saod_top3,motion_blur,5,common,pooled,0.7662,0.7593056358151242,0.66
screen,saod_top3,zoom_blur,1,common,pooled,0.67285,0.6561449064040962,0.785
screen,saod_top3,zoom_blur,2,common,pooled,0.722825,0.6997642552010109,0.715
screen,saod_top3,zoom_blur,3,common,pooled,0.759325,0.7280003710900214,0.635
screen,saod_top3,zoom_blur,4,common,pooled,0.783975,0.7482744478187145,0.56
screen,saod_top3,zoom_blur,5,common,pooled,0.80975,0.7731204857849573,0.525
screen,saod_top3,snow,1,common,pooled,0.5749,0.5706634309896703,0.905
screen,saod_top3,snow,2,common,pooled,0.652125,0.6572053558725508,0.85
screen,saod_top3,snow,3,common,pooled,0.66305,0.6694866525364774,0.785
screen,saod_top3,snow,4,common,pooled,0.7032,0.71336282655898,0.785
screen,saod_top3,snow,5,common,pooled,0.713125,0.7283042560701908,0.785
screen,saod_top3,frost,1,common,pooled,0.560225,0.5630620517752248,0.91
screen,saod_top3,frost,2,common,pooled,0.619825,0.6253342239583277,0.85
screen,saod_top3,frost,3,common,pooled,0.659,0.6784205701599768,0.81
screen,saod_top3,frost,4,common,pooled,0.679625,0.6980912787265265,0.85
screen,saod_top3,frost,5,common,pooled,0.699675,0.7050501326681562,0.845
screen,saod_top3,fog,1,common,pooled,0.53745,0.5386694389484084,0.915
screen,saod_top3,fog,2,common,pooled,0.554725,0.5579880227360063,0.915
screen,saod_top3,fog,3,common,pooled,0.565275,0.5810566400712073,0.91
screen,saod_top3,fog,4,common,pooled,0.56915,0.5869644297374775,0.91
screen,saod_top3,fog,5,common,pooled,0.583025,0.5977804911664452,0.89
screen,saod_top3,brightness,1,common,pooled,0.49995,0.5060072910460467,0.925
screen,saod_top3,brightness,2,common,pooled,0.513225,0.5259880930192229,0.92
screen,saod_top3,brightness,3,common,pooled,0.525075,0.5339395302608273,0.91
screen,saod_top3,brightness,4,common,pooled,0.54275,0.5454852104955205,0.895
screen,saod_top3,brightness,5,common,pooled,0.563175,0.561548508107625,0.87
screen,saod_top3,contrast,1,common,pooled,0.536725,0.5403134316315136,0.925
screen,saod_top3,contrast,2,common,pooled,0.5615,0.5730969268803356,0.895
screen,saod_top3,contrast,3,common,pooled,0.599325,0.6104746552332119,0.87
screen,saod_top3,contrast,4,common,pooled,0.701225,0.7231541327568427,0.835
screen,saod_top3,contrast,5,common,pooled,0.8455,0.8690061187559387,0.63
screen,saod_top3,elastic_transform,1,common,pooled,0.55265,0.5575735358892829,0.905
screen,saod_top3,elastic_transform,2,common,pooled,0.584025,0.5825279395396411,0.87
screen,saod_top3,elastic_transform,3,common,pooled,0.63955,0.637357083648352,0.84
screen,saod_top3,elastic_transform,4,common,pooled,0.68875,0.6881422344007428,0.795
screen,saod_top3,elastic_transform,5,common,pooled,0.724975,0.7325916262947323,0.765
screen,saod_top3,pixelate,1,common,pooled,0.57585,0.5812017313608006,0.875
screen,saod_top3,pixelate,2,common,pooled,0.619575,0.6143627752695364,0.85
screen,saod_top3,pixelate,3,common,pooled,0.810225,0.8156464223484732,0.565
screen,saod_top3,pixelate,4,common,pooled,0.94365,0.9472097311167627,0.27
screen,saod_top3,pixelate,5,common,pooled,0.979425,0.9810129186238928,0.12
screen,saod_top3,jpeg_compression,1,common,pooled,0.580575,0.5591122626907453,0.865
screen,saod_top3,jpeg_compression,2,common,pooled,0.64505,0.6239718133028008,0.82
screen,saod_top3,jpeg_compression,3,common,pooled,0.692125,0.6643059411328035,0.765
screen,saod_top3,jpeg_compression,4,common,pooled,0.7967,0.7857615739503769,0.62
screen,saod_top3,jpeg_compression,5,common,pooled,0.8914,0.8838671151961679,0.36
screen,saod_top3,speckle_noise,1,extra,pooled,0.542725,0.5307587468094079,0.895
screen,saod_top3,speckle_noise,2,extra,pooled,0.557425,0.5409015020526136,0.885
screen,saod_top3,speckle_noise,3,extra,pooled,0.609875,0.5930464508645701,0.855
screen,saod_top3,speckle_noise,4,extra,pooled,0.6423,0.620145467380845,0.845
screen,saod_top3,speckle_noise,5,extra,pooled,0.6969,0.6797120604556104,0.785
screen,saod_top3,gaussian_blur,1,extra,pooled,0.533225,0.5310335771527861,0.91
screen,saod_top3,gaussian_blur,2,extra,pooled,0.584575,0.5725496348096393,0.855
screen,saod_top3,gaussian_blur,3,extra,pooled,0.6426,0.6295911742679611,0.835
screen,saod_top3,gaussian_blur,4,extra,pooled,0.707525,0.6910941864074363,0.75
screen,saod_top3,gaussian_blur,5,extra,pooled,0.8192,0.8046618606792997,0.525
screen,saod_top3,spatter,1,extra,pooled,0.501875,0.5087577731963995,0.95
screen,saod_top3,spatter,2,extra,pooled,0.55705,0.5482396957995324,0.895
screen,saod_top3,spatter,3,extra,pooled,0.585375,0.5655652851383607,0.855
screen,saod_top3,spatter,4,extra,pooled,0.6174,0.5860551795247663,0.785
screen,saod_top3,spatter,5,extra,pooled,0.68525,0.6301635018585164,0.69
screen,saod_top3,saturate,1,extra,pooled,0.5201375,0.5212696055302156,0.905
screen,saod_top3,saturate,2,extra,pooled,0.5317375,0.5289105230010264,0.905
screen,saod_top3,saturate,3,extra,pooled,0.5110375,0.513763543098395,0.935
screen,saod_top3,saturate,4,extra,pooled,0.542975,0.5366574834163734,0.91
screen,saod_top3,saturate,5,extra,pooled,0.566875,0.5503091584153783,0.855
screen,saod_min,gaussian_noise,1,common,pooled,0.571025,0.60109716579169,0.955
screen,saod_min,gaussian_noise,2,common,pooled,0.615975,0.6605077572770629,0.935
screen,saod_min,gaussian_noise,3,common,pooled,0.67095,0.7173813288080944,0.925
screen,saod_min,gaussian_noise,4,common,pooled,0.749975,0.7917430830557853,0.85
screen,saod_min,gaussian_noise,5,common,pooled,0.8661,0.8940013392291714,0.73
screen,saod_min,shot_noise,1,common,pooled,0.5673625,0.5971635100383033,0.925
screen,saod_min,shot_noise,2,common,pooled,0.6235125,0.6653142473988509,0.935
screen,saod_min,shot_noise,3,common,pooled,0.681875,0.7285340358484209,0.89
screen,saod_min,shot_noise,4,common,pooled,0.775675,0.8138494799157124,0.835
screen,saod_min,shot_noise,5,common,pooled,0.8539375,0.8784831322043569,0.685
screen,saod_min,impulse_noise,1,common,pooled,0.781275,0.8157616532544457,0.825
screen,saod_min,impulse_noise,2,common,pooled,0.7497,0.7851548946150273,0.86
screen,saod_min,impulse_noise,3,common,pooled,0.733775,0.7774394973350903,0.89
screen,saod_min,impulse_noise,4,common,pooled,0.794175,0.8295596383456811,0.825
screen,saod_min,impulse_noise,5,common,pooled,0.851175,0.88141114191762,0.755
screen,saod_min,defocus_blur,1,common,pooled,0.600825,0.6196301412701325,0.92
screen,saod_min,defocus_blur,2,common,pooled,0.648075,0.6843351370460685,0.915
screen,saod_min,defocus_blur,3,common,pooled,0.7133125,0.7566441734634621,0.9
screen,saod_min,defocus_blur,4,common,pooled,0.8039375,0.8302153348138218,0.755
screen,saod_min,defocus_blur,5,common,pooled,0.8661,0.88414496088447,0.62
screen,saod_min,glass_blur,1,common,pooled,0.6289625,0.6539369796343096,0.925
screen,saod_min,glass_blur,2,common,pooled,0.716,0.7528140420595727,0.905
screen,saod_min,glass_blur,3,common,pooled,0.905125,0.9209676141428648,0.58
screen,saod_min,glass_blur,4,common,pooled,0.9311875,0.9419230745178085,0.37
screen,saod_min,glass_blur,5,common,pooled,0.940325,0.9504924371477429,0.42
screen,saod_min,motion_blur,1,common,pooled,0.549925,0.5708680085730012,0.96
screen,saod_min,motion_blur,2,common,pooled,0.6294,0.6661419865403218,0.945
screen,saod_min,motion_blur,3,common,pooled,0.7064,0.7498748457467119,0.915
screen,saod_min,motion_blur,4,common,pooled,0.7843,0.8260366896904299,0.84
screen,saod_min,motion_blur,5,common,pooled,0.8259,0.862008721807269,0.8
screen,saod_min,zoom_blur,1,common,pooled,0.6981625,0.7367891217154999,0.89
screen,saod_min,zoom_blur,2,common,pooled,0.7719,0.8002900097958766,0.83
screen,saod_min,zoom_blur,3,common,pooled,0.8143,0.8416836252474175,0.79
screen,saod_min,zoom_blur,4,common,pooled,0.86235,0.8813311852016286,0.655
screen,saod_min,zoom_blur,5,common,pooled,0.899875,0.9088659412598885,0.5
screen,saod_min,snow,1,common,pooled,0.61705,0.6553221140118344,0.935
screen,saod_min,snow,2,common,pooled,0.706675,0.7534786485760708,0.915
screen,saod_min,snow,3,common,pooled,0.7206375,0.7589108899966674,0.89
screen,saod_min,snow,4,common,pooled,0.769725,0.81323635314503,0.84
screen,saod_min,snow,5,common,pooled,0.7704375,0.8157153130910026,0.85
screen,saod_min,frost,1,common,pooled,0.587725,0.612326223047455,0.925
screen,saod_min,frost,2,common,pooled,0.652075,0.691340555353232,0.89
screen,saod_min,frost,3,common,pooled,0.713425,0.7646402048950458,0.875
screen,saod_min,frost,4,common,pooled,0.7292,0.7733498127716592,0.86
screen,saod_min,frost,5,common,pooled,0.7559,0.8032975873185841,0.89
screen,saod_min,fog,1,common,pooled,0.5295125,0.5396877186366784,0.925
screen,saod_min,fog,2,common,pooled,0.54625,0.5756271443084704,0.925
screen,saod_min,fog,3,common,pooled,0.56465,0.588879219016085,0.94
screen,saod_min,fog,4,common,pooled,0.561225,0.5970900609702726,0.945
screen,saod_min,fog,5,common,pooled,0.5883125,0.6251564658571745,0.94
screen,saod_min,brightness,1,common,pooled,0.50185,0.5129558990159522,0.945
screen,saod_min,brightness,2,common,pooled,0.5209125,0.5363527517470869,0.935
screen,saod_min,brightness,3,common,pooled,0.5413,0.5655112158002806,0.935
screen,saod_min,brightness,4,common,pooled,0.563725,0.5898823975846172,0.94
screen,saod_min,brightness,5,common,pooled,0.596875,0.6322292940560131,0.94
screen,saod_min,contrast,1,common,pooled,0.5296,0.5449989369738961,0.94
screen,saod_min,contrast,2,common,pooled,0.55645,0.5818294465645916,0.945
screen,saod_min,contrast,3,common,pooled,0.6013,0.6347577931183246,0.925
screen,saod_min,contrast,4,common,pooled,0.7316625,0.7723467376049411,0.84
screen,saod_min,contrast,5,common,pooled,0.88045,0.9002618406658122,0.58
screen,saod_min,elastic_transform,1,common,pooled,0.5938875,0.6282740456831394,0.915
screen,saod_min,elastic_transform,2,common,pooled,0.6452875,0.6881680227104654,0.92
screen,saod_min,elastic_transform,3,common,pooled,0.70185,0.748968008321442,0.89
screen,saod_min,elastic_transform,4,common,pooled,0.7412,0.7853241083501288,0.9
screen,saod_min,elastic_transform,5,common,pooled,0.7739875,0.820624794061656,0.89
screen,saod_min,pixelate,1,common,pooled,0.6133125,0.6306602829563175,0.89
screen,saod_min,pixelate,2,common,pooled,0.667275,0.6850857977103444,0.84
screen,saod_min,pixelate,3,common,pooled,0.88335,0.8991451716682024,0.55
screen,saod_min,pixelate,4,common,pooled,0.971025,0.9772044716184496,0.145
screen,saod_min,pixelate,5,common,pooled,0.992225,0.9931359971750986,0.055
screen,saod_min,jpeg_compression,1,common,pooled,0.6562375,0.6844762059862889,0.895
screen,saod_min,jpeg_compression,2,common,pooled,0.727025,0.7657219282137688,0.84
screen,saod_min,jpeg_compression,3,common,pooled,0.7934125,0.8271469800767435,0.79
screen,saod_min,jpeg_compression,4,common,pooled,0.901175,0.917743894433216,0.5
screen,saod_min,jpeg_compression,5,common,pooled,0.963075,0.9698014724405686,0.245
screen,saod_min,speckle_noise,1,extra,pooled,0.5633125,0.5911927066313711,0.915
screen,saod_min,speckle_noise,2,extra,pooled,0.583725,0.6187827244945063,0.925
screen,saod_min,speckle_noise,3,extra,pooled,0.661575,0.7080713368102713,0.915
screen,saod_min,speckle_noise,4,extra,pooled,0.70155,0.7452111911903866,0.9
screen,saod_min,speckle_noise,5,extra,pooled,0.75735,0.797737599124001,0.85
screen,saod_min,gaussian_blur,1,extra,pooled,0.5481,0.5578567288517402,0.935
screen,saod_min,gaussian_blur,2,extra,pooled,0.6336125,0.6583358315271522,0.925
screen,saod_min,gaussian_blur,3,extra,pooled,0.7025375,0.7447707793564562,0.9
screen,saod_min,gaussian_blur,4,extra,pooled,0.784325,0.8201282843504046,0.81
screen,saod_min,gaussian_blur,5,extra,pooled,0.90525,0.918031786871703,0.5
screen,saod_min,spatter,1,extra,pooled,0.5115375,0.5211771984724405,0.935
screen,saod_min,spatter,2,extra,pooled,0.62385,0.656828300935587,0.925
screen,saod_min,spatter,3,extra,pooled,0.6552125,0.6926288320267129,0.925
screen,saod_min,spatter,4,extra,pooled,0.72565,0.7607162335515217,0.875
screen,saod_min,spatter,5,extra,pooled,0.806575,0.8349962363960794,0.89
screen,saod_min,saturate,1,extra,pooled,0.5092375,0.5276412795264903,0.94
screen,saod_min,saturate,2,extra,pooled,0.5229875,0.5441691376210576,0.935
screen,saod_min,saturate,3,extra,pooled,0.517875,0.5226737380951463,0.94
screen,saod_min,saturate,4,extra,pooled,0.5773875,0.5968663418330127,0.935
screen,saod_min,saturate,5,extra,pooled,0.61445,0.6396863797341474,0.935
screen,knn,gaussian_noise,1,common,pooled,0.619,0.5815603173863353,0.825
screen,knn,gaussian_noise,2,common,pooled,0.747875,0.6843253715346517,0.63
screen,knn,gaussian_noise,3,common,pooled,0.9113,0.8566645318241973,0.25
screen,knn,gaussian_noise,4,common,pooled,0.978175,0.9695325036236929,0.065
screen,knn,gaussian_noise,5,common,pooled,0.9992,0.9991807735098053,0.01
screen,knn,shot_noise,1,common,pooled,0.62455,0.5913756711834924,0.815
screen,knn,shot_noise,2,common,pooled,0.76705,0.720414454942895,0.605
screen,knn,shot_noise,3,common,pooled,0.90735,0.8725775432479854,0.3
screen,knn,shot_noise,4,common,pooled,0.9841,0.9803246841557499,0.06
screen,knn,shot_noise,5,common,pooled,0.998425,0.9983614740910989,0.01
screen,knn,impulse_noise,1,common,pooled,0.996775,0.9968971788938512,0.02
screen,knn,impulse_noise,2,common,pooled,0.98975,0.9889597451491481,0.06
screen,knn,impulse_noise,3,common,pooled,0.984075,0.9810257772305374,0.055
screen,knn,impulse_noise,4,common,pooled,0.99385,0.9928432482595814,0.02
screen,knn,impulse_noise,5,common,pooled,0.999675,0.9996728927333406,0.0
screen,knn,defocus_blur,1,common,pooled,0.594975,0.5471801539894853,0.84
screen,knn,defocus_blur,2,common,pooled,0.66665,0.5989560620641442,0.795
screen,knn,defocus_blur,3,common,pooled,0.779375,0.6908859946766376,0.53
screen,knn,defocus_blur,4,common,pooled,0.84455,0.7486650165857991,0.395
screen,knn,defocus_blur,5,common,pooled,0.88515,0.7919405982353944,0.27
screen,knn,glass_blur,1,common,pooled,0.5969,0.5495043479754306,0.84
screen,knn,glass_blur,2,common,pooled,0.690675,0.6184033468018496,0.74
screen,knn,glass_blur,3,common,pooled,0.82965,0.7572750393072084,0.57
screen,knn,glass_blur,4,common,pooled,0.843675,0.7661076604836555,0.53
screen,knn,glass_blur,5,common,pooled,0.868625,0.7868026817516368,0.455
screen,knn,motion_blur,1,common,pooled,0.575825,0.5451615429717087,0.905
screen,knn,motion_blur,2,common,pooled,0.66975,0.6183194859057688,0.81
screen,knn,motion_blur,3,common,pooled,0.79235,0.7369076386981835,0.595
screen,knn,motion_blur,4,common,pooled,0.877075,0.8401180772129824,0.37
screen,knn,motion_blur,5,common,pooled,0.907975,0.8807989728409457,0.315
screen,knn,zoom_blur,1,common,pooled,0.75265,0.6780180558028535,0.565
screen,knn,zoom_blur,2,common,pooled,0.821675,0.7455442387445339,0.46
screen,knn,zoom_blur,3,common,pooled,0.810775,0.7294340927073746,0.495
screen,knn,zoom_blur,4,common,pooled,0.8434,0.7628200581828641,0.425
screen,knn,zoom_blur,5,common,pooled,0.823075,0.7333683034819897,0.425
screen,knn,snow,1,common,pooled,0.867075,0.8519569007680612,0.475
screen,knn,snow,2,common,pooled,0.896125,0.8585679690175789,0.345
screen,knn,snow,3,common,pooled,0.9418,0.9353363438674472,0.24
screen,knn,snow,4,common,pooled,0.967325,0.9623917560496842,0.11
screen,knn,snow,5,common,pooled,0.946175,0.9321548933080903,0.17
screen,knn,frost,1,common,pooled,0.6358,0.5952680102833829,0.81
screen,knn,frost,2,common,pooled,0.766075,0.7021677458444253,0.575
screen,knn,frost,3,common,pooled,0.823325,0.7612530456062878,0.47
screen,knn,frost,4,common,pooled,0.8346,0.7730236989153839,0.455
screen,knn,frost,5,common,pooled,0.861525,0.7997532029083915,0.39
screen,knn,fog,1,common,pooled,0.598275,0.5740562467307835,0.85
screen,knn,fog,2,common,pooled,0.644025,0.6069178019868064,0.81
screen,knn,fog,3,common,pooled,0.671675,0.631133835609137,0.79
screen,knn,fog,4,common,pooled,0.65245,0.6219055087469288,0.81
screen,knn,fog,5,common,pooled,0.68255,0.6357879520489247,0.765
screen,knn,brightness,1,common,pooled,0.509675,0.5145611940076504,0.935
screen,knn,brightness,2,common,pooled,0.537,0.5362804104788361,0.93
screen,knn,brightness,3,common,pooled,0.574425,0.5653855119406686,0.915
screen,knn,brightness,4,common,pooled,0.629875,0.6121969840577375,0.875
screen,knn,brightness,5,common,pooled,0.691375,0.66437213713241,0.795
screen,knn,contrast,1,common,pooled,0.6109,0.5862955949803972,0.84
screen,knn,contrast,2,common,pooled,0.684925,0.6474002262545968,0.795
screen,knn,contrast,3,common,pooled,0.789225,0.7455723442149385,0.625
screen,knn,contrast,4,common,pooled,0.89235,0.8599329082931628,0.39
screen,knn,contrast,5,common,pooled,0.926025,0.9051127668158861,0.28
screen,knn,elastic_transform,1,common,pooled,0.602625,0.5796248676100839,0.885
screen,knn,elastic_transform,2,common,pooled,0.6763,0.6513236894640639,0.825
screen,knn,elastic_transform,3,common,pooled,0.7688,0.7474526158376321,0.72
screen,knn,elastic_transform,4,common,pooled,0.82865,0.8162650887378327,0.655
screen,knn,elastic_transform,5,common,pooled,0.891,0.8852701830353767,0.515
screen,knn,pixelate,1,common,pooled,0.59385,0.5725870473894465,0.9
screen,knn,pixelate,2,common,pooled,0.657575,0.6343100967688204,0.84
screen,knn,pixelate,3,common,pooled,0.868525,0.8589355577856519,0.46
screen,knn,pixelate,4,common,pooled,0.9463,0.9472537005006261,0.235
screen,knn,pixelate,5,common,pooled,0.973,0.9739682897279942,0.14
screen,knn,jpeg_compression,1,common,pooled,0.821975,0.7988929155589756,0.625
screen,knn,jpeg_compression,2,common,pooled,0.911775,0.899090444841238,0.37
screen,knn,jpeg_compression,3,common,pooled,0.94695,0.9387747816891735,0.23
screen,knn,jpeg_compression,4,common,pooled,0.9789,0.9757551339887858,0.075
screen,knn,jpeg_compression,5,common,pooled,0.98795,0.9865241372247817,0.06
screen,knn,speckle_noise,1,extra,pooled,0.59025,0.5704855955955654,0.85
screen,knn,speckle_noise,2,extra,pooled,0.6531375,0.6286872699506038,0.81
screen,knn,speckle_noise,3,extra,pooled,0.8473,0.8219379214119081,0.45
screen,knn,speckle_noise,4,extra,pooled,0.917625,0.9011737248808348,0.275
screen,knn,speckle_noise,5,extra,pooled,0.9614,0.95538077877101,0.14
screen,knn,gaussian_blur,1,extra,pooled,0.53605,0.5123203824565578,0.905
screen,knn,gaussian_blur,2,extra,pooled,0.655425,0.5903503705091571,0.795
screen,knn,gaussian_blur,3,extra,pooled,0.769225,0.681721975829743,0.55
screen,knn,gaussian_blur,4,extra,pooled,0.84785,0.7542836696715701,0.39
screen,knn,gaussian_blur,5,extra,pooled,0.923875,0.8481164954587634,0.175
screen,knn,spatter,1,extra,pooled,0.61205,0.6027428297507,0.885
screen,knn,spatter,2,extra,pooled,0.8764,0.8661389799636158,0.505
screen,knn,spatter,3,extra,pooled,0.91005,0.8955807817466105,0.42
screen,knn,spatter,4,extra,pooled,0.95375,0.9482715909854447,0.18
screen,knn,spatter,5,extra,pooled,0.9776,0.9734890386201225,0.07
screen,knn,saturate,1,extra,pooled,0.5000375,0.4965207240134009,0.93
screen,knn,saturate,2,extra,pooled,0.5238875,0.508591762969548,0.915
screen,knn,saturate,3,extra,pooled,0.5481125,0.5426352556089724,0.915
screen,knn,saturate,4,extra,pooled,0.67065,0.6419717735439492,0.82
screen,knn,saturate,5,extra,pooled,0.730575,0.6975668287143599,0.715
screen,discopatch,gaussian_noise,1,common,pooled,0.8777,0.8767430773635104,0.455
screen,discopatch,gaussian_noise,2,common,pooled,0.95445,0.9523648048125818,0.21
screen,discopatch,gaussian_noise,3,common,pooled,0.9901,0.9893018806378,0.05
screen,discopatch,gaussian_noise,4,common,pooled,0.99865,0.9986330847268257,0.02
screen,discopatch,gaussian_noise,5,common,pooled,1.0,1.0,0.0
screen,discopatch,shot_noise,1,common,pooled,0.870675,0.8634346866338409,0.43
screen,discopatch,shot_noise,2,common,pooled,0.945125,0.9412897466485369,0.23
screen,discopatch,shot_noise,3,common,pooled,0.9779,0.9763005814088351,0.095
screen,discopatch,shot_noise,4,common,pooled,0.991525,0.9912373325507887,0.05
screen,discopatch,shot_noise,5,common,pooled,0.99445,0.9944155686734897,0.03
screen,discopatch,impulse_noise,1,common,pooled,0.92425,0.9168552346867241,0.275
screen,discopatch,impulse_noise,2,common,pooled,0.982175,0.9807374142754859,0.085
screen,discopatch,impulse_noise,3,common,pooled,0.994125,0.9936967168111561,0.025
screen,discopatch,impulse_noise,4,common,pooled,1.0,1.0,0.0
screen,discopatch,impulse_noise,5,common,pooled,1.0,1.0,0.0
screen,discopatch,defocus_blur,1,common,pooled,0.652325,0.6256343594876579,0.8
screen,discopatch,defocus_blur,2,common,pooled,0.715375,0.6783997847774954,0.71
screen,discopatch,defocus_blur,3,common,pooled,0.782225,0.7384393021567863,0.575
screen,discopatch,defocus_blur,4,common,pooled,0.80975,0.7629501864305476,0.49
screen,discopatch,defocus_blur,5,common,pooled,0.827175,0.7799799932199276,0.46
screen,discopatch,glass_blur,1,common,pooled,0.672825,0.6406153757122205,0.775
screen,discopatch,glass_blur,2,common,pooled,0.76655,0.7328192841558203,0.69
screen,discopatch,glass_blur,3,common,pooled,0.87815,0.8515214172515195,0.395
screen,discopatch,glass_blur,4,common,pooled,0.905025,0.8851623602067278,0.31
screen,discopatch,glass_blur,5,common,pooled,0.929275,0.915607029654919,0.245
screen,discopatch,motion_blur,1,common,pooled,0.57935,0.5672159646451028,0.9
screen,discopatch,motion_blur,2,common,pooled,0.65605,0.6286730546100072,0.79
screen,discopatch,motion_blur,3,common,pooled,0.732425,0.6934084529822031,0.7
screen,discopatch,motion_blur,4,common,pooled,0.781375,0.7406054977353702,0.67
screen,discopatch,motion_blur,5,common,pooled,0.8139,0.7730631837352202,0.55
screen,discopatch,zoom_blur,1,common,pooled,0.7375,0.6999560832964997,0.695
screen,discopatch,zoom_blur,2,common,pooled,0.777025,0.7369558348056382,0.57
screen,discopatch,zoom_blur,3,common,pooled,0.8083,0.7689861458603893,0.49
screen,discopatch,zoom_blur,4,common,pooled,0.824525,0.7843331882952467,0.495
screen,discopatch,zoom_blur,5,common,pooled,0.8414,0.8054297267356836,0.445
screen,discopatch,snow,1,common,pooled,0.7517,0.6934557744305101,0.6
screen,discopatch,snow,2,common,pooled,0.84095,0.7962629187818002,0.42
screen,discopatch,snow,3,common,pooled,0.833975,0.7748063569847184,0.405
screen,discopatch,snow,4,common,pooled,0.8612,0.7991056875544156,0.33
screen,discopatch,snow,5,common,pooled,0.8339,0.7682651215452169,0.39
screen,discopatch,frost,1,common,pooled,0.66285,0.6200767113554315,0.745
screen,discopatch,frost,2,common,pooled,0.777625,0.7334318766056828,0.565
screen,discopatch,frost,3,common,pooled,0.8256,0.7807196647334471,0.475
screen,discopatch,frost,4,common,pooled,0.8441,0.8052762722376314,0.45
screen,discopatch,frost,5,common,pooled,0.873525,0.8337688832496168,0.355
screen,discopatch,fog,1,common,pooled,0.59705,0.5878524814159485,0.88
screen,discopatch,fog,2,common,pooled,0.644775,0.629588851987946,0.84
screen,discopatch,fog,3,common,pooled,0.7041,0.6868628271532004,0.76
screen,discopatch,fog,4,common,pooled,0.7535,0.7303104806859974,0.705
screen,discopatch,fog,5,common,pooled,0.833625,0.8187472262497137,0.485
screen,discopatch,brightness,1,common,pooled,0.49125,0.49589043823820494,0.95
screen,discopatch,brightness,2,common,pooled,0.494075,0.4923430372037044,0.92
screen,discopatch,brightness,3,common,pooled,0.5032,0.49252931606761285,0.875
screen,discopatch,brightness,4,common,pooled,0.51335,0.4924013241449482,0.86
screen,discopatch,brightness,5,common,pooled,0.51915,0.490926661613966,0.815
screen,discopatch,contrast,1,common,pooled,0.548025,0.5236573122784554,0.88
screen,discopatch,contrast,2,common,pooled,0.5707,0.5385163909995854,0.85
screen,discopatch,contrast,3,common,pooled,0.606975,0.5641183738486629,0.82
screen,discopatch,contrast,4,common,pooled,0.685475,0.6260742450401471,0.68
screen,discopatch,contrast,5,common,pooled,0.763875,0.7090838377737247,0.535
screen,discopatch,elastic_transform,1,common,pooled,0.61035,0.5845623190768559,0.81
screen,discopatch,elastic_transform,2,common,pooled,0.639,0.6033616477691938,0.76
screen,discopatch,elastic_transform,3,common,pooled,0.6734,0.6295240250387184,0.72
screen,discopatch,elastic_transform,4,common,pooled,0.694875,0.6422032073313116,0.69
screen,discopatch,elastic_transform,5,common,pooled,0.715175,0.6576094550514371,0.65
screen,discopatch,pixelate,1,common,pooled,0.547,0.5407306992710175,0.9
screen,discopatch,pixelate,2,common,pooled,0.555375,0.5477453788642735,0.9
screen,discopatch,pixelate,3,common,pooled,0.640475,0.6095597649601335,0.79
screen,discopatch,pixelate,4,common,pooled,0.712325,0.674424433418852,0.72
screen,discopatch,pixelate,5,common,pooled,0.7468,0.7052044633889878,0.67
screen,discopatch,jpeg_compression,1,common,pooled,0.630275,0.5782239835774332,0.76
screen,discopatch,jpeg_compression,2,common,pooled,0.639925,0.575701374393619,0.75
screen,discopatch,jpeg_compression,3,common,pooled,0.645225,0.5737327454054971,0.735
screen,discopatch,jpeg_compression,4,common,pooled,0.633075,0.5554787369244436,0.71
screen,discopatch,jpeg_compression,5,common,pooled,0.594375,0.5232397131669654,0.71
screen,discopatch,speckle_noise,1,extra,pooled,0.8045,0.7898858312677817,0.57
screen,discopatch,speckle_noise,2,extra,pooled,0.862125,0.84618200592244,0.42
screen,discopatch,speckle_noise,3,extra,pooled,0.942075,0.9337339324037943,0.22
screen,discopatch,speckle_noise,4,extra,pooled,0.961925,0.9568806894812404,0.165
screen,discopatch,speckle_noise,5,extra,pooled,0.975325,0.9724545669809592,0.115
screen,discopatch,gaussian_blur,1,extra,pooled,0.555325,0.5472151856658346,0.915
screen,discopatch,gaussian_blur,2,extra,pooled,0.703025,0.6689066636107356,0.74
screen,discopatch,gaussian_blur,3,extra,pooled,0.786875,0.7449261893146996,0.565
screen,discopatch,gaussian_blur,4,extra,pooled,0.823625,0.7796683685970403,0.465
screen,discopatch,gaussian_blur,5,extra,pooled,0.84775,0.8014714823270384,0.41
screen,discopatch,spatter,1,extra,pooled,0.5225,0.5186612393641014,0.92
screen,discopatch,spatter,2,extra,pooled,0.677175,0.6211070089789759,0.73
screen,discopatch,spatter,3,extra,pooled,0.806725,0.759760642343614,0.465
screen,discopatch,spatter,4,extra,pooled,0.8219,0.771473407117174,0.415
screen,discopatch,spatter,5,extra,pooled,0.882725,0.8373623995667181,0.265
screen,discopatch,saturate,1,extra,pooled,0.6545125,0.6259330111810559,0.76
screen,discopatch,saturate,2,extra,pooled,0.7646875,0.7312021074978728,0.585
screen,discopatch,saturate,3,extra,pooled,0.4664625,0.47819227986469187,0.955
screen,discopatch,saturate,4,extra,pooled,0.517375,0.49523282345316855,0.88
screen,discopatch,saturate,5,extra,pooled,0.5647,0.521512936260029,0.78
screen,cdf,gaussian_noise,1,common,pooled,0.8541,0.7704876003865397,0.345
screen,cdf,gaussian_noise,2,common,pooled,0.95475,0.9180851041060294,0.095
screen,cdf,gaussian_noise,3,common,pooled,0.99315,0.9900697078147025,0.02
screen,cdf,gaussian_noise,4,common,pooled,1.0,1.0,0.0
screen,cdf,gaussian_noise,5,common,pooled,1.0,1.0,0.0
screen,cdf,shot_noise,1,common,pooled,0.83855,0.7736015781346689,0.395
screen,cdf,shot_noise,2,common,pooled,0.95345,0.9294224619987022,0.13
screen,cdf,shot_noise,3,common,pooled,0.9905,0.9877858891149607,0.02
screen,cdf,shot_noise,4,common,pooled,0.999825,0.9998259789772099,0.0
screen,cdf,shot_noise,5,common,pooled,1.0,1.0,0.0
screen,cdf,impulse_noise,1,common,pooled,0.99715,0.9968007578228467,0.015
screen,cdf,impulse_noise,2,common,pooled,0.996675,0.9960216300138605,0.015
screen,cdf,impulse_noise,3,common,pooled,0.998375,0.9981199935530333,0.005
screen,cdf,impulse_noise,4,common,pooled,1.0,1.0,0.0
screen,cdf,impulse_noise,5,common,pooled,1.0,1.0,0.0
screen,cdf,defocus_blur,1,common,pooled,0.75605,0.6997106564984811,0.595
screen,cdf,defocus_blur,2,common,pooled,0.838725,0.7815336911443642,0.43
screen,cdf,defocus_blur,3,common,pooled,0.913525,0.8685039529085574,0.22
screen,cdf,defocus_blur,4,common,pooled,0.9459,0.9140229320833945,0.135
screen,cdf,defocus_blur,5,common,pooled,0.965075,0.9429147993196879,0.085
screen,cdf,glass_blur,1,common,pooled,0.636925,0.6049689358964458,0.735
screen,cdf,glass_blur,2,common,pooled,0.72705,0.6740287639146649,0.625
screen,cdf,glass_blur,3,common,pooled,0.8168,0.7519458598083896,0.44
screen,cdf,glass_blur,4,common,pooled,0.8515,0.7891233562860027,0.365
screen,cdf,glass_blur,5,common,pooled,0.911775,0.8628580974394962,0.195
screen,cdf,motion_blur,1,common,pooled,0.666825,0.6268475261114429,0.715
screen,cdf,motion_blur,2,common,pooled,0.76855,0.7157778619170235,0.53
screen,cdf,motion_blur,3,common,pooled,0.86435,0.8135376033771716,0.365
screen,cdf,motion_blur,4,common,pooled,0.920425,0.8800598616901156,0.215
screen,cdf,motion_blur,5,common,pooled,0.942175,0.909568885326723,0.135
screen,cdf,zoom_blur,1,common,pooled,0.7381,0.690215537201059,0.635
screen,cdf,zoom_blur,2,common,pooled,0.79865,0.7450854140988381,0.515
screen,cdf,zoom_blur,3,common,pooled,0.764375,0.7166113679281585,0.63
screen,cdf,zoom_blur,4,common,pooled,0.799275,0.7494347333782345,0.555
screen,cdf,zoom_blur,5,common,pooled,0.7718,0.7230164463289711,0.61
screen,cdf,snow,1,common,pooled,0.853875,0.8051523388625063,0.39
screen,cdf,snow,2,common,pooled,0.9424,0.9152224214049546,0.17
screen,cdf,snow,3,common,pooled,0.94215,0.9170364366629733,0.17
screen,cdf,snow,4,common,pooled,0.967625,0.9531545835045402,0.095
screen,cdf,snow,5,common,pooled,0.9624,0.9464714574642961,0.105
screen,cdf,frost,1,common,pooled,0.601775,0.5913043293407515,0.81
screen,cdf,frost,2,common,pooled,0.7077,0.6530452474524594,0.635
screen,cdf,frost,3,common,pooled,0.785475,0.7179248560930483,0.505
screen,cdf,frost,4,common,pooled,0.7849,0.7139303583829245,0.515
screen,cdf,frost,5,common,pooled,0.82075,0.744179282133913,0.43
screen,cdf,fog,1,common,pooled,0.716975,0.6637947498280756,0.705
screen,cdf,fog,2,common,pooled,0.770425,0.7136400866849952,0.635
screen,cdf,fog,3,common,pooled,0.8027,0.7455418413696792,0.57
screen,cdf,fog,4,common,pooled,0.78015,0.7075085286214983,0.595
screen,cdf,fog,5,common,pooled,0.77595,0.6872157277932033,0.55
screen,cdf,brightness,1,common,pooled,0.522775,0.5330221710469841,0.935
screen,cdf,brightness,2,common,pooled,0.5873,0.5836846755633351,0.9
screen,cdf,brightness,3,common,pooled,0.6642,0.645794181392825,0.82
screen,cdf,brightness,4,common,pooled,0.747625,0.7173251926285897,0.7
screen,cdf,brightness,5,common,pooled,0.818,0.7816364011037551,0.575
screen,cdf,contrast,1,common,pooled,0.785975,0.7468123392117852,0.625
screen,cdf,contrast,2,common,pooled,0.863875,0.8282511076876973,0.44
screen,cdf,contrast,3,common,pooled,0.93445,0.9097165667813952,0.205
screen,cdf,contrast,4,common,pooled,0.9827,0.9762496914065675,0.055
screen,cdf,contrast,5,common,pooled,0.996775,0.996217093479215,0.015
screen,cdf,elastic_transform,1,common,pooled,0.505575,0.506151288302615,0.93
screen,cdf,elastic_transform,2,common,pooled,0.525525,0.5174623996662626,0.925
screen,cdf,elastic_transform,3,common,pooled,0.563825,0.540784921342729,0.865
screen,cdf,elastic_transform,4,common,pooled,0.598275,0.5643893322812384,0.82
screen,cdf,elastic_transform,5,common,pooled,0.6463,0.5973979082967015,0.755
screen,cdf,pixelate,1,common,pooled,0.54825,0.5287439908516959,0.865
screen,cdf,pixelate,2,common,pooled,0.58965,0.5569624857578024,0.795
screen,cdf,pixelate,3,common,pooled,0.736125,0.6777746441818973,0.635
screen,cdf,pixelate,4,common,pooled,0.87505,0.8263516724567538,0.365
screen,cdf,pixelate,5,common,pooled,0.942175,0.9227182416674071,0.175
screen,cdf,jpeg_compression,1,common,pooled,0.64525,0.6010615531336029,0.745
screen,cdf,jpeg_compression,2,common,pooled,0.75205,0.6914490194320017,0.625
screen,cdf,jpeg_compression,3,common,pooled,0.8139,0.7524121207483008,0.505
screen,cdf,jpeg_compression,4,common,pooled,0.916925,0.8749762073680059,0.24
screen,cdf,jpeg_compression,5,common,pooled,0.960325,0.9369732722700015,0.12
screen,cdf,speckle_noise,1,extra,pooled,0.727375,0.6805915311821109,0.645
screen,cdf,speckle_noise,2,extra,pooled,0.827525,0.7852393666725235,0.465
screen,cdf,speckle_noise,3,extra,pooled,0.962025,0.9541800201399157,0.145
screen,cdf,speckle_noise,4,extra,pooled,0.9851,0.9833225472586558,0.08
screen,cdf,speckle_noise,5,extra,pooled,0.995275,0.9950879447830167,0.02
screen,cdf,gaussian_blur,1,extra,pooled,0.6378,0.601403543596313,0.78
screen,cdf,gaussian_blur,2,extra,pooled,0.827675,0.7688299804995609,0.44
screen,cdf,gaussian_blur,3,extra,pooled,0.91485,0.8696222137340313,0.205
screen,cdf,gaussian_blur,4,extra,pooled,0.9534,0.9247364008542538,0.1
screen,cdf,gaussian_blur,5,extra,pooled,0.98295,0.9720742437971298,0.045
screen,cdf,spatter,1,extra,pooled,0.495975,0.4954934265154149,0.93
screen,cdf,spatter,2,extra,pooled,0.711825,0.6504881590569909,0.655
screen,cdf,spatter,3,extra,pooled,0.863825,0.8134535224153978,0.39
screen,cdf,spatter,4,extra,pooled,0.928275,0.9110419026972866,0.23
screen,cdf,spatter,5,extra,pooled,0.969675,0.9610964399061368,0.095
screen,cdf,saturate,1,extra,pooled,0.4817875,0.48575087518602234,0.93
screen,cdf,saturate,2,extra,pooled,0.5339375,0.5178057914110022,0.87
screen,cdf,saturate,3,extra,pooled,0.5935875,0.5698551859928089,0.86
screen,cdf,saturate,4,extra,pooled,0.76585,0.7127207275043153,0.62
screen,cdf,saturate,5,extra,pooled,0.85835,0.8129643791703285,0.43
screen,cdf_sum,gaussian_noise,1,common,pooled,0.81125,0.7301243940453979,0.48
screen,cdf_sum,gaussian_noise,2,common,pooled,0.931225,0.8875175977977378,0.16
screen,cdf_sum,gaussian_noise,3,common,pooled,0.98705,0.9807954210409242,0.03
screen,cdf_sum,gaussian_noise,4,common,pooled,0.999725,0.99972396060906,0.0
screen,cdf_sum,gaussian_noise,5,common,pooled,1.0,1.0,0.0
screen,cdf_sum,shot_noise,1,common,pooled,0.793575,0.7321523986442378,0.535
screen,cdf_sum,shot_noise,2,common,pooled,0.929,0.8972001627104933,0.195
screen,cdf_sum,shot_noise,3,common,pooled,0.983825,0.9788344721720659,0.05
screen,cdf_sum,shot_noise,4,common,pooled,0.9996,0.9996027434163361,0.0
screen,cdf_sum,shot_noise,5,common,pooled,1.0,1.0,0.0
screen,cdf_sum,impulse_noise,1,common,pooled,0.99795,0.997834366339923,0.015
screen,cdf_sum,impulse_noise,2,common,pooled,0.995875,0.9953398189051827,0.015
screen,cdf_sum,impulse_noise,3,common,pooled,0.997025,0.9966700197981747,0.015
screen,cdf_sum,impulse_noise,4,common,pooled,1.0,1.0,0.0
screen,cdf_sum,impulse_noise,5,common,pooled,1.0,1.0,0.0
screen,cdf_sum,defocus_blur,1,common,pooled,0.7251,0.6766411258080134,0.675
screen,cdf_sum,defocus_blur,2,common,pooled,0.81035,0.7537591887917247,0.505
screen,cdf_sum,defocus_blur,3,common,pooled,0.9001,0.8525863603420987,0.265
screen,cdf_sum,defocus_blur,4,common,pooled,0.938975,0.9054993075332339,0.16
screen,cdf_sum,defocus_blur,5,common,pooled,0.962,0.9409882193345006,0.095
screen,cdf_sum,glass_blur,1,common,pooled,0.611275,0.5833590758461202,0.805
screen,cdf_sum,glass_blur,2,common,pooled,0.700525,0.6539049289411937,0.675
screen,cdf_sum,glass_blur,3,common,pooled,0.8122,0.7490782802858679,0.475
screen,cdf_sum,glass_blur,4,common,pooled,0.84825,0.7860534867505622,0.38
screen,cdf_sum,glass_blur,5,common,pooled,0.90895,0.8586455780947673,0.215
screen,cdf_sum,motion_blur,1,common,pooled,0.650875,0.6149737083368522,0.745
screen,cdf_sum,motion_blur,2,common,pooled,0.75165,0.7063521402000363,0.61
screen,cdf_sum,motion_blur,3,common,pooled,0.855175,0.8067454232266338,0.41
screen,cdf_sum,motion_blur,4,common,pooled,0.917825,0.8802128352777712,0.22
screen,cdf_sum,motion_blur,5,common,pooled,0.943225,0.9149600541652848,0.145
screen,cdf_sum,zoom_blur,1,common,pooled,0.716075,0.6688327528691669,0.67
screen,cdf_sum,zoom_blur,2,common,pooled,0.782025,0.7248330310673893,0.545
screen,cdf_sum,zoom_blur,3,common,pooled,0.74565,0.6970889161187996,0.65
screen,cdf_sum,zoom_blur,4,common,pooled,0.784525,0.7293968757987482,0.575
screen,cdf_sum,zoom_blur,5,common,pooled,0.7537,0.7035752289234425,0.65
screen,cdf_sum,snow,1,common,pooled,0.84765,0.8117971826345857,0.425
screen,cdf_sum,snow,2,common,pooled,0.926475,0.9007378558059788,0.23
screen,cdf_sum,snow,3,common,pooled,0.93515,0.9158912084934265,0.195
screen,cdf_sum,snow,4,common,pooled,0.9631,0.952923656195678,0.13
screen,cdf_sum,snow,5,common,pooled,0.9504,0.9361233341350307,0.145
screen,cdf_sum,frost,1,common,pooled,0.544875,0.5470038128939232,0.86
screen,cdf_sum,frost,2,common,pooled,0.6466,0.606104506220771,0.745
screen,cdf_sum,frost,3,common,pooled,0.726375,0.6666271912634193,0.635
screen,cdf_sum,frost,4,common,pooled,0.7322,0.666411443754026,0.66
screen,cdf_sum,frost,5,common,pooled,0.767525,0.6945640796038923,0.555
screen,cdf_sum,fog,1,common,pooled,0.683725,0.6428892494488575,0.795
screen,cdf_sum,fog,2,common,pooled,0.73555,0.6884922758876113,0.715
screen,cdf_sum,fog,3,common,pooled,0.76675,0.7174776019465633,0.67
screen,cdf_sum,fog,4,common,pooled,0.739875,0.676569103489409,0.68
screen,cdf_sum,fog,5,common,pooled,0.7266,0.647992161152774,0.675
screen,cdf_sum,brightness,1,common,pooled,0.515575,0.5245008210000613,0.925
screen,cdf_sum,brightness,2,common,pooled,0.5614,0.5607046298016971,0.89
screen,cdf_sum,brightness,3,common,pooled,0.620525,0.608356498519438,0.86
screen,cdf_sum,brightness,4,common,pooled,0.690125,0.6662618880943989,0.78
screen,cdf_sum,brightness,5,common,pooled,0.756625,0.7228020265341792,0.68
screen,cdf_sum,contrast,1,common,pooled,0.748375,0.7163003498247014,0.71
screen,cdf_sum,contrast,2,common,pooled,0.8283,0.7959945740182813,0.575
screen,cdf_sum,contrast,3,common,pooled,0.91105,0.8868567817797768,0.325
screen,cdf_sum,contrast,4,common,pooled,0.977475,0.9713679678406514,0.085
screen,cdf_sum,contrast,5,common,pooled,0.996325,0.9958539670093595,0.015
screen,cdf_sum,elastic_transform,1,common,pooled,0.497275,0.5000499399031535,0.94
screen,cdf_sum,elastic_transform,2,common,pooled,0.5209,0.5138682630074728,0.905
screen,cdf_sum,elastic_transform,3,common,pooled,0.567325,0.5432032699232601,0.86
screen,cdf_sum,elastic_transform,4,common,pooled,0.6083,0.5742090567561631,0.835
screen,cdf_sum,elastic_transform,5,common,pooled,0.667225,0.6195497548864247,0.77
screen,cdf_sum,pixelate,1,common,pooled,0.5496,0.528959686757504,0.86
screen,cdf_sum,pixelate,2,common,pooled,0.593325,0.5605523994206736,0.835
screen,cdf_sum,pixelate,3,common,pooled,0.7469,0.6963740745553606,0.65
screen,cdf_sum,pixelate,4,common,pooled,0.893125,0.8607161036798517,0.315
screen,cdf_sum,pixelate,5,common,pooled,0.95325,0.9425239006904581,0.145
screen,cdf_sum,jpeg_compression,1,common,pooled,0.651975,0.61087687387626,0.77
screen,cdf_sum,jpeg_compression,2,common,pooled,0.7707,0.7130494694137401,0.595
screen,cdf_sum,jpeg_compression,3,common,pooled,0.8363,0.7805505263742609,0.45
screen,cdf_sum,jpeg_compression,4,common,pooled,0.93635,0.9081954181678311,0.195
screen,cdf_sum,jpeg_compression,5,common,pooled,0.97375,0.9633967030401609,0.085
screen,cdf_sum,speckle_noise,1,extra,pooled,0.68575,0.6467118098885458,0.71
screen,cdf_sum,speckle_noise,2,extra,pooled,0.7833,0.7475194594664003,0.575
screen,cdf_sum,speckle_noise,3,extra,pooled,0.941075,0.9305809163866611,0.21
screen,cdf_sum,speckle_noise,4,extra,pooled,0.974375,0.9714480112812547,0.11
screen,cdf_sum,speckle_noise,5,extra,pooled,0.9912,0.9907989451385208,0.05
screen,cdf_sum,gaussian_blur,1,extra,pooled,0.61395,0.5820936613230249,0.815
screen,cdf_sum,gaussian_blur,2,extra,pooled,0.7981,0.7395656135466855,0.515
screen,cdf_sum,gaussian_blur,3,extra,pooled,0.900625,0.8529438877333212,0.26
screen,cdf_sum,gaussian_blur,4,extra,pooled,0.947425,0.9172682614909441,0.135
screen,cdf_sum,gaussian_blur,5,extra,pooled,0.982725,0.9742820398878825,0.04
screen,cdf_sum,spatter,1,extra,pooled,0.49965,0.5006911315657039,0.935
screen,cdf_sum,spatter,2,extra,pooled,0.73625,0.6841562183241225,0.675
screen,cdf_sum,spatter,3,extra,pooled,0.870725,0.8339916394690514,0.38
screen,cdf_sum,spatter,4,extra,pooled,0.93545,0.9238655773971414,0.22
screen,cdf_sum,spatter,5,extra,pooled,0.97405,0.9684125786487722,0.095
screen,cdf_sum,saturate,1,extra,pooled,0.4705625,0.4783226057652641,0.935
screen,cdf_sum,saturate,2,extra,pooled,0.5146375,0.5039140601998475,0.88
screen,cdf_sum,saturate,3,extra,pooled,0.5733875,0.5531108690104145,0.88
screen,cdf_sum,saturate,4,extra,pooled,0.71725,0.6703183834292072,0.71
screen,cdf_sum,saturate,5,extra,pooled,0.806225,0.7604000995899654,0.565
