subset,method,family,severity,group,pooling,auroc,aupr,fpr95
all,two_axis,gaussian_noise,1,common,pooled,0.925578,0.8713736953354082,0.219
all,two_axis,gaussian_noise,2,common,pooled,0.983913,0.9668037695032939,0.0468
all,two_axis,gaussian_noise,3,common,pooled,0.99708188,0.994001091421022,0.0082
all,two_axis,gaussian_noise,4,common,pooled,0.99953976,0.9993581565272809,0.0012
all,two_axis,gaussian_noise,5,common,pooled,0.99998968,0.999989597780469,0.0
all,two_axis,shot_noise,1,common,pooled,0.90792248,0.8610708587382466,0.281
all,two_axis,shot_noise,2,common,pooled,0.9798692,0.9670951018684149,0.0604
all,two_axis,shot_noise,3,common,pooled,0.99519924,0.99279271479903,0.012
all,two_axis,shot_noise,4,common,pooled,0.9993006,0.9992566230266822,0.0016
all,two_axis,shot_noise,5,common,pooled,0.99980456,0.9998159556742068,0.0004
all,two_axis,impulse_noise,1,common,pooled,0.98745296,0.9845235788404602,0.0542
all,two_axis,impulse_noise,2,common,pooled,0.99472252,0.9922322835522316,0.0168
all,two_axis,impulse_noise,3,common,pooled,0.9974008,0.9958471338779274,0.0086
all,two_axis,impulse_noise,4,common,pooled,0.99961824,0.9994845643159144,0.0012
all,two_axis,impulse_noise,5,common,pooled,0.99999168,0.9999916139375904,0.0
all,two_axis,defocus_blur,1,common,pooled,0.94770296,0.9143869212365437,0.18
all,two_axis,defocus_blur,2,common,pooled,0.96970968,0.9462275712825847,0.099
all,two_axis,defocus_blur,3,common,pooled,0.98161208,0.9641086588854648,0.059
all,two_axis,defocus_blur,4,common,pooled,0.98562144,0.9696948555929421,0.0446
all,two_axis,defocus_blur,5,common,pooled,0.98892528,0.9754168180132565,0.0348
all,two_axis,glass_blur,1,common,pooled,0.91460368,0.8674922624945977,0.2814
all,two_axis,glass_blur,2,common,pooled,0.95350336,0.9205205885682857,0.1562
all,two_axis,glass_blur,3,common,pooled,0.95933852,0.9244083365495174,0.1232
all,two_axis,glass_blur,4,common,pooled,0.9627052,0.9283134368847384,0.1062
all,two_axis,glass_blur,5,common,pooled,0.97712136,0.9524290780574811,0.0634
all,two_axis,motion_blur,1,common,pooled,0.86660544,0.8173087488296273,0.4122
all,two_axis,motion_blur,2,common,pooled,0.9225354,0.8880335907674705,0.2474
all,two_axis,motion_blur,3,common,pooled,0.9508826,0.9271597854419064,0.1524
all,two_axis,motion_blur,4,common,pooled,0.96550428,0.9490735878900568,0.102
all,two_axis,motion_blur,5,common,pooled,0.97212548,0.9584732735275214,0.0838
all,two_axis,zoom_blur,1,common,pooled,0.9021624,0.8391210554900803,0.2784
all,two_axis,zoom_blur,2,common,pooled,0.9239114,0.8671701940241474,0.2202
all,two_axis,zoom_blur,3,common,pooled,0.93044012,0.8802547096939214,0.2158
all,two_axis,zoom_blur,4,common,pooled,0.94242684,0.8967941801980238,0.1734
all,two_axis,zoom_blur,5,common,pooled,0.94983208,0.9096288645835979,0.1574
all,two_axis,snow,1,common,pooled,0.92240988,0.906292229620126,0.2904
all,two_axis,snow,2,common,pooled,0.96943984,0.9617558538035835,0.1178
all,two_axis,snow,3,common,pooled,0.97285336,0.9650810145811547,0.1054
all,two_axis,snow,4,common,pooled,0.98271804,0.977008204038548,0.0634
all,two_axis,snow,5,common,pooled,0.97645404,0.9683241754699385,0.0838
all,two_axis,frost,1,common,pooled,0.7162918,0.6513295971010995,0.6972
all,two_axis,frost,2,common,pooled,0.84436936,0.7705233083237868,0.437
all,two_axis,frost,3,common,pooled,0.88736332,0.8155948023193165,0.3138
all,two_axis,frost,4,common,pooled,0.90278156,0.836857844056001,0.2726
all,two_axis,frost,5,common,pooled,0.91904644,0.8549848133013542,0.2218
all,two_axis,fog,1,common,pooled,0.95165996,0.926597358264142,0.1736
all,two_axis,fog,2,common,pooled,0.9695902,0.9514945381797671,0.1022
all,two_axis,fog,3,common,pooled,0.9782164,0.9639533378782719,0.0716
all,two_axis,fog,4,common,pooled,0.97855908,0.9633894395019074,0.0662
all,two_axis,fog,5,common,pooled,0.98567672,0.9728497838779981,0.0466
all,two_axis,brightness,1,common,pooled,0.52917408,0.5172759198627944,0.9306
all,two_axis,brightness,2,common,pooled,0.55999288,0.5359840880438207,0.899
all,two_axis,brightness,3,common,pooled,0.59626588,0.5599344838929309,0.8544
all,two_axis,brightness,4,common,pooled,0.648902,0.5986218084464399,0.7794
all,two_axis,brightness,5,common,pooled,0.70734552,0.6477738531382486,0.6906
all,two_axis,contrast,1,common,pooled,0.94028456,0.9128427223674749,0.228
all,two_axis,contrast,2,common,pooled,0.96969648,0.9531815160263064,0.112
all,two_axis,contrast,3,common,pooled,0.98734676,0.9794803925353135,0.0492
all,two_axis,contrast,4,common,pooled,0.99637892,0.9942676933981419,0.0114
all,two_axis,contrast,5,common,pooled,0.99877592,0.998256973438537,0.0042
all,two_axis,elastic_transform,1,common,pooled,0.6834804,0.6318346464391646,0.7936
all,two_axis,elastic_transform,2,common,pooled,0.7175176,0.6613190199350506,0.738
all,two_axis,elastic_transform,3,common,pooled,0.76023336,0.7018456982919297,0.6596
all,two_axis,elastic_transform,4,common,pooled,0.79283036,0.7360840534949975,0.5864
all,two_axis,elastic_transform,5,common,pooled,0.83518656,0.7830474967724186,0.4876
all,two_axis,pixelate,1,common,pooled,0.85164668,0.8036196335015304,0.5278
all,two_axis,pixelate,2,common,pooled,0.88262912,0.8386216431579882,0.4298
all,two_axis,pixelate,3,common,pooled,0.95682688,0.9400136736197076,0.1624
all,two_axis,pixelate,4,common,pooled,0.97980476,0.9724404114064034,0.0682
all,two_axis,pixelate,5,common,pooled,0.9887986,0.9855123104358539,0.0404
all,two_axis,jpeg_compression,1,common,pooled,0.89237376,0.8439629431905957,0.3346
all,two_axis,jpeg_compression,2,common,pooled,0.92869092,0.8885475790807057,0.2226
all,two_axis,jpeg_compression,3,common,pooled,0.94163492,0.9047012837879816,0.186
all,two_axis,jpeg_compression,4,common,pooled,0.95918032,0.9282712065997889,0.122
all,two_axis,jpeg_compression,5,common,pooled,0.97019892,0.9512189310893575,0.092
all,two_axis,speckle_noise,1,extra,pooled,0.80113024,0.7502586760208467,0.5726
all,two_axis,speckle_noise,2,extra,pooled,0.89110876,0.8600278624322866,0.3874
all,two_axis,speckle_noise,3,extra,pooled,0.97848364,0.9733306269836539,0.0842
all,two_axis,speckle_noise,4,extra,pooled,0.99069864,0.9890388816212313,0.037
all,two_axis,speckle_noise,5,extra,pooled,0.99635596,0.9960397190399373,0.0116
all,two_axis,gaussian_blur,1,extra,pooled,0.85314536,0.7934663929353658,0.4596
all,two_axis,gaussian_blur,2,extra,pooled,0.96710736,0.9420907024575367,0.1108
all,two_axis,gaussian_blur,3,extra,pooled,0.98128136,0.9634448838358006,0.06
all,two_axis,gaussian_blur,4,extra,pooled,0.98506412,0.9682704387176645,0.048
all,two_axis,gaussian_blur,5,extra,pooled,0.98856084,0.9736515411505005,0.0344
all,two_axis,spatter,1,extra,pooled,0.56797388,0.5406694558260949,0.8968
all,two_axis,spatter,2,extra,pooled,0.87412624,0.8301412801389241,0.4138
all,two_axis,spatter,3,extra,pooled,0.94024964,0.925192476066492,0.2424
all,two_axis,spatter,4,extra,pooled,0.98982848,0.9888301702486283,0.0492
all,two_axis,spatter,5,extra,pooled,0.99700552,0.9966958866300113,0.0126
all,two_axis,saturate,1,extra,pooled,0.59967276,0.5649086501874777,0.8662
all,two_axis,saturate,2,extra,pooled,0.66198596,0.6090359024284874,0.7736
all,two_axis,saturate,3,extra,pooled,0.53713564,0.5261252245707523,0.9236
all,two_axis,saturate,4,extra,pooled,0.72864284,0.6766408925460108,0.7
all,two_axis,saturate,5,extra,pooled,0.83932124,0.808096209479067,0.526
all,peak_share,gaussian_noise,1,common,pooled,0.94734892,0.9135221226385783,0.1582
all,peak_share,gaussian_noise,2,common,pooled,0.98302032,0.9694580525137432,0.0462
all,peak_share,gaussian_noise,3,common,pooled,0.99536936,0.9920000823538404,0.013
all,peak_share,gaussian_noise,4,common,pooled,0.99895484,0.9985722557003615,0.0034
all,peak_share,gaussian_noise,5,common,pooled,0.99994968,0.9999485817073939,0.0004
all,peak_share,shot_noise,1,common,pooled,0.9297188,0.8974562114879504,0.2244
all,peak_share,shot_noise,2,common,pooled,0.97754296,0.964890057963489,0.0672
all,peak_share,shot_noise,3,common,pooled,0.99250964,0.9886696408315416,0.023
all,peak_share,shot_noise,4,common,pooled,0.99855812,0.9981953421495917,0.005
all,peak_share,shot_noise,5,common,pooled,0.99961936,0.9995944161320754,0.0018
all,peak_share,impulse_noise,1,common,pooled,0.97783312,0.9674061702112118,0.074
all,peak_share,impulse_noise,2,common,pooled,0.9900902,0.9841892437548159,0.0302
all,peak_share,impulse_noise,3,common,pooled,0.99471576,0.9913106246129331,0.0168
all,peak_share,impulse_noise,4,common,pooled,0.9989406,0.9985038349060299,0.0032
all,peak_share,impulse_noise,5,common,pooled,0.99995044,0.9999492616818435,0.0004
all,peak_share,defocus_blur,1,common,pooled,0.93411392,0.8844449329532484,0.1774
all,peak_share,defocus_blur,2,common,pooled,0.97070196,0.9410278470132708,0.0726
all,peak_share,defocus_blur,3,common,pooled,0.98756324,0.9729477813521833,0.028
all,peak_share,defocus_blur,4,common,pooled,0.99330436,0.9851679125292675,0.0156
all,peak_share,defocus_blur,5,common,pooled,0.996056,0.9912225506803111,0.0084
all,peak_share,glass_blur,1,common,pooled,0.84606956,0.7723879241420709,0.4034
all,peak_share,glass_blur,2,common,pooled,0.93142592,0.8775039938255931,0.1798
all,peak_share,glass_blur,3,common,pooled,0.9614902,0.9205255058345004,0.0922
all,peak_share,glass_blur,4,common,pooled,0.97295404,0.9419325500701611,0.059
all,peak_share,glass_blur,5,common,pooled,0.98836644,0.9739289005779603,0.0248
all,peak_share,motion_blur,1,common,pooled,0.83848316,0.7898249307592968,0.482
all,peak_share,motion_blur,2,common,pooled,0.92181504,0.8861059117732191,0.242
all,peak_share,motion_blur,3,common,pooled,0.96309176,0.9420074063128311,0.1126
all,peak_share,motion_blur,4,common,pooled,0.98149912,0.9703064933982085,0.0504
all,peak_share,motion_blur,5,common,pooled,0.9875928,0.9801616413328893,0.0346
all,peak_share,zoom_blur,1,common,pooled,0.89660136,0.8331644683985792,0.2574
all,peak_share,zoom_blur,2,common,pooled,0.9315464,0.8820655320587826,0.1746
all,peak_share,zoom_blur,3,common,pooled,0.90742304,0.8519716665726267,0.239
all,peak_share,zoom_blur,4,common,pooled,0.92990272,0.882640806537429,0.1872
all,peak_share,zoom_blur,5,common,pooled,0.91585252,0.8657335461953679,0.2304
all,peak_share,snow,1,common,pooled,0.92321992,0.8934089436125855,0.2614
all,peak_share,snow,2,common,pooled,0.97214108,0.9590884526337262,0.0932
all,peak_share,snow,3,common,pooled,0.97126988,0.9539884172315339,0.0908
all,peak_share,snow,4,common,pooled,0.9806906,0.966865424967779,0.0538
all,peak_share,snow,5,common,pooled,0.97962708,0.9684096280857439,0.0608
all,peak_share,frost,1,common,pooled,0.64826408,0.5934682425172185,0.7644
all,peak_share,frost,2,common,pooled,0.78742904,0.7054264085762769,0.5184
all,peak_share,frost,3,common,pooled,0.85171484,0.7697321042963198,0.3708
all,peak_share,frost,4,common,pooled,0.86383376,0.7832646253835537,0.3482
all,peak_share,frost,5,common,pooled,0.89134452,0.8151717279037146,0.2738
all,peak_share,fog,1,common,pooled,0.80646564,0.7366411069797599,0.487
all,peak_share,fog,2,common,pooled,0.87152772,0.8065058373449381,0.3262
all,peak_share,fog,3,common,pooled,0.90775264,0.8508986952099185,0.233
all,peak_share,fog,4,common,pooled,0.90408644,0.8456813382438882,0.2404
all,peak_share,fog,5,common,pooled,0.93147152,0.8843497157955124,0.1758
all,peak_share,brightness,1,common,pooled,0.5270966,0.5185656230301702,0.9374
all,peak_share,brightness,2,common,pooled,0.58365012,0.556095243835627,0.877
all,peak_share,brightness,3,common,pooled,0.65052364,0.6040420915389584,0.788
all,peak_share,brightness,4,common,pooled,0.72649392,0.664260469345076,0.6648
all,peak_share,brightness,5,common,pooled,0.79441632,0.7266594254505261,0.52
all,peak_share,contrast,1,common,pooled,0.82780352,0.7630093213751925,0.4558
all,peak_share,contrast,2,common,pooled,0.91582668,0.865176367248436,0.2206
all,peak_share,contrast,3,common,pooled,0.96957296,0.9437710461667191,0.0744
all,peak_share,contrast,4,common,pooled,0.99344484,0.9879731660504208,0.0168
all,peak_share,contrast,5,common,pooled,0.99878868,0.9982100754745162,0.0034
all,peak_share,elastic_transform,1,common,pooled,0.57554576,0.5420450637427345,0.8808
all,peak_share,elastic_transform,2,common,pooled,0.62547912,0.5753873614776261,0.8254
all,peak_share,elastic_transform,3,common,pooled,0.69363412,0.6261602354215601,0.7078
all,peak_share,elastic_transform,4,common,pooled,0.74160364,0.6659972112997312,0.6288
all,peak_share,elastic_transform,5,common,pooled,0.79740632,0.7161590286194224,0.5038
all,peak_share,pixelate,1,common,pooled,0.73063412,0.6643074196608163,0.6658
all,peak_share,pixelate,2,common,pooled,0.79837188,0.7314457373420205,0.5412
all,peak_share,pixelate,3,common,pooled,0.92882368,0.8919004821773621,0.22
all,peak_share,pixelate,4,common,pooled,0.97431748,0.958199961567428,0.078
all,peak_share,pixelate,5,common,pooled,0.98750296,0.980103538197833,0.0364
all,peak_share,jpeg_compression,1,common,pooled,0.83183336,0.7540296435707952,0.4294
all,peak_share,jpeg_compression,2,common,pooled,0.90050148,0.8383752063147181,0.277
all,peak_share,jpeg_compression,3,common,pooled,0.92648652,0.8743133061035796,0.213
all,peak_share,jpeg_compression,4,common,pooled,0.9613722,0.9271222505027915,0.1078
all,peak_share,jpeg_compression,5,common,pooled,0.97699592,0.9534835100372894,0.0602
all,peak_share,speckle_noise,1,extra,pooled,0.844471,0.8104812236959431,0.4974
all,peak_share,speckle_noise,2,extra,pooled,0.90489252,0.8795656603352955,0.3352
all,peak_share,speckle_noise,3,extra,pooled,0.9722058,0.9636681142377143,0.1046
all,peak_share,speckle_noise,4,extra,pooled,0.985426,0.9812988565923749,0.053
all,peak_share,speckle_noise,5,extra,pooled,0.99324844,0.9916933125766935,0.0252
all,peak_share,gaussian_blur,1,extra,pooled,0.7769722,0.7069873102513521,0.5586
all,peak_share,gaussian_blur,2,extra,pooled,0.9673966,0.9356508844498035,0.0838
all,peak_share,gaussian_blur,3,extra,pooled,0.988086,0.9741222133656867,0.027
all,peak_share,gaussian_blur,4,extra,pooled,0.99416688,0.9868791973759871,0.013
all,peak_share,gaussian_blur,5,extra,pooled,0.997954,0.9957043567489716,0.0042
all,peak_share,spatter,1,extra,pooled,0.51661084,0.5032548161413426,0.9372
all,peak_share,spatter,2,extra,pooled,0.8199594,0.7579066880224158,0.5176
all,peak_share,spatter,3,extra,pooled,0.92000872,0.8839581429014932,0.2682
all,peak_share,spatter,4,extra,pooled,0.9730222,0.9616058891981994,0.0956
all,peak_share,spatter,5,extra,pooled,0.98759892,0.9823431875371544,0.0416
all,peak_share,saturate,1,extra,pooled,0.5796666,0.546279333528628,0.8694
all,peak_share,saturate,2,extra,pooled,0.70071384,0.6363342267547762,0.703
all,peak_share,saturate,3,extra,pooled,0.60792892,0.5715667059962319,0.8602
all,peak_share,saturate,4,extra,pooled,0.79765404,0.7274091415095387,0.5176
all,peak_share,saturate,5,extra,pooled,0.88428996,0.8303045776865561,0.329
all,conditioned,gaussian_noise,1,common,pooled,0.95866992,0.9149845957240127,0.1066
all,conditioned,gaussian_noise,2,common,pooled,0.9886038,0.9734050309356694,0.0292
all,conditioned,gaussian_noise,3,common,pooled,0.9974044,0.9943638905489736,0.0068
all,conditioned,gaussian_noise,4,common,pooled,0.9995462,0.9993645693034892,0.0012
all,conditioned,gaussian_noise,5,common,pooled,0.99998968,0.999989597780469,0.0
all,conditioned,shot_noise,1,common,pooled,0.94958364,0.9100460529782245,0.1398
all,conditioned,shot_noise,2,common,pooled,0.9864198,0.9748321903278528,0.0356
all,conditioned,shot_noise,3,common,pooled,0.99624748,0.9937889569469042,0.0096
all,conditioned,shot_noise,4,common,pooled,0.9994424,0.9993693918511992,0.0016
all,conditioned,shot_noise,5,common,pooled,0.9998628,0.9998645825473197,0.0004
all,conditioned,impulse_noise,1,common,pooled,0.99170312,0.9886423777212544,0.0324
all,conditioned,impulse_noise,2,common,pooled,0.99581844,0.9934163874857312,0.013
all,conditioned,impulse_noise,3,common,pooled,0.99770764,0.996179629334048,0.007
all,conditioned,impulse_noise,4,common,pooled,0.99962184,0.9994881464447809,0.0012
all,conditioned,impulse_noise,5,common,pooled,0.99999168,0.9999916139375904,0.0
all,conditioned,defocus_blur,1,common,pooled,0.86821312,0.7982597917790047,0.3614
all,conditioned,defocus_blur,2,common,pooled,0.90908804,0.8492619697201486,0.2464
all,conditioned,defocus_blur,3,common,pooled,0.9244566,0.8607467899806727,0.1842
all,conditioned,defocus_blur,4,common,pooled,0.933519,0.8673536424023376,0.1532
all,conditioned,defocus_blur,5,common,pooled,0.93908672,0.8717958244458828,0.1328
all,conditioned,glass_blur,1,common,pooled,0.762654,0.6820498229131219,0.5944
all,conditioned,glass_blur,2,common,pooled,0.86534464,0.7880951679908563,0.356
all,conditioned,glass_blur,3,common,pooled,0.92123368,0.853152010419988,0.2014
all,conditioned,glass_blur,4,common,pooled,0.92865092,0.8614171971563301,0.1776
all,conditioned,glass_blur,5,common,pooled,0.94800944,0.8918007645462562,0.1228
all,conditioned,motion_blur,1,common,pooled,0.86228644,0.8194315379219748,0.441
all,conditioned,motion_blur,2,common,pooled,0.91839676,0.8875052473196086,0.2726
all,conditioned,motion_blur,3,common,pooled,0.94474992,0.9230759820092261,0.185
all,conditioned,motion_blur,4,common,pooled,0.9605452,0.9450738754715604,0.1344
all,conditioned,motion_blur,5,common,pooled,0.96762016,0.9546538392582936,0.1094
all,conditioned,zoom_blur,1,common,pooled,0.73405104,0.6325778396072346,0.565
all,conditioned,zoom_blur,2,common,pooled,0.76838864,0.6643122082948598,0.4976
all,conditioned,zoom_blur,3,common,pooled,0.68011816,0.5851426393465532,0.6432
all,conditioned,zoom_blur,4,common,pooled,0.7065306,0.6070207855241397,0.603
all,conditioned,zoom_blur,5,common,pooled,0.64685944,0.5615559144258166,0.6996
all,conditioned,snow,1,common,pooled,0.95413356,0.9372337688811981,0.1604
all,conditioned,snow,2,common,pooled,0.98174252,0.974268328933608,0.0618
all,conditioned,snow,3,common,pooled,0.9834704,0.9760930639028971,0.0558
all,conditioned,snow,4,common,pooled,0.98865676,0.9833677677760381,0.0372
all,conditioned,snow,5,common,pooled,0.98512104,0.9778749263201807,0.047
all,conditioned,frost,1,common,pooled,0.65713748,0.5870581680657451,0.747
all,conditioned,frost,2,common,pooled,0.76341544,0.6677119817732553,0.543
all,conditioned,frost,3,common,pooled,0.81570476,0.7165932854316508,0.4368
all,conditioned,frost,4,common,pooled,0.81945432,0.718444801173302,0.4288
all,conditioned,frost,5,common,pooled,0.84392532,0.7452296112550107,0.3678
all,conditioned,fog,1,common,pooled,0.5131714,0.4780838306438032,0.858
all,conditioned,fog,2,common,pooled,0.5490178,0.4953191272984039,0.812
all,conditioned,fog,3,common,pooled,0.57826876,0.5108128621767094,0.768
all,conditioned,fog,4,common,pooled,0.57483716,0.507865405602172,0.7628
all,conditioned,fog,5,common,pooled,0.62093876,0.5356020493870106,0.6842
all,conditioned,brightness,1,common,pooled,0.5378904,0.524156050002922,0.9258
all,conditioned,brightness,2,common,pooled,0.61122224,0.5736196172961295,0.8542
all,conditioned,brightness,3,common,pooled,0.68525724,0.6291693278331218,0.7434
all,conditioned,brightness,4,common,pooled,0.75838688,0.690695815625345,0.6108
all,conditioned,brightness,5,common,pooled,0.8161222,0.7464417148478053,0.4818
all,conditioned,contrast,1,common,pooled,0.5280036,0.49033645055453773,0.856
all,conditioned,contrast,2,common,pooled,0.58111312,0.5182612834069291,0.7816
all,conditioned,contrast,3,common,pooled,0.65624144,0.566428462297777,0.6628
all,conditioned,contrast,4,common,pooled,0.77660328,0.6697160544723715,0.4646
all,conditioned,contrast,5,common,pooled,0.88695792,0.7974429362405295,0.2564
all,conditioned,elastic_transform,1,common,pooled,0.60152284,0.5655705518975043,0.8686
all,conditioned,elastic_transform,2,common,pooled,0.66711688,0.6194771116700513,0.812
all,conditioned,elastic_transform,3,common,pooled,0.75266792,0.6977515934249827,0.6828
all,conditioned,elastic_transform,4,common,pooled,0.80884368,0.754754721501006,0.573
all,conditioned,elastic_transform,5,common,pooled,0.86868964,0.8193977733755462,0.421
all,conditioned,pixelate,1,common,pooled,0.68382072,0.638353871720287,0.7932
all,conditioned,pixelate,2,common,pooled,0.74161612,0.6981943491088983,0.7118
all,conditioned,pixelate,3,common,pooled,0.89111312,0.8722121138186084,0.414
all,conditioned,pixelate,4,common,pooled,0.95334804,0.9449078388043991,0.1902
all,conditioned,pixelate,5,common,pooled,0.97687384,0.9731943171375459,0.1002
all,conditioned,jpeg_compression,1,common,pooled,0.814913,0.7166214167032373,0.436
all,conditioned,jpeg_compression,2,common,pooled,0.8953788,0.8143892838208087,0.2602
all,conditioned,jpeg_compression,3,common,pooled,0.92520112,0.8602082955353947,0.1882
all,conditioned,jpeg_compression,4,common,pooled,0.9639534,0.9304202691294354,0.097
all,conditioned,jpeg_compression,5,common,pooled,0.97934956,0.9622414595747613,0.0594
all,conditioned,speckle_noise,1,extra,pooled,0.886557,0.8368423464882254,0.356
all,conditioned,speckle_noise,2,extra,pooled,0.93896212,0.909228783216994,0.2012
all,conditioned,speckle_noise,3,extra,pooled,0.98630464,0.9808059040556275,0.0472
all,conditioned,speckle_noise,4,extra,pooled,0.9936536,0.9917337343193592,0.0242
all,conditioned,speckle_noise,5,extra,pooled,0.99739652,0.9969390730169019,0.0094
all,conditioned,gaussian_blur,1,extra,pooled,0.73077192,0.656501739576363,0.6498
all,conditioned,gaussian_blur,2,extra,pooled,0.91041112,0.853641080069601,0.2476
all,conditioned,gaussian_blur,3,extra,pooled,0.93589396,0.885165507369635,0.17
all,conditioned,gaussian_blur,4,extra,pooled,0.94415064,0.8896593356816249,0.1336
all,conditioned,gaussian_blur,5,extra,pooled,0.95519188,0.8983359949126184,0.0932
all,conditioned,spatter,1,extra,pooled,0.54197536,0.5225498498154091,0.9144
all,conditioned,spatter,2,extra,pooled,0.89941408,0.8593382985160363,0.3354
all,conditioned,spatter,3,extra,pooled,0.96150124,0.9465788857032003,0.144
all,conditioned,spatter,4,extra,pooled,0.99295372,0.991763844642068,0.0306
all,conditioned,spatter,5,extra,pooled,0.99767448,0.997341905271556,0.01
all,conditioned,saturate,1,extra,pooled,0.57260596,0.53567251344731,0.858
all,conditioned,saturate,2,extra,pooled,0.68193684,0.6139061348517394,0.7078
all,conditioned,saturate,3,extra,pooled,0.64181368,0.6038526592338254,0.845
all,conditioned,saturate,4,extra,pooled,0.84119328,0.7807572655950614,0.4626
all,conditioned,saturate,5,extra,pooled,0.91138452,0.8774764513800991,0.2932
all,global_s123,gaussian_noise,1,common,pooled,0.93258868,0.8960923367441034,0.202
all,global_s123,gaussian_noise,2,common,pooled,0.98466356,0.9729136256733957,0.047
all,global_s123,gaussian_noise,3,common,pooled,0.99748272,0.9954886424520718,0.0078
all,global_s123,gaussian_noise,4,common,pooled,0.99967304,0.9995748429377073,0.001
all,global_s123,gaussian_noise,5,common,pooled,0.99999372,0.9999936766628966,0.0
all,global_s123,shot_noise,1,common,pooled,0.91624916,0.883918781975633,0.2654
all,global_s123,shot_noise,2,common,pooled,0.98064996,0.9712356330491368,0.0638
all,global_s123,shot_noise,3,common,pooled,0.99584348,0.994010079679881,0.013
all,global_s123,shot_noise,4,common,pooled,0.99949616,0.9994468552012781,0.0018
all,global_s123,shot_noise,5,common,pooled,0.99986412,0.9998675773820034,0.0002
all,global_s123,impulse_noise,1,common,pooled,0.98817324,0.9821273046485274,0.0418
all,global_s123,impulse_noise,2,common,pooled,0.99507144,0.9920289220219699,0.0148
all,global_s123,impulse_noise,3,common,pooled,0.99769728,0.996180229180623,0.0056
all,global_s123,impulse_noise,4,common,pooled,0.99972176,0.9996315032072961,0.0008
all,global_s123,impulse_noise,5,common,pooled,0.99999464,0.9999946049555865,0.0
all,global_s123,defocus_blur,1,common,pooled,0.79877996,0.7114068452203247,0.4832
all,global_s123,defocus_blur,2,common,pooled,0.87561212,0.7924965106591155,0.2908
all,global_s123,defocus_blur,3,common,pooled,0.92363944,0.8523290579651949,0.1694
all,global_s123,defocus_blur,4,common,pooled,0.9476906,0.8887469498122931,0.1074
all,global_s123,defocus_blur,5,common,pooled,0.95875456,0.9064010060425992,0.08
all,global_s123,glass_blur,1,common,pooled,0.66623716,0.5932839053631265,0.7402
all,global_s123,glass_blur,2,common,pooled,0.80065156,0.7064672442167955,0.4692
all,global_s123,glass_blur,3,common,pooled,0.8809636,0.7887704138134972,0.2664
all,global_s123,glass_blur,4,common,pooled,0.90366368,0.8163649779744067,0.2118
all,global_s123,glass_blur,5,common,pooled,0.9400664,0.8713798062754755,0.1238
all,global_s123,motion_blur,1,common,pooled,0.78873252,0.7420573776792324,0.6112
all,global_s123,motion_blur,2,common,pooled,0.88309508,0.842403602449163,0.3632
all,global_s123,motion_blur,3,common,pooled,0.93663572,0.9069084971253865,0.197
all,global_s123,motion_blur,4,common,pooled,0.96280572,0.9423708248016653,0.1102
all,global_s123,motion_blur,5,common,pooled,0.9720496,0.9553257440812909,0.0818
all,global_s123,zoom_blur,1,common,pooled,0.71765508,0.6259010291543778,0.622
all,global_s123,zoom_blur,2,common,pooled,0.77276288,0.6721078090230265,0.5102
all,global_s123,zoom_blur,3,common,pooled,0.70813116,0.6168254335503003,0.6348
all,global_s123,zoom_blur,4,common,pooled,0.74363524,0.6450835817239703,0.568
all,global_s123,zoom_blur,5,common,pooled,0.7035408,0.6132696074067225,0.6376
all,global_s123,snow,1,common,pooled,0.90881124,0.8787335271824394,0.3152
all,global_s123,snow,2,common,pooled,0.96345884,0.9533053188056075,0.143
all,global_s123,snow,3,common,pooled,0.9581532,0.9425141899754821,0.1488
all,global_s123,snow,4,common,pooled,0.96868444,0.956268398059502,0.1114
all,global_s123,snow,5,common,pooled,0.96633296,0.9544721787463164,0.1176
all,global_s123,frost,1,common,pooled,0.5535246,0.5255490907327873,0.8942
all,global_s123,frost,2,common,pooled,0.66029772,0.591971216291325,0.7618
all,global_s123,frost,3,common,pooled,0.72715224,0.6445867659229763,0.6568
all,global_s123,frost,4,common,pooled,0.73501024,0.6508837624197451,0.6462
all,global_s123,frost,5,common,pooled,0.7707756,0.6849122640640215,0.5978
all,global_s123,fog,1,common,pooled,0.4676762,0.45550561214519736,0.9076
all,global_s123,fog,2,common,pooled,0.49150544,0.4664078635133182,0.8882
all,global_s123,fog,3,common,pooled,0.51834496,0.48068300386536994,0.8614
all,global_s123,fog,4,common,pooled,0.51227624,0.47613572578074914,0.8634
all,global_s123,fog,5,common,pooled,0.53378724,0.48746909014941436,0.8418
all,global_s123,brightness,1,common,pooled,0.51911552,0.5143358641288348,0.9366
all,global_s123,brightness,2,common,pooled,0.56488724,0.5460120255123759,0.8988
all,global_s123,brightness,3,common,pooled,0.61806316,0.584385467863237,0.8388
all,global_s123,brightness,4,common,pooled,0.67801756,0.6303446165749423,0.7618
all,global_s123,brightness,5,common,pooled,0.73525904,0.6781829419724739,0.6644
all,global_s123,contrast,1,common,pooled,0.49954196,0.48010511446398785,0.902
all,global_s123,contrast,2,common,pooled,0.53923184,0.5021326983271004,0.8614
all,global_s123,contrast,3,common,pooled,0.61313216,0.5505869814031339,0.7804
all,global_s123,contrast,4,common,pooled,0.76793848,0.6794673016003077,0.5448
all,global_s123,contrast,5,common,pooled,0.90002644,0.8256887615784373,0.2436
all,global_s123,elastic_transform,1,common,pooled,0.5179088,0.5044216614874798,0.9358
all,global_s123,elastic_transform,2,common,pooled,0.55721564,0.5313735656258779,0.903
all,global_s123,elastic_transform,3,common,pooled,0.62220864,0.5810715105940045,0.8402
all,global_s123,elastic_transform,4,common,pooled,0.67384476,0.6254507311831812,0.7864
all,global_s123,elastic_transform,5,common,pooled,0.73982684,0.6869812885565796,0.6882
all,global_s123,pixelate,1,common,pooled,0.59507912,0.5604840045039758,0.8468
all,global_s123,pixelate,2,common,pooled,0.65679424,0.6101711677536921,0.7764
all,global_s123,pixelate,3,common,pooled,0.83147932,0.7923723056098595,0.4688
all,global_s123,pixelate,4,common,pooled,0.92570628,0.9022299916138606,0.2344
all,global_s123,pixelate,5,common,pooled,0.96235856,0.9503726965338966,0.1292
all,global_s123,jpeg_compression,1,common,pooled,0.63643972,0.569448568056385,0.7544
all,global_s123,jpeg_compression,2,common,pooled,0.74602396,0.6564760103663418,0.5968
all,global_s123,jpeg_compression,3,common,pooled,0.80914816,0.7197358972561105,0.4712
all,global_s123,jpeg_compression,4,common,pooled,0.91154824,0.8523340140612381,0.2462
all,global_s123,jpeg_compression,5,common,pooled,0.95521088,0.9254020779369657,0.1386
all,global_s123,speckle_noise,1,extra,pooled,0.82547056,0.7919652868061864,0.5378
all,global_s123,speckle_noise,2,extra,pooled,0.90144344,0.8784534429250384,0.3558
all,global_s123,speckle_noise,3,extra,pooled,0.9806264,0.9760751149667655,0.0762
all,global_s123,speckle_noise,4,extra,pooled,0.99211688,0.9905530374431126,0.032
all,global_s123,speckle_noise,5,extra,pooled,0.99719204,0.996822320220081,0.0108
all,global_s123,gaussian_blur,1,extra,pooled,0.6384538,0.5793979422589741,0.7896
all,global_s123,gaussian_blur,2,extra,pooled,0.87522816,0.7929279246557049,0.2948
all,global_s123,gaussian_blur,3,extra,pooled,0.93200108,0.8663123407328559,0.1488
all,global_s123,gaussian_blur,4,extra,pooled,0.95301816,0.8981408271877258,0.095
all,global_s123,gaussian_blur,5,extra,pooled,0.97157024,0.9296085999597387,0.0558
all,global_s123,spatter,1,extra,pooled,0.4979396,0.4951973393372011,0.94
all,global_s123,spatter,2,extra,pooled,0.82597516,0.7637049112739058,0.4908
all,global_s123,spatter,3,extra,pooled,0.93554876,0.9039815873556888,0.2108
all,global_s123,spatter,4,extra,pooled,0.98505076,0.9821867480643673,0.063
all,global_s123,spatter,5,extra,pooled,0.9948332,0.9936983322677724,0.0202
all,global_s123,saturate,1,extra,pooled,0.53465784,0.5148402784085804,0.9014
all,global_s123,saturate,2,extra,pooled,0.61036892,0.5656068158258608,0.815
all,global_s123,saturate,3,extra,pooled,0.5895562,0.5673213826912452,0.895
all,global_s123,saturate,4,extra,pooled,0.72861864,0.6772691186255526,0.6894
all,global_s123,saturate,5,extra,pooled,0.82221964,0.7781045813533577,0.5234
all,ch_means_knn,gaussian_noise,1,common,pooled,0.9294344,0.85682006255469,0.1498
all,ch_means_knn,gaussian_noise,2,common,pooled,0.9770108,0.9396343391414199,0.045
all,ch_means_knn,gaussian_noise,3,common,pooled,0.99294008,0.9808300902006287,0.0124
all,ch_means_knn,gaussian_noise,4,common,pooled,0.99854104,0.9961603005372937,0.0034
all,ch_means_knn,gaussian_noise,5,common,pooled,0.9997966,0.9996990217091621,0.0006
all,ch_means_knn,shot_noise,1,common,pooled,0.91837028,0.853176164314242,0.2072
all,ch_means_knn,shot_noise,2,common,pooled,0.97404304,0.9437728397667993,0.0608
all,ch_means_knn,shot_noise,3,common,pooled,0.99123428,0.9816680709161691,0.018
all,ch_means_knn,shot_noise,4,common,pooled,0.99840996,0.9973967381480409,0.0038
all,ch_means_knn,shot_noise,5,common,pooled,0.99949992,0.9994589348134739,0.001
all,ch_means_knn,impulse_noise,1,common,pooled,0.98792764,0.9834570474824845,0.0476
all,ch_means_knn,impulse_noise,2,common,pooled,0.9919796,0.9865283805158209,0.0224
all,ch_means_knn,impulse_noise,3,common,pooled,0.99449088,0.9897968566473405,0.0134
all,ch_means_knn,impulse_noise,4,common,pooled,0.99876636,0.9973964629335342,0.003
all,ch_means_knn,impulse_noise,5,common,pooled,0.99978352,0.9996721882060668,0.0006
all,ch_means_knn,defocus_blur,1,common,pooled,0.732847,0.6464441480178462,0.6208
all,ch_means_knn,defocus_blur,2,common,pooled,0.79749544,0.7032600473129685,0.4862
all,ch_means_knn,defocus_blur,3,common,pooled,0.8333712,0.7329508266110555,0.3856
all,ch_means_knn,defocus_blur,4,common,pooled,0.85289796,0.7501838174550998,0.3372
all,ch_means_knn,defocus_blur,5,common,pooled,0.857685,0.7515840254746062,0.319
all,ch_means_knn,glass_blur,1,common,pooled,0.5981564,0.5379376574972492,0.8026
all,ch_means_knn,glass_blur,2,common,pooled,0.69337344,0.5999704126921508,0.6494
all,ch_means_knn,glass_blur,3,common,pooled,0.78157016,0.6703231364997673,0.4934
all,ch_means_knn,glass_blur,4,common,pooled,0.7812924,0.6648307703266481,0.4732
all,ch_means_knn,glass_blur,5,common,pooled,0.82445152,0.7070934634508711,0.3672
all,ch_means_knn,motion_blur,1,common,pooled,0.82167512,0.7782008220534249,0.5696
all,ch_means_knn,motion_blur,2,common,pooled,0.87621296,0.8430609810826335,0.4326
all,ch_means_knn,motion_blur,3,common,pooled,0.90934692,0.8844534589633121,0.3286
all,ch_means_knn,motion_blur,4,common,pooled,0.93397128,0.9151063313682419,0.2402
all,ch_means_knn,motion_blur,5,common,pooled,0.94388228,0.927210304812421,0.216
all,ch_means_knn,zoom_blur,1,common,pooled,0.64533412,0.5622979373577228,0.7368
all,ch_means_knn,zoom_blur,2,common,pooled,0.67214776,0.5817777392806728,0.6904
all,ch_means_knn,zoom_blur,3,common,pooled,0.62097064,0.5403156063313003,0.75
all,ch_means_knn,zoom_blur,4,common,pooled,0.63759804,0.5508688380964442,0.727
all,ch_means_knn,zoom_blur,5,common,pooled,0.60528888,0.528732726075318,0.7686
all,ch_means_knn,snow,1,common,pooled,0.95145516,0.9355776989804188,0.1724
all,ch_means_knn,snow,2,common,pooled,0.97688304,0.9708183505563448,0.0708
all,ch_means_knn,snow,3,common,pooled,0.97665148,0.9700715557514329,0.0702
all,ch_means_knn,snow,4,common,pooled,0.97858656,0.9741482009184648,0.0604
all,ch_means_knn,snow,5,common,pooled,0.97329392,0.9696181287205025,0.0818
all,ch_means_knn,frost,1,common,pooled,0.6708326,0.5915804752104219,0.7082
all,ch_means_knn,frost,2,common,pooled,0.76832452,0.6655730994413978,0.52
all,ch_means_knn,frost,3,common,pooled,0.8141482,0.7078092078775553,0.443
all,ch_means_knn,frost,4,common,pooled,0.81817648,0.7100869746213213,0.4234
all,ch_means_knn,frost,5,common,pooled,0.84029596,0.7340012155316938,0.3606
all,ch_means_knn,fog,1,common,pooled,0.45337228,0.4495871217355305,0.9216
all,ch_means_knn,fog,2,common,pooled,0.46927128,0.45529779363593964,0.907
all,ch_means_knn,fog,3,common,pooled,0.48218668,0.4597217657527774,0.8872
all,ch_means_knn,fog,4,common,pooled,0.48097188,0.45777803291175995,0.8818
all,ch_means_knn,fog,5,common,pooled,0.52472412,0.47484661947079065,0.798
all,ch_means_knn,brightness,1,common,pooled,0.5418282,0.5257075108856564,0.9282
all,ch_means_knn,brightness,2,common,pooled,0.6329092,0.5876837000914747,0.8516
all,ch_means_knn,brightness,3,common,pooled,0.7275988,0.6636348637671838,0.7146
all,ch_means_knn,brightness,4,common,pooled,0.81132988,0.742709407333407,0.5474
all,ch_means_knn,brightness,5,common,pooled,0.86579636,0.8036181213624267,0.4162
all,ch_means_knn,contrast,1,common,pooled,0.50257104,0.4793452377807532,0.913
all,ch_means_knn,contrast,2,common,pooled,0.53346688,0.494630681141828,0.888
all,ch_means_knn,contrast,3,common,pooled,0.56573212,0.5124104464409263,0.8666
all,ch_means_knn,contrast,4,common,pooled,0.58763384,0.5234209941938872,0.8202
all,ch_means_knn,contrast,5,common,pooled,0.59485824,0.5196006360506866,0.7518
all,ch_means_knn,elastic_transform,1,common,pooled,0.55353152,0.5255301931232319,0.9136
all,ch_means_knn,elastic_transform,2,common,pooled,0.61497588,0.5712826072911917,0.8686
all,ch_means_knn,elastic_transform,3,common,pooled,0.70720032,0.6512019638551967,0.7798
all,ch_means_knn,elastic_transform,4,common,pooled,0.77270844,0.715604299262006,0.6768
all,ch_means_knn,elastic_transform,5,common,pooled,0.8461192,0.7937243414943462,0.5064
all,ch_means_knn,pixelate,1,common,pooled,0.70053072,0.6605509075053624,0.8108
all,ch_means_knn,pixelate,2,common,pooled,0.7666236,0.7329300077949693,0.7354
all,ch_means_knn,pixelate,3,common,pooled,0.90864616,0.8966285665506757,0.3716
all,ch_means_knn,pixelate,4,common,pooled,0.96008876,0.9565448920917302,0.167
all,ch_means_knn,pixelate,5,common,pooled,0.9788952,0.9778536936000293,0.0854
all,ch_means_knn,jpeg_compression,1,common,pooled,0.80444892,0.7063163868186562,0.457
all,ch_means_knn,jpeg_compression,2,common,pooled,0.88750596,0.8039992563917399,0.276
all,ch_means_knn,jpeg_compression,3,common,pooled,0.91948428,0.8515504672283585,0.1932
all,ch_means_knn,jpeg_compression,4,common,pooled,0.96148192,0.9252967941163697,0.0964
all,ch_means_knn,jpeg_compression,5,common,pooled,0.97782064,0.9604074638454508,0.0606
all,ch_means_knn,speckle_noise,1,extra,pooled,0.85291612,0.7845533514279566,0.4172
all,ch_means_knn,speckle_noise,2,extra,pooled,0.9134934,0.862136916583316,0.2568
all,ch_means_knn,speckle_noise,3,extra,pooled,0.97740724,0.962426682875742,0.0708
all,ch_means_knn,speckle_noise,4,extra,pooled,0.9886096,0.9826008477114693,0.0354
all,ch_means_knn,speckle_noise,5,extra,pooled,0.99489456,0.993207513120647,0.0162
all,ch_means_knn,gaussian_blur,1,extra,pooled,0.61707032,0.5628465956458162,0.8104
all,ch_means_knn,gaussian_blur,2,extra,pooled,0.80935396,0.7191926272287772,0.475
all,ch_means_knn,gaussian_blur,3,extra,pooled,0.86395048,0.7750448509428268,0.3332
all,ch_means_knn,gaussian_blur,4,extra,pooled,0.88160104,0.7913708868849557,0.2868
all,ch_means_knn,gaussian_blur,5,extra,pooled,0.89410524,0.800437349005656,0.2438
all,ch_means_knn,spatter,1,extra,pooled,0.55910908,0.5336604382383967,0.9008
all,ch_means_knn,spatter,2,extra,pooled,0.88452008,0.848029818868107,0.4396
all,ch_means_knn,spatter,3,extra,pooled,0.94047948,0.9189516443621677,0.2486
all,ch_means_knn,spatter,4,extra,pooled,0.98434104,0.9814840481530488,0.0624
all,ch_means_knn,spatter,5,extra,pooled,0.9927012,0.9910604940030651,0.0282
all,ch_means_knn,saturate,1,extra,pooled,0.56576164,0.5311157864137594,0.8646
all,ch_means_knn,saturate,2,extra,pooled,0.64505684,0.5890459212504826,0.7826
all,ch_means_knn,saturate,3,extra,pooled,0.6643728,0.6213411421211097,0.8174
all,ch_means_knn,saturate,4,extra,pooled,0.88773488,0.82963458354717,0.3302
all,ch_means_knn,saturate,5,extra,pooled,0.94233748,0.9146943351712877,0.1906
all,ch_means_own,gaussian_noise,1,common,pooled,0.88969464,0.8298437318191609,0.3004
all,ch_means_own,gaussian_noise,2,common,pooled,0.96605436,0.9369028834668045,0.0962
all,ch_means_own,gaussian_noise,3,common,pooled,0.991626,0.9843664859425356,0.0212
all,ch_means_own,gaussian_noise,4,common,pooled,0.9984082,0.9978214994743518,0.0054
all,ch_means_own,gaussian_noise,5,common,pooled,0.99995956,0.9999589477399049,0.0002
all,ch_means_own,shot_noise,1,common,pooled,0.87225784,0.8194475748156638,0.3646
all,ch_means_own,shot_noise,2,common,pooled,0.9608546,0.9369901988646058,0.117
all,ch_means_own,shot_noise,3,common,pooled,0.98860856,0.9818009352892867,0.029
all,ch_means_own,shot_noise,4,common,pooled,0.99823688,0.9978971626069612,0.0058
all,ch_means_own,shot_noise,5,common,pooled,0.99962404,0.9996271221747542,0.0016
all,ch_means_own,impulse_noise,1,common,pooled,0.97834716,0.9666023314593897,0.0686
all,ch_means_own,impulse_noise,2,common,pooled,0.987549,0.9791616339341274,0.0324
all,ch_means_own,impulse_noise,3,common,pooled,0.99272428,0.9876667041519357,0.018
all,ch_means_own,impulse_noise,4,common,pooled,0.998694,0.998228501333253,0.0042
all,ch_means_own,impulse_noise,5,common,pooled,0.99997076,0.9999703919414717,0.0002
all,ch_means_own,defocus_blur,1,common,pooled,0.74379252,0.6600275595078204,0.597
all,ch_means_own,defocus_blur,2,common,pooled,0.82308312,0.7326985883773715,0.4116
all,ch_means_own,defocus_blur,3,common,pooled,0.88494624,0.7990441060509471,0.2606
all,ch_means_own,defocus_blur,4,common,pooled,0.92126652,0.8470123583425914,0.1688
all,ch_means_own,defocus_blur,5,common,pooled,0.93912152,0.8720981685336503,0.1294
all,ch_means_own,glass_blur,1,common,pooled,0.62213424,0.563222896414154,0.809
all,ch_means_own,glass_blur,2,common,pooled,0.75665836,0.6671754996203755,0.577
all,ch_means_own,glass_blur,3,common,pooled,0.87884576,0.7879380498645694,0.2762
all,ch_means_own,glass_blur,4,common,pooled,0.90094116,0.8149384735233509,0.2226
all,ch_means_own,glass_blur,5,common,pooled,0.93291004,0.8615342113367276,0.1456
all,ch_means_own,motion_blur,1,common,pooled,0.7437552,0.6924085420497,0.6924
all,ch_means_own,motion_blur,2,common,pooled,0.83954516,0.7887808559665564,0.465
all,ch_means_own,motion_blur,3,common,pooled,0.90598184,0.8652159894390603,0.2756
all,ch_means_own,motion_blur,4,common,pooled,0.94335524,0.9143202795296046,0.1658
all,ch_means_own,motion_blur,5,common,pooled,0.95687064,0.9324805230621035,0.1294
all,ch_means_own,zoom_blur,1,common,pooled,0.6803942,0.5956768810647386,0.6874
all,ch_means_own,zoom_blur,2,common,pooled,0.7398506,0.6428414571179483,0.5788
all,ch_means_own,zoom_blur,3,common,pooled,0.67415492,0.5872111405811827,0.691
all,ch_means_own,zoom_blur,4,common,pooled,0.71315828,0.6166606079769688,0.6142
all,ch_means_own,zoom_blur,5,common,pooled,0.67174272,0.5846132019347445,0.6836
all,ch_means_own,snow,1,common,pooled,0.88817872,0.8562839216583561,0.3942
all,ch_means_own,snow,2,common,pooled,0.94550124,0.9287803288815604,0.2048
all,ch_means_own,snow,3,common,pooled,0.94126512,0.920111649296342,0.2138
all,ch_means_own,snow,4,common,pooled,0.9568916,0.939848124655459,0.1528
all,ch_means_own,snow,5,common,pooled,0.95102348,0.9315484701109711,0.1656
all,ch_means_own,frost,1,common,pooled,0.51770056,0.5020251445129557,0.9186
all,ch_means_own,frost,2,common,pooled,0.61818388,0.5602637287228074,0.812
all,ch_means_own,frost,3,common,pooled,0.68916272,0.6125994135817369,0.7188
all,ch_means_own,frost,4,common,pooled,0.69802184,0.6195713975012529,0.7158
all,ch_means_own,frost,5,common,pooled,0.73819676,0.65484568275154,0.6548
all,ch_means_own,fog,1,common,pooled,0.4422154,0.44400159763183805,0.9314
all,ch_means_own,fog,2,common,pooled,0.4579192,0.44990345405165855,0.918
all,ch_means_own,fog,3,common,pooled,0.47790408,0.45932554911471446,0.9056
all,ch_means_own,fog,4,common,pooled,0.47291116,0.45603776423969233,0.9074
all,ch_means_own,fog,5,common,pooled,0.49540544,0.46838551425169744,0.8948
all,ch_means_own,brightness,1,common,pooled,0.51062964,0.5080342241975779,0.945
all,ch_means_own,brightness,2,common,pooled,0.54590256,0.531118863193685,0.9168
all,ch_means_own,brightness,3,common,pooled,0.5913632,0.5617977643837533,0.876
all,ch_means_own,brightness,4,common,pooled,0.64676676,0.6010228227700907,0.806
all,ch_means_own,brightness,5,common,pooled,0.703206,0.6443213341025595,0.7134
all,ch_means_own,contrast,1,common,pooled,0.47651364,0.46801552434061333,0.926
all,ch_means_own,contrast,2,common,pooled,0.50542688,0.4825688918494738,0.9018
all,ch_means_own,contrast,3,common,pooled,0.56636044,0.5189920295898132,0.84
all,ch_means_own,contrast,4,common,pooled,0.71702968,0.6325733148960601,0.6356
all,ch_means_own,contrast,5,common,pooled,0.87348444,0.7907324316785626,0.3128
all,ch_means_own,elastic_transform,1,common,pooled,0.5330206,0.5175524282359885,0.9314
all,ch_means_own,elastic_transform,2,common,pooled,0.58802432,0.5572007810012835,0.8972
all,ch_means_own,elastic_transform,3,common,pooled,0.67246536,0.6271325882342645,0.8068
all,ch_means_own,elastic_transform,4,common,pooled,0.7344418,0.6853074073524381,0.7178
all,ch_means_own,elastic_transform,5,common,pooled,0.80763628,0.759799532003231,0.5686
all,ch_means_own,pixelate,1,common,pooled,0.57708968,0.5512541468578473,0.8806
all,ch_means_own,pixelate,2,common,pooled,0.64184312,0.6054303760243136,0.8096
all,ch_means_own,pixelate,3,common,pooled,0.83649672,0.8083862139385602,0.5
all,ch_means_own,pixelate,4,common,pooled,0.93646044,0.9199632656474307,0.2168
all,ch_means_own,pixelate,5,common,pooled,0.96983192,0.9613274891012813,0.1102
all,ch_means_own,jpeg_compression,1,common,pooled,0.60632124,0.5531873332953465,0.8134
all,ch_means_own,jpeg_compression,2,common,pooled,0.72592832,0.6471719267479324,0.647
all,ch_means_own,jpeg_compression,3,common,pooled,0.79795524,0.717782186009774,0.5284
all,ch_means_own,jpeg_compression,4,common,pooled,0.91431972,0.8616442199685197,0.2572
all,ch_means_own,jpeg_compression,5,common,pooled,0.95983224,0.9341480769138513,0.1286
all,ch_means_own,speckle_noise,1,extra,pooled,0.77682516,0.7288611803036728,0.6132
all,ch_means_own,speckle_noise,2,extra,pooled,0.85947768,0.8189352348428451,0.4396
all,ch_means_own,speckle_noise,3,extra,pooled,0.9642276,0.9510870328070253,0.1256
all,ch_means_own,speckle_noise,4,extra,pooled,0.98341548,0.9778438791021795,0.0572
all,ch_means_own,speckle_noise,5,extra,pooled,0.99324028,0.991630749590669,0.0234
all,ch_means_own,gaussian_blur,1,extra,pooled,0.60506132,0.5565379327625647,0.8356
all,ch_means_own,gaussian_blur,2,extra,pooled,0.82308452,0.7344479555597946,0.4194
all,ch_means_own,gaussian_blur,3,extra,pooled,0.89360468,0.8121272789701484,0.246
all,ch_means_own,gaussian_blur,4,extra,pooled,0.92623208,0.8545566368141421,0.1592
all,ch_means_own,gaussian_blur,5,extra,pooled,0.95776708,0.9015180018781423,0.0904
all,ch_means_own,spatter,1,extra,pooled,0.5115302,0.5065418012336659,0.9372
all,ch_means_own,spatter,2,extra,pooled,0.84054904,0.7902208200612846,0.4876
all,ch_means_own,spatter,3,extra,pooled,0.92584588,0.8909774575187643,0.2476
all,ch_means_own,spatter,4,extra,pooled,0.9818208,0.9782979076272635,0.0766
all,ch_means_own,spatter,5,extra,pooled,0.99267264,0.9909177108432633,0.0274
all,ch_means_own,saturate,1,extra,pooled,0.5128472,0.5008028837839515,0.9206
all,ch_means_own,saturate,2,extra,pooled,0.57336608,0.5392341499605984,0.8688
all,ch_means_own,saturate,3,extra,pooled,0.57333004,0.5540543147983821,0.913
all,ch_means_own,saturate,4,extra,pooled,0.68799864,0.6389091824946642,0.7514
all,ch_means_own,saturate,5,extra,pooled,0.78544916,0.7361841112295762,0.592
all,cdf,gaussian_noise,1,common,pooled,0.89267396,0.8272815674702187,0.2548
all,cdf,gaussian_noise,2,common,pooled,0.96515204,0.9358593162784409,0.085
all,cdf,gaussian_noise,3,common,pooled,0.99178832,0.9849083161358663,0.02
all,cdf,gaussian_noise,4,common,pooled,0.9985956,0.9980556243701568,0.0042
all,cdf,gaussian_noise,5,common,pooled,0.99997124,0.999970708207289,0.0002
all,cdf,shot_noise,1,common,pooled,0.875968,0.8179721812925849,0.3154
all,cdf,shot_noise,2,common,pooled,0.95976204,0.9348419598218011,0.109
all,cdf,shot_noise,3,common,pooled,0.98837492,0.9815045770654011,0.0312
all,cdf,shot_noise,4,common,pooled,0.998361,0.9979909242318359,0.0058
all,cdf,shot_noise,5,common,pooled,0.99969264,0.9996817431481816,0.001
all,cdf,impulse_noise,1,common,pooled,0.96724084,0.9410698557717811,0.0808
all,cdf,impulse_noise,2,common,pooled,0.98355612,0.96889841848394,0.0386
all,cdf,impulse_noise,3,common,pooled,0.99175008,0.9844684778049462,0.019
all,cdf,impulse_noise,4,common,pooled,0.9988762,0.9984181051417866,0.0034
all,cdf,impulse_noise,5,common,pooled,0.99998352,0.9999832969111452,0.0
all,cdf,defocus_blur,1,common,pooled,0.7956874,0.7125989532595781,0.4646
all,cdf,defocus_blur,2,common,pooled,0.87435556,0.7968664768635598,0.2832
all,cdf,defocus_blur,3,common,pooled,0.93650136,0.8818039585000079,0.1366
all,cdf,defocus_blur,4,common,pooled,0.9643712,0.9276231359334467,0.077
all,cdf,defocus_blur,5,common,pooled,0.97770572,0.9518611251395839,0.0464
all,cdf,glass_blur,1,common,pooled,0.67841248,0.6152072895882348,0.7206
all,cdf,glass_blur,2,common,pooled,0.79915132,0.7170223237007582,0.4686
all,cdf,glass_blur,3,common,pooled,0.8999572,0.8243072121194198,0.2166
all,cdf,glass_blur,4,common,pooled,0.92658036,0.8621431538707619,0.1524
all,cdf,glass_blur,5,common,pooled,0.96140164,0.9188467408147166,0.079
all,cdf,motion_blur,1,common,pooled,0.7070296,0.6437662774877554,0.6908
all,cdf,motion_blur,2,common,pooled,0.80991956,0.7401613876991153,0.4684
all,cdf,motion_blur,3,common,pooled,0.89195088,0.834234309146535,0.2806
all,cdf,motion_blur,4,common,pooled,0.94024344,0.899332210374548,0.1558
all,cdf,motion_blur,5,common,pooled,0.95797696,0.9256411767239543,0.1118
all,cdf,zoom_blur,1,common,pooled,0.78521244,0.7040764755649603,0.5046
all,cdf,zoom_blur,2,common,pooled,0.84605556,0.765459347145053,0.3656
all,cdf,zoom_blur,3,common,pooled,0.81145892,0.735758593859217,0.47
all,cdf,zoom_blur,4,common,pooled,0.84755112,0.7726878135927635,0.3836
all,cdf,zoom_blur,5,common,pooled,0.82762528,0.7541776383701854,0.438
all,cdf,snow,1,common,pooled,0.83080544,0.7593587576479837,0.4358
all,cdf,snow,2,common,pooled,0.91764928,0.87849559241909,0.2418
all,cdf,snow,3,common,pooled,0.91131404,0.861272003636232,0.251
all,cdf,snow,4,common,pooled,0.93497988,0.8948203290240375,0.1888
all,cdf,snow,5,common,pooled,0.93003392,0.8951520989111909,0.205
all,cdf,frost,1,common,pooled,0.54381192,0.5234918514338769,0.902
all,cdf,frost,2,common,pooled,0.65844628,0.5950939138213329,0.7644
all,cdf,frost,3,common,pooled,0.73290024,0.6545056222762131,0.6404
all,cdf,frost,4,common,pooled,0.74249596,0.6618463857404226,0.6322
all,cdf,frost,5,common,pooled,0.7835762,0.6999473937807946,0.5614
all,cdf,fog,1,common,pooled,0.63751412,0.5969349532449655,0.8202
all,cdf,fog,2,common,pooled,0.69212336,0.6414090726837174,0.7476
all,cdf,fog,3,common,pooled,0.73400776,0.6782563740812796,0.6748
all,cdf,fog,4,common,pooled,0.72434416,0.6648435368162127,0.6878
all,cdf,fog,5,common,pooled,0.752264,0.6851618563498748,0.622
all,cdf,brightness,1,common,pooled,0.51047532,0.5098362904359955,0.9428
all,cdf,brightness,2,common,pooled,0.54478068,0.5338098091636939,0.9122
all,cdf,brightness,3,common,pooled,0.59027996,0.5655775607353932,0.8742
all,cdf,brightness,4,common,pooled,0.64589684,0.6061472893062434,0.7992
all,cdf,brightness,5,common,pooled,0.70253984,0.650980829090994,0.7002
all,cdf,contrast,1,common,pooled,0.66536044,0.6277123979687963,0.8006
all,cdf,contrast,2,common,pooled,0.75040496,0.7040480785594904,0.6652
all,cdf,contrast,3,common,pooled,0.8525962,0.8078608412161465,0.433
all,cdf,contrast,4,common,pooled,0.95430848,0.9317776225675173,0.1444
all,cdf,contrast,5,common,pooled,0.9896228,0.9837712748897074,0.0326
all,cdf,elastic_transform,1,common,pooled,0.52147692,0.5065542801425019,0.9374
all,cdf,elastic_transform,2,common,pooled,0.55611092,0.5268659419325139,0.907
all,cdf,elastic_transform,3,common,pooled,0.61359412,0.564253947129918,0.8522
all,cdf,elastic_transform,4,common,pooled,0.65997256,0.5981023966697978,0.7858
all,cdf,elastic_transform,5,common,pooled,0.72029524,0.6468776374634523,0.6722
all,cdf,pixelate,1,common,pooled,0.56758684,0.5394377939922665,0.8752
all,cdf,pixelate,2,common,pooled,0.6241442,0.5805642850579195,0.8098
all,cdf,pixelate,3,common,pooled,0.80685136,0.7460217067605417,0.4952
all,cdf,pixelate,4,common,pooled,0.92748824,0.8888353377359526,0.1996
all,cdf,pixelate,5,common,pooled,0.9699238,0.9519936215208069,0.0868
all,cdf,jpeg_compression,1,common,pooled,0.63241904,0.5711442000379667,0.761
all,cdf,jpeg_compression,2,common,pooled,0.73257712,0.6469572200008571,0.5888
all,cdf,jpeg_compression,3,common,pooled,0.79148908,0.7009716153574117,0.4738
all,cdf,jpeg_compression,4,common,pooled,0.89308996,0.8172890492257182,0.2546
all,cdf,jpeg_compression,5,common,pooled,0.942301,0.8907892346643326,0.1424
all,cdf,speckle_noise,1,extra,pooled,0.78607324,0.7316292150284528,0.562
all,cdf,speckle_noise,2,extra,pooled,0.8650306,0.8202608842616869,0.3978
all,cdf,speckle_noise,3,extra,pooled,0.96327864,0.949730942767437,0.124
all,cdf,speckle_noise,4,extra,pooled,0.98242164,0.9768312899748913,0.065
all,cdf,speckle_noise,5,extra,pooled,0.99275292,0.9911566702152732,0.0274
all,cdf,gaussian_blur,1,extra,pooled,0.64276004,0.5853852727946859,0.7834
all,cdf,gaussian_blur,2,extra,pooled,0.8667272,0.7875896133690001,0.3018
all,cdf,gaussian_blur,3,extra,pooled,0.93763512,0.8828377543187231,0.1314
all,cdf,gaussian_blur,4,extra,pooled,0.9660558,0.9299099544741077,0.0728
all,cdf,gaussian_blur,5,extra,pooled,0.98666864,0.9693784886548469,0.025
all,cdf,spatter,1,extra,pooled,0.48834228,0.48697714910475354,0.949
all,cdf,spatter,2,extra,pooled,0.74206916,0.6539270464455439,0.5908
all,cdf,spatter,3,extra,pooled,0.87148672,0.7926595638258237,0.3268
all,cdf,spatter,4,extra,pooled,0.95481824,0.9345190118206992,0.1452
all,cdf,spatter,5,extra,pooled,0.98141212,0.9732269914579774,0.0612
all,cdf,saturate,1,extra,pooled,0.5230072,0.5106068781340553,0.9214
all,cdf,saturate,2,extra,pooled,0.5760928,0.5443082358287435,0.8716
all,cdf,saturate,3,extra,pooled,0.56175808,0.5402498515634483,0.9042
all,cdf,saturate,4,extra,pooled,0.6812324,0.6231017236633588,0.7394
all,cdf,saturate,5,extra,pooled,0.77716996,0.7136997000550309,0.571
all,discopatch,gaussian_noise,1,common,pooled,0.87764306,0.8706053059683023,0.454
all,discopatch,gaussian_noise,2,common,pooled,0.95129506,0.946490814003858,0.2134
all,discopatch,gaussian_noise,3,common,pooled,0.98701246,0.9844215879236904,0.059
all,discopatch,gaussian_noise,4,common,pooled,0.99712596,0.9955427126173216,0.011
all,discopatch,gaussian_noise,5,common,pooled,0.99917088,0.9981614931302313,0.0016
all,discopatch,shot_noise,1,common,pooled,0.86875128,0.8550393605755371,0.4466
all,discopatch,shot_noise,2,common,pooled,0.9421872,0.9340484909861567,0.2334
all,discopatch,shot_noise,3,common,pooled,0.9749031,0.9707375800425324,0.1152
all,discopatch,shot_noise,4,common,pooled,0.98990798,0.9877790141673389,0.0466
all,discopatch,shot_noise,5,common,pooled,0.9930312,0.9911309850000469,0.0318
all,discopatch,impulse_noise,1,common,pooled,0.92312212,0.9123408800507629,0.2928
all,discopatch,impulse_noise,2,common,pooled,0.97809634,0.9739704928179902,0.1006
all,discopatch,impulse_noise,3,common,pooled,0.99180378,0.9893898356667632,0.0374
all,discopatch,impulse_noise,4,common,pooled,0.99853484,0.9971824033841354,0.0036
all,discopatch,impulse_noise,5,common,pooled,0.9993074,0.9983076165855005,0.001
all,discopatch,defocus_blur,1,common,pooled,0.65702672,0.6223014830659513,0.8282
all,discopatch,defocus_blur,2,common,pooled,0.72555248,0.6815633743485632,0.7246
all,discopatch,defocus_blur,3,common,pooled,0.79646428,0.7446790941574464,0.569
all,discopatch,defocus_blur,4,common,pooled,0.82854252,0.7734443627178146,0.4952
all,discopatch,defocus_blur,5,common,pooled,0.84752392,0.789782682050635,0.4372
all,discopatch,glass_blur,1,common,pooled,0.67571148,0.6386826473288425,0.8038
all,discopatch,glass_blur,2,common,pooled,0.77495192,0.7348335961528155,0.6324
all,discopatch,glass_blur,3,common,pooled,0.8807698,0.8511102193312996,0.3896
all,discopatch,glass_blur,4,common,pooled,0.91028324,0.8876184336677002,0.314
all,discopatch,glass_blur,5,common,pooled,0.9352564,0.9185573023551923,0.2428
all,discopatch,motion_blur,1,common,pooled,0.58111352,0.5601261218690146,0.9084
all,discopatch,motion_blur,2,common,pooled,0.66109192,0.6240068561531836,0.8286
all,discopatch,motion_blur,3,common,pooled,0.74317496,0.6964555556059533,0.6914
all,discopatch,motion_blur,4,common,pooled,0.8005836,0.7514977378306338,0.5732
all,discopatch,motion_blur,5,common,pooled,0.83004808,0.7819392784862516,0.5032
all,discopatch,zoom_blur,1,common,pooled,0.74685632,0.6944879291792031,0.679
all,discopatch,zoom_blur,2,common,pooled,0.78773672,0.7328346741075529,0.5924
all,discopatch,zoom_blur,3,common,pooled,0.82042532,0.7699555282154742,0.527
all,discopatch,zoom_blur,4,common,pooled,0.8372456,0.787637523261546,0.4814
all,discopatch,zoom_blur,5,common,pooled,0.85356528,0.8087859128759786,0.453
all,discopatch,snow,1,common,pooled,0.7556674,0.6949024622112696,0.6114
all,discopatch,snow,2,common,pooled,0.84100704,0.7873266463322242,0.4192
all,discopatch,snow,3,common,pooled,0.83528856,0.7671923059295349,0.407
all,discopatch,snow,4,common,pooled,0.86629084,0.799972718313019,0.3416
all,discopatch,snow,5,common,pooled,0.84288324,0.7731504596365063,0.3924
all,discopatch,frost,1,common,pooled,0.65804824,0.6074997401421174,0.7916
all,discopatch,frost,2,common,pooled,0.77793868,0.7234457346872842,0.5956
all,discopatch,frost,3,common,pooled,0.83162324,0.780296356578208,0.4708
all,discopatch,frost,4,common,pooled,0.84664188,0.8002590754344572,0.4542
all,discopatch,frost,5,common,pooled,0.87186848,0.8296759500428224,0.386
all,discopatch,fog,1,common,pooled,0.60353018,0.5885332295939003,0.892
all,discopatch,fog,2,common,pooled,0.6546192,0.6346028954632639,0.848
all,discopatch,fog,3,common,pooled,0.7237624,0.6986761642054912,0.7586
all,discopatch,fog,4,common,pooled,0.75559176,0.7339950840522188,0.7172
all,discopatch,fog,5,common,pooled,0.83810136,0.8221365725159737,0.5316
all,discopatch,brightness,1,common,pooled,0.49037776,0.4900214176577324,0.9478
all,discopatch,brightness,2,common,pooled,0.49055106,0.4844009753157667,0.9408
all,discopatch,brightness,3,common,pooled,0.49854426,0.48453236003908307,0.929
all,discopatch,brightness,4,common,pooled,0.51107176,0.4883396526716639,0.9132
all,discopatch,brightness,5,common,pooled,0.52198896,0.49170804443902005,0.8918
all,discopatch,contrast,1,common,pooled,0.54346896,0.5251269580888281,0.926
all,discopatch,contrast,2,common,pooled,0.56605696,0.5386563488974774,0.9058
all,discopatch,contrast,3,common,pooled,0.60523856,0.5652598230794512,0.8668
all,discopatch,contrast,4,common,pooled,0.69055348,0.6390175048273523,0.714
all,discopatch,contrast,5,common,pooled,0.77686728,0.7314141593182004,0.5756
all,discopatch,elastic_transform,1,common,pooled,0.60908184,0.5716879347518508,0.8526
all,discopatch,elastic_transform,2,common,pooled,0.64149384,0.5951121387945781,0.806
all,discopatch,elastic_transform,3,common,pooled,0.67709372,0.6219672147369176,0.7446
all,discopatch,elastic_transform,4,common,pooled,0.69869772,0.638730252445839,0.7036
all,discopatch,elastic_transform,5,common,pooled,0.72097136,0.6558098815364404,0.6576
all,discopatch,pixelate,1,common,pooled,0.5473942,0.533465626266411,0.9214
all,discopatch,pixelate,2,common,pooled,0.55508872,0.5394568739310462,0.9156
all,discopatch,pixelate,3,common,pooled,0.64084992,0.6048667294297272,0.8334
all,discopatch,pixelate,4,common,pooled,0.71760132,0.6729274358437284,0.716
all,discopatch,pixelate,5,common,pooled,0.75392564,0.7045219210190076,0.644
all,discopatch,jpeg_compression,1,common,pooled,0.62883576,0.5686168233725188,0.8102
all,discopatch,jpeg_compression,2,common,pooled,0.64115944,0.5693962150005467,0.778
all,discopatch,jpeg_compression,3,common,pooled,0.64532272,0.5670212614525445,0.7492
all,discopatch,jpeg_compression,4,common,pooled,0.6306944,0.5449916745069083,0.7182
all,discopatch,jpeg_compression,5,common,pooled,0.59282902,0.513372911299588,0.7276
all,discopatch,speckle_noise,1,extra,pooled,0.80311188,0.7787589548742724,0.5826
all,discopatch,speckle_noise,2,extra,pooled,0.85970798,0.8375444096807408,0.4456
all,discopatch,speckle_noise,3,extra,pooled,0.9400061,0.9273678192715807,0.2216
all,discopatch,speckle_noise,4,extra,pooled,0.96080212,0.9519940742012576,0.1574
all,discopatch,speckle_noise,5,extra,pooled,0.97451528,0.9683112093762756,0.1108
all,discopatch,gaussian_blur,1,extra,pooled,0.55500612,0.5411557307995322,0.9256
all,discopatch,gaussian_blur,2,extra,pooled,0.71183368,0.6694278117635406,0.7492
all,discopatch,gaussian_blur,3,extra,pooled,0.800859,0.7515133341423316,0.5676
all,discopatch,gaussian_blur,4,extra,pooled,0.83957608,0.7883391293151127,0.4654
all,discopatch,gaussian_blur,5,extra,pooled,0.86684744,0.8110065490536374,0.3834
all,discopatch,spatter,1,extra,pooled,0.52196004,0.5150412451030446,0.9388
all,discopatch,spatter,2,extra,pooled,0.68447524,0.6280618228805638,0.7406
all,discopatch,spatter,3,extra,pooled,0.81429428,0.7613615625518397,0.5044
all,discopatch,spatter,4,extra,pooled,0.83246784,0.7702081977965498,0.4204
all,discopatch,spatter,5,extra,pooled,0.89244804,0.8385705570197944,0.2894
all,discopatch,saturate,1,extra,pooled,0.65345014,0.6197025716353306,0.8144
all,discopatch,saturate,2,extra,pooled,0.76392946,0.7220856009970624,0.6146
all,discopatch,saturate,3,extra,pooled,0.46883472,0.47278625479451714,0.9572
all,discopatch,saturate,4,extra,pooled,0.514555,0.4863572090166325,0.899
all,discopatch,saturate,5,extra,pooled,0.56279428,0.505034677916103,0.8132
all,saod_min,gaussian_noise,1,common,pooled,0.59204372,0.5826071390001983,0.914
all,saod_min,gaussian_noise,2,common,pooled,0.65947634,0.6450592494638484,0.8758
all,saod_min,gaussian_noise,3,common,pooled,0.75467372,0.7378038428390545,0.7804
all,saod_min,gaussian_noise,4,common,pooled,0.85896814,0.8435444815996569,0.5702
all,saod_min,gaussian_noise,5,common,pooled,0.95013254,0.9352094039418977,0.231
all,saod_min,shot_noise,1,common,pooled,0.58333418,0.5764907982130247,0.9228
all,saod_min,shot_noise,2,common,pooled,0.65361968,0.6405984217706944,0.8856
all,saod_min,shot_noise,3,common,pooled,0.73587476,0.7202816440851979,0.7972
all,saod_min,shot_noise,4,common,pooled,0.86147736,0.8447273223654448,0.5474
all,saod_min,shot_noise,5,common,pooled,0.92711542,0.9102109831244858,0.3022
all,saod_min,impulse_noise,1,common,pooled,0.65944548,0.650331863258907,0.8744
all,saod_min,impulse_noise,2,common,pooled,0.70984016,0.6978563341623043,0.8286
all,saod_min,impulse_noise,3,common,pooled,0.75998952,0.7449588391360328,0.7624
all,saod_min,impulse_noise,4,common,pooled,0.8639855,0.8484320919995536,0.5482
all,saod_min,impulse_noise,5,common,pooled,0.94798696,0.932070987192598,0.2324
all,saod_min,defocus_blur,1,common,pooled,0.64628108,0.6186120587514894,0.8686
all,saod_min,defocus_blur,2,common,pooled,0.70879564,0.6786823751117097,0.8072
all,saod_min,defocus_blur,3,common,pooled,0.79967414,0.7731940020644227,0.662
all,saod_min,defocus_blur,4,common,pooled,0.8702975,0.8475257168557409,0.4794
all,saod_min,defocus_blur,5,common,pooled,0.91803598,0.8973144521086449,0.3108
all,saod_min,glass_blur,1,common,pooled,0.65271468,0.626530225800777,0.8614
all,saod_min,glass_blur,2,common,pooled,0.7452105,0.7170771951889083,0.7616
all,saod_min,glass_blur,3,common,pooled,0.90357852,0.8857769942814562,0.3942
all,saod_min,glass_blur,4,common,pooled,0.92937298,0.9127212996552517,0.29
all,saod_min,glass_blur,5,common,pooled,0.94690854,0.929171600683744,0.2142
all,saod_min,motion_blur,1,common,pooled,0.5912792,0.5715992277902957,0.9098
all,saod_min,motion_blur,2,common,pooled,0.6714903,0.6495891346953633,0.8664
all,saod_min,motion_blur,3,common,pooled,0.77726756,0.7558297664059307,0.7358
all,saod_min,motion_blur,4,common,pooled,0.87122448,0.8513853451273763,0.49
all,saod_min,motion_blur,5,common,pooled,0.91448988,0.895204799700791,0.3318
all,saod_min,zoom_blur,1,common,pooled,0.78447352,0.7582491504225902,0.7012
all,saod_min,zoom_blur,2,common,pooled,0.84939368,0.82593178635288,0.5482
all,saod_min,zoom_blur,3,common,pooled,0.88100508,0.8587497483608169,0.4528
all,saod_min,zoom_blur,4,common,pooled,0.90978768,0.8888630514030323,0.3602
all,saod_min,zoom_blur,5,common,pooled,0.9204235,0.8999653927909891,0.3204
all,saod_min,snow,1,common,pooled,0.63097356,0.6258984423465086,0.89
all,saod_min,snow,2,common,pooled,0.72008352,0.7149224703509955,0.8362
all,saod_min,snow,3,common,pooled,0.72933016,0.7225826566297109,0.8174
all,saod_min,snow,4,common,pooled,0.79133032,0.7833449018294192,0.7224
all,saod_min,snow,5,common,pooled,0.79777354,0.7906567581415389,0.7388
all,saod_min,frost,1,common,pooled,0.58003578,0.572650172628532,0.9176
all,saod_min,frost,2,common,pooled,0.6574665,0.651064463233829,0.88
all,saod_min,frost,3,common,pooled,0.71314692,0.7067824457622431,0.8238
all,saod_min,frost,4,common,pooled,0.7196018,0.7158961046686715,0.8298
all,saod_min,frost,5,common,pooled,0.7543409,0.7493010501370958,0.7858
all,saod_min,fog,1,common,pooled,0.52470858,0.5222042167382684,0.9434
all,saod_min,fog,2,common,pooled,0.5356017,0.5322758546021937,0.9358
all,saod_min,fog,3,common,pooled,0.54782702,0.5421457230643505,0.9334
all,saod_min,fog,4,common,pooled,0.55290528,0.5470681385344409,0.9312
all,saod_min,fog,5,common,pooled,0.57951574,0.5715109802072433,0.9228
all,saod_min,brightness,1,common,pooled,0.50393612,0.5036385232290796,0.9452
all,saod_min,brightness,2,common,pooled,0.51628096,0.5147297955418199,0.9418
all,saod_min,brightness,3,common,pooled,0.53152226,0.5290458922244582,0.9406
all,saod_min,brightness,4,common,pooled,0.55199166,0.5491463351502505,0.9308
all,saod_min,brightness,5,common,pooled,0.57830626,0.5755153224532603,0.919
all,saod_min,contrast,1,common,pooled,0.52716374,0.5238749053819456,0.9392
all,saod_min,contrast,2,common,pooled,0.54558886,0.5397088862810147,0.931
all,saod_min,contrast,3,common,pooled,0.58362036,0.5732458003031593,0.9154
all,saod_min,contrast,4,common,pooled,0.69477274,0.6801647994361133,0.8474
all,saod_min,contrast,5,common,pooled,0.8508491,0.8389970117988066,0.5634
all,saod_min,elastic_transform,1,common,pooled,0.59090514,0.5789388772764312,0.9082
all,saod_min,elastic_transform,2,common,pooled,0.62946976,0.6173379743024824,0.879
all,saod_min,elastic_transform,3,common,pooled,0.67798306,0.6617789021119692,0.8426
all,saod_min,elastic_transform,4,common,pooled,0.7132627,0.6939852691665398,0.8226
all,saod_min,elastic_transform,5,common,pooled,0.74210606,0.7171613310863021,0.7576
all,saod_min,pixelate,1,common,pooled,0.61446502,0.6016600979315873,0.9054
all,saod_min,pixelate,2,common,pooled,0.67611676,0.6649512978665704,0.8708
all,saod_min,pixelate,3,common,pooled,0.85291136,0.8470027508832993,0.6082
all,saod_min,pixelate,4,common,pooled,0.9476373,0.9373806691543686,0.2516
all,saod_min,pixelate,5,common,pooled,0.96917024,0.9568727913814489,0.1336
all,saod_min,jpeg_compression,1,common,pooled,0.64176824,0.6171542905009719,0.8722
all,saod_min,jpeg_compression,2,common,pooled,0.70302982,0.6796516761192609,0.8268
all,saod_min,jpeg_compression,3,common,pooled,0.74466862,0.7227051582020558,0.7592
all,saod_min,jpeg_compression,4,common,pooled,0.84757492,0.8305880496543232,0.5776
all,saod_min,jpeg_compression,5,common,pooled,0.92386992,0.9081458552978773,0.3244
all,saod_min,speckle_noise,1,extra,pooled,0.56010598,0.5553035620292983,0.9314
all,saod_min,speckle_noise,2,extra,pooled,0.58934274,0.5834139704031546,0.9176
all,saod_min,speckle_noise,3,extra,pooled,0.6860835,0.6750643182647894,0.8576
all,saod_min,speckle_noise,4,extra,pooled,0.7432092,0.7311906573651643,0.7866
all,saod_min,speckle_noise,5,extra,pooled,0.81031634,0.7970042756571714,0.6914
all,saod_min,gaussian_blur,1,extra,pooled,0.58474836,0.5613824105067745,0.9038
all,saod_min,gaussian_blur,2,extra,pooled,0.69381134,0.6623400595240431,0.8224
all,saod_min,gaussian_blur,3,extra,pooled,0.78066494,0.7524478698499414,0.7034
all,saod_min,gaussian_blur,4,extra,pooled,0.85009028,0.8270091573915711,0.542
all,saod_min,gaussian_blur,5,extra,pooled,0.93709368,0.9188612583858525,0.2478
all,saod_min,spatter,1,extra,pooled,0.51621556,0.5131677230171025,0.9418
all,saod_min,spatter,2,extra,pooled,0.61812458,0.6080608180580385,0.8894
all,saod_min,spatter,3,extra,pooled,0.66178632,0.6520220229083142,0.8608
all,saod_min,spatter,4,extra,pooled,0.73433362,0.7198957997664365,0.798
all,saod_min,spatter,5,extra,pooled,0.810345,0.7927329226651314,0.6502
all,saod_min,saturate,1,extra,pooled,0.51223866,0.5115674851610257,0.9454
all,saod_min,saturate,2,extra,pooled,0.5284619,0.5266035316794189,0.9402
all,saod_min,saturate,3,extra,pooled,0.51273256,0.5112213986381022,0.9436
all,saod_min,saturate,4,extra,pooled,0.55127392,0.5459840995017302,0.9298
all,saod_min,saturate,5,extra,pooled,0.59145684,0.5858071679832563,0.9098
all,knn,gaussian_noise,1,common,pooled,0.46061704,0.4534665196280659,0.8982
all,knn,gaussian_noise,2,common,pooled,0.46279354,0.4493441432065593,0.883
all,knn,gaussian_noise,3,common,pooled,0.47810778,0.4510612004749513,0.8484
all,knn,gaussian_noise,4,common,pooled,0.50716642,0.45802314246866394,0.7738
all,knn,gaussian_noise,5,common,pooled,0.57564098,0.48794093441825637,0.6388
all,knn,shot_noise,1,common,pooled,0.46456616,0.45642463738719047,0.8978
all,knn,shot_noise,2,common,pooled,0.46765402,0.4518397951057189,0.8748
all,knn,shot_noise,3,common,pooled,0.48758734,0.4560369659359099,0.825
all,knn,shot_noise,4,common,pooled,0.5517347,0.4819650324087811,0.7104
all,knn,shot_noise,5,common,pooled,0.62309836,0.5204692031053528,0.6028
all,knn,impulse_noise,1,common,pooled,0.71729322,0.6581097600714778,0.7566
all,knn,impulse_noise,2,common,pooled,0.60773964,0.5397700241501542,0.7888
all,knn,impulse_noise,3,common,pooled,0.54839122,0.4908153466868499,0.7976
all,knn,impulse_noise,4,common,pooled,0.52522394,0.4678829202482942,0.7554
all,knn,impulse_noise,5,common,pooled,0.57741226,0.4902407824517042,0.6396
all,knn,defocus_blur,1,common,pooled,0.55376438,0.5228965991243953,0.9272
all,knn,defocus_blur,2,common,pooled,0.59068636,0.5461948233740146,0.9162
all,knn,defocus_blur,3,common,pooled,0.64930284,0.5903840273347385,0.8894
all,knn,defocus_blur,4,common,pooled,0.69956846,0.6373666798594526,0.8602
all,knn,defocus_blur,5,common,pooled,0.72932758,0.6682447687201579,0.8426
all,knn,glass_blur,1,common,pooled,0.50836862,0.49223113424208437,0.9506
all,knn,glass_blur,2,common,pooled,0.54569626,0.5142519908721201,0.9416
all,knn,glass_blur,3,common,pooled,0.57644208,0.5380308199392,0.934
all,knn,glass_blur,4,common,pooled,0.57890982,0.533457022844671,0.9258
all,knn,glass_blur,5,common,pooled,0.6345523,0.5747272363286375,0.897
all,knn,motion_blur,1,common,pooled,0.5481662,0.5181820693450521,0.9186
all,knn,motion_blur,2,common,pooled,0.59477492,0.5488257521533927,0.8942
all,knn,motion_blur,3,common,pooled,0.65571702,0.5988088053143195,0.862
all,knn,motion_blur,4,common,pooled,0.70888712,0.6538585179437908,0.8228
all,knn,motion_blur,5,common,pooled,0.73206726,0.6774740516446912,0.8018
all,knn,zoom_blur,1,common,pooled,0.61759658,0.5542201015451945,0.8844
all,knn,zoom_blur,2,common,pooled,0.63788618,0.5671647017625587,0.8624
all,knn,zoom_blur,3,common,pooled,0.5927904,0.5229125438818799,0.8726
all,knn,zoom_blur,4,common,pooled,0.59986238,0.5249665015623111,0.8562
all,knn,zoom_blur,5,common,pooled,0.57425784,0.5040793847789173,0.8648
all,knn,snow,1,common,pooled,0.702466,0.68068042479945,0.8608
all,knn,snow,2,common,pooled,0.63957118,0.6003189270362566,0.8726
all,knn,snow,3,common,pooled,0.73339108,0.6989839998095376,0.8152
all,knn,snow,4,common,pooled,0.76420026,0.7340510551836755,0.7946
all,knn,snow,5,common,pooled,0.65761628,0.6046721397532967,0.8858
all,knn,frost,1,common,pooled,0.50019794,0.4851742535724296,0.9282
all,knn,frost,2,common,pooled,0.5303506,0.5037963707281755,0.9066
all,knn,frost,3,common,pooled,0.55070324,0.5171449505674873,0.8822
all,knn,frost,4,common,pooled,0.5563224,0.5217677661175474,0.8798
all,knn,frost,5,common,pooled,0.56478454,0.5291440460095802,0.8644
all,knn,fog,1,common,pooled,0.44910394,0.4602128112506476,0.9676
all,knn,fog,2,common,pooled,0.44668778,0.45709262083955726,0.9682
all,knn,fog,3,common,pooled,0.44854136,0.45590389546533955,0.9676
all,knn,fog,4,common,pooled,0.4640454,0.46244274703796534,0.9526
all,knn,fog,5,common,pooled,0.51572828,0.486142793671646,0.8822
all,knn,brightness,1,common,pooled,0.4877073,0.4908229388251413,0.9522
all,knn,brightness,2,common,pooled,0.48776956,0.4890267957707533,0.9504
all,knn,brightness,3,common,pooled,0.49936394,0.49524618944377813,0.946
all,knn,brightness,4,common,pooled,0.5217116,0.5094023358639432,0.9414
all,knn,brightness,5,common,pooled,0.54824176,0.5282759504874173,0.9332
all,knn,contrast,1,common,pooled,0.46028068,0.47014587672161706,0.9698
all,knn,contrast,2,common,pooled,0.45650032,0.4662750706264594,0.9742
all,knn,contrast,3,common,pooled,0.4570953,0.464757764161134,0.9798
all,knn,contrast,4,common,pooled,0.46006876,0.4635406386421984,0.9826
all,knn,contrast,5,common,pooled,0.41419966,0.43179328374845694,0.9826
all,knn,elastic_transform,1,common,pooled,0.60185312,0.5837100549132864,0.9446
all,knn,elastic_transform,2,common,pooled,0.65651992,0.6435541029729464,0.9296
all,knn,elastic_transform,3,common,pooled,0.73218754,0.7276079163884531,0.8962
all,knn,elastic_transform,4,common,pooled,0.7849713,0.7859452248278418,0.8504
all,knn,elastic_transform,5,common,pooled,0.8470868,0.8504061057312304,0.7488
all,knn,pixelate,1,common,pooled,0.52905394,0.5127742560417137,0.928
all,knn,pixelate,2,common,pooled,0.56421706,0.5435591052199303,0.9172
all,knn,pixelate,3,common,pooled,0.68610556,0.6758978273453264,0.8428
all,knn,pixelate,4,common,pooled,0.7701463,0.7675045618127682,0.7614
all,knn,pixelate,5,common,pooled,0.82767068,0.8285551580257539,0.6572
all,knn,jpeg_compression,1,common,pooled,0.5929151,0.5327091653629616,0.7728
all,knn,jpeg_compression,2,common,pooled,0.6952347,0.6104141230639979,0.6368
all,knn,jpeg_compression,3,common,pooled,0.76006758,0.6726903134814582,0.5514
all,knn,jpeg_compression,4,common,pooled,0.87613876,0.8154985369960248,0.3684
all,knn,jpeg_compression,5,common,pooled,0.92537262,0.8952029998834329,0.263
all,knn,speckle_noise,1,extra,pooled,0.4686744,0.4618221337907643,0.9
all,knn,speckle_noise,2,extra,pooled,0.46838826,0.45821699390825676,0.8926
all,knn,speckle_noise,3,extra,pooled,0.48843228,0.46115459913902623,0.8456
all,knn,speckle_noise,4,extra,pooled,0.515856,0.47186996265431796,0.7982
all,knn,speckle_noise,5,extra,pooled,0.5617357,0.493320456189884,0.7288
all,knn,gaussian_blur,1,extra,pooled,0.5251496,0.5114851639719133,0.9388
all,knn,gaussian_blur,2,extra,pooled,0.58623198,0.5441165446416609,0.9158
all,knn,gaussian_blur,3,extra,pooled,0.64207094,0.5852533092522505,0.8958
all,knn,gaussian_blur,4,extra,pooled,0.6914649,0.6294621370929478,0.8658
all,knn,gaussian_blur,5,extra,pooled,0.77019406,0.7163780554927306,0.8116
all,knn,spatter,1,extra,pooled,0.59862438,0.5660975847483163,0.8758
all,knn,spatter,2,extra,pooled,0.81425452,0.781527543596161,0.7034
all,knn,spatter,3,extra,pooled,0.77199172,0.7341911040038576,0.768
all,knn,spatter,4,extra,pooled,0.91685208,0.8988037752149711,0.352
all,knn,spatter,5,extra,pooled,0.9324038,0.9011680092508952,0.2586
all,knn,saturate,1,extra,pooled,0.4811351,0.4815366695599516,0.95
all,knn,saturate,2,extra,pooled,0.48045754,0.4786002418730229,0.9424
all,knn,saturate,3,extra,pooled,0.51656462,0.5085299401231312,0.9282
all,knn,saturate,4,extra,pooled,0.56742056,0.5322974836242966,0.8594
all,knn,saturate,5,extra,pooled,0.6375596,0.5827189166849823,0.8008
all,hashemi,gaussian_noise,1,common,pooled,0.4365782,0.4502981034915209,0.9632
all,hashemi,gaussian_noise,2,common,pooled,0.40712894,0.43071337955528605,0.9696
all,hashemi,gaussian_noise,3,common,pooled,0.38569764,0.41681023894807123,0.9774
all,hashemi,gaussian_noise,4,common,pooled,0.40457206,0.425366910246746,0.974
all,hashemi,gaussian_noise,5,common,pooled,0.47637018,0.47115494533268204,0.9514
all,hashemi,shot_noise,1,common,pooled,0.4372815,0.45173314728498104,0.9644
all,hashemi,shot_noise,2,common,pooled,0.40799222,0.4318637777296875,0.9736
all,hashemi,shot_noise,3,common,pooled,0.38563088,0.4166801185812202,0.9746
all,hashemi,shot_noise,4,common,pooled,0.40449842,0.4234739748261276,0.9744
all,hashemi,shot_noise,5,common,pooled,0.44563596,0.44823569118756024,0.9612
all,hashemi,impulse_noise,1,common,pooled,0.42361544,0.4408508628846822,0.9734
all,hashemi,impulse_noise,2,common,pooled,0.40455462,0.42913951733640776,0.978
all,hashemi,impulse_noise,3,common,pooled,0.40183122,0.4265728020205089,0.9786
all,hashemi,impulse_noise,4,common,pooled,0.43428594,0.4430085913827682,0.9708
all,hashemi,impulse_noise,5,common,pooled,0.50412952,0.4904280510522301,0.9406
all,hashemi,defocus_blur,1,common,pooled,0.38430666,0.4112905416100574,0.9696
all,hashemi,defocus_blur,2,common,pooled,0.35038126,0.393873222786619,0.97
all,hashemi,defocus_blur,3,common,pooled,0.3300673,0.3843632537666348,0.97
all,hashemi,defocus_blur,4,common,pooled,0.3409459,0.3893172724054808,0.9688
all,hashemi,defocus_blur,5,common,pooled,0.3699723,0.4042468169925762,0.9672
all,hashemi,glass_blur,1,common,pooled,0.3935244,0.41675163216761835,0.9642
all,hashemi,glass_blur,2,common,pooled,0.35719136,0.39769487413839305,0.968
all,hashemi,glass_blur,3,common,pooled,0.37195236,0.4077734047877716,0.9672
all,hashemi,glass_blur,4,common,pooled,0.35113992,0.39630498810462794,0.97
all,hashemi,glass_blur,5,common,pooled,0.35308452,0.39705924131121073,0.9644
all,hashemi,motion_blur,1,common,pooled,0.43241234,0.4424468018612228,0.9666
all,hashemi,motion_blur,2,common,pooled,0.39868964,0.41927973949477004,0.9672
all,hashemi,motion_blur,3,common,pooled,0.37983288,0.4083077062418249,0.9672
all,hashemi,motion_blur,4,common,pooled,0.39429422,0.4170747794753615,0.9632
all,hashemi,motion_blur,5,common,pooled,0.42310628,0.4335860243933407,0.9538
all,hashemi,zoom_blur,1,common,pooled,0.392469,0.41359551999352,0.9636
all,hashemi,zoom_blur,2,common,pooled,0.40096674,0.4166245241513138,0.957
all,hashemi,zoom_blur,3,common,pooled,0.43144482,0.43187512423504326,0.941
all,hashemi,zoom_blur,4,common,pooled,0.4432516,0.4366881374887835,0.9288
all,hashemi,zoom_blur,5,common,pooled,0.44235716,0.4356360505717185,0.9198
all,hashemi,snow,1,common,pooled,0.4546655,0.4680174254083353,0.9636
all,hashemi,snow,2,common,pooled,0.4214062,0.44767774720788367,0.9718
all,hashemi,snow,3,common,pooled,0.4557303,0.48002482193935614,0.97
all,hashemi,snow,4,common,pooled,0.46670334,0.49161889839402706,0.9672
all,hashemi,snow,5,common,pooled,0.45121758,0.4754795511725939,0.9672
all,hashemi,frost,1,common,pooled,0.46233088,0.47206224347980175,0.9576
all,hashemi,frost,2,common,pooled,0.42937302,0.44804634339678245,0.9646
all,hashemi,frost,3,common,pooled,0.41247098,0.43876750304380696,0.9672
all,hashemi,frost,4,common,pooled,0.40310606,0.4330585182969726,0.969
all,hashemi,frost,5,common,pooled,0.3950945,0.42895570940696004,0.9708
all,hashemi,fog,1,common,pooled,0.47563626,0.477866124475434,0.9488
all,hashemi,fog,2,common,pooled,0.46873744,0.47191376773838756,0.949
all,hashemi,fog,3,common,pooled,0.46013954,0.46483904395580156,0.9538
all,hashemi,fog,4,common,pooled,0.45515836,0.46239359864088364,0.954
all,hashemi,fog,5,common,pooled,0.43044034,0.4476228251250781,0.9674
all,hashemi,brightness,1,common,pooled,0.50297378,0.5026625117365636,0.9532
all,hashemi,brightness,2,common,pooled,0.50437732,0.5030912214256528,0.9428
all,hashemi,brightness,3,common,pooled,0.50281718,0.5012247186539835,0.9438
all,hashemi,brightness,4,common,pooled,0.50097302,0.4986949655324333,0.9432
all,hashemi,brightness,5,common,pooled,0.49490998,0.4931102024403371,0.9412
all,hashemi,contrast,1,common,pooled,0.47560852,0.4787496082781343,0.9502
all,hashemi,contrast,2,common,pooled,0.46246912,0.46748088754617895,0.9502
all,hashemi,contrast,3,common,pooled,0.4372578,0.4480841508584445,0.9566
all,hashemi,contrast,4,common,pooled,0.38050758,0.4133157220876039,0.9672
all,hashemi,contrast,5,common,pooled,0.32951906,0.389089573547613,0.9826
all,hashemi,elastic_transform,1,common,pooled,0.48695136,0.48059496616399466,0.9438
all,hashemi,elastic_transform,2,common,pooled,0.4909989,0.48324571350971435,0.937
all,hashemi,elastic_transform,3,common,pooled,0.51349762,0.5068124985853121,0.9246
all,hashemi,elastic_transform,4,common,pooled,0.53814754,0.5406880038903636,0.9238
all,hashemi,elastic_transform,5,common,pooled,0.5798346,0.5989425632989882,0.9186
all,hashemi,pixelate,1,common,pooled,0.46607968,0.46937633201398143,0.957
all,hashemi,pixelate,2,common,pooled,0.45199056,0.45742658530460034,0.9578
all,hashemi,pixelate,3,common,pooled,0.4250094,0.4318683288033044,0.9492
all,hashemi,pixelate,4,common,pooled,0.37090616,0.400223978485974,0.9546
all,hashemi,pixelate,5,common,pooled,0.28107892,0.36599876870113607,0.9734
all,hashemi,jpeg_compression,1,common,pooled,0.41635502,0.4358360255891014,0.9658
all,hashemi,jpeg_compression,2,common,pooled,0.41206398,0.4310632358188927,0.965
all,hashemi,jpeg_compression,3,common,pooled,0.41557582,0.43146414763901053,0.9602
all,hashemi,jpeg_compression,4,common,pooled,0.43862644,0.4416562084147517,0.9434
all,hashemi,jpeg_compression,5,common,pooled,0.47919406,0.46472249014084677,0.9206
all,hashemi,speckle_noise,1,extra,pooled,0.45349,0.4640160390989506,0.9636
all,hashemi,speckle_noise,2,extra,pooled,0.43687806,0.4522695020983866,0.9644
all,hashemi,speckle_noise,3,extra,pooled,0.40354842,0.42838956760961205,0.9744
all,hashemi,speckle_noise,4,extra,pooled,0.3920196,0.4196117591968062,0.977
all,hashemi,speckle_noise,5,extra,pooled,0.38884194,0.41549738777890255,0.9756
all,hashemi,gaussian_blur,1,extra,pooled,0.42912054,0.4410138402543118,0.9642
all,hashemi,gaussian_blur,2,extra,pooled,0.35573406,0.39654890150220834,0.97
all,hashemi,gaussian_blur,3,extra,pooled,0.32782038,0.3835306859672811,0.97
all,hashemi,gaussian_blur,4,extra,pooled,0.3293948,0.38448143118403844,0.9684
all,hashemi,gaussian_blur,5,extra,pooled,0.38524772,0.4125249767147351,0.961
all,hashemi,spatter,1,extra,pooled,0.50558728,0.5023408664255092,0.944
all,hashemi,spatter,2,extra,pooled,0.49215114,0.4869263585317067,0.9386
all,hashemi,spatter,3,extra,pooled,0.43596708,0.4508511477354206,0.9638
all,hashemi,spatter,4,extra,pooled,0.52953022,0.4955023768476574,0.8782
all,hashemi,spatter,5,extra,pooled,0.46634966,0.45565447453501395,0.9106
all,hashemi,saturate,1,extra,pooled,0.49455874,0.4940514427775041,0.9462
all,hashemi,saturate,2,extra,pooled,0.4855009,0.48614170742499646,0.9476
all,hashemi,saturate,3,extra,pooled,0.49509308,0.4969301385881705,0.9502
all,hashemi,saturate,4,extra,pooled,0.47707806,0.48111529213626947,0.9572
all,hashemi,saturate,5,extra,pooled,0.46549416,0.4715476466357434,0.9586
untouched,two_axis,gaussian_noise,1,common,pooled,0.9263933819124487,0.8697699514439234,0.21254125412541255
untouched,two_axis,gaussian_noise,2,common,pooled,0.9832565434761298,0.9631864164662767,0.043234323432343236
untouched,two_axis,gaussian_noise,3,common,pooled,0.99646842902112,0.9925419674961383,0.008580858085808581
untouched,two_axis,gaussian_noise,4,common,pooled,0.9994430829221536,0.9992125941210545,0.0016501650165016502
untouched,two_axis,gaussian_noise,5,common,pooled,0.9999881275256238,0.9999880317266107,0.0
untouched,two_axis,shot_noise,1,common,pooled,0.9085298826912395,0.8595662089895398,0.2848184818481848
untouched,two_axis,shot_noise,2,common,pooled,0.9792839481967999,0.9642195655840798,0.05907590759075908
untouched,two_axis,shot_noise,3,common,pooled,0.9945222145976974,0.9914940194994923,0.01287128712871287
untouched,two_axis,shot_noise,4,common,pooled,0.9991663126708711,0.9991125030144314,0.0023102310231023103
untouched,two_axis,shot_noise,5,common,pooled,0.9997587382500627,0.9997740226481683,0.00033003300330033004
untouched,two_axis,impulse_noise,1,common,pooled,0.9866087202779684,0.98297762299899,0.05313531353135314
untouched,two_axis,impulse_noise,2,common,pooled,0.9941053709331329,0.9909906390697054,0.01782178217821782
untouched,two_axis,impulse_noise,3,common,pooled,0.9969020466403076,0.994969977238049,0.009900990099009901
untouched,two_axis,impulse_noise,4,common,pooled,0.9995489548954896,0.9993805369791965,0.0013201320132013201
untouched,two_axis,impulse_noise,5,common,pooled,0.9999913951791218,0.9999913361434112,0.0
untouched,two_axis,defocus_blur,1,common,pooled,0.9469003038917753,0.9106737797214335,0.18151815181518152
untouched,two_axis,defocus_blur,2,common,pooled,0.968811990109902,0.9420253784420344,0.10363036303630363
untouched,two_axis,defocus_blur,3,common,pooled,0.9805740177978194,0.9597979680898489,0.058085808580858087
untouched,two_axis,defocus_blur,4,common,pooled,0.9846040148569313,0.9654193173321102,0.044884488448844885
untouched,two_axis,defocus_blur,5,common,pooled,0.9879248221851888,0.9715304447749472,0.035313531353135315
untouched,two_axis,glass_blur,1,common,pooled,0.9139295711749392,0.8646079923217043,0.2765676567656766
untouched,two_axis,glass_blur,2,common,pooled,0.9528600681850363,0.916748246183421,0.15907590759075907
untouched,two_axis,glass_blur,3,common,pooled,0.9588266945506432,0.9208328125432452,0.12376237623762376
untouched,two_axis,glass_blur,4,common,pooled,0.9621099238636734,0.9246111829266275,0.11155115511551156
untouched,two_axis,glass_blur,5,common,pooled,0.9762667058785086,0.9480625226901509,0.06369636963696369
untouched,two_axis,motion_blur,1,common,pooled,0.8646164319402238,0.8143893603333641,0.4161716171617162
untouched,two_axis,motion_blur,2,common,pooled,0.9217895848990839,0.8853271676849119,0.2485148514851485
untouched,two_axis,motion_blur,3,common,pooled,0.9508944656841922,0.924862255424225,0.15016501650165018
untouched,two_axis,motion_blur,4,common,pooled,0.9649990741648422,0.9469104341256632,0.10594059405940594
untouched,two_axis,motion_blur,5,common,pooled,0.9717194392706597,0.9567179313704736,0.0834983498349835
untouched,two_axis,zoom_blur,1,common,pooled,0.900333954187498,0.8357035485864968,0.2825082508250825
untouched,two_axis,zoom_blur,2,common,pooled,0.9226947249180364,0.8637164369543889,0.22376237623762377
untouched,two_axis,zoom_blur,3,common,pooled,0.9290313585814027,0.8763628330481977,0.21914191419141915
untouched,two_axis,zoom_blur,4,common,pooled,0.9414045463952336,0.893000366507996,0.17623762376237623
untouched,two_axis,zoom_blur,5,common,pooled,0.948620505614918,0.9052700290953455,0.16072607260726074
untouched,two_axis,snow,1,common,pooled,0.9197539456915989,0.9015710448474411,0.30165016501650166
untouched,two_axis,snow,2,common,pooled,0.9681021468483482,0.958990214765339,0.12079207920792079
untouched,two_axis,snow,3,common,pooled,0.9715180428933983,0.9622552801628478,0.11155115511551156
untouched,two_axis,snow,4,common,pooled,0.9815506105065952,0.9745595877821472,0.06567656765676567
untouched,two_axis,snow,5,common,pooled,0.9757496541733381,0.9662596414582943,0.08448844884488449
untouched,two_axis,frost,1,common,pooled,0.7138516920999031,0.6485435374380684,0.7016501650165017
untouched,two_axis,frost,2,common,pooled,0.8421093792547572,0.7668521908276253,0.43564356435643564
untouched,two_axis,frost,3,common,pooled,0.8860516942783387,0.8131212651884823,0.3095709570957096
untouched,two_axis,frost,4,common,pooled,0.90067771133549,0.8330267008103072,0.2765676567656766
untouched,two_axis,frost,5,common,pooled,0.9175984925225196,0.8511461394637492,0.23003300330033002
untouched,two_axis,fog,1,common,pooled,0.9505833850711803,0.9227070324014492,0.17491749174917492
untouched,two_axis,fog,2,common,pooled,0.9685192083564792,0.9474738204792682,0.1066006600660066
untouched,two_axis,fog,3,common,pooled,0.9772484179110981,0.9602653167495125,0.07194719471947195
untouched,two_axis,fog,4,common,pooled,0.977727782679258,0.9596856777247902,0.06732673267326733
untouched,two_axis,fog,5,common,pooled,0.9844587131980524,0.9687932939658069,0.048184818481848184
untouched,two_axis,brightness,1,common,pooled,0.5304464703896132,0.5183027906040929,0.9316831683168317
untouched,two_axis,brightness,2,common,pooled,0.5624224204598678,0.5375808407831324,0.8950495049504951
untouched,two_axis,brightness,3,common,pooled,0.5985721443431472,0.5612874338311911,0.8508250825082508
untouched,two_axis,brightness,4,common,pooled,0.651018200829984,0.599683921894687,0.7788778877887789
untouched,two_axis,brightness,5,common,pooled,0.7091684911065363,0.6487419336892528,0.6914191419141914
untouched,two_axis,contrast,1,common,pooled,0.9394769575967498,0.9092488523430905,0.2306930693069307
untouched,two_axis,contrast,2,common,pooled,0.9686283479833132,0.9491937903058619,0.11716171617161716
untouched,two_axis,contrast,3,common,pooled,0.9862972039778235,0.9766180781611906,0.049174917491749175
untouched,two_axis,contrast,4,common,pooled,0.995783419926151,0.9931535201773602,0.012541254125412541
untouched,two_axis,contrast,5,common,pooled,0.9985184459039963,0.997860000463314,0.0049504950495049506
untouched,two_axis,elastic_transform,1,common,pooled,0.6841821607903364,0.6310966895955435,0.7871287128712872
untouched,two_axis,elastic_transform,2,common,pooled,0.7171185831454433,0.6598827767214713,0.7287128712871287
untouched,two_axis,elastic_transform,3,common,pooled,0.7608628783670446,0.7004656716469643,0.6475247524752475
untouched,two_axis,elastic_transform,4,common,pooled,0.793425263318411,0.7345541546136902,0.5854785478547855
untouched,two_axis,elastic_transform,5,common,pooled,0.8360625864566654,0.7813376244733659,0.4726072607260726
untouched,two_axis,pixelate,1,common,pooled,0.8509299741855374,0.8025689281696102,0.5287128712871287
untouched,two_axis,pixelate,2,common,pooled,0.8822959622694942,0.8372937774824665,0.4260726072607261
untouched,two_axis,pixelate,3,common,pooled,0.9565070962541798,0.9382232338066888,0.16864686468646864
untouched,two_axis,pixelate,4,common,pooled,0.9791805814244791,0.9707599483279076,0.07095709570957096
untouched,two_axis,pixelate,5,common,pooled,0.988202245967171,0.9843316526882777,0.04026402640264026
untouched,two_axis,jpeg_compression,1,common,pooled,0.8914976745199272,0.8410268296358605,0.33663366336633666
untouched,two_axis,jpeg_compression,2,common,pooled,0.9281453887963054,0.8854759999262019,0.22013201320132014
untouched,two_axis,jpeg_compression,3,common,pooled,0.9413596706205274,0.901897935508943,0.1834983498349835
untouched,two_axis,jpeg_compression,4,common,pooled,0.958994434096875,0.9253531076815005,0.12211221122112212
untouched,two_axis,jpeg_compression,5,common,pooled,0.9698480541123419,0.9485936964770163,0.0933993399339934
untouched,two_axis,speckle_noise,1,extra,pooled,0.8022405210818111,0.750529266576291,0.5788778877887789
untouched,two_axis,speckle_noise,2,extra,pooled,0.8917060418913179,0.8588901229203731,0.38811881188118813
untouched,two_axis,speckle_noise,3,extra,pooled,0.9782254463070069,0.9718849283355481,0.08448844884488449
untouched,two_axis,speckle_noise,4,extra,pooled,0.9902999705911185,0.9881347996117509,0.036303630363036306
untouched,two_axis,speckle_noise,5,extra,pooled,0.9960852421875851,0.9956561894898569,0.01221122112211221
untouched,two_axis,gaussian_blur,1,extra,pooled,0.852638739121437,0.7919056262439341,0.4656765676567657
untouched,two_axis,gaussian_blur,2,extra,pooled,0.9663196418651766,0.9380820470684229,0.1132013201320132
untouched,two_axis,gaussian_blur,3,extra,pooled,0.9803672842531778,0.9592755805361183,0.059735973597359736
untouched,two_axis,gaussian_blur,4,extra,pooled,0.9841467612107745,0.9641370416095625,0.047524752475247525
untouched,two_axis,gaussian_blur,5,extra,pooled,0.9876040475334662,0.9697584661578541,0.03498349834983498
untouched,two_axis,spatter,1,extra,pooled,0.5669794900282107,0.5403389336717469,0.8940594059405941
untouched,two_axis,spatter,2,extra,pooled,0.871344857258003,0.8255336963920312,0.4174917491749175
untouched,two_axis,spatter,3,extra,pooled,0.9380187127623654,0.9206460611133579,0.24917491749174916
untouched,two_axis,spatter,4,extra,pooled,0.9893519153895588,0.9879156530737918,0.050165016501650166
untouched,two_axis,spatter,5,extra,pooled,0.9966919365203847,0.9962578181324073,0.013861386138613862
untouched,two_axis,saturate,1,extra,pooled,0.5974311342025291,0.563956805489548,0.864026402640264
untouched,two_axis,saturate,2,extra,pooled,0.660136206689976,0.6080803575246936,0.7755775577557755
untouched,two_axis,saturate,3,extra,pooled,0.5383811499961877,0.5262910499853544,0.9244224422442244
untouched,two_axis,saturate,4,extra,pooled,0.7283381803526887,0.674945919028703,0.699009900990099
untouched,two_axis,saturate,5,extra,pooled,0.8397803047631496,0.806798780551241,0.528052805280528
untouched,peak_share,gaussian_noise,1,common,pooled,0.9487935823285298,0.9137825178306048,0.15016501650165018
untouched,peak_share,gaussian_noise,2,common,pooled,0.9832192922262524,0.9684393028533927,0.04521452145214522
untouched,peak_share,gaussian_noise,3,common,pooled,0.9951258591205655,0.9911736533130329,0.01221122112211221
untouched,peak_share,gaussian_noise,4,common,pooled,0.9988017514622749,0.9983379105423686,0.0039603960396039604
untouched,peak_share,gaussian_noise,5,common,pooled,0.9999412911588188,0.9999400354002929,0.00033003300330033004
untouched,peak_share,shot_noise,1,common,pooled,0.9315505015848119,0.8983709790475268,0.22409240924092408
untouched,peak_share,shot_noise,2,common,pooled,0.9779108801969306,0.9643844266588946,0.06633663366336634
untouched,peak_share,shot_noise,3,common,pooled,0.9923905063773704,0.9880627048630377,0.02277227722772277
untouched,peak_share,shot_noise,4,common,pooled,0.9984190003158732,0.9979877577626405,0.0049504950495049506
untouched,peak_share,shot_noise,5,common,pooled,0.9995700857214435,0.9995389257224008,0.0023102310231023103
untouched,peak_share,impulse_noise,1,common,pooled,0.9778471609537192,0.9665128554505468,0.07623762376237624
untouched,peak_share,impulse_noise,2,common,pooled,0.9899940093019203,0.9833662115248762,0.029042904290429043
untouched,peak_share,impulse_noise,3,common,pooled,0.9945186201788496,0.9905809915802255,0.01617161716171617
untouched,peak_share,impulse_noise,4,common,pooled,0.9987927109542637,0.9982690799929256,0.0033003300330033004
untouched,peak_share,impulse_noise,5,common,pooled,0.9999423803766515,0.9999410352435257,0.0006600660066006601
untouched,peak_share,defocus_blur,1,common,pooled,0.9359245825572656,0.8854459328960546,0.16468646864686468
untouched,peak_share,defocus_blur,2,common,pooled,0.9712146957269985,0.9403735830125424,0.06930693069306931
untouched,peak_share,defocus_blur,3,common,pooled,0.9874576566567548,0.9714977639711434,0.02706270627062706
untouched,peak_share,defocus_blur,4,common,pooled,0.9929798821466305,0.9836099676805707,0.015511551155115511
untouched,peak_share,defocus_blur,5,common,pooled,0.995671012645819,0.9898390451395976,0.00891089108910891
untouched,peak_share,glass_blur,1,common,pooled,0.8495418749795771,0.7758012784154834,0.4036303630363036
untouched,peak_share,glass_blur,2,common,pooled,0.933481466958577,0.8790874493707321,0.16666666666666666
untouched,peak_share,glass_blur,3,common,pooled,0.9623648008365193,0.9208413892544424,0.08811881188118811
untouched,peak_share,glass_blur,4,common,pooled,0.9734934483547365,0.941555178360538,0.05643564356435644
untouched,peak_share,glass_blur,5,common,pooled,0.9882217429663759,0.9725145438840276,0.025082508250825083
untouched,peak_share,motion_blur,1,common,pooled,0.8409227853478417,0.7929278356585069,0.48184818481848185
untouched,peak_share,motion_blur,2,common,pooled,0.9236174013440948,0.8870993586861844,0.23795379537953795
untouched,peak_share,motion_blur,3,common,pooled,0.9633029441558018,0.9415030945756176,0.11485148514851486
untouched,peak_share,motion_blur,4,common,pooled,0.981671513686022,0.9698168668301181,0.050165016501650166
untouched,peak_share,motion_blur,5,common,pooled,0.9876817087649359,0.9797649563665716,0.03399339933993399
untouched,peak_share,zoom_blur,1,common,pooled,0.8984161683495082,0.8336343161957189,0.2537953795379538
untouched,peak_share,zoom_blur,2,common,pooled,0.9327925366794105,0.8816567559588525,0.16765676567656765
untouched,peak_share,zoom_blur,3,common,pooled,0.908894226056269,0.8516197003891774,0.2376237623762376
untouched,peak_share,zoom_blur,4,common,pooled,0.9311165572002745,0.8820413771488936,0.18514851485148515
untouched,peak_share,zoom_blur,5,common,pooled,0.91719014475705,0.8652459314472902,0.22772277227722773
untouched,peak_share,snow,1,common,pooled,0.9230836846060844,0.892337710968397,0.26831683168316833
untouched,peak_share,snow,2,common,pooled,0.9721570869958283,0.9580596405140334,0.09405940594059406
untouched,peak_share,snow,3,common,pooled,0.9712261325142415,0.9528981153372528,0.0891089108910891
untouched,peak_share,snow,4,common,pooled,0.9804484309817121,0.9654216359885051,0.0537953795379538
untouched,peak_share,snow,5,common,pooled,0.9796977420514329,0.9676759522570204,0.05907590759075908
untouched,peak_share,frost,1,common,pooled,0.648908059122744,0.5955285602331355,0.7683168316831683
untouched,peak_share,frost,2,common,pooled,0.7900079512901785,0.7085835864148843,0.5277227722772277
untouched,peak_share,frost,3,common,pooled,0.8556812512934462,0.7744005159622924,0.3686468646864686
untouched,peak_share,frost,4,common,pooled,0.8664452286812839,0.7864880610445286,0.3495049504950495
untouched,peak_share,frost,5,common,pooled,0.893568604385191,0.8175952559026007,0.2716171617161716
untouched,peak_share,fog,1,common,pooled,0.809049003910292,0.7380386987272436,0.48415841584158414
untouched,peak_share,fog,2,common,pooled,0.8737639011425895,0.807219607289497,0.3194719471947195
untouched,peak_share,fog,3,common,pooled,0.9096427365508828,0.8514025369955804,0.2273927392739274
untouched,peak_share,fog,4,common,pooled,0.9064867278807088,0.846783855214606,0.23465346534653464
untouched,peak_share,fog,5,common,pooled,0.9329676829069046,0.8844068043877329,0.16897689768976898
untouched,peak_share,brightness,1,common,pooled,0.5272890457362568,0.5191988267536612,0.9382838283828383
untouched,peak_share,brightness,2,common,pooled,0.5841759522486902,0.5570123109089635,0.8778877887788779
untouched,peak_share,brightness,3,common,pooled,0.6516723850602882,0.605497206048565,0.7933993399339934
untouched,peak_share,brightness,4,common,pooled,0.7282915618294503,0.6664401043829689,0.6623762376237624
untouched,peak_share,brightness,5,common,pooled,0.7971833916064874,0.7295285343367661,0.5161716171617162
untouched,peak_share,contrast,1,common,pooled,0.8299449944994499,0.7638085879260896,0.44884488448844884
untouched,peak_share,contrast,2,common,pooled,0.9173309806228147,0.8651462230188616,0.21221122112211221
untouched,peak_share,contrast,3,common,pooled,0.9699232101427965,0.9425497602749541,0.07260726072607261
untouched,peak_share,contrast,4,common,pooled,0.9931471860057293,0.986691410237495,0.016831683168316833
untouched,peak_share,contrast,5,common,pooled,0.9985732335609798,0.9978476603536136,0.0039603960396039604
untouched,peak_share,elastic_transform,1,common,pooled,0.576863924016164,0.5433649798492322,0.8864686468646865
untouched,peak_share,elastic_transform,2,common,pooled,0.6269489919288959,0.5769985716592635,0.8363036303630363
untouched,peak_share,elastic_transform,3,common,pooled,0.6949966778856104,0.628369165229552,0.7224422442244225
untouched,peak_share,elastic_transform,4,common,pooled,0.7435040137677134,0.6683309642666528,0.6323432343234323
untouched,peak_share,elastic_transform,5,common,pooled,0.799962095219423,0.7192653286138987,0.5042904290429043
untouched,peak_share,pixelate,1,common,pooled,0.7316903571545273,0.6672898702037904,0.6726072607260726
untouched,peak_share,pixelate,2,common,pooled,0.8003472426450566,0.7348500310455237,0.5399339933993399
untouched,peak_share,pixelate,3,common,pooled,0.9306944852901131,0.8934447816291258,0.21122112211221122
untouched,peak_share,pixelate,4,common,pooled,0.974853554662397,0.9581900190940948,0.07392739273927393
untouched,peak_share,pixelate,5,common,pooled,0.987593373198706,0.9796497582101538,0.03399339933993399
untouched,peak_share,jpeg_compression,1,common,pooled,0.8339231447897265,0.7565213421053069,0.43366336633663366
untouched,peak_share,jpeg_compression,2,common,pooled,0.9017369756777658,0.8395567383665462,0.27722772277227725
untouched,peak_share,jpeg_compression,3,common,pooled,0.9276276835604352,0.8748571152940997,0.2085808580858086
untouched,peak_share,jpeg_compression,4,common,pooled,0.9618756331078653,0.9267623441089679,0.10792079207920792
untouched,peak_share,jpeg_compression,5,common,pooled,0.9771451600605605,0.9523668142939851,0.05907590759075908
untouched,peak_share,speckle_noise,1,extra,pooled,0.8464055811521746,0.812605477399367,0.5092409240924093
untouched,peak_share,speckle_noise,2,extra,pooled,0.9064665773508044,0.880653581869212,0.33960396039603963
untouched,peak_share,speckle_noise,3,extra,pooled,0.972723915955952,0.9636355363616662,0.1033003300330033
untouched,peak_share,speckle_noise,4,extra,pooled,0.9856428019039528,0.9810900010367863,0.05214521452145215
untouched,peak_share,speckle_noise,5,extra,pooled,0.993215479963838,0.9914377401893557,0.025082508250825083
untouched,peak_share,gaussian_blur,1,extra,pooled,0.7805010402030302,0.7097080369194309,0.5537953795379538
untouched,peak_share,gaussian_blur,2,extra,pooled,0.9681144550098574,0.9352883205160537,0.07920792079207921
untouched,peak_share,gaussian_blur,3,extra,pooled,0.9879802633728719,0.972687685194519,0.02574257425742574
untouched,peak_share,gaussian_blur,4,extra,pooled,0.9938349181452799,0.9853908651361719,0.01221122112211221
untouched,peak_share,gaussian_blur,5,extra,pooled,0.99764184339226,0.9948732185757481,0.0046204620462046205
untouched,peak_share,spatter,1,extra,pooled,0.5163041749719527,0.5036528707823931,0.9405940594059405
untouched,peak_share,spatter,2,extra,pooled,0.8189628467797275,0.7578926504301764,0.5277227722772277
untouched,peak_share,spatter,3,extra,pooled,0.9195270616170528,0.882593574562874,0.2716171617161716
untouched,peak_share,spatter,4,extra,pooled,0.9731624350553867,0.9609144441223945,0.09471947194719472
untouched,peak_share,spatter,5,extra,pooled,0.9874256336524742,0.9815875271240904,0.04092409240924092
untouched,peak_share,saturate,1,extra,pooled,0.5814362970950561,0.5480251799866201,0.8729372937293729
untouched,peak_share,saturate,2,extra,pooled,0.7030460521299655,0.6389792080429475,0.7089108910891089
untouched,peak_share,saturate,3,extra,pooled,0.6083279961659532,0.5712158279520443,0.8577557755775578
untouched,peak_share,saturate,4,extra,pooled,0.7986685401213389,0.72790616956788,0.5168316831683168
untouched,peak_share,saturate,5,extra,pooled,0.8863468723109935,0.8318466552153402,0.32772277227722774
untouched,conditioned,gaussian_noise,1,common,pooled,0.9585121284405669,0.9118493112317595,0.09966996699669967
untouched,conditioned,gaussian_noise,2,common,pooled,0.9878040279275452,0.9699181123209676,0.028712871287128714
untouched,conditioned,gaussian_noise,3,common,pooled,0.9968102255770132,0.9929261288860107,0.007260726072607261
untouched,conditioned,gaussian_noise,4,common,pooled,0.9994496182291497,0.999219079166577,0.0016501650165016502
untouched,conditioned,gaussian_noise,5,common,pooled,0.9999881275256238,0.9999880317266107,0.0
untouched,conditioned,shot_noise,1,common,pooled,0.9495201995447069,0.9073955326813572,0.14257425742574256
untouched,conditioned,shot_noise,2,common,pooled,0.9855016392728382,0.9718129029664544,0.036963696369636964
untouched,conditioned,shot_noise,3,common,pooled,0.9956145911620865,0.9925197427529183,0.01023102310231023
untouched,conditioned,shot_noise,4,common,pooled,0.9993326362339204,0.9992427872932064,0.0023102310231023103
untouched,conditioned,shot_noise,5,common,pooled,0.9998329139844677,0.9998352087983345,0.00033003300330033004
untouched,conditioned,impulse_noise,1,common,pooled,0.9909349845875677,0.9871661683771408,0.03399339933993399
untouched,conditioned,impulse_noise,2,common,pooled,0.9952070058490997,0.9921907984557027,0.013861386138613862
untouched,conditioned,impulse_noise,3,common,pooled,0.9972254354148287,0.9953202795469744,0.00825082508250825
untouched,conditioned,impulse_noise,4,common,pooled,0.9995521136272043,0.999383672664205,0.0013201320132013201
untouched,conditioned,impulse_noise,5,common,pooled,0.9999913951791218,0.9999913361434112,0.0
untouched,conditioned,defocus_blur,1,common,pooled,0.8694519055865982,0.797626256842984,0.3564356435643564
untouched,conditioned,defocus_blur,2,common,pooled,0.910136805759784,0.8478140106149059,0.24092409240924093
untouched,conditioned,defocus_blur,3,common,pooled,0.9252550403555208,0.8592046140942227,0.18382838283828382
untouched,conditioned,defocus_blur,4,common,pooled,0.933896458952826,0.8656977039979001,0.15115511551155114
untouched,conditioned,defocus_blur,5,common,pooled,0.9391915825245891,0.869803361588328,0.13399339933993398
untouched,conditioned,glass_blur,1,common,pooled,0.7628735744861614,0.6828509863281955,0.5983498349834984
untouched,conditioned,glass_blur,2,common,pooled,0.8665358516049625,0.7883767276009681,0.35544554455445543
untouched,conditioned,glass_blur,3,common,pooled,0.9216186866211373,0.8519378929139017,0.201980198019802
untouched,conditioned,glass_blur,4,common,pooled,0.9290472611617597,0.8601320666476818,0.1788778877887789
untouched,conditioned,glass_blur,5,common,pooled,0.9480718665925999,0.8895485448086521,0.1231023102310231
untouched,conditioned,motion_blur,1,common,pooled,0.8624991013952881,0.8184024405276017,0.4412541254125413
untouched,conditioned,motion_blur,2,common,pooled,0.9189395375181082,0.8860012560995962,0.26864686468646864
untouched,conditioned,motion_blur,3,common,pooled,0.9442469692513806,0.9204410300815273,0.1867986798679868
untouched,conditioned,motion_blur,4,common,pooled,0.9603191408249736,0.9433574405283471,0.13399339933993398
untouched,conditioned,motion_blur,5,common,pooled,0.9679951856571796,0.9537026388951174,0.10396039603960396
untouched,conditioned,zoom_blur,1,common,pooled,0.7322152512280931,0.6319044756337104,0.566006600660066
untouched,conditioned,zoom_blur,2,common,pooled,0.7673913232907449,0.664137817274232,0.49603960396039604
untouched,conditioned,zoom_blur,3,common,pooled,0.6771473384962259,0.5830977423353081,0.6495049504950495
untouched,conditioned,zoom_blur,4,common,pooled,0.7043629709505604,0.6054085062227802,0.6072607260726073
untouched,conditioned,zoom_blur,5,common,pooled,0.6439419882582318,0.5592328239087017,0.7062706270627063
untouched,conditioned,snow,1,common,pooled,0.9524355999956431,0.9331471404945983,0.16963696369636963
untouched,conditioned,snow,2,common,pooled,0.9806691065146118,0.9717247261587413,0.062046204620462043
untouched,conditioned,snow,3,common,pooled,0.9823600082780555,0.9734923336353749,0.058085808580858087
untouched,conditioned,snow,4,common,pooled,0.9875640732390071,0.9810607567754933,0.03861386138613861
untouched,conditioned,snow,5,common,pooled,0.9842042719123397,0.9756757479662818,0.047524752475247525
untouched,conditioned,frost,1,common,pooled,0.6551018963282467,0.5868167291809526,0.7511551155115511
untouched,conditioned,frost,2,common,pooled,0.7633190645797253,0.668909579461569,0.5448844884488449
untouched,conditioned,frost,3,common,pooled,0.8174330403337363,0.7195828823333674,0.4399339933993399
untouched,conditioned,frost,4,common,pooled,0.8201768889760264,0.7204057960209226,0.43663366336633663
untouched,conditioned,frost,5,common,pooled,0.8443399884542909,0.7467802424474741,0.3768976897689769
untouched,conditioned,fog,1,common,pooled,0.5102941977366053,0.47704902892184264,0.8594059405940594
untouched,conditioned,fog,2,common,pooled,0.5454329096275964,0.49362839233502176,0.8168316831683168
untouched,conditioned,fog,3,common,pooled,0.5745124116372033,0.5092232883658238,0.7719471947194719
untouched,conditioned,fog,4,common,pooled,0.5726118354409698,0.5069319761288698,0.7594059405940594
untouched,conditioned,fog,5,common,pooled,0.6199958609722358,0.5350212435097257,0.6815181518151815
untouched,conditioned,brightness,1,common,pooled,0.5377051269483384,0.5244890048225537,0.9287128712871288
untouched,conditioned,brightness,2,common,pooled,0.6106676905314293,0.5737385015303624,0.8574257425742574
untouched,conditioned,brightness,3,common,pooled,0.6847377708067837,0.6289606138180124,0.7471947194719472
untouched,conditioned,brightness,4,common,pooled,0.7583776100382316,0.6906677937043755,0.6161716171617162
untouched,conditioned,brightness,5,common,pooled,0.816585737781699,0.746585031082595,0.4881188118811881
untouched,conditioned,contrast,1,common,pooled,0.5249982027905761,0.4885887576439277,0.8584158415841584
untouched,conditioned,contrast,2,common,pooled,0.577993333986864,0.516515789388426,0.7851485148514852
untouched,conditioned,contrast,3,common,pooled,0.6536274221481554,0.5648797615607257,0.661056105610561
untouched,conditioned,contrast,4,common,pooled,0.776787352002527,0.6698200097194369,0.4643564356435644
untouched,conditioned,contrast,5,common,pooled,0.8875922839808733,0.796242705519314,0.2518151815181518
untouched,conditioned,elastic_transform,1,common,pooled,0.6021423825550872,0.5661705856186428,0.8722772277227723
untouched,conditioned,elastic_transform,2,common,pooled,0.6668925704451634,0.6194557406080636,0.8214521452145215
untouched,conditioned,elastic_transform,3,common,pooled,0.7519886939188969,0.6968090209308977,0.6861386138613862
untouched,conditioned,elastic_transform,4,common,pooled,0.8082966811532638,0.753302625078685,0.5795379537953795
untouched,conditioned,elastic_transform,5,common,pooled,0.8687575292182683,0.8174256412535896,0.42211221122112214
untouched,conditioned,pixelate,1,common,pooled,0.6831443540393644,0.6386583423279674,0.8003300330033003
untouched,conditioned,pixelate,2,common,pooled,0.7418919713753553,0.698354253410062,0.7135313531353136
untouched,conditioned,pixelate,3,common,pooled,0.8924745939940528,0.8721488274320528,0.41122112211221123
untouched,conditioned,pixelate,4,common,pooled,0.9543911816924266,0.9446984008811949,0.1825082508250825
untouched,conditioned,pixelate,5,common,pooled,0.9772337134703569,0.972886206683406,0.09141914191419141
untouched,conditioned,jpeg_compression,1,common,pooled,0.8147031336797046,0.7174627311019083,0.4438943894389439
untouched,conditioned,jpeg_compression,2,common,pooled,0.8952222548987572,0.814032293083495,0.2693069306930693
untouched,conditioned,jpeg_compression,3,common,pooled,0.9249929745449792,0.8585966442269355,0.19405940594059407
untouched,conditioned,jpeg_compression,4,common,pooled,0.9632556721018637,0.9273524777982073,0.09570957095709572
untouched,conditioned,jpeg_compression,5,common,pooled,0.9784996024354911,0.9591764652011087,0.061386138613861385
untouched,conditioned,speckle_noise,1,extra,pooled,0.8868061954710322,0.8356873061519101,0.3590759075907591
untouched,conditioned,speckle_noise,2,extra,pooled,0.9388797394590944,0.907131295184316,0.20297029702970298
untouched,conditioned,speckle_noise,3,extra,pooled,0.9856541297694126,0.9791080741945939,0.047524752475247525
untouched,conditioned,speckle_noise,4,extra,pooled,0.993138907950201,0.9907506014084524,0.025082508250825083
untouched,conditioned,speckle_noise,5,extra,pooled,0.9970935311352918,0.9965195475023457,0.009900990099009901
untouched,conditioned,gaussian_blur,1,extra,pooled,0.730243549107386,0.6556738333338641,0.6425742574257426
untouched,conditioned,gaussian_blur,2,extra,pooled,0.9114756723197072,0.8521431824795759,0.24422442244224424
untouched,conditioned,gaussian_blur,3,extra,pooled,0.9364801925737128,0.8830360679774303,0.16633663366336635
untouched,conditioned,gaussian_blur,4,extra,pooled,0.9444164515461447,0.8875872993160859,0.13234323432343234
untouched,conditioned,gaussian_blur,5,extra,pooled,0.9549409099325774,0.895779735087816,0.0891089108910891
untouched,conditioned,spatter,1,extra,pooled,0.5406110512041303,0.5220335630245461,0.9165016501650165
untouched,conditioned,spatter,2,extra,pooled,0.8966710235379973,0.8543975697051462,0.3445544554455445
untouched,conditioned,spatter,3,extra,pooled,0.9596871766384559,0.9423514150601386,0.14587458745874587
untouched,conditioned,spatter,4,extra,pooled,0.9923374614689192,0.9907900074185944,0.03333333333333333
untouched,conditioned,spatter,5,extra,pooled,0.9973265148297008,0.9968834819838518,0.011221122112211221
untouched,conditioned,saturate,1,extra,pooled,0.5722368722020716,0.53687175316338,0.8557755775577558
untouched,conditioned,saturate,2,extra,pooled,0.6805991242688625,0.6143151125088134,0.7105610561056106
untouched,conditioned,saturate,3,extra,pooled,0.6401873999281116,0.6019590701874249,0.8468646864686469
untouched,conditioned,saturate,4,extra,pooled,0.8396883747780719,0.7787420637896955,0.47062706270627064
untouched,conditioned,saturate,5,extra,pooled,0.9110944460782712,0.8755161797050595,0.30198019801980197
untouched,global_s123,gaussian_noise,1,common,pooled,0.9333570782820856,0.8952891937705908,0.201980198019802
untouched,global_s123,gaussian_noise,2,common,pooled,0.984571774009084,0.9708643330307252,0.049174917491749175
untouched,global_s123,gaussian_noise,3,common,pooled,0.9970959274145236,0.9941391526397064,0.007920792079207921
untouched,global_s123,gaussian_noise,4,common,pooled,0.9995139910030607,0.9993602204075506,0.0016501650165016502
untouched,global_s123,gaussian_noise,5,common,pooled,0.9999905238048558,0.999990466404246,0.0
untouched,global_s123,shot_noise,1,common,pooled,0.9169487740853294,0.8830605134299057,0.26996699669966995
untouched,global_s123,shot_noise,2,common,pooled,0.980469997494799,0.9695822874730967,0.066006600660066
untouched,global_s123,shot_noise,3,common,pooled,0.9954696162685576,0.9929387276561825,0.013201320132013201
untouched,global_s123,shot_noise,4,common,pooled,0.9993305667200384,0.9992513618587578,0.0016501650165016502
untouched,global_s123,shot_noise,5,common,pooled,0.9998226753368407,0.9998272599038276,0.00033003300330033004
untouched,global_s123,impulse_noise,1,common,pooled,0.987938328486314,0.9806714481477161,0.043234323432343236
untouched,global_s123,impulse_noise,2,common,pooled,0.9948009454410788,0.9908028096885798,0.01419141914191419
untouched,global_s123,impulse_noise,3,common,pooled,0.9973311984663813,0.9951453068452905,0.006600660066006601
untouched,global_s123,impulse_noise,4,common,pooled,0.999579670838371,0.9994415013656163,0.0013201320132013201
untouched,global_s123,impulse_noise,5,common,pooled,0.9999925933187378,0.9999925572134782,0.0
untouched,global_s123,defocus_blur,1,common,pooled,0.7980789465085122,0.710329593798303,0.48514851485148514
untouched,global_s123,defocus_blur,2,common,pooled,0.8750191157729634,0.7907383889958546,0.2963696369636964
untouched,global_s123,defocus_blur,3,common,pooled,0.9228347983313183,0.8501091211897989,0.16765676567656765
untouched,global_s123,defocus_blur,4,common,pooled,0.9463514470258907,0.8864065824867577,0.10561056105610561
untouched,global_s123,defocus_blur,5,common,pooled,0.9572202071692317,0.9040240375687503,0.07986798679867987
untouched,global_s123,glass_blur,1,common,pooled,0.665767953032927,0.5934255325780327,0.7402640264026402
untouched,global_s123,glass_blur,2,common,pooled,0.8002485595094163,0.7059762777147709,0.46633663366336636
untouched,global_s123,glass_blur,3,common,pooled,0.880382424381052,0.7870591848108989,0.26963696369636964
untouched,global_s123,glass_blur,4,common,pooled,0.9030642965286627,0.8142912558252429,0.21155115511551156
untouched,global_s123,glass_blur,5,common,pooled,0.9387877005522335,0.8689587629671255,0.12013201320132014
untouched,global_s123,motion_blur,1,common,pooled,0.7885981766493481,0.742462696159605,0.6039603960396039
untouched,global_s123,motion_blur,2,common,pooled,0.8842836758923417,0.8424798613390784,0.3567656765676568
untouched,global_s123,motion_blur,3,common,pooled,0.9357100066442288,0.9043423139687509,0.19834983498349834
untouched,global_s123,motion_blur,4,common,pooled,0.9623199250618131,0.9405396627467942,0.10924092409240924
untouched,global_s123,motion_blur,5,common,pooled,0.971776949972225,0.9538381865309808,0.08052805280528053
untouched,global_s123,zoom_blur,1,common,pooled,0.7175971854611204,0.6247861178172738,0.6184818481848184
untouched,global_s123,zoom_blur,2,common,pooled,0.7729599494602926,0.670936299365175,0.5066006600660066
untouched,global_s123,zoom_blur,3,common,pooled,0.7079792830768226,0.6151025382436738,0.6306930693069307
untouched,global_s123,zoom_blur,4,common,pooled,0.7435455129671383,0.6431724698732775,0.5587458745874587
untouched,global_s123,zoom_blur,5,common,pooled,0.703311984663813,0.6112129004895173,0.633993399339934
untouched,global_s123,snow,1,common,pooled,0.9055270180483395,0.8737364485346191,0.3287128712871287
untouched,global_s123,snow,2,common,pooled,0.9625373329412149,0.9509161354201916,0.14026402640264027
untouched,global_s123,snow,3,common,pooled,0.957190580444183,0.9394469109582211,0.14752475247524752
untouched,global_s123,snow,4,common,pooled,0.9675562308706118,0.9532267342330879,0.11155115511551156
untouched,global_s123,snow,5,common,pooled,0.9655810432528401,0.9524408333794512,0.11551155115511551
untouched,global_s123,frost,1,common,pooled,0.5545930137568212,0.527226325056398,0.8940594059405941
untouched,global_s123,frost,2,common,pooled,0.6616574627759806,0.5934993536177311,0.762046204620462
untouched,global_s123,frost,3,common,pooled,0.7281975623304905,0.6457184762770385,0.6656765676567656
untouched,global_s123,frost,4,common,pooled,0.7367275539435132,0.6528673358114145,0.6485148514851485
untouched,global_s123,frost,5,common,pooled,0.7711890991079305,0.6848086998618556,0.600990099009901
untouched,global_s123,fog,1,common,pooled,0.46817163894607283,0.4553164465886412,0.9056105610561056
untouched,global_s123,fog,2,common,pooled,0.49136664161465654,0.4656763759526003,0.8864686468646865
untouched,global_s123,fog,3,common,pooled,0.5181153263841236,0.4798436374154686,0.8623762376237624
untouched,global_s123,fog,4,common,pooled,0.5134116480955027,0.47623654617646693,0.8617161716171617
untouched,global_s123,fog,5,common,pooled,0.5349197791066236,0.48764811930803764,0.8422442244224423
untouched,global_s123,brightness,1,common,pooled,0.5186455576250695,0.5144424142071199,0.934983498349835
untouched,global_s123,brightness,2,common,pooled,0.5639733577318128,0.5460509845085575,0.8920792079207921
untouched,global_s123,brightness,3,common,pooled,0.617165746277598,0.5842358191163657,0.8376237623762376
untouched,global_s123,brightness,4,common,pooled,0.6775188706989511,0.6301721243021368,0.7577557755775578
untouched,global_s123,brightness,5,common,pooled,0.7351393654216907,0.678136378335155,0.6574257425742575
untouched,global_s123,contrast,1,common,pooled,0.49847030247579216,0.4789589783621705,0.8986798679867987
untouched,global_s123,contrast,2,common,pooled,0.5379444281061769,0.5006423252682821,0.8554455445544554
untouched,global_s123,contrast,3,common,pooled,0.6117728109444608,0.5485672815160241,0.7801980198019802
untouched,global_s123,contrast,4,common,pooled,0.7669251380583603,0.6770959798357128,0.5455445544554456
untouched,global_s123,contrast,5,common,pooled,0.899214347177292,0.8231295475792536,0.2508250825082508
untouched,global_s123,elastic_transform,1,common,pooled,0.5175087409731072,0.5041604259293831,0.9382838283828383
untouched,global_s123,elastic_transform,2,common,pooled,0.5569522595823939,0.531207765878191,0.8993399339933993
untouched,global_s123,elastic_transform,3,common,pooled,0.6214875447940834,0.5804328520419995,0.838943894389439
untouched,global_s123,elastic_transform,4,common,pooled,0.6733534838632378,0.6246589703846974,0.7904290429042904
untouched,global_s123,elastic_transform,5,common,pooled,0.7389276650437321,0.6855498343370164,0.6917491749174918
untouched,global_s123,pixelate,1,common,pooled,0.5940309773551613,0.5606479865512657,0.8419141914191419
untouched,global_s123,pixelate,2,common,pooled,0.6557916979816794,0.6101156342232855,0.7801980198019802
untouched,global_s123,pixelate,3,common,pooled,0.8315567101264582,0.7923604265379034,0.46864686468646866
untouched,global_s123,pixelate,4,common,pooled,0.9255793005043078,0.9010439570630163,0.24257425742574257
untouched,global_s123,pixelate,5,common,pooled,0.962130074393578,0.9492962274785807,0.12871287128712872
untouched,global_s123,jpeg_compression,1,common,pooled,0.6348507226960319,0.5687758750239194,0.7584158415841584
untouched,global_s123,jpeg_compression,2,common,pooled,0.744935028156281,0.6557001096782885,0.5914191419141914
untouched,global_s123,jpeg_compression,3,common,pooled,0.8083849077977104,0.7188929216783149,0.46996699669966996
untouched,global_s123,jpeg_compression,4,common,pooled,0.9106149723883279,0.8511538856534202,0.2495049504950495
untouched,global_s123,jpeg_compression,5,common,pooled,0.9542258384254267,0.9234513247688642,0.13993399339933993
untouched,global_s123,speckle_noise,1,extra,pooled,0.8263882625886351,0.7918600752637546,0.5399339933993399
untouched,global_s123,speckle_noise,2,extra,pooled,0.9018345695955734,0.877538963717226,0.36765676567656763
untouched,global_s123,speckle_noise,3,extra,pooled,0.9804880785108214,0.975078971812699,0.07722772277227723
untouched,global_s123,speckle_noise,4,extra,pooled,0.9918751974207322,0.9898243856553112,0.031683168316831684
untouched,global_s123,speckle_noise,5,extra,pooled,0.9969595573418728,0.9964180675002494,0.01023102310231023
untouched,global_s123,gaussian_blur,1,extra,pooled,0.6372957988868194,0.5783303981750938,0.7966996699669967
untouched,global_s123,gaussian_blur,2,extra,pooled,0.874790053262752,0.7912802267114675,0.2973597359735974
untouched,global_s123,gaussian_blur,3,extra,pooled,0.931199010990208,0.8642660865536166,0.14587458745874587
untouched,global_s123,gaussian_blur,4,extra,pooled,0.9516802274286834,0.8959460947932589,0.0924092409240924
untouched,global_s123,gaussian_blur,5,extra,pooled,0.9707930595039702,0.9281681220820251,0.059735973597359736
untouched,global_s123,spatter,1,extra,pooled,0.4969782918885948,0.4952028182860862,0.9402640264026403
untouched,global_s123,spatter,2,extra,pooled,0.8202851572285942,0.7588546451328031,0.5069306930693069
untouched,global_s123,spatter,3,extra,pooled,0.9323271138995087,0.8992797319603735,0.22376237623762377
untouched,global_s123,spatter,4,extra,pooled,0.9842415231622172,0.9807335079852588,0.06633663366336634
untouched,global_s123,spatter,5,extra,pooled,0.9943514252415341,0.992825592559779,0.02013201320132013
untouched,global_s123,saturate,1,extra,pooled,0.5370138548508316,0.5163723939171179,0.8960396039603961
untouched,global_s123,saturate,2,extra,pooled,0.6120773017895849,0.5670489784948505,0.8128712871287128
untouched,global_s123,saturate,3,extra,pooled,0.587817588689562,0.5656209587153871,0.8874587458745875
untouched,global_s123,saturate,4,extra,pooled,0.7282031173414372,0.6756708954284928,0.6851485148514852
untouched,global_s123,saturate,5,extra,pooled,0.8232331252927273,0.7769035429807438,0.5204620462046204
untouched,ch_means_knn,gaussian_noise,1,common,pooled,0.930668344062129,0.8568600768860166,0.14323432343234324
untouched,ch_means_knn,gaussian_noise,2,common,pooled,0.9761106209630864,0.9359339370227453,0.043894389438943894
untouched,ch_means_knn,gaussian_noise,3,common,pooled,0.9919784552712697,0.9780444695977479,0.013201320132013201
untouched,ch_means_knn,gaussian_noise,4,common,pooled,0.9984136631484931,0.9953130339089128,0.0036303630363036304
untouched,ch_means_knn,gaussian_noise,5,common,pooled,0.9996848892810073,0.9995308498912419,0.0009900990099009901
untouched,ch_means_knn,shot_noise,1,common,pooled,0.9191178424773171,0.8528965454078342,0.2075907590759076
untouched,ch_means_knn,shot_noise,2,common,pooled,0.9733837641189862,0.9404625043484999,0.058745874587458745
untouched,ch_means_knn,shot_noise,3,common,pooled,0.9902892962563583,0.9793777670798567,0.019801980198019802
untouched,ch_means_knn,shot_noise,4,common,pooled,0.9981156531494734,0.996677415378807,0.0046204620462046205
untouched,ch_means_knn,shot_noise,5,common,pooled,0.999328388284373,0.9992624065663627,0.0013201320132013201
untouched,ch_means_knn,impulse_noise,1,common,pooled,0.9871060571403675,0.9818264309642597,0.047524752475247525
untouched,ch_means_knn,impulse_noise,2,common,pooled,0.991213715430949,0.9848593995630386,0.023762376237623763
untouched,ch_means_knn,impulse_noise,3,common,pooled,0.9937908048230566,0.9883029799405612,0.013861386138613862
untouched,ch_means_knn,impulse_noise,4,common,pooled,0.9986405472230392,0.99682376387734,0.0033003300330033004
untouched,ch_means_knn,impulse_noise,5,common,pooled,0.9996668082649849,0.9994940301760165,0.0009900990099009901
untouched,ch_means_knn,defocus_blur,1,common,pooled,0.7374167020662462,0.6503461960357677,0.6155115511551155
untouched,ch_means_knn,defocus_blur,2,common,pooled,0.8020408674530819,0.7073901311907398,0.47326732673267324
untouched,ch_means_knn,defocus_blur,3,common,pooled,0.8366819157163241,0.7364825283040951,0.3805280528052805
untouched,ch_means_knn,defocus_blur,4,common,pooled,0.8556392074851049,0.7534847537405143,0.331023102310231
untouched,ch_means_knn,defocus_blur,5,common,pooled,0.8599637290461719,0.7544497276091329,0.31584158415841584
untouched,ch_means_knn,glass_blur,1,common,pooled,0.5982591031380365,0.5395209508483236,0.801980198019802
untouched,ch_means_knn,glass_blur,2,common,pooled,0.696387391214369,0.6035422779041509,0.6551155115511551
untouched,ch_means_knn,glass_blur,3,common,pooled,0.7848176104739186,0.6744471846360949,0.504950495049505
untouched,ch_means_knn,glass_blur,4,common,pooled,0.7847629317387185,0.6692353663793911,0.47425742574257423
untouched,ch_means_knn,glass_blur,5,common,pooled,0.8281612913766624,0.7120865459753934,0.36666666666666664
untouched,ch_means_knn,motion_blur,1,common,pooled,0.8256639327299067,0.781311557401311,0.5702970297029702
untouched,ch_means_knn,motion_blur,2,common,pooled,0.8790957313553137,0.8441363425838828,0.4250825082508251
untouched,ch_means_knn,motion_blur,3,common,pooled,0.9096460042043808,0.8830779057193849,0.3363036303630363
untouched,ch_means_knn,motion_blur,4,common,pooled,0.9350662789051183,0.9147981771614281,0.23333333333333334
untouched,ch_means_knn,motion_blur,5,common,pooled,0.9456400788593711,0.9273718094447594,0.21056105610561057
untouched,ch_means_knn,zoom_blur,1,common,pooled,0.6456740624557505,0.5637724452515368,0.7435643564356436
untouched,ch_means_knn,zoom_blur,2,common,pooled,0.6733965079676284,0.584119753634212,0.6973597359735973
untouched,ch_means_knn,zoom_blur,3,common,pooled,0.6204670566066508,0.5410827827090041,0.7676567656765677
untouched,ch_means_knn,zoom_blur,4,common,pooled,0.6376682024638107,0.5520817227478365,0.7422442244224422
untouched,ch_means_knn,zoom_blur,5,common,pooled,0.604056900739579,0.5289358843011719,0.7811881188118812
untouched,ch_means_knn,snow,1,common,pooled,0.9498414098835626,0.9319991926251686,0.17656765676567657
untouched,ch_means_knn,snow,2,common,pooled,0.9747358102146848,0.9675149175670995,0.06996699669966996
untouched,ch_means_knn,snow,3,common,pooled,0.9745666546852705,0.9669227463997178,0.06633663366336634
untouched,ch_means_knn,snow,4,common,pooled,0.9761270681523598,0.9708835468748441,0.058085808580858087
untouched,ch_means_knn,snow,5,common,pooled,0.9709836726246882,0.9665964290325724,0.08448844884488449
untouched,ch_means_knn,frost,1,common,pooled,0.6701264581903735,0.5925989784483499,0.7165016501650165
untouched,ch_means_knn,frost,2,common,pooled,0.7706607195373003,0.6682228175780189,0.523102310231023
untouched,ch_means_knn,frost,3,common,pooled,0.8166971647659815,0.7117915775437409,0.44422442244224425
untouched,ch_means_knn,frost,4,common,pooled,0.8196811859403762,0.7128983954822044,0.4287128712871287
untouched,ch_means_knn,frost,5,common,pooled,0.8402786219215981,0.7356336145924222,0.36633663366336633
untouched,ch_means_knn,fog,1,common,pooled,0.45040126784955725,0.44893881784699374,0.9240924092409241
untouched,ch_means_knn,fog,2,common,pooled,0.46579768867975907,0.4543356092547581,0.9075907590759076
untouched,ch_means_knn,fog,3,common,pooled,0.47830713764445754,0.4589257302087409,0.8937293729372937
untouched,ch_means_knn,fog,4,common,pooled,0.47676970667363766,0.45676072688156455,0.8871287128712871
untouched,ch_means_knn,fog,5,common,pooled,0.522194447167489,0.474482957252917,0.7996699669966997
untouched,ch_means_knn,brightness,1,common,pooled,0.5422202616301234,0.5259715570579144,0.928052805280528
untouched,ch_means_knn,brightness,2,common,pooled,0.6337774074437147,0.5884458957994556,0.8547854785478548
untouched,ch_means_knn,brightness,3,common,pooled,0.7287597076539337,0.6648856682841521,0.7234323432343235
untouched,ch_means_knn,brightness,4,common,pooled,0.812560206515701,0.7437529541253991,0.5534653465346535
untouched,ch_means_knn,brightness,5,common,pooled,0.8664193052968663,0.8035680960127467,0.42145214521452146
untouched,ch_means_knn,contrast,1,common,pooled,0.500368155627444,0.4785341364439966,0.9135313531353135
untouched,ch_means_knn,contrast,2,common,pooled,0.5311614329749806,0.49386002331916184,0.8924092409240925
untouched,ch_means_knn,contrast,3,common,pooled,0.563354790924637,0.5116599351031644,0.8772277227722772
untouched,ch_means_knn,contrast,4,common,pooled,0.5848585650644272,0.5227068415727408,0.8234323432343235
untouched,ch_means_knn,contrast,5,common,pooled,0.591269919071115,0.5184468980346293,0.761056105610561
untouched,ch_means_knn,elastic_transform,1,common,pooled,0.5535287390125151,0.525967197417526,0.9184818481848185
untouched,ch_means_knn,elastic_transform,2,common,pooled,0.6154311668790642,0.5722278944987969,0.8762376237623762
untouched,ch_means_knn,elastic_transform,3,common,pooled,0.7084461218399067,0.6526635655683841,0.7867986798679868
untouched,ch_means_knn,elastic_transform,4,common,pooled,0.7751869642409785,0.717405100235546,0.6854785478547855
untouched,ch_means_knn,elastic_transform,5,common,pooled,0.8488683026718513,0.7949499717607454,0.5056105610561056
untouched,ch_means_knn,pixelate,1,common,pooled,0.7027800106743347,0.6622832024861608,0.803960396039604
untouched,ch_means_knn,pixelate,2,common,pooled,0.7703565009966343,0.7350881140450384,0.7336633663366336
untouched,ch_means_knn,pixelate,3,common,pooled,0.912673376248516,0.8982070930995333,0.3485148514851485
untouched,ch_means_knn,pixelate,4,common,pooled,0.9618537398294285,0.9570452612890806,0.14752475247524752
untouched,ch_means_knn,pixelate,5,common,pooled,0.9795186746397412,0.9779366236172234,0.07656765676567656
untouched,ch_means_knn,jpeg_compression,1,common,pooled,0.8069535666437931,0.709956345292214,0.464026402640264
untouched,ch_means_knn,jpeg_compression,2,common,pooled,0.8894870873225936,0.8061837772415673,0.2693069306930693
untouched,ch_means_knn,jpeg_compression,3,common,pooled,0.9208755132939036,0.851979743959152,0.19339933993399339
untouched,ch_means_knn,jpeg_compression,4,common,pooled,0.9612121905259833,0.922868043884323,0.09504950495049505
untouched,ch_means_knn,jpeg_compression,5,common,pooled,0.9768479125140237,0.9578027038996824,0.058745874587458745
untouched,ch_means_knn,speckle_noise,1,extra,pooled,0.8537373242274723,0.785358054891393,0.4303630363036304
untouched,ch_means_knn,speckle_noise,2,extra,pooled,0.9139353440294524,0.8612743047658874,0.26435643564356437
untouched,ch_means_knn,speckle_noise,3,extra,pooled,0.9769092354780032,0.9601244007026415,0.06633663366336634
untouched,ch_means_knn,speckle_noise,4,extra,pooled,0.9879946410482633,0.9809770164658883,0.03564356435643564
untouched,ch_means_knn,speckle_noise,5,extra,pooled,0.9944757049962422,0.9924114231013341,0.01782178217821782
untouched,ch_means_knn,gaussian_blur,1,extra,pooled,0.6180395168229694,0.5638077373703081,0.8082508250825082
untouched,ch_means_knn,gaussian_blur,2,extra,pooled,0.8142934788528358,0.7235407278433789,0.4666666666666667
untouched,ch_means_knn,gaussian_blur,3,extra,pooled,0.8673689943251751,0.7783072152251067,0.3254125412541254
untouched,ch_means_knn,gaussian_blur,4,extra,pooled,0.884282586674509,0.7940901846481765,0.2755775577557756
untouched,ch_means_knn,gaussian_blur,5,extra,pooled,0.896244485834722,0.802844220698259,0.2376237623762376
untouched,ch_means_knn,spatter,1,extra,pooled,0.5578906207452429,0.5334348443565045,0.8986798679867987
untouched,ch_means_knn,spatter,2,extra,pooled,0.8825477894324086,0.8444049849464622,0.4537953795379538
untouched,ch_means_knn,spatter,3,extra,pooled,0.9386560141162631,0.9147945886174654,0.2452145214521452
untouched,ch_means_knn,spatter,4,extra,pooled,0.983643542572079,0.9800766366899395,0.06435643564356436
untouched,ch_means_knn,spatter,5,extra,pooled,0.9920947837357993,0.9900473032515512,0.029372937293729372
untouched,ch_means_knn,saturate,1,extra,pooled,0.5663003082486466,0.5327582118984554,0.864026402640264
untouched,ch_means_knn,saturate,2,extra,pooled,0.6461407378361599,0.5912283505033262,0.7864686468646864
untouched,ch_means_knn,saturate,3,extra,pooled,0.6641513903865635,0.6208950843427081,0.8237623762376237
untouched,ch_means_knn,saturate,4,extra,pooled,0.8885820562254245,0.8300168294290007,0.33828382838283827
untouched,ch_means_knn,saturate,5,extra,pooled,0.9426153209380344,0.9134619819299964,0.18877887788778877
untouched,ch_means_own,gaussian_noise,1,common,pooled,0.8910648193532225,0.8301921546577338,0.3023102310231023
untouched,ch_means_own,gaussian_noise,2,common,pooled,0.9661235826552952,0.9353915558482816,0.09537953795379538
untouched,ch_means_own,gaussian_noise,3,common,pooled,0.9914407084272784,0.9823626328920978,0.02145214521452145
untouched,ch_means_own,gaussian_noise,4,common,pooled,0.9979644697142982,0.9971284018074292,0.005280528052805281
untouched,ch_means_own,gaussian_noise,5,common,pooled,0.9999445588123169,0.9999437357964366,0.00033003300330033004
untouched,ch_means_own,shot_noise,1,common,pooled,0.8734976963042839,0.8199368052079452,0.36468646864686466
untouched,ch_means_own,shot_noise,2,common,pooled,0.9608522040322844,0.9354359121487419,0.11683168316831684
untouched,ch_means_own,shot_noise,3,common,pooled,0.988369658748053,0.9803526353224011,0.029372937293729372
untouched,ch_means_own,shot_noise,4,common,pooled,0.99784585389232,0.9973671479830061,0.005610561056105611
untouched,ch_means_own,shot_noise,5,common,pooled,0.999523467198205,0.9995267102328489,0.0023102310231023103
untouched,ch_means_own,impulse_noise,1,common,pooled,0.9781145639316406,0.9649966250279426,0.07062706270627063
untouched,ch_means_own,impulse_noise,2,common,pooled,0.98747650012526,0.9778066997056976,0.032673267326732675
untouched,ch_means_own,impulse_noise,3,common,pooled,0.9925566120968532,0.9863167452738396,0.018151815181518153
untouched,ch_means_own,impulse_noise,4,common,pooled,0.9982833926957052,0.9976355723501208,0.0049504950495049506
untouched,ch_means_own,impulse_noise,5,common,pooled,0.9999628576719058,0.9999624510187902,0.0
untouched,ch_means_own,defocus_blur,1,common,pooled,0.7447988759271967,0.6600673408677844,0.594059405940594
untouched,ch_means_own,defocus_blur,2,common,pooled,0.8237038852400091,0.7324352479072498,0.40924092409240925
untouched,ch_means_own,defocus_blur,3,common,pooled,0.8851407814048732,0.7981805864887803,0.2594059405940594
untouched,ch_means_own,defocus_blur,4,common,pooled,0.9210844252742106,0.845911125782337,0.16831683168316833
untouched,ch_means_own,defocus_blur,5,common,pooled,0.9386041673474278,0.8705845732979969,0.12574257425742574
untouched,ch_means_own,glass_blur,1,common,pooled,0.6241402259037785,0.5647541483700284,0.8062706270627062
untouched,ch_means_own,glass_blur,2,common,pooled,0.7585946911522835,0.6685182485363222,0.5584158415841585
untouched,ch_means_own,glass_blur,3,common,pooled,0.8794394885033058,0.7878745084839996,0.2742574257425743
untouched,ch_means_own,glass_blur,4,common,pooled,0.9012409458767658,0.8144168718025461,0.22112211221122113
untouched,ch_means_own,glass_blur,5,common,pooled,0.9328987354180963,0.8606295721306649,0.14092409240924092
untouched,ch_means_own,motion_blur,1,common,pooled,0.7451516735831999,0.694353277198675,0.6927392739273928
untouched,ch_means_own,motion_blur,2,common,pooled,0.8421222320251828,0.7903648615258604,0.45445544554455447
untouched,ch_means_own,motion_blur,3,common,pooled,0.9060259887374876,0.8637618420766797,0.2742574257425743
untouched,ch_means_own,motion_blur,4,common,pooled,0.9435920225685935,0.9131898322736832,0.16567656765676567
untouched,ch_means_own,motion_blur,5,common,pooled,0.9573585378339814,0.9319275742839581,0.12376237623762376
untouched,ch_means_own,zoom_blur,1,common,pooled,0.6823860405842564,0.5965008420450335,0.6818481848184819
untouched,ch_means_own,zoom_blur,2,common,pooled,0.7418853271465761,0.6437649446844679,0.5653465346534653
untouched,ch_means_own,zoom_blur,3,common,pooled,0.6764690825518196,0.5875860136177193,0.6851485148514852
untouched,ch_means_own,zoom_blur,4,common,pooled,0.7153554662396933,0.616966750244158,0.6039603960396039
untouched,ch_means_own,zoom_blur,5,common,pooled,0.6741027568103345,0.5847609464274738,0.6765676567656765
untouched,ch_means_own,snow,1,common,pooled,0.8848081342787744,0.8516948510015585,0.402970297029703
untouched,ch_means_own,snow,2,common,pooled,0.9446200263590715,0.9261448339521746,0.20528052805280528
untouched,ch_means_own,snow,3,common,pooled,0.9405019115772963,0.9172150489898871,0.2089108910891089
untouched,ch_means_own,snow,4,common,pooled,0.9558079273273862,0.9369195065643994,0.15346534653465346
untouched,ch_means_own,snow,5,common,pooled,0.9503145661100764,0.9292674876061855,0.166006600660066
untouched,ch_means_own,frost,1,common,pooled,0.5193519153895587,0.5035459842783107,0.9201320132013201
untouched,ch_means_own,frost,2,common,pooled,0.6205300133973793,0.5621256834928203,0.8155115511551155
untouched,ch_means_own,frost,3,common,pooled,0.691447897264974,0.6142935746535483,0.7237623762376237
untouched,ch_means_own,frost,4,common,pooled,0.7008709385790064,0.6222047060150426,0.7075907590759076
untouched,ch_means_own,frost,5,common,pooled,0.7393623718807524,0.6558553908294988,0.6633663366336634
untouched,ch_means_own,fog,1,common,pooled,0.44306636604254485,0.44427063064443895,0.9336633663366337
untouched,ch_means_own,fog,2,common,pooled,0.45853739829428486,0.44990806317114174,0.9174917491749175
untouched,ch_means_own,fog,3,common,pooled,0.4787820366195035,0.4593794744119101,0.9062706270627062
untouched,ch_means_own,fog,4,common,pooled,0.47512106656210173,0.45683126088367704,0.9082508250825082
untouched,ch_means_own,fog,5,common,pooled,0.4979610931390169,0.46923415157710174,0.8943894389438944
untouched,ch_means_own,brightness,1,common,pooled,0.5101534707926239,0.5079733171812436,0.9435643564356435
untouched,ch_means_own,brightness,2,common,pooled,0.5456850635558606,0.5312124386331853,0.9128712871287129
untouched,ch_means_own,brightness,3,common,pooled,0.59153710420547,0.5619756545324825,0.8683168316831683
untouched,ch_means_own,brightness,4,common,pooled,0.647609275779063,0.601337778200737,0.7983498349834983
untouched,ch_means_own,brightness,5,common,pooled,0.7044868150181355,0.6448326146253729,0.7042904290429043
untouched,ch_means_own,contrast,1,common,pooled,0.47623631670097705,0.4674872998956701,0.9277227722772278
untouched,ch_means_own,contrast,2,common,pooled,0.505307322811489,0.4819571125665393,0.9023102310231023
untouched,ch_means_own,contrast,3,common,pooled,0.5665395549455936,0.5181101254536294,0.8376237623762376
untouched,ch_means_own,contrast,4,common,pooled,0.7175923929026566,0.6314817353660258,0.6320132013201321
untouched,ch_means_own,contrast,5,common,pooled,0.8734068555370389,0.7894828169101962,0.3141914191419142
untouched,ch_means_own,elastic_transform,1,common,pooled,0.5342127678114346,0.5178012426681133,0.9323432343234324
untouched,ch_means_own,elastic_transform,2,common,pooled,0.5898153775773617,0.5576380119264129,0.8940594059405941
untouched,ch_means_own,elastic_transform,3,common,pooled,0.6741589604505005,0.6273539289929053,0.8062706270627062
untouched,ch_means_own,elastic_transform,4,common,pooled,0.7364987092768683,0.6855289530327906,0.7095709570957096
untouched,ch_means_own,elastic_transform,5,common,pooled,0.8090185058109771,0.7594803548772713,0.5663366336633663
untouched,ch_means_own,pixelate,1,common,pooled,0.5777931357492185,0.5526107741522966,0.8778877887788779
untouched,ch_means_own,pixelate,2,common,pooled,0.6428803276367241,0.6069605016509962,0.8085808580858086
untouched,ch_means_own,pixelate,3,common,pooled,0.8382644403054167,0.8097998458962654,0.49174917491749176
untouched,ch_means_own,pixelate,4,common,pooled,0.9371674890261303,0.9201109432540922,0.2155115511551155
untouched,ch_means_own,pixelate,5,common,pooled,0.9700759184829374,0.9610725392378148,0.1099009900990099
untouched,ch_means_own,jpeg_compression,1,common,pooled,0.6060741321656918,0.5530842691827801,0.8085808580858086
untouched,ch_means_own,jpeg_compression,2,common,pooled,0.7262396932762584,0.6472715118363759,0.640924092409241
untouched,ch_means_own,jpeg_compression,3,common,pooled,0.7983479833131828,0.717789032576617,0.5125412541254125
untouched,ch_means_own,jpeg_compression,4,common,pooled,0.9138921020814953,0.8611936015993731,0.25511551155115514
untouched,ch_means_own,jpeg_compression,5,common,pooled,0.9592339530982801,0.9324347964975837,0.12706270627062707
untouched,ch_means_own,speckle_noise,1,extra,pooled,0.7782918885948,0.7298768205442818,0.6089108910891089
untouched,ch_means_own,speckle_noise,2,extra,pooled,0.8603977823524926,0.8190568049567892,0.44356435643564357
untouched,ch_means_own,speckle_noise,3,extra,pooled,0.9642233332244116,0.9499960568140284,0.1254125412541254
untouched,ch_means_own,speckle_noise,4,extra,pooled,0.9832482654206015,0.9768759284936875,0.05742574257425743
untouched,ch_means_own,speckle_noise,5,extra,pooled,0.9929475323770001,0.9909069043263344,0.02442244224422442
untouched,ch_means_own,gaussian_blur,1,extra,pooled,0.6049076887886808,0.5560048521648671,0.8382838283828383
untouched,ch_means_own,gaussian_blur,2,extra,pooled,0.8239879532507706,0.7343573261893788,0.4155115511551155
untouched,ch_means_own,gaussian_blur,3,extra,pooled,0.8940811902972475,0.8115837041896606,0.24587458745874588
untouched,ch_means_own,gaussian_blur,4,extra,pooled,0.9261690030389178,0.8535992842321585,0.15742574257425743
untouched,ch_means_own,gaussian_blur,5,extra,pooled,0.9571780544391073,0.9001586439023128,0.0891089108910891
untouched,ch_means_own,spatter,1,extra,pooled,0.5102757899552331,0.5060783096520141,0.9336633663366337
untouched,ch_means_own,spatter,2,extra,pooled,0.8355281072661722,0.7850671269989314,0.501980198019802
untouched,ch_means_own,spatter,3,extra,pooled,0.9228263024322234,0.8867316257817242,0.2580858085808581
untouched,ch_means_own,spatter,4,extra,pooled,0.9810382424381052,0.9768472468010563,0.07821782178217822
untouched,ch_means_own,spatter,5,extra,pooled,0.9921522944373645,0.9899325972794581,0.027722772277227723
untouched,ch_means_own,saturate,1,extra,pooled,0.5160416190133865,0.5029050035883602,0.9201320132013201
untouched,ch_means_own,saturate,2,extra,pooled,0.5764510559966888,0.5414882461360907,0.8683168316831683
untouched,ch_means_own,saturate,3,extra,pooled,0.5723560326329663,0.5528549635898242,0.9036303630363036
untouched,ch_means_own,saturate,4,extra,pooled,0.688419762768356,0.6381039650987135,0.7353135313531353
untouched,ch_means_own,saturate,5,extra,pooled,0.7870598743042622,0.7362181800827136,0.5881188118811881
untouched,cdf,gaussian_noise,1,common,pooled,0.8950281562809747,0.8308266301869668,0.25544554455445545
untouched,cdf,gaussian_noise,2,common,pooled,0.9667064231175593,0.9364788063529077,0.08283828382838283
untouched,cdf,gaussian_noise,3,common,pooled,0.9915635721988041,0.9838116877569536,0.02013201320132013
untouched,cdf,gaussian_noise,4,common,pooled,0.9983885022165583,0.9976854585710165,0.0046204620462046205
untouched,cdf,gaussian_noise,5,common,pooled,0.999960897079807,0.9999601180698314,0.00033003300330033004
untouched,cdf,shot_noise,1,common,pooled,0.8776343277892146,0.8208508698855799,0.3204620462046205
untouched,cdf,shot_noise,2,common,pooled,0.9612785238919932,0.9357594165948132,0.10495049504950495
untouched,cdf,shot_noise,3,common,pooled,0.9883539740112625,0.9808566852712638,0.0297029702970297
untouched,cdf,shot_noise,4,common,pooled,0.9981959285037415,0.9977267748540533,0.005940594059405941
untouched,cdf,shot_noise,5,common,pooled,0.9996466577350804,0.999629865765219,0.0013201320132013201
untouched,cdf,impulse_noise,1,common,pooled,0.9688174361990655,0.9416150625166569,0.07821782178217822
untouched,cdf,impulse_noise,2,common,pooled,0.9840189959590019,0.9680878434739514,0.03564356435643564
untouched,cdf,impulse_noise,3,common,pooled,0.9915738108464311,0.9833411744216118,0.019471947194719473
untouched,cdf,impulse_noise,4,common,pooled,0.9987189709069917,0.9981139405919524,0.0039603960396039604
untouched,cdf,impulse_noise,5,common,pooled,0.999979631626529,0.9999794018282564,0.0
untouched,cdf,defocus_blur,1,common,pooled,0.7960756570706575,0.7139647904435529,0.46204620462046203
untouched,cdf,defocus_blur,2,common,pooled,0.8760372076811641,0.7996161027144802,0.2848184818481848
untouched,cdf,defocus_blur,3,common,pooled,0.9387262686664706,0.884170322174973,0.13333333333333333
untouched,cdf,defocus_blur,4,common,pooled,0.9658036793778387,0.9280954946535266,0.0745874587458746
untouched,cdf,defocus_blur,5,common,pooled,0.9782323083793528,0.9509895946887599,0.04356435643564356
untouched,cdf,glass_blur,1,common,pooled,0.6794333888834428,0.6166164983662736,0.7217821782178218
untouched,cdf,glass_blur,2,common,pooled,0.8007574420808418,0.7195749183694138,0.4656765676567657
untouched,cdf,glass_blur,3,common,pooled,0.9028290254768051,0.8280442032798292,0.21617161716171618
untouched,cdf,glass_blur,4,common,pooled,0.929512901785228,0.865626408471095,0.14752475247524752
untouched,cdf,glass_blur,5,common,pooled,0.9633458593384091,0.9200871111823666,0.07491749174917492
untouched,cdf,motion_blur,1,common,pooled,0.7075853129867442,0.6460058451238317,0.695049504950495
untouched,cdf,motion_blur,2,common,pooled,0.8118800989009792,0.7432446924337027,0.4643564356435644
untouched,cdf,motion_blur,3,common,pooled,0.893726649892712,0.8367371249915587,0.2801980198019802
untouched,cdf,motion_blur,4,common,pooled,0.9425571567057696,0.9014843397560973,0.14983498349834984
untouched,cdf,motion_blur,5,common,pooled,0.960051737847052,0.9273264250576807,0.10726072607260725
untouched,cdf,zoom_blur,1,common,pooled,0.7861942728926358,0.7053505772631333,0.504950495049505
untouched,cdf,zoom_blur,2,common,pooled,0.8475348822010914,0.7674949627300207,0.3683168316831683
untouched,cdf,zoom_blur,3,common,pooled,0.8130388088313781,0.7371227295284043,0.466006600660066
untouched,cdf,zoom_blur,4,common,pooled,0.8493169514971299,0.7743574364465798,0.3798679867986799
untouched,cdf,zoom_blur,5,common,pooled,0.8291337450576741,0.7552640503750649,0.43234323432343236
untouched,cdf,snow,1,common,pooled,0.8297506780381009,0.7606217354197006,0.4524752475247525
untouched,cdf,snow,2,common,pooled,0.9191918003681556,0.8795701818100558,0.24422442244224424
untouched,cdf,snow,3,common,pooled,0.912610310536004,0.8625931906060407,0.2528052805280528
untouched,cdf,snow,4,common,pooled,0.9361308804147741,0.8953819916099193,0.19372937293729373
untouched,cdf,snow,5,common,pooled,0.9317617009225675,0.8966049256868411,0.20462046204620463
untouched,cdf,frost,1,common,pooled,0.5444628522258167,0.5255967604481642,0.9075907590759076
untouched,cdf,frost,2,common,pooled,0.6605686806304393,0.5982023051531546,0.7693069306930693
untouched,cdf,frost,3,common,pooled,0.7345645851713885,0.6580628544910507,0.633993399339934
untouched,cdf,frost,4,common,pooled,0.7447236109749589,0.6662884451096065,0.6264026402640264
untouched,cdf,frost,5,common,pooled,0.7854451088673223,0.7041417164330397,0.5514851485148515
untouched,cdf,fog,1,common,pooled,0.6390346262349007,0.5976720299763031,0.8188118811881188
untouched,cdf,fog,2,common,pooled,0.6930341251946976,0.6419425063271634,0.7465346534653465
untouched,cdf,fog,3,common,pooled,0.7350392663028679,0.6793912050710836,0.6745874587458746
untouched,cdf,fog,4,common,pooled,0.7258062935006372,0.6664941248952533,0.69009900990099
untouched,cdf,fog,5,common,pooled,0.7533935670794802,0.6872258544819908,0.6198019801980198
untouched,cdf,brightness,1,common,pooled,0.5106248842706053,0.5105944621766791,0.9399339933993399
untouched,cdf,brightness,2,common,pooled,0.5451083227134594,0.535050112093254,0.9092409240924092
untouched,cdf,brightness,3,common,pooled,0.5905816423226481,0.567122580925196,0.8749174917491749
untouched,cdf,brightness,4,common,pooled,0.6465417333812589,0.6080824481838921,0.7973597359735973
untouched,cdf,brightness,5,common,pooled,0.7036687035040138,0.6535790416069607,0.6993399339933993
untouched,cdf,contrast,1,common,pooled,0.6657354943415134,0.6278751735584642,0.7937293729372937
untouched,cdf,contrast,2,common,pooled,0.750662244442266,0.704574253828735,0.6600660066006601
untouched,cdf,contrast,3,common,pooled,0.853245651297803,0.8085430986118763,0.4363036303630363
untouched,cdf,contrast,4,common,pooled,0.9553531788822447,0.9317377761097253,0.1429042904290429
untouched,cdf,contrast,5,common,pooled,0.9894589855025107,0.9827971723366898,0.03135313531353135
untouched,cdf,elastic_transform,1,common,pooled,0.5218072302279733,0.5062736218377772,0.933993399339934
untouched,cdf,elastic_transform,2,common,pooled,0.5566790837499591,0.5269501498716328,0.9033003300330033
untouched,cdf,elastic_transform,3,common,pooled,0.6139497217048437,0.5645808636869191,0.8462046204620463
untouched,cdf,elastic_transform,4,common,pooled,0.6604226165190776,0.5988193342538534,0.7871287128712872
untouched,cdf,elastic_transform,5,common,pooled,0.7203181605289242,0.6480025589367768,0.6755775577557755
untouched,cdf,pixelate,1,common,pooled,0.5679826596521038,0.5404379594796667,0.8792079207920792
untouched,cdf,pixelate,2,common,pooled,0.6252493764227908,0.5824827330348935,0.8042904290429043
untouched,cdf,pixelate,3,common,pooled,0.8095517868618545,0.7504167809663734,0.4887788778877888
untouched,cdf,pixelate,4,common,pooled,0.930218714940801,0.8921921049633923,0.20033003300330032
untouched,cdf,pixelate,5,common,pooled,0.9712828807633238,0.9529717873196639,0.08283828382838283
untouched,cdf,jpeg_compression,1,common,pooled,0.6323498785522117,0.5717401440654999,0.7656765676567657
untouched,cdf,jpeg_compression,2,common,pooled,0.7328133407400146,0.6484680571489092,0.5861386138613861
untouched,cdf,jpeg_compression,3,common,pooled,0.7921387881362394,0.7030602972566128,0.4739273927392739
untouched,cdf,jpeg_compression,4,common,pooled,0.8948807851082138,0.8205906828435644,0.25511551155115514
untouched,cdf,jpeg_compression,5,common,pooled,0.9440022220043787,0.892620191982396,0.13762376237623763
untouched,cdf,speckle_noise,1,extra,pooled,0.7864331383633413,0.7345110048458394,0.5620462046204621
untouched,cdf,speckle_noise,2,extra,pooled,0.866183380714309,0.8228622356506317,0.4099009900990099
untouched,cdf,speckle_noise,3,extra,pooled,0.9642541580890762,0.9502818923417605,0.12112211221122113
untouched,cdf,speckle_noise,4,extra,pooled,0.9827577906305482,0.9766846317894734,0.060396039603960394
untouched,cdf,speckle_noise,5,extra,pooled,0.9927243516430851,0.9908992957259235,0.02574257425742574
untouched,cdf,gaussian_blur,1,extra,pooled,0.6417656221067651,0.5847587300136116,0.7897689768976898
untouched,cdf,gaussian_blur,2,extra,pooled,0.8683000577285451,0.7901710584585713,0.30627062706270625
untouched,cdf,gaussian_blur,3,extra,pooled,0.9399941182237036,0.8853177827848118,0.12805280528052806
untouched,cdf,gaussian_blur,4,extra,pooled,0.9675136424533543,0.9304796989315147,0.06963696369636964
untouched,cdf,gaussian_blur,5,extra,pooled,0.9865314947336318,0.9676501350421721,0.02442244224422442
untouched,cdf,spatter,1,extra,pooled,0.48750699822457494,0.48729332214120546,0.9455445544554455
untouched,cdf,spatter,2,extra,pooled,0.7387140694267447,0.6541441872051417,0.5966996699669967
untouched,cdf,spatter,3,extra,pooled,0.8703229530873879,0.7942073101992864,0.334983498349835
untouched,cdf,spatter,4,extra,pooled,0.9554524066268013,0.9343892751079729,0.14356435643564355
untouched,cdf,spatter,5,extra,pooled,0.9815347079262382,0.9726654465853725,0.058085808580858087
untouched,cdf,saturate,1,extra,pooled,0.5255418858717555,0.5125302241946821,0.9224422442244224
untouched,cdf,saturate,2,extra,pooled,0.5781233321351937,0.5465405302943874,0.8778877887788779
untouched,cdf,saturate,3,extra,pooled,0.5607885392499646,0.5401603965402004,0.9023102310231023
untouched,cdf,saturate,4,extra,pooled,0.6812778703612935,0.6240459807994829,0.7316831683168317
untouched,cdf,saturate,5,extra,pooled,0.7787924931106972,0.716037598960364,0.5656765676567657
untouched,discopatch,gaussian_noise,1,common,pooled,0.8755566992342798,0.8659924659774153,0.4613861386138614
untouched,discopatch,gaussian_noise,2,common,pooled,0.9493745166595867,0.9427244480315078,0.21683168316831683
untouched,discopatch,gaussian_noise,3,common,pooled,0.9857149081244758,0.981661797894487,0.062376237623762376
untouched,discopatch,gaussian_noise,4,common,pooled,0.9963832521866048,0.9936961509211785,0.01221122112211221
untouched,discopatch,gaussian_noise,5,common,pooled,0.9987325316690084,0.9970293977366411,0.0019801980198019802
untouched,discopatch,shot_noise,1,common,pooled,0.865633107865242,0.8487608373706148,0.4561056105610561
untouched,discopatch,shot_noise,2,common,pooled,0.9396414294894836,0.9290837944996221,0.23894389438943894
untouched,discopatch,shot_noise,3,common,pooled,0.9729830408783453,0.9669475151634077,0.12475247524752475
untouched,discopatch,shot_noise,4,common,pooled,0.9886026969033537,0.9850003019451189,0.04785478547854786
untouched,discopatch,shot_noise,5,common,pooled,0.9918655033820214,0.9888066229310718,0.034323432343234324
untouched,discopatch,impulse_noise,1,common,pooled,0.9206004313302617,0.9074535436893357,0.29141914191419144
untouched,discopatch,impulse_noise,2,common,pooled,0.9763372327331743,0.9706243306473219,0.10594059405940594
untouched,discopatch,impulse_noise,3,common,pooled,0.9905412323410558,0.986841054860515,0.039603960396039604
untouched,discopatch,impulse_noise,4,common,pooled,0.9979063054820334,0.9956847248407718,0.0049504950495049506
untouched,discopatch,impulse_noise,5,common,pooled,0.99889259222952,0.9972371565817926,0.0016501650165016502
untouched,discopatch,defocus_blur,1,common,pooled,0.657235347297106,0.6225869004558187,0.8306930693069307
untouched,discopatch,defocus_blur,2,common,pooled,0.7248282848086789,0.6804393484834301,0.7257425742574257
untouched,discopatch,defocus_blur,3,common,pooled,0.7947608622248363,0.7411418078066643,0.5636963696369637
untouched,discopatch,defocus_blur,4,common,pooled,0.8264598242002418,0.7686183229102276,0.4867986798679868
untouched,discopatch,defocus_blur,5,common,pooled,0.8452656057684976,0.7840703328233808,0.4521452145214521
untouched,discopatch,glass_blur,1,common,pooled,0.676018799899792,0.6385615230275916,0.804950495049505
untouched,discopatch,glass_blur,2,common,pooled,0.774767615375399,0.7331155317092041,0.6224422442244224
untouched,discopatch,glass_blur,3,common,pooled,0.8797649467917089,0.8476830424869017,0.3957095709570957
untouched,discopatch,glass_blur,4,common,pooled,0.9092695705214086,0.8838884681711416,0.3095709570957096
untouched,discopatch,glass_blur,5,common,pooled,0.9339640993802351,0.9140940477828267,0.24224422442244226
untouched,discopatch,motion_blur,1,common,pooled,0.5819115772963435,0.5608009392964911,0.9115511551155115
untouched,discopatch,motion_blur,2,common,pooled,0.6611258155518522,0.6238516869107074,0.8343234323432344
untouched,discopatch,motion_blur,3,common,pooled,0.7433660098683136,0.6956619482399042,0.69009900990099
untouched,discopatch,motion_blur,4,common,pooled,0.7992310122101319,0.7479156493954946,0.568976897689769
untouched,discopatch,motion_blur,5,common,pooled,0.8292129856550011,0.7785424192309677,0.5026402640264026
untouched,discopatch,zoom_blur,1,common,pooled,0.7446553170168502,0.6914453630674544,0.6828382838283829
untouched,discopatch,zoom_blur,2,common,pooled,0.7848169569432191,0.7287917167140125,0.602970297029703
untouched,discopatch,zoom_blur,3,common,pooled,0.8170750144321363,0.7647651215934277,0.5316831683168317
untouched,discopatch,zoom_blur,4,common,pooled,0.8337273034234116,0.7821337445203509,0.49075907590759077
untouched,discopatch,zoom_blur,5,common,pooled,0.8503263296626692,0.8030930649021885,0.466006600660066
untouched,discopatch,snow,1,common,pooled,0.7504352514459367,0.6887956107375114,0.6171617161716172
untouched,discopatch,snow,2,common,pooled,0.8349809931488198,0.7779497256280486,0.43498349834983496
untouched,discopatch,snow,3,common,pooled,0.8297517672559335,0.758653074951758,0.4171617161716172
untouched,discopatch,snow,4,common,pooled,0.8604319837924387,0.7906048917849238,0.36072607260726075
untouched,discopatch,snow,5,common,pooled,0.8371071463582002,0.7641065796132982,0.41056105610561056
untouched,discopatch,frost,1,common,pooled,0.6533804964654881,0.6012018694644485,0.7983498349834983
untouched,discopatch,frost,2,common,pooled,0.7739485235652278,0.7157468053566174,0.5993399339933994
untouched,discopatch,frost,3,common,pooled,0.8273826095480835,0.7715310701955678,0.4752475247524752
untouched,discopatch,frost,4,common,pooled,0.8418211722162315,0.7903720279687521,0.46732673267326735
untouched,discopatch,frost,5,common,pooled,0.8664808461044124,0.819220375040746,0.40264026402640263
untouched,discopatch,fog,1,common,pooled,0.6010602990992169,0.5835762271164973,0.9006600660066006
untouched,discopatch,fog,2,common,pooled,0.652031935866854,0.6297569822629572,0.8498349834983498
untouched,discopatch,fog,3,common,pooled,0.7200430241043906,0.6927131751611161,0.7541254125412541
untouched,discopatch,fog,4,common,pooled,0.7512652354344346,0.7276818516538416,0.7287128712871287
untouched,discopatch,fog,5,common,pooled,0.8364579725299263,0.817426356512891,0.5392739273927393
untouched,discopatch,brightness,1,common,pooled,0.4905468962737858,0.490109355671143,0.9481848184818482
untouched,discopatch,brightness,2,common,pooled,0.4896992669563986,0.4833684827935424,0.9419141914191419
untouched,discopatch,brightness,3,common,pooled,0.496152610310536,0.48252636640267627,0.9333333333333333
untouched,discopatch,brightness,4,common,pooled,0.5074050474354366,0.48508288206192307,0.9161716171617161
untouched,discopatch,brightness,5,common,pooled,0.5175035127275104,0.4878819907026254,0.9006600660066006
untouched,discopatch,contrast,1,common,pooled,0.5421247372261979,0.5240813004250766,0.928052805280528
untouched,discopatch,contrast,2,common,pooled,0.5641536232831204,0.5365488136364058,0.9102310231023102
untouched,discopatch,contrast,3,common,pooled,0.6026606323998737,0.5617157221775949,0.8702970297029703
untouched,discopatch,contrast,4,common,pooled,0.6878062063632105,0.6341281606358846,0.7112211221122112
untouched,discopatch,contrast,5,common,pooled,0.7745308194185755,0.727027052964129,0.5706270627062706
untouched,discopatch,elastic_transform,1,common,pooled,0.608148111840887,0.5703676464507093,0.8584158415841584
untouched,discopatch,elastic_transform,2,common,pooled,0.6400813645721007,0.5930778897010921,0.8194719471947195
untouched,discopatch,elastic_transform,3,common,pooled,0.6748048666252764,0.6190221521018927,0.762046204620462
untouched,discopatch,elastic_transform,4,common,pooled,0.6960106307660469,0.6359061211355995,0.7191419141914192
untouched,discopatch,elastic_transform,5,common,pooled,0.7176850853402172,0.6519788944597275,0.6683168316831684
untouched,discopatch,pixelate,1,common,pooled,0.5478139942707142,0.533558271404686,0.9247524752475248
untouched,discopatch,pixelate,2,common,pooled,0.555522770098792,0.5395547684378985,0.9174917491749175
untouched,discopatch,pixelate,3,common,pooled,0.6406808700672048,0.6041968591802784,0.8382838283828383
untouched,discopatch,pixelate,4,common,pooled,0.7162917578886602,0.6706868212025267,0.7234323432343235
untouched,discopatch,pixelate,5,common,pooled,0.7522342036183817,0.7016287750982093,0.6518151815181518
untouched,discopatch,jpeg_compression,1,common,pooled,0.6276627563746474,0.5671632047799731,0.8148514851485148
untouched,discopatch,jpeg_compression,2,common,pooled,0.6401387663518827,0.5681816402335944,0.7693069306930693
untouched,discopatch,jpeg_compression,3,common,pooled,0.6439669313466,0.5655428540936351,0.7442244224422442
untouched,discopatch,jpeg_compression,4,common,pooled,0.6285840168175233,0.5429930582841443,0.7174917491749175
untouched,discopatch,jpeg_compression,5,common,pooled,0.5896982321994576,0.5113566917846717,0.7313531353135313
untouched,discopatch,speckle_noise,1,extra,pooled,0.7993128124693657,0.7712968841089389,0.5815181518151815
untouched,discopatch,speckle_noise,2,extra,pooled,0.8559269243756059,0.8303176382148806,0.45544554455445546
untouched,discopatch,speckle_noise,3,extra,pooled,0.9370207713840691,0.9217501289690863,0.22343234323432343
untouched,discopatch,speckle_noise,4,extra,pooled,0.958297988214663,0.9470850766325545,0.16369636963696368
untouched,discopatch,speckle_noise,5,extra,pooled,0.9726042109161411,0.9642251661088327,0.11617161716171617
untouched,discopatch,gaussian_blur,1,extra,pooled,0.5557238397107037,0.542179872376106,0.9277227722772278
untouched,discopatch,gaussian_blur,2,extra,pooled,0.7113870099881275,0.6685675858791686,0.7442244224422442
untouched,discopatch,gaussian_blur,3,extra,pooled,0.7992661939461273,0.7483142542841137,0.5613861386138614
untouched,discopatch,gaussian_blur,4,extra,pooled,0.8375364071060571,0.7837696479160937,0.467986798679868
untouched,discopatch,gaussian_blur,5,extra,pooled,0.8644118768312474,0.8043422575456113,0.3937293729372937
untouched,discopatch,spatter,1,extra,pooled,0.5217276084044048,0.5150736527468032,0.9396039603960396
untouched,discopatch,spatter,2,extra,pooled,0.6808413118539577,0.624926956068294,0.7455445544554455
untouched,discopatch,spatter,3,extra,pooled,0.8095169318912089,0.7543666258534749,0.5168316831683168
untouched,discopatch,spatter,4,extra,pooled,0.8284344672090972,0.763068643414603,0.43597359735973595
untouched,discopatch,spatter,5,extra,pooled,0.8881900467274451,0.8301037853877269,0.2973597359735974
untouched,discopatch,saturate,1,extra,pooled,0.6493660207604919,0.6150310875826944,0.8270627062706271
untouched,discopatch,saturate,2,extra,pooled,0.7595577230990426,0.7153152230908395,0.6191419141914192
untouched,discopatch,saturate,3,extra,pooled,0.4686756200372513,0.47242800939310964,0.9554455445544554
untouched,discopatch,saturate,4,extra,pooled,0.5104768595671448,0.48318569638458403,0.904950495049505
untouched,discopatch,saturate,5,extra,pooled,0.5573117014671765,0.5006006562595475,0.8158415841584158
untouched,saod_min,gaussian_noise,1,common,pooled,0.5951891971375355,0.5839970726240347,0.9151815181518151
untouched,saod_min,gaussian_noise,2,common,pooled,0.6624508490453006,0.6464088975789496,0.8749174917491749
untouched,saod_min,gaussian_noise,3,common,pooled,0.7580874968684987,0.7393899068080533,0.7785478547854785
untouched,saod_min,gaussian_noise,4,common,pooled,0.8587102027034387,0.8404978429361696,0.5712871287128712
untouched,saod_min,gaussian_noise,5,common,pooled,0.9484207430644055,0.930852244025617,0.22376237623762377
untouched,saod_min,shot_noise,1,common,pooled,0.5844428650785871,0.5777527606089363,0.9224422442244224
untouched,saod_min,shot_noise,2,common,pooled,0.6571655284340315,0.6434182309426157,0.8841584158415842
untouched,saod_min,shot_noise,3,common,pooled,0.736084370813319,0.7192505027828788,0.807920792079208
untouched,saod_min,shot_noise,4,common,pooled,0.8602375584093063,0.840484384285901,0.5399339933993399
untouched,saod_min,shot_noise,5,common,pooled,0.9247266607848904,0.9049793990016248,0.2947194719471947
untouched,saod_min,impulse_noise,1,common,pooled,0.6624485072269604,0.6510883825882652,0.8772277227722772
untouched,saod_min,impulse_noise,2,common,pooled,0.7110893812153493,0.6979688238739371,0.8405940594059406
untouched,saod_min,impulse_noise,3,common,pooled,0.7625994183576773,0.7457816188267764,0.7755775577557755
untouched,saod_min,impulse_noise,4,common,pooled,0.8640384384973151,0.8455794000160013,0.5448844884488449
untouched,saod_min,impulse_noise,5,common,pooled,0.9462976396649566,0.927728522378987,0.22904290429042903
untouched,saod_min,defocus_blur,1,common,pooled,0.648457395244475,0.6197350738873907,0.8706270627062707
untouched,saod_min,defocus_blur,2,common,pooled,0.7118246032524045,0.679907357355874,0.806930693069307
untouched,saod_min,defocus_blur,3,common,pooled,0.8015528978640438,0.7729651740372198,0.6633663366336634
untouched,saod_min,defocus_blur,4,common,pooled,0.8711501051095208,0.8457457441630647,0.4693069306930693
untouched,saod_min,defocus_blur,5,common,pooled,0.9178739557124029,0.8939313464259518,0.30363036303630364
untouched,saod_min,glass_blur,1,common,pooled,0.6541248679323378,0.6278554384760575,0.8673267326732673
untouched,saod_min,glass_blur,2,common,pooled,0.7477606770578048,0.7182216065984072,0.7663366336633664
untouched,saod_min,glass_blur,3,common,pooled,0.903482066028385,0.8830297860488274,0.38943894389438943
untouched,saod_min,glass_blur,4,common,pooled,0.9279046716552843,0.908403420309372,0.2874587458745875
untouched,saod_min,glass_blur,5,common,pooled,0.9465253951137688,0.9256962129260573,0.20957095709570958
untouched,saod_min,motion_blur,1,common,pooled,0.5940450282652028,0.5728937343201939,0.9102310231023102
untouched,saod_min,motion_blur,2,common,pooled,0.6719140824973586,0.64875933016854,0.8732673267326733
untouched,saod_min,motion_blur,3,common,pooled,0.7765798015445109,0.7539151540969151,0.7478547854785479
untouched,saod_min,motion_blur,4,common,pooled,0.8714987092768682,0.8491897958595427,0.49405940594059405
untouched,saod_min,motion_blur,5,common,pooled,0.9148940191048808,0.8927736213177322,0.3194719471947195
untouched,saod_min,zoom_blur,1,common,pooled,0.7854370486553606,0.7575025377686777,0.7171617161716172
untouched,saod_min,zoom_blur,2,common,pooled,0.8499097583025629,0.8251442163345266,0.5518151815181518
untouched,saod_min,zoom_blur,3,common,pooled,0.8800476532801795,0.8564042720296404,0.4551155115511551
untouched,saod_min,zoom_blur,4,common,pooled,0.9075819364114629,0.8853020882232874,0.35445544554455444
untouched,saod_min,zoom_blur,5,common,pooled,0.9185085340217191,0.8964136911601548,0.31584158415841584
untouched,saod_min,snow,1,common,pooled,0.631477197224673,0.6251872708888107,0.8950495049504951
untouched,saod_min,snow,2,common,pooled,0.7200083869773116,0.7129726182743914,0.8363036303630363
untouched,saod_min,snow,3,common,pooled,0.7292947314533433,0.7187390502460628,0.8211221122112211
untouched,saod_min,snow,4,common,pooled,0.7903353157097888,0.7802493022253697,0.7419141914191419
untouched,saod_min,snow,5,common,pooled,0.7959303554117788,0.7860050656905028,0.7498349834983499
untouched,saod_min,frost,1,common,pooled,0.5818541210556699,0.5718632601325107,0.9247524752475248
untouched,saod_min,frost,2,common,pooled,0.6574374516659587,0.6488789652634872,0.8834983498349835
untouched,saod_min,frost,3,common,pooled,0.7152255770131468,0.705531759612988,0.8257425742574257
untouched,saod_min,frost,4,common,pooled,0.7200231458789443,0.7134112136007031,0.8353135313531354
untouched,saod_min,frost,5,common,pooled,0.7567247219771482,0.7479817300063315,0.7818481848184818
untouched,saod_min,fog,1,common,pooled,0.5252322757028178,0.5232320991060468,0.9442244224422442
untouched,saod_min,fog,2,common,pooled,0.5363050463462188,0.5329435741708723,0.9353135313531353
untouched,saod_min,fog,3,common,pooled,0.548720550272849,0.5427497038003833,0.9326732673267327
untouched,saod_min,fog,4,common,pooled,0.5547382609548084,0.5492627737489741,0.931023102310231
untouched,saod_min,fog,5,common,pooled,0.5796085895718285,0.5721030746196588,0.9267326732673268
untouched,saod_min,brightness,1,common,pooled,0.50451230271542,0.5036200741666206,0.9478547854785478
untouched,saod_min,brightness,2,common,pooled,0.5174345652387021,0.5145589336941848,0.9429042904290429
untouched,saod_min,brightness,3,common,pooled,0.5334116480955026,0.5296522045809934,0.9422442244224423
untouched,saod_min,brightness,4,common,pooled,0.5533165593787102,0.5497834068521359,0.9287128712871288
untouched,saod_min,brightness,5,common,pooled,0.5804421135182826,0.5768379418463887,0.9168316831683169
untouched,saod_min,contrast,1,common,pooled,0.5272578941062424,0.5243837932715033,0.9419141914191419
untouched,saod_min,contrast,2,common,pooled,0.5458824298271411,0.5397806606638914,0.9313531353135314
untouched,saod_min,contrast,3,common,pooled,0.5845412759097692,0.574266539547812,0.9191419141914191
untouched,saod_min,contrast,4,common,pooled,0.6958478471609537,0.6800156829190678,0.8587458745874588
untouched,saod_min,contrast,5,common,pooled,0.8512632748423358,0.8355358570968525,0.5445544554455446
untouched,saod_min,elastic_transform,1,common,pooled,0.5878465074230196,0.5763757441828611,0.9102310231023102
untouched,saod_min,elastic_transform,2,common,pooled,0.6274307529762877,0.6136636027333653,0.8937293729372937
untouched,saod_min,elastic_transform,3,common,pooled,0.6730053153830234,0.6536184861940264,0.863036303630363
untouched,saod_min,elastic_transform,4,common,pooled,0.7106426929821695,0.6882829451449004,0.8376237623762376
untouched,saod_min,elastic_transform,5,common,pooled,0.742452265028483,0.7161871024418967,0.7732673267326733
untouched,saod_min,pixelate,1,common,pooled,0.6203629818427387,0.6057592275699488,0.9046204620462046
untouched,saod_min,pixelate,2,common,pooled,0.682813286279123,0.6690481821692105,0.8653465346534653
untouched,saod_min,pixelate,3,common,pooled,0.8541640253134224,0.8457706847474263,0.6108910891089109
untouched,saod_min,pixelate,4,common,pooled,0.9477152566741822,0.9341676252501059,0.24257425742574257
untouched,saod_min,pixelate,5,common,pooled,0.9681486564498034,0.9525914370053857,0.13663366336633664
untouched,saod_min,jpeg_compression,1,common,pooled,0.6432696685510135,0.6179963340397466,0.8726072607260726
untouched,saod_min,jpeg_compression,2,common,pooled,0.7067699245172042,0.6801289259566432,0.8316831683168316
untouched,saod_min,jpeg_compression,3,common,pooled,0.7468506355586053,0.7231280878606408,0.765016501650165
untouched,saod_min,jpeg_compression,4,common,pooled,0.8477758716465706,0.8286348040727987,0.5762376237623762
untouched,saod_min,jpeg_compression,5,common,pooled,0.9255275626572558,0.9069214251312987,0.31287128712871287
untouched,saod_min,speckle_noise,1,extra,pooled,0.561919528586522,0.5560882081884454,0.931023102310231
untouched,saod_min,speckle_noise,2,extra,pooled,0.5907252012329945,0.5850709109666483,0.9224422442244224
untouched,saod_min,speckle_noise,3,extra,pooled,0.687321286584104,0.6756540407243914,0.861056105610561
untouched,saod_min,speckle_noise,4,extra,pooled,0.7434897450141054,0.7304755140087748,0.8003300330033003
untouched,saod_min,speckle_noise,5,extra,pooled,0.81009100414992,0.7946963592562992,0.7003300330033003
untouched,saod_min,gaussian_blur,1,extra,pooled,0.586288217930704,0.562589427995066,0.8996699669966997
untouched,saod_min,gaussian_blur,2,extra,pooled,0.6972919866244051,0.6640082277100539,0.8201320132013201
untouched,saod_min,gaussian_blur,3,extra,pooled,0.7835887004542038,0.7527212315256346,0.7079207920792079
untouched,saod_min,gaussian_blur,4,extra,pooled,0.8515959219684345,0.8259172410250138,0.5399339933993399
untouched,saod_min,gaussian_blur,5,extra,pooled,0.9362394754326918,0.91474621968382,0.24224422442244226
untouched,saod_min,spatter,1,extra,pooled,0.5162333213519372,0.5138506645819848,0.9399339933993399
untouched,saod_min,spatter,2,extra,pooled,0.620612140421963,0.6094669294619246,0.8910891089108911
untouched,saod_min,spatter,3,extra,pooled,0.6616931346600007,0.6513849177514048,0.8636963696369637
untouched,saod_min,spatter,4,extra,pooled,0.731860656362666,0.7157970418754256,0.8085808580858086
untouched,saod_min,spatter,5,extra,pooled,0.810391192584605,0.7893328026244192,0.6435643564356436
untouched,saod_min,saturate,1,extra,pooled,0.5126381945125206,0.512190658750689,0.9495049504950495
untouched,saod_min,saturate,2,extra,pooled,0.5290686098312801,0.5275431537704339,0.9415841584158415
untouched,saod_min,saturate,3,extra,pooled,0.5120344410678692,0.5101671692845628,0.9445544554455445
untouched,saod_min,saturate,4,extra,pooled,0.5520670631419577,0.5455520232968113,0.9287128712871288
untouched,saod_min,saturate,5,extra,pooled,0.5935071180385365,0.5870266721943114,0.9132013201320132
untouched,knn,gaussian_noise,1,common,pooled,0.45727848032327983,0.45150841925794477,0.9042904290429042
untouched,knn,gaussian_noise,2,common,pooled,0.459683745602283,0.44788222031895975,0.8851485148514852
untouched,knn,gaussian_noise,3,common,pooled,0.4765555664477339,0.4505847581490521,0.8508250825082508
untouched,knn,gaussian_noise,4,common,pooled,0.5081261096406671,0.4589969290782768,0.7739273927392739
untouched,knn,gaussian_noise,5,common,pooled,0.5808359746865775,0.4916130315351075,0.6356435643564357
untouched,knn,shot_noise,1,common,pooled,0.46244790815715237,0.4553241043132912,0.9042904290429042
untouched,knn,shot_noise,2,common,pooled,0.4647811761374157,0.45048903141783453,0.8775577557755776
untouched,knn,shot_noise,3,common,pooled,0.4866477687372698,0.45592393819803567,0.8273927392739274
untouched,knn,shot_noise,4,common,pooled,0.5548558420198455,0.48453925702128137,0.7089108910891089
untouched,knn,shot_noise,5,common,pooled,0.630376324761189,0.5264975806333589,0.6036303630363037
untouched,knn,impulse_noise,1,common,pooled,0.7195262447036783,0.6627080307579587,0.7729372937293729
untouched,knn,impulse_noise,2,common,pooled,0.6103800281018201,0.5435587386682671,0.7980198019801981
untouched,knn,impulse_noise,3,common,pooled,0.5500864294350227,0.49316500439489697,0.8042904290429043
untouched,knn,impulse_noise,4,common,pooled,0.5271551808646211,0.4697816212709064,0.7557755775577558
untouched,knn,impulse_noise,5,common,pooled,0.5826988639458005,0.4941538777621097,0.638943894389439
untouched,knn,defocus_blur,1,common,pooled,0.554897395680162,0.5243808669851906,0.925082508250825
untouched,knn,defocus_blur,2,common,pooled,0.5928246686054744,0.5483024136257562,0.9168316831683169
untouched,knn,defocus_blur,3,common,pooled,0.6525594985241099,0.5935819482099494,0.8910891089108911
untouched,knn,defocus_blur,4,common,pooled,0.7032475029681186,0.6413900965183745,0.8627062706270627
untouched,knn,defocus_blur,5,common,pooled,0.732816553932621,0.6720091760945945,0.8438943894389439
untouched,knn,glass_blur,1,common,pooled,0.5087062270583494,0.493170310918516,0.9528052805280528
untouched,knn,glass_blur,2,common,pooled,0.5468540665947783,0.5159705276054657,0.9409240924092409
untouched,knn,glass_blur,3,common,pooled,0.5783615985360913,0.541228868597879,0.9346534653465347
untouched,knn,glass_blur,4,common,pooled,0.5806961191168621,0.5366287653377,0.9254125412541254
untouched,knn,glass_blur,5,common,pooled,0.6385610887821456,0.5798776114634976,0.8993399339933993
untouched,knn,motion_blur,1,common,pooled,0.5509084076724504,0.5201869597919273,0.9198019801980198
untouched,knn,motion_blur,2,common,pooled,0.5972571316537595,0.5513012130413267,0.8953795379537954
untouched,knn,motion_blur,3,common,pooled,0.6598775174547158,0.6026545079901766,0.8554455445544554
untouched,knn,motion_blur,4,common,pooled,0.7128985720354214,0.6578839018089522,0.829042904290429
untouched,knn,motion_blur,5,common,pooled,0.7385138167282075,0.682975954764452,0.7980198019801981
untouched,knn,zoom_blur,1,common,pooled,0.6201994357851627,0.5574917564039199,0.8818481848184818
untouched,knn,zoom_blur,2,common,pooled,0.640562635471468,0.5706421574003584,0.8617161716171617
untouched,knn,zoom_blur,3,common,pooled,0.5943007766123147,0.5250888880991781,0.8762376237623762
untouched,knn,zoom_blur,4,common,pooled,0.6018177956409503,0.5275370235871362,0.8597359735973598
untouched,knn,zoom_blur,5,common,pooled,0.5762436144604559,0.5062427022719573,0.8745874587458746
untouched,knn,snow,1,common,pooled,0.7015007787907503,0.6801168793768964,0.86006600660066
untouched,knn,snow,2,common,pooled,0.6387911315884064,0.6008328355157795,0.8732673267326733
untouched,knn,snow,3,common,pooled,0.7325815551852215,0.6985849136862016,0.8211221122112211
untouched,knn,snow,4,common,pooled,0.7642798636299274,0.733119516570034,0.8
untouched,knn,snow,5,common,pooled,0.6576161923123005,0.6061047229346738,0.8953795379537954
untouched,knn,frost,1,common,pooled,0.49724476903135856,0.4845407577975153,0.931023102310231
untouched,knn,frost,2,common,pooled,0.5280415863368515,0.5027254734022998,0.9082508250825082
untouched,knn,frost,3,common,pooled,0.5504406430742084,0.5181283494296942,0.8834983498349835
untouched,knn,frost,4,common,pooled,0.5545859883018005,0.5216066908098218,0.8815181518151816
untouched,knn,frost,5,common,pooled,0.564965362872921,0.5302821232278262,0.8627062706270627
untouched,knn,fog,1,common,pooled,0.4464433770109684,0.45918812950848575,0.9693069306930693
untouched,knn,fog,2,common,pooled,0.4436478994434097,0.45558748445887903,0.970957095709571
untouched,knn,fog,3,common,pooled,0.44582225054188585,0.45474917967919604,0.9693069306930693
untouched,knn,fog,4,common,pooled,0.4621243015390648,0.46178798572181246,0.9478547854785478
untouched,knn,fog,5,common,pooled,0.5135908244289775,0.48548476572114346,0.8881188118811881
untouched,knn,brightness,1,common,pooled,0.4872806042980536,0.490731476065641,0.9504950495049505
untouched,knn,brightness,2,common,pooled,0.48740330468690435,0.4887946735926276,0.9531353135313532
untouched,knn,brightness,3,common,pooled,0.4996042871613894,0.49532296509950946,0.9478547854785478
untouched,knn,brightness,4,common,pooled,0.5227119345597926,0.5101300579760198,0.9419141914191419
untouched,knn,brightness,5,common,pooled,0.549171976603601,0.5291585711561735,0.9346534653465347
untouched,knn,contrast,1,common,pooled,0.45769935409382523,0.46837639595343333,0.9712871287128713
untouched,knn,contrast,2,common,pooled,0.453149309980503,0.46390714831150776,0.974917491749175
untouched,knn,contrast,3,common,pooled,0.4532024093498459,0.4621531568701878,0.9801980198019802
untouched,knn,contrast,4,common,pooled,0.45617646418107155,0.4609484533257293,0.9838283828382838
untouched,knn,contrast,5,common,pooled,0.40916669389711247,0.4291603420540303,0.9838283828382838
untouched,knn,elastic_transform,1,common,pooled,0.6041420231132024,0.5848102538912223,0.9445544554455445
untouched,knn,elastic_transform,2,common,pooled,0.6587650992822055,0.6444548397575092,0.9287128712871288
untouched,knn,elastic_transform,3,common,pooled,0.7345550545153525,0.728005692831475,0.8973597359735973
untouched,knn,elastic_transform,4,common,pooled,0.7874028689997713,0.7861289322818108,0.8511551155115512
untouched,knn,elastic_transform,5,common,pooled,0.8495973161672603,0.8503734493394611,0.7412541254125412
untouched,knn,pixelate,1,common,pooled,0.5314184339226001,0.5148225216554547,0.925082508250825
untouched,knn,pixelate,2,common,pooled,0.567450794584409,0.546721136126414,0.9145214521452145
untouched,knn,pixelate,3,common,pooled,0.6926293173871843,0.681831389929394,0.8326732673267326
untouched,knn,pixelate,4,common,pooled,0.7773505320829113,0.7735541877778315,0.7346534653465346
untouched,knn,pixelate,5,common,pooled,0.8345280419131021,0.8334278184753128,0.6326732673267327
untouched,knn,jpeg_compression,1,common,pooled,0.5953999063272664,0.5356524500691714,0.7808580858085808
untouched,knn,jpeg_compression,2,common,pooled,0.7003655415046455,0.6162445892762176,0.6448844884488449
untouched,knn,jpeg_compression,3,common,pooled,0.7664305242405429,0.6796057250522134,0.5554455445544555
untouched,knn,jpeg_compression,4,common,pooled,0.88080438736943,0.8192680236701329,0.3537953795379538
untouched,knn,jpeg_compression,5,common,pooled,0.9283258721911796,0.8960269928946729,0.2524752475247525
untouched,knn,speckle_noise,1,extra,pooled,0.4663601607685521,0.46080055439461987,0.905940594059406
untouched,knn,speckle_noise,2,extra,pooled,0.46630842292150004,0.4574280334171805,0.8993399339933993
untouched,knn,speckle_noise,3,extra,pooled,0.48731126578004336,0.4609633438305981,0.8445544554455445
untouched,knn,speckle_noise,4,extra,pooled,0.5158059667352873,0.47236986537559345,0.800990099009901
untouched,knn,speckle_noise,5,extra,pooled,0.5642720757224238,0.496044866908963,0.7290429042904291
untouched,knn,gaussian_blur,1,extra,pooled,0.5254333997756211,0.512155595126944,0.9366336633663367
untouched,knn,gaussian_blur,2,extra,pooled,0.5876112908320535,0.5458491588254601,0.9141914191419142
untouched,knn,gaussian_blur,3,extra,pooled,0.6454989706891481,0.5885798929653347,0.8983498349834983
untouched,knn,gaussian_blur,4,extra,pooled,0.6957805334988945,0.6340190292997683,0.8666666666666667
untouched,knn,gaussian_blur,5,extra,pooled,0.7743590497663628,0.7202833656755216,0.8112211221122112
untouched,knn,spatter,1,extra,pooled,0.5983112766722217,0.5670885599355482,0.8834983498349835
untouched,knn,spatter,2,extra,pooled,0.8141306952477426,0.7810813589125486,0.7095709570957096
untouched,knn,spatter,3,extra,pooled,0.771821989129606,0.7344862716211817,0.7805280528052805
untouched,knn,spatter,4,extra,pooled,0.9175307431733273,0.8976498986746122,0.35874587458745877
untouched,knn,spatter,5,extra,pooled,0.9328599048023615,0.8994231187878522,0.25676567656765675
untouched,knn,saturate,1,extra,pooled,0.4804295330523151,0.4817477800480801,0.9501650165016502
untouched,knn,saturate,2,extra,pooled,0.47954879151281465,0.47874516261617295,0.9438943894389439
untouched,knn,saturate,3,extra,pooled,0.517232515330741,0.5091746465276341,0.931023102310231
untouched,knn,saturate,4,extra,pooled,0.569546504155366,0.5343396851100813,0.8653465346534653
untouched,knn,saturate,5,extra,pooled,0.6417832674356545,0.5876379471673916,0.8026402640264027
untouched,hashemi,gaussian_noise,1,common,pooled,0.43653443562178,0.4513830500036038,0.9607260726072607
untouched,hashemi,gaussian_noise,2,common,pooled,0.40712048927665045,0.4314397993149932,0.9666666666666667
untouched,hashemi,gaussian_noise,3,common,pooled,0.38747394046335326,0.4177586506394036,0.9762376237623762
untouched,hashemi,gaussian_noise,4,common,pooled,0.40464083041967563,0.4252833017044433,0.9726072607260726
untouched,hashemi,gaussian_noise,5,common,pooled,0.4754603579169798,0.47030111977760414,0.9534653465346534
untouched,hashemi,shot_noise,1,common,pooled,0.4381962552690913,0.4527082242762692,0.9617161716171617
untouched,hashemi,shot_noise,2,common,pooled,0.4089825071616072,0.43314353618403956,0.970957095709571
untouched,hashemi,shot_noise,3,common,pooled,0.3878884423095775,0.4182253231128161,0.976897689768977
untouched,hashemi,shot_noise,4,common,pooled,0.4029778126327484,0.42237971145938624,0.9732673267326732
untouched,hashemi,shot_noise,5,common,pooled,0.44290625102114173,0.4471839370770073,0.9600660066006601
untouched,hashemi,impulse_noise,1,common,pooled,0.42519943578516267,0.4428506281814737,0.9696369636963696
untouched,hashemi,impulse_noise,2,common,pooled,0.4050298445686153,0.4307233824118508,0.9808580858085808
untouched,hashemi,impulse_noise,3,common,pooled,0.40352116894857804,0.42847024583754284,0.9801980198019802
untouched,hashemi,impulse_noise,4,common,pooled,0.43349731507804246,0.442062918634416,0.968976897689769
untouched,hashemi,impulse_noise,5,common,pooled,0.5053112984565783,0.4916385847505761,0.9429042904290429
untouched,hashemi,defocus_blur,1,common,pooled,0.38462372969970265,0.4117837957570104,0.9656765676567657
untouched,hashemi,defocus_blur,2,common,pooled,0.3513643542572079,0.39435552458557416,0.9663366336633663
untouched,hashemi,defocus_blur,3,common,pooled,0.33225990915923276,0.3852978987569813,0.9663366336633663
untouched,hashemi,defocus_blur,4,common,pooled,0.34331154897667987,0.3904839506345482,0.9656765676567657
untouched,hashemi,defocus_blur,5,common,pooled,0.37270697861865393,0.4053339708566077,0.9643564356435643
untouched,hashemi,glass_blur,1,common,pooled,0.3958053132045878,0.41837387199419374,0.9627062706270627
untouched,hashemi,glass_blur,2,common,pooled,0.36044554455445543,0.399218974311571,0.9650165016501651
untouched,hashemi,glass_blur,3,common,pooled,0.3754458713198052,0.4091977321327175,0.9623762376237623
untouched,hashemi,glass_blur,4,common,pooled,0.3532620440261848,0.3968753334387669,0.9653465346534653
untouched,hashemi,glass_blur,5,common,pooled,0.35496509056846276,0.39768172033687554,0.9600660066006601
untouched,hashemi,motion_blur,1,common,pooled,0.4336173468832032,0.44374094573022677,0.9663366336633663
untouched,hashemi,motion_blur,2,common,pooled,0.3995917611563137,0.4201231259156962,0.9656765676567657
untouched,hashemi,motion_blur,3,common,pooled,0.3836666339901317,0.41017520114158845,0.9613861386138614
untouched,hashemi,motion_blur,4,common,pooled,0.40003736017166075,0.4201709789701732,0.9577557755775578
untouched,hashemi,motion_blur,5,common,pooled,0.4288959688048013,0.4375282619130734,0.9485148514851485
untouched,hashemi,zoom_blur,1,common,pooled,0.395776285549347,0.41499934182380105,0.9570957095709571
untouched,hashemi,zoom_blur,2,common,pooled,0.4067571806685619,0.419417111123272,0.9511551155115512
untouched,hashemi,zoom_blur,3,common,pooled,0.436184578853925,0.4339982317839083,0.9323432343234324
untouched,hashemi,zoom_blur,4,common,pooled,0.44682634600093674,0.43832349556734057,0.9221122112211221
untouched,hashemi,zoom_blur,5,common,pooled,0.4442535590192683,0.43633871569927796,0.9135313531353135
untouched,hashemi,snow,1,common,pooled,0.4531918983977606,0.46812368251605835,0.9577557755775578
untouched,hashemi,snow,2,common,pooled,0.42213927828426406,0.44961165809638287,0.967986798679868
untouched,hashemi,snow,3,common,pooled,0.45644871417834854,0.48280279746737936,0.968976897689769
untouched,hashemi,snow,4,common,pooled,0.46852781317735737,0.4939232094082951,0.9650165016501651
untouched,hashemi,snow,5,common,pooled,0.4517475410907427,0.4772955089416627,0.9650165016501651
untouched,hashemi,frost,1,common,pooled,0.4652348898256162,0.47398423364749365,0.9531353135313532
untouched,hashemi,frost,2,common,pooled,0.43125042207191017,0.44876016509148686,0.9613861386138614
untouched,hashemi,frost,3,common,pooled,0.41602511736322145,0.44084460096305367,0.9643564356435643
untouched,hashemi,frost,4,common,pooled,0.40334487904235966,0.4336789042139044,0.9656765676567657
untouched,hashemi,frost,5,common,pooled,0.3968881046520494,0.4303741715167454,0.968976897689769
untouched,hashemi,fog,1,common,pooled,0.47680456164428325,0.4786431288688525,0.9481848184818482
untouched,hashemi,fog,2,common,pooled,0.46953670119487195,0.47254656015621854,0.9481848184818482
untouched,hashemi,fog,3,common,pooled,0.4614379309218051,0.46603099680605464,0.9514851485148514
untouched,hashemi,fog,4,common,pooled,0.4555094271803418,0.4629674355852011,0.9498349834983498
untouched,hashemi,fog,5,common,pooled,0.43047773094141095,0.4481603402879638,0.9656765676567657
untouched,hashemi,brightness,1,common,pooled,0.5028724852683288,0.5025111136791547,0.9544554455445544
untouched,hashemi,brightness,2,common,pooled,0.5048911326776242,0.5031122898428081,0.9409240924092409
untouched,hashemi,brightness,3,common,pooled,0.5029257480203466,0.5017183798457354,0.9429042904290429
untouched,hashemi,brightness,4,common,pooled,0.5017685629949133,0.49937304420875767,0.9409240924092409
untouched,hashemi,brightness,5,common,pooled,0.49618664836780707,0.4937907384305924,0.9382838283828383
untouched,hashemi,contrast,1,common,pooled,0.4769768759054123,0.47956262641503244,0.9481848184818482
untouched,hashemi,contrast,2,common,pooled,0.4633825659793702,0.46791939497940604,0.9481848184818482
untouched,hashemi,contrast,3,common,pooled,0.4370726181529044,0.4482844220174445,0.9528052805280528
untouched,hashemi,contrast,4,common,pooled,0.38368073936106484,0.41476186500128465,0.9607260726072607
untouched,hashemi,contrast,5,common,pooled,0.33408925050920935,0.3910158350897485,0.9805280528052805
untouched,hashemi,elastic_transform,1,common,pooled,0.4881239856658933,0.481840191860539,0.9468646864686469
untouched,hashemi,elastic_transform,2,common,pooled,0.49196315176072064,0.48399099946839175,0.934983498349835
untouched,hashemi,elastic_transform,3,common,pooled,0.515257218791186,0.5077811550643037,0.9214521452145215
untouched,hashemi,elastic_transform,4,common,pooled,0.5411574573298914,0.543769752288638,0.9188118811881189
untouched,hashemi,elastic_transform,5,common,pooled,0.5803191952858652,0.5977233185856241,0.9155115511551155
untouched,hashemi,pixelate,1,common,pooled,0.46778257033624154,0.4717879583965272,0.9564356435643564
untouched,hashemi,pixelate,2,common,pooled,0.4536826999531636,0.4595224729165573,0.9537953795379538
untouched,hashemi,pixelate,3,common,pooled,0.42725103203389647,0.43242305704768097,0.9465346534653465
untouched,hashemi,pixelate,4,common,pooled,0.377015434216689,0.4025810583113202,0.9481848184818482
untouched,hashemi,pixelate,5,common,pooled,0.28490463897874935,0.36723200546649637,0.9686468646864687
untouched,hashemi,jpeg_compression,1,common,pooled,0.4177590432310558,0.43689674345082685,0.9646864686468647
untouched,hashemi,jpeg_compression,2,common,pooled,0.41188195057129473,0.4315076295878986,0.9630363036303631
untouched,hashemi,jpeg_compression,3,common,pooled,0.4161705279438835,0.43257918130962375,0.9564356435643564
untouched,hashemi,jpeg_compression,4,common,pooled,0.4407736714265486,0.4430227462051076,0.9382838283828383
untouched,hashemi,jpeg_compression,5,common,pooled,0.4826637366706968,0.4673297262479956,0.9168316831683169
untouched,hashemi,speckle_noise,1,extra,pooled,0.45358646755764687,0.4641024928526248,0.9617161716171617
untouched,hashemi,speckle_noise,2,extra,pooled,0.4363343463059177,0.4524958154613522,0.9630363036303631
untouched,hashemi,speckle_noise,3,extra,pooled,0.40387418444814777,0.42904601723499813,0.9732673267326732
untouched,hashemi,speckle_noise,4,extra,pooled,0.3925666873618055,0.4202005359323485,0.9788778877887789
untouched,hashemi,speckle_noise,5,extra,pooled,0.3874564040562472,0.4147976667541559,0.9726072607260726
untouched,hashemi,gaussian_blur,1,extra,pooled,0.43012084871853523,0.4420825671153796,0.9630363036303631
untouched,hashemi,gaussian_blur,2,extra,pooled,0.35698793146641394,0.3973046148526493,0.966006600660066
untouched,hashemi,gaussian_blur,3,extra,pooled,0.3292080841747541,0.3842228193701247,0.966996699669967
untouched,hashemi,gaussian_blur,4,extra,pooled,0.3330879325556318,0.3860991998944491,0.9650165016501651
untouched,hashemi,gaussian_blur,5,extra,pooled,0.3901385485083162,0.4147777769797065,0.9564356435643564
untouched,hashemi,spatter,1,extra,pooled,0.5063779150192247,0.5029462256742359,0.9429042904290429
untouched,hashemi,spatter,2,extra,pooled,0.4925578102364692,0.48802609215644266,0.9346534653465347
untouched,hashemi,spatter,3,extra,pooled,0.43630079839667135,0.451948636571207,0.9630363036303631
untouched,hashemi,spatter,4,extra,pooled,0.5301291267740635,0.4965855886909967,0.8696369636963697
untouched,hashemi,spatter,5,extra,pooled,0.46826514829700794,0.4569739289788287,0.9033003300330033
untouched,hashemi,saturate,1,extra,pooled,0.49509318258558527,0.4944472320805054,0.9481848184818482
untouched,hashemi,saturate,2,extra,pooled,0.48710774542800817,0.4872748275640644,0.9501650165016502
untouched,hashemi,saturate,3,extra,pooled,0.4954062237906959,0.4969369640310858,0.9504950495049505
untouched,hashemi,saturate,4,extra,pooled,0.4762598438061628,0.48060198139714,0.9577557755775578
untouched,hashemi,saturate,5,extra,pooled,0.46684121382435273,0.4724949007340226,0.9541254125412542
held_out,two_axis,gaussian_noise,1,common,pooled,0.9254476996527777,0.8705168990136597,0.21833333333333332
held_out,two_axis,gaussian_noise,2,common,pooled,0.9835963541666667,0.9658443786179618,0.04666666666666667
held_out,two_axis,gaussian_noise,3,common,pooled,0.9969625,0.9937434221690641,0.008333333333333333
held_out,two_axis,gaussian_noise,4,common,pooled,0.9995193142361111,0.9993294287002261,0.00125
held_out,two_axis,gaussian_noise,5,common,pooled,0.9999890190972223,0.999988931335309,0.0
held_out,two_axis,shot_noise,1,common,pooled,0.9079975694444444,0.8602366576030146,0.2775
held_out,two_axis,shot_noise,2,common,pooled,0.9796170572916667,0.9663119469987959,0.06041666666666667
held_out,two_axis,shot_noise,3,common,pooled,0.9950464409722222,0.9925261916311189,0.012291666666666666
held_out,two_axis,shot_noise,4,common,pooled,0.9992721354166667,0.9992262762893995,0.0016666666666666668
held_out,two_axis,shot_noise,5,common,pooled,0.9997954861111111,0.9998073154858474,0.0004166666666666667
held_out,two_axis,impulse_noise,1,common,pooled,0.987207421875,0.9841231998019356,0.05395833333333333
held_out,two_axis,impulse_noise,2,common,pooled,0.9945564236111111,0.9919436981198644,0.0175
held_out,two_axis,impulse_noise,3,common,pooled,0.9973003472222223,0.9956689003121709,0.008958333333333334
held_out,two_axis,impulse_noise,4,common,pooled,0.9996017795138888,0.9994622933197465,0.00125
held_out,two_axis,impulse_noise,5,common,pooled,0.9999912326388889,0.9999911642881231,0.0
held_out,two_axis,defocus_blur,1,common,pooled,0.9474004774305556,0.9131751898406361,0.18125
held_out,two_axis,defocus_blur,2,common,pooled,0.9694405815972222,0.9451928789468145,0.09875
held_out,two_axis,defocus_blur,3,common,pooled,0.9813242621527778,0.9632090385011561,0.05875
held_out,two_axis,defocus_blur,4,common,pooled,0.9853440972222223,0.9687993022439212,0.045
held_out,two_axis,defocus_blur,5,common,pooled,0.9886587673611111,0.9746346437834766,0.035208333333333335
held_out,two_axis,glass_blur,1,common,pooled,0.9144539496527778,0.866556667793111,0.28270833333333334
held_out,two_axis,glass_blur,2,common,pooled,0.9532693576388889,0.9194540103173103,0.15791666666666668
held_out,two_axis,glass_blur,3,common,pooled,0.95912265625,0.9233268994587067,0.12354166666666666
held_out,two_axis,glass_blur,4,common,pooled,0.9624780381944444,0.9272273892896047,0.10625
held_out,two_axis,glass_blur,5,common,pooled,0.9768603298611112,0.9513586395866114,0.06333333333333334
held_out,two_axis,motion_blur,1,common,pooled,0.866347265625,0.8166591261737802,0.41375
held_out,two_axis,motion_blur,2,common,pooled,0.9224934027777778,0.8874694607189151,0.24833333333333332
held_out,two_axis,motion_blur,3,common,pooled,0.9508963541666666,0.9267223186983488,0.15270833333333333
held_out,two_axis,motion_blur,4,common,pooled,0.96532421875,0.9485441595133729,0.10208333333333333
held_out,two_axis,motion_blur,5,common,pooled,0.9720247395833334,0.9580693971135903,0.083125
held_out,two_axis,zoom_blur,1,common,pooled,0.9020786024305556,0.8383582188425216,0.2783333333333333
held_out,two_axis,zoom_blur,2,common,pooled,0.9238312934027778,0.8663053732129766,0.21958333333333332
held_out,two_axis,zoom_blur,3,common,pooled,0.9304627170138889,0.8794579930325597,0.215
held_out,two_axis,zoom_blur,4,common,pooled,0.9423827690972222,0.8959216560086786,0.17375
held_out,two_axis,zoom_blur,5,common,pooled,0.9497573784722222,0.9087096218018182,0.15666666666666668
held_out,two_axis,snow,1,common,pooled,0.9215789930555556,0.9049398138459622,0.2916666666666667
held_out,two_axis,snow,2,common,pooled,0.9691003472222223,0.9611378990118888,0.11833333333333333
held_out,two_axis,snow,3,common,pooled,0.9724828559027778,0.9644166439236276,0.105625
held_out,two_axis,snow,4,common,pooled,0.9824412760416666,0.9764802016767898,0.06375
held_out,two_axis,snow,5,common,pooled,0.9762466145833333,0.9677865103547953,0.083125
held_out,two_axis,frost,1,common,pooled,0.7154695746527778,0.6504121627445456,0.6977083333333334
held_out,two_axis,frost,2,common,pooled,0.84361484375,0.7691368747067636,0.436875
held_out,two_axis,frost,3,common,pooled,0.8872683159722222,0.8150862996133278,0.3145833333333333
held_out,two_axis,frost,4,common,pooled,0.9024890190972222,0.8357554666295214,0.27375
held_out,two_axis,frost,5,common,pooled,0.9188789496527778,0.8540427470045194,0.22125
held_out,two_axis,fog,1,common,pooled,0.9517450086805556,0.9257275550702794,0.17125
held_out,two_axis,fog,2,common,pooled,0.9695263020833333,0.9507416557863877,0.10145833333333333
held_out,two_axis,fog,3,common,pooled,0.9780945746527778,0.9632706885168367,0.07083333333333333
held_out,two_axis,fog,4,common,pooled,0.9784477864583333,0.9627188336758765,0.065
held_out,two_axis,fog,5,common,pooled,0.9855206597222222,0.9722319312250073,0.04604166666666667
held_out,two_axis,brightness,1,common,pooled,0.5288081163194445,0.5170088260241692,0.929375
held_out,two_axis,brightness,2,common,pooled,0.559716015625,0.5355955020825127,0.8970833333333333
held_out,two_axis,brightness,3,common,pooled,0.5959849826388889,0.5594308217996687,0.8535416666666666
held_out,two_axis,brightness,4,common,pooled,0.6487172309027778,0.5981795086981586,0.778125
held_out,two_axis,brightness,5,common,pooled,0.7070812065972222,0.6472795734491075,0.69
held_out,two_axis,contrast,1,common,pooled,0.9402448784722223,0.9119765123413172,0.22729166666666667
held_out,two_axis,contrast,2,common,pooled,0.9695289930555555,0.9524138508480878,0.110625
held_out,two_axis,contrast,3,common,pooled,0.9872039496527778,0.9790441138603436,0.04875
held_out,two_axis,contrast,4,common,pooled,0.9962944444444445,0.9941065698213424,0.011666666666666667
held_out,two_axis,contrast,5,common,pooled,0.9987406684027778,0.9982040881371622,0.004166666666666667
held_out,two_axis,elastic_transform,1,common,pooled,0.6833036024305555,0.6314335894111495,0.7920833333333334
held_out,two_axis,elastic_transform,2,common,pooled,0.7173850260416667,0.6607697852351534,0.7360416666666667
held_out,two_axis,elastic_transform,3,common,pooled,0.76007421875,0.701210252778867,0.659375
held_out,two_axis,elastic_transform,4,common,pooled,0.7928829861111111,0.7355157728678985,0.5860416666666667
held_out,two_axis,elastic_transform,5,common,pooled,0.8353142361111111,0.7825259298955527,0.48625
held_out,two_axis,pixelate,1,common,pooled,0.8516791666666667,0.8030450686382444,0.5241666666666667
held_out,two_axis,pixelate,2,common,pooled,0.8827312065972223,0.8379583011924396,0.42875
held_out,two_axis,pixelate,3,common,pooled,0.9567429253472223,0.939525852574228,0.163125
held_out,two_axis,pixelate,4,common,pooled,0.9796332899305555,0.9720610089696972,0.06833333333333333
held_out,two_axis,pixelate,5,common,pooled,0.9886476996527778,0.9852616318213536,0.04041666666666666
held_out,two_axis,jpeg_compression,1,common,pooled,0.8919246961805556,0.8426509977539373,0.33666666666666667
held_out,two_axis,jpeg_compression,2,common,pooled,0.9283547309027778,0.887315836304247,0.22208333333333333
held_out,two_axis,jpeg_compression,3,common,pooled,0.9414078125,0.9036049535494857,0.18604166666666666
held_out,two_axis,jpeg_compression,4,common,pooled,0.9589416666666667,0.9271899242043096,0.12208333333333334
held_out,two_axis,jpeg_compression,5,common,pooled,0.9700313368055555,0.9504691375388491,0.091875
held_out,two_axis,speckle_noise,1,extra,pooled,0.8016690538194444,0.7497063656900937,0.5704166666666667
held_out,two_axis,speckle_noise,2,extra,pooled,0.8914651041666667,0.8594058349399196,0.384375
held_out,two_axis,speckle_noise,3,extra,pooled,0.9784055555555555,0.9729398784141849,0.083125
held_out,two_axis,speckle_noise,4,extra,pooled,0.9905975694444444,0.988837728462694,0.036875
held_out,two_axis,speckle_noise,5,extra,pooled,0.9962865885416666,0.9959515437849447,0.011666666666666667
held_out,two_axis,gaussian_blur,1,extra,pooled,0.8528317274305556,0.7925402843672611,0.459375
held_out,two_axis,gaussian_blur,2,extra,pooled,0.9668326822916666,0.9409790883705578,0.11166666666666666
held_out,two_axis,gaussian_blur,3,extra,pooled,0.98100859375,0.9625471844343062,0.06
held_out,two_axis,gaussian_blur,4,extra,pooled,0.984785546875,0.9673812986297726,0.04770833333333333
held_out,two_axis,gaussian_blur,5,extra,pooled,0.9882784722222222,0.9727883378459932,0.034375
held_out,two_axis,spatter,1,extra,pooled,0.5676456163194444,0.5406116560923515,0.8954166666666666
held_out,two_axis,spatter,2,extra,pooled,0.8734328993055556,0.8291386345059728,0.41458333333333336
held_out,two_axis,spatter,3,extra,pooled,0.9396973090277778,0.9241902031822622,0.2425
held_out,two_axis,spatter,4,extra,pooled,0.9896039930555556,0.9885529978219048,0.049166666666666664
held_out,two_axis,spatter,5,extra,pooled,0.9968931423611112,0.9965678716600281,0.012916666666666667
held_out,two_axis,saturate,1,extra,pooled,0.5993669487847222,0.5647397282741311,0.8658333333333333
held_out,two_axis,saturate,2,extra,pooled,0.6618690321180556,0.6089948982619642,0.771875
held_out,two_axis,saturate,3,extra,pooled,0.5374513237847223,0.5262500009675654,0.9229166666666667
held_out,two_axis,saturate,4,extra,pooled,0.7285222222222222,0.6760209137743911,0.7002083333333333
held_out,two_axis,saturate,5,extra,pooled,0.8398936631944445,0.8079978055710721,0.5270833333333333
held_out,peak_share,gaussian_noise,1,common,pooled,0.9472983940972223,0.9128148180396602,0.1575
held_out,peak_share,gaussian_noise,2,common,pooled,0.9827575954861111,0.9687503292388899,0.04625
held_out,peak_share,gaussian_noise,3,common,pooled,0.9952193142361111,0.9917109729341029,0.01375
held_out,peak_share,gaussian_noise,4,common,pooled,0.9989086371527778,0.9985096767391145,0.0035416666666666665
held_out,peak_share,gaussian_noise,5,common,pooled,0.9999467447916667,0.9999455775397271,0.0004166666666666667
held_out,peak_share,shot_noise,1,common,pooled,0.9299871961805556,0.8970385274803668,0.225625
held_out,peak_share,shot_noise,2,common,pooled,0.9773878472222223,0.964320070644027,0.06729166666666667
held_out,peak_share,shot_noise,3,common,pooled,0.9923542534722222,0.9883594921914248,0.023125
held_out,peak_share,shot_noise,4,common,pooled,0.9985046440972222,0.9981268908899892,0.005208333333333333
held_out,peak_share,shot_noise,5,common,pooled,0.999603515625,0.9995777350397692,0.001875
held_out,peak_share,impulse_noise,1,common,pooled,0.9775965711805555,0.9668138587064689,0.07395833333333333
held_out,peak_share,impulse_noise,2,common,pooled,0.9898796440972222,0.9837412769886161,0.030416666666666668
held_out,peak_share,impulse_noise,3,common,pooled,0.9945615017361111,0.9910040981015498,0.017083333333333332
held_out,peak_share,impulse_noise,4,common,pooled,0.9988944010416667,0.9984378687995402,0.0035416666666666665
held_out,peak_share,impulse_noise,5,common,pooled,0.99994765625,0.9999464085373304,0.0004166666666666667
held_out,peak_share,defocus_blur,1,common,pooled,0.9342999565972222,0.8838171112929574,0.17645833333333333
held_out,peak_share,defocus_blur,2,common,pooled,0.9705014756944444,0.940128253626757,0.071875
held_out,peak_share,defocus_blur,3,common,pooled,0.9873043402777778,0.9722126157962299,0.028333333333333332
held_out,peak_share,defocus_blur,4,common,pooled,0.99311328125,0.9846483574459072,0.016041666666666666
held_out,peak_share,defocus_blur,5,common,pooled,0.9959142795138889,0.9908635440906546,0.008541666666666666
held_out,peak_share,glass_blur,1,common,pooled,0.8464062065972222,0.7720724174107021,0.4041666666666667
held_out,peak_share,glass_blur,2,common,pooled,0.9316076388888889,0.8768741558591966,0.17729166666666665
held_out,peak_share,glass_blur,3,common,pooled,0.9613234809027777,0.9196062929657164,0.09145833333333334
held_out,peak_share,glass_blur,4,common,pooled,0.9726978732638889,0.9409767927969299,0.05875
held_out,peak_share,glass_blur,5,common,pooled,0.9881049045138889,0.9731965424246176,0.025
held_out,peak_share,motion_blur,1,common,pooled,0.8391677517361111,0.7901104845993995,0.48041666666666666
held_out,peak_share,motion_blur,2,common,pooled,0.9223849826388889,0.8860480708178623,0.24041666666666667
held_out,peak_share,motion_blur,3,common,pooled,0.9630715711805555,0.9415472404175704,0.11208333333333333
held_out,peak_share,motion_blur,4,common,pooled,0.9813608506944445,0.9698877765144525,0.050208333333333334
held_out,peak_share,motion_blur,5,common,pooled,0.9874248263888888,0.9797868464061372,0.034791666666666665
held_out,peak_share,zoom_blur,1,common,pooled,0.8972008246527777,0.8330030801526331,0.25645833333333334
held_out,peak_share,zoom_blur,2,common,pooled,0.9319424479166667,0.8816700466774916,0.17291666666666666
held_out,peak_share,zoom_blur,3,common,pooled,0.9079910590277778,0.8517685308479881,0.238125
held_out,peak_share,zoom_blur,4,common,pooled,0.9303166232638889,0.8822776153727677,0.18541666666666667
held_out,peak_share,zoom_blur,5,common,pooled,0.91638046875,0.8654214813659812,0.22770833333333335
held_out,peak_share,snow,1,common,pooled,0.9229053385416667,0.8924213342873241,0.26395833333333335
held_out,peak_share,snow,2,common,pooled,0.9719102864583333,0.9584647503205298,0.093125
held_out,peak_share,snow,3,common,pooled,0.9710040364583333,0.953229520822453,0.09125
held_out,peak_share,snow,4,common,pooled,0.9803792100694444,0.9661083441011601,0.05375
held_out,peak_share,snow,5,common,pooled,0.9793822482638889,0.9677935925987508,0.060625
held_out,peak_share,frost,1,common,pooled,0.6481093315972222,0.5930674262866891,0.7635416666666667
held_out,peak_share,frost,2,common,pooled,0.7876228298611111,0.7052253143338405,0.51875
held_out,peak_share,frost,3,common,pooled,0.8523938802083333,0.7701844987507279,0.3697916666666667
held_out,peak_share,frost,4,common,pooled,0.8641659288194444,0.783150952221979,0.34708333333333335
held_out,peak_share,frost,5,common,pooled,0.8918102430555556,0.8152409928882847,0.27375
held_out,peak_share,fog,1,common,pooled,0.80681171875,0.7365509703021211,0.48583333333333334
held_out,peak_share,fog,2,common,pooled,0.8720092013888889,0.8063858759017739,0.325
held_out,peak_share,fog,3,common,pooled,0.9082326388888889,0.8506718597383931,0.2325
held_out,peak_share,fog,4,common,pooled,0.9045749131944445,0.8454909376181893,0.23979166666666665
held_out,peak_share,fog,5,common,pooled,0.9318208333333333,0.8839907868560007,0.17458333333333334
held_out,peak_share,brightness,1,common,pooled,0.5268755642361111,0.5183629962917193,0.9377083333333334
held_out,peak_share,brightness,2,common,pooled,0.5835056857638888,0.5557843162197285,0.8791666666666667
held_out,peak_share,brightness,3,common,pooled,0.6503697048611111,0.6036269153888212,0.7877083333333333
held_out,peak_share,brightness,4,common,pooled,0.7264451822916667,0.6638865158580863,0.665
held_out,peak_share,brightness,5,common,pooled,0.7945342881944445,0.7262896847563718,0.5189583333333333
held_out,peak_share,contrast,1,common,pooled,0.8281464409722222,0.7627905912667823,0.45458333333333334
held_out,peak_share,contrast,2,common,pooled,0.9161434461805555,0.8647680881814525,0.22020833333333334
held_out,peak_share,contrast,3,common,pooled,0.969425390625,0.942964799790682,0.07354166666666667
held_out,peak_share,contrast,4,common,pooled,0.9932720920138889,0.9875518101704851,0.017083333333333332
held_out,peak_share,contrast,5,common,pooled,0.9987358072916667,0.998130047909235,0.0035416666666666665
held_out,peak_share,elastic_transform,1,common,pooled,0.5754246527777778,0.5418336602764936,0.881875
held_out,peak_share,elastic_transform,2,common,pooled,0.6255151041666667,0.5753649358373958,0.825
held_out,peak_share,elastic_transform,3,common,pooled,0.6939180555555555,0.6263175603970783,0.7110416666666667
held_out,peak_share,elastic_transform,4,common,pooled,0.7420963975694445,0.6663277536860746,0.6295833333333334
held_out,peak_share,elastic_transform,5,common,pooled,0.79797890625,0.7165940846516202,0.5039583333333333
held_out,peak_share,pixelate,1,common,pooled,0.7311759982638889,0.6646865959847414,0.66625
held_out,peak_share,pixelate,2,common,pooled,0.79898359375,0.731829359040327,0.5395833333333333
held_out,peak_share,pixelate,3,common,pooled,0.9291678819444444,0.8918057145987756,0.21958333333333332
held_out,peak_share,pixelate,4,common,pooled,0.9742480902777778,0.9578179922979705,0.07708333333333334
held_out,peak_share,pixelate,5,common,pooled,0.9873511284722222,0.9797692114303234,0.03666666666666667
held_out,peak_share,jpeg_compression,1,common,pooled,0.8319110677083333,0.753965235387771,0.43
held_out,peak_share,jpeg_compression,2,common,pooled,0.9006321614583334,0.8380454179965394,0.27729166666666666
held_out,peak_share,jpeg_compression,3,common,pooled,0.926539453125,0.873734534123235,0.21291666666666667
held_out,peak_share,jpeg_compression,4,common,pooled,0.9612009982638889,0.9262821790175152,0.10666666666666667
held_out,peak_share,jpeg_compression,5,common,pooled,0.9767589409722223,0.9526708804231204,0.06
held_out,peak_share,speckle_noise,1,extra,pooled,0.8452472222222223,0.8104519959552017,0.4945833333333333
held_out,peak_share,speckle_noise,2,extra,pooled,0.9054821614583334,0.8793886315332646,0.3333333333333333
held_out,peak_share,speckle_noise,3,extra,pooled,0.9722303385416666,0.9633560855518453,0.10354166666666667
held_out,peak_share,speckle_noise,4,extra,pooled,0.9853657552083334,0.9810593461041561,0.052708333333333336
held_out,peak_share,speckle_noise,5,extra,pooled,0.9931699652777778,0.9915467639218936,0.025416666666666667
held_out,peak_share,gaussian_blur,1,extra,pooled,0.7771597222222222,0.7066097026316502,0.556875
held_out,peak_share,gaussian_blur,2,extra,pooled,0.9672514756944445,0.9347757382094614,0.08291666666666667
held_out,peak_share,gaussian_blur,3,extra,pooled,0.9878412326388889,0.9734066826159039,0.027083333333333334
held_out,peak_share,gaussian_blur,4,extra,pooled,0.9939928385416666,0.9864030654389483,0.013333333333333334
held_out,peak_share,gaussian_blur,5,extra,pooled,0.9978655815972223,0.9955113044710214,0.004375
held_out,peak_share,spatter,1,extra,pooled,0.5166203993055556,0.5032147125241704,0.9377083333333334
held_out,peak_share,spatter,2,extra,pooled,0.8198846354166667,0.7575504533312136,0.5191666666666667
held_out,peak_share,spatter,3,extra,pooled,0.9198053819444444,0.883083183376703,0.2704166666666667
held_out,peak_share,spatter,4,extra,pooled,0.9727889756944444,0.9610127594874007,0.09479166666666666
held_out,peak_share,spatter,5,extra,pooled,0.9873703559027778,0.9819249450376317,0.0425
held_out,peak_share,saturate,1,extra,pooled,0.5799963758680555,0.546592847923913,0.8683333333333333
held_out,peak_share,saturate,2,extra,pooled,0.7011619574652778,0.636776437093916,0.705
held_out,peak_share,saturate,3,extra,pooled,0.6080034505208334,0.5716407768553626,0.8608333333333333
held_out,peak_share,saturate,4,extra,pooled,0.7979322482638889,0.7273464531410455,0.5154166666666666
held_out,peak_share,saturate,5,extra,pooled,0.8851440104166667,0.8305613321975961,0.3275
held_out,conditioned,gaussian_noise,1,common,pooled,0.9584460069444445,0.9140198372104122,0.10604166666666667
held_out,conditioned,gaussian_noise,2,common,pooled,0.9883348524305555,0.9725751229486084,0.029166666666666667
held_out,conditioned,gaussian_noise,3,common,pooled,0.9972977430555555,0.9941207406164732,0.006875
held_out,conditioned,gaussian_noise,4,common,pooled,0.9995262152777777,0.9993362984818749,0.00125
held_out,conditioned,gaussian_noise,5,common,pooled,0.9999890190972223,0.999988931335309,0.0
held_out,conditioned,shot_noise,1,common,pooled,0.9494481770833333,0.9091073949319189,0.13958333333333334
held_out,conditioned,shot_noise,2,common,pooled,0.9861703125,0.9741119109763833,0.036041666666666666
held_out,conditioned,shot_noise,3,common,pooled,0.9961190538194444,0.9935459613570335,0.009791666666666667
held_out,conditioned,shot_noise,4,common,pooled,0.9994191840277777,0.9993433107183837,0.0016666666666666668
held_out,conditioned,shot_noise,5,common,pooled,0.9998562065972222,0.9998580449856893,0.0004166666666666667
held_out,conditioned,impulse_noise,1,common,pooled,0.9915025173611111,0.9882972241725351,0.0325
held_out,conditioned,impulse_noise,2,common,pooled,0.9956749131944445,0.9931546626599284,0.013333333333333334
held_out,conditioned,impulse_noise,3,common,pooled,0.9976171440972222,0.9960122132476281,0.007291666666666667
held_out,conditioned,impulse_noise,4,common,pooled,0.9996056857638889,0.999466179374134,0.00125
held_out,conditioned,impulse_noise,5,common,pooled,0.9999912326388889,0.9999911642881231,0.0
held_out,conditioned,defocus_blur,1,common,pooled,0.8680631944444445,0.797547684277524,0.3589583333333333
held_out,conditioned,defocus_blur,2,common,pooled,0.9090134982638889,0.8485989211967155,0.24541666666666667
held_out,conditioned,defocus_blur,3,common,pooled,0.9244432725694445,0.860175321559758,0.18541666666666667
held_out,conditioned,defocus_blur,4,common,pooled,0.9334389756944445,0.8666963269683615,0.1525
held_out,conditioned,defocus_blur,5,common,pooled,0.9390251302083333,0.8711965076627449,0.13291666666666666
held_out,conditioned,glass_blur,1,common,pooled,0.7622466579861111,0.6812036390087521,0.591875
held_out,conditioned,glass_blur,2,common,pooled,0.8650696614583333,0.7873696657793225,0.35604166666666665
held_out,conditioned,glass_blur,3,common,pooled,0.9210093315972222,0.8524127038389746,0.20166666666666666
held_out,conditioned,glass_blur,4,common,pooled,0.9284659722222223,0.8607183493167043,0.17854166666666665
held_out,conditioned,glass_blur,5,common,pooled,0.9479019965277777,0.8911062993803207,0.1225
held_out,conditioned,motion_blur,1,common,pooled,0.8626963975694445,0.8194190883026901,0.4377083333333333
held_out,conditioned,motion_blur,2,common,pooled,0.9187451388888889,0.8874052906795845,0.27020833333333333
held_out,conditioned,motion_blur,3,common,pooled,0.9447047309027777,0.9227210000723781,0.185625
held_out,conditioned,motion_blur,4,common,pooled,0.9606495225694445,0.9448942639163207,0.13145833333333334
held_out,conditioned,motion_blur,5,common,pooled,0.9676844618055556,0.9544770947865869,0.108125
held_out,conditioned,zoom_blur,1,common,pooled,0.7343503472222223,0.632696346969336,0.56375
held_out,conditioned,zoom_blur,2,common,pooled,0.7685973090277778,0.6644015623230114,0.49875
held_out,conditioned,zoom_blur,3,common,pooled,0.6804590711805556,0.5851098151978839,0.64125
held_out,conditioned,zoom_blur,4,common,pooled,0.7068760850694444,0.6070070505406804,0.6025
held_out,conditioned,zoom_blur,5,common,pooled,0.6470013888888889,0.5612338323535089,0.6979166666666666
held_out,conditioned,snow,1,common,pooled,0.953542578125,0.9361416538587641,0.16291666666666665
held_out,conditioned,snow,2,common,pooled,0.9814664930555556,0.973727253468551,0.06208333333333333
held_out,conditioned,snow,3,common,pooled,0.9831794270833333,0.9755296223725183,0.05604166666666666
held_out,conditioned,snow,4,common,pooled,0.9884185329861112,0.9829017927821251,0.0375
held_out,conditioned,snow,5,common,pooled,0.9848995659722222,0.9773653502205779,0.04666666666666667
held_out,conditioned,frost,1,common,pooled,0.656521875,0.5861189816864629,0.7458333333333333
held_out,conditioned,frost,2,common,pooled,0.7629526475694445,0.66695117536218,0.54375
held_out,conditioned,frost,3,common,pooled,0.8157651475694444,0.7164656206308051,0.43583333333333335
held_out,conditioned,frost,4,common,pooled,0.8190247395833333,0.7178156596661097,0.42916666666666664
held_out,conditioned,frost,5,common,pooled,0.8437446180555556,0.7449100178453787,0.36791666666666667
held_out,conditioned,fog,1,common,pooled,0.5140909288194444,0.4785568178000932,0.8570833333333333
held_out,conditioned,fog,2,common,pooled,0.5497936197916666,0.4956659677916878,0.81
held_out,conditioned,fog,3,common,pooled,0.5792828559027777,0.5113423400646904,0.7658333333333334
held_out,conditioned,fog,4,common,pooled,0.5756575086805555,0.5082023423049649,0.7616666666666667
held_out,conditioned,fog,5,common,pooled,0.6218259548611111,0.5359470491029819,0.6814583333333334
held_out,conditioned,brightness,1,common,pooled,0.5376603732638889,0.523901396720814,0.9245833333333333
held_out,conditioned,brightness,2,common,pooled,0.6108806423611111,0.573114342583599,0.8547916666666666
held_out,conditioned,brightness,3,common,pooled,0.6846900607638889,0.6283869321162827,0.7433333333333333
held_out,conditioned,brightness,4,common,pooled,0.7576923177083333,0.6898228171889961,0.6095833333333334
held_out,conditioned,brightness,5,common,pooled,0.8154365017361112,0.7455643002179445,0.4816666666666667
held_out,conditioned,contrast,1,common,pooled,0.5285272135416667,0.4904546169395988,0.8558333333333333
held_out,conditioned,contrast,2,common,pooled,0.5816263888888888,0.5183436147798335,0.7804166666666666
held_out,conditioned,contrast,3,common,pooled,0.6566220052083334,0.5664553278317555,0.6608333333333334
held_out,conditioned,contrast,4,common,pooled,0.7764753038194444,0.6694246490345314,0.4633333333333333
held_out,conditioned,contrast,5,common,pooled,0.8867177517361111,0.7968065750720973,0.25708333333333333
held_out,conditioned,elastic_transform,1,common,pooled,0.6012856336805555,0.565232782464191,0.8677083333333333
held_out,conditioned,elastic_transform,2,common,pooled,0.6670126736111112,0.6190877821034357,0.810625
held_out,conditioned,elastic_transform,3,common,pooled,0.7527026909722222,0.6973191235139915,0.67625
held_out,conditioned,elastic_transform,4,common,pooled,0.80893828125,0.7543453965938347,0.5710416666666667
held_out,conditioned,elastic_transform,5,common,pooled,0.8687881944444444,0.818977457137505,0.4214583333333333
held_out,conditioned,pixelate,1,common,pooled,0.6841012152777778,0.6385284601516942,0.7927083333333333
held_out,conditioned,pixelate,2,common,pooled,0.741930859375,0.6982777404047844,0.710625
held_out,conditioned,pixelate,3,common,pooled,0.8913920138888889,0.8722069894932206,0.4114583333333333
held_out,conditioned,pixelate,4,common,pooled,0.9534328559027778,0.9448137072145308,0.18708333333333332
held_out,conditioned,pixelate,5,common,pooled,0.9768919704861111,0.9731143441390414,0.09854166666666667
held_out,conditioned,jpeg_compression,1,common,pooled,0.8142494791666667,0.7159793537646021,0.43666666666666665
held_out,conditioned,jpeg_compression,2,common,pooled,0.8949909288194444,0.8138160330324476,0.26145833333333335
held_out,conditioned,jpeg_compression,3,common,pooled,0.9249272135416666,0.8595129534712846,0.189375
held_out,conditioned,jpeg_compression,4,common,pooled,0.9637262152777778,0.9295002221633499,0.09645833333333333
held_out,conditioned,jpeg_compression,5,common,pooled,0.9791654947916667,0.9615442194481814,0.059583333333333335
held_out,conditioned,speckle_noise,1,extra,pooled,0.8866451822916667,0.8360403111415627,0.35333333333333333
held_out,conditioned,speckle_noise,2,extra,pooled,0.9389927951388889,0.9084635850946993,0.200625
held_out,conditioned,speckle_noise,3,extra,pooled,0.9861454427083334,0.9803937795775534,0.04666666666666667
held_out,conditioned,speckle_noise,4,extra,pooled,0.9935341579861111,0.9915246889234801,0.024375
held_out,conditioned,speckle_noise,5,extra,pooled,0.9973326388888889,0.9968542861662719,0.009375
held_out,conditioned,gaussian_blur,1,extra,pooled,0.7305120225694445,0.6556595849277009,0.6477083333333333
held_out,conditioned,gaussian_blur,2,extra,pooled,0.9103683159722222,0.8529776538666967,0.24791666666666667
held_out,conditioned,gaussian_blur,3,extra,pooled,0.93586640625,0.884531831912958,0.17125
held_out,conditioned,gaussian_blur,4,extra,pooled,0.9440674479166666,0.8889679755936944,0.13375
held_out,conditioned,gaussian_blur,5,extra,pooled,0.9550806423611111,0.8975732791055275,0.09270833333333334
held_out,conditioned,spatter,1,extra,pooled,0.5417541232638889,0.5223212864644711,0.9135416666666667
held_out,conditioned,spatter,2,extra,pooled,0.898667578125,0.8581795391420208,0.3385416666666667
held_out,conditioned,spatter,3,extra,pooled,0.9609981770833333,0.9456555187734244,0.14479166666666668
held_out,conditioned,spatter,4,extra,pooled,0.9927677951388889,0.991522566703699,0.03125
held_out,conditioned,spatter,5,extra,pooled,0.9975832899305556,0.9972344590094396,0.010416666666666666
held_out,conditioned,saturate,1,extra,pooled,0.5730231119791667,0.5360110631787138,0.858125
held_out,conditioned,saturate,2,extra,pooled,0.6822412543402778,0.6142317399929478,0.7070833333333333
held_out,conditioned,saturate,3,extra,pooled,0.6411813585069445,0.6032612096848363,0.845625
held_out,conditioned,saturate,4,extra,pooled,0.8406802083333333,0.7797330365843371,0.46208333333333335
held_out,conditioned,saturate,5,extra,pooled,0.9115405815972222,0.8770823060397619,0.2947916666666667
held_out,global_s123,gaussian_noise,1,common,pooled,0.932117578125,0.8951056249861208,0.20395833333333332
held_out,global_s123,gaussian_noise,2,common,pooled,0.9844167534722222,0.9723045495746316,0.04833333333333333
held_out,global_s123,gaussian_noise,3,common,pooled,0.9973862847222222,0.9953070377759438,0.007916666666666667
held_out,global_s123,gaussian_noise,4,common,pooled,0.9996584635416667,0.999556161589555,0.0010416666666666667
held_out,global_s123,gaussian_noise,5,common,pooled,0.9999933159722222,0.9999932695936867,0.0
held_out,global_s123,shot_noise,1,common,pooled,0.9160092013888889,0.8830667998238818,0.266875
held_out,global_s123,shot_noise,2,common,pooled,0.9804303819444444,0.9707192459576467,0.06479166666666666
held_out,global_s123,shot_noise,3,common,pooled,0.9957232638888889,0.9938092070865232,0.013333333333333334
held_out,global_s123,shot_noise,4,common,pooled,0.9994745659722222,0.9994235190824761,0.001875
held_out,global_s123,shot_noise,5,common,pooled,0.9998578125,0.9998614989969515,0.00020833333333333335
held_out,global_s123,impulse_noise,1,common,pooled,0.9879669270833333,0.9817012045689859,0.042083333333333334
held_out,global_s123,impulse_noise,2,common,pooled,0.9949307291666667,0.9917512669926354,0.015
held_out,global_s123,impulse_noise,3,common,pooled,0.9976087673611111,0.9960175130446598,0.005833333333333334
held_out,global_s123,impulse_noise,4,common,pooled,0.9997096354166667,0.9996159558455532,0.0008333333333333334
held_out,global_s123,impulse_noise,5,common,pooled,0.9999942708333334,0.9999942328165422,0.0
held_out,global_s123,defocus_blur,1,common,pooled,0.7978479600694445,0.7098732030071431,0.4839583333333333
held_out,global_s123,defocus_blur,2,common,pooled,0.8748484809027778,0.7910169223280344,0.291875
held_out,global_s123,defocus_blur,3,common,pooled,0.9230376736111111,0.8509766255579121,0.17041666666666666
held_out,global_s123,defocus_blur,4,common,pooled,0.947251171875,0.8876290284107211,0.10875
held_out,global_s123,defocus_blur,5,common,pooled,0.9583728732638889,0.9053076931566165,0.08020833333333334
held_out,global_s123,glass_blur,1,common,pooled,0.6650263454861111,0.5918863047399645,0.7414583333333333
held_out,global_s123,glass_blur,2,common,pooled,0.7996032118055556,0.7049566869236379,0.4710416666666667
held_out,global_s123,glass_blur,3,common,pooled,0.8801421875,0.7873775279400752,0.268125
held_out,global_s123,glass_blur,4,common,pooled,0.9029521267361111,0.8150622885609393,0.21416666666666667
held_out,global_s123,glass_blur,5,common,pooled,0.9395705295138889,0.8703129885618426,0.12520833333333334
held_out,global_s123,motion_blur,1,common,pooled,0.7888551649305555,0.7418304319080478,0.6116666666666667
held_out,global_s123,motion_blur,2,common,pooled,0.8830733940972222,0.8419829370278886,0.36375
held_out,global_s123,motion_blur,3,common,pooled,0.936404296875,0.906302741470112,0.19729166666666667
held_out,global_s123,motion_blur,4,common,pooled,0.9627152777777778,0.9419762059551894,0.11041666666666666
held_out,global_s123,motion_blur,5,common,pooled,0.9718703993055555,0.9548502896905252,0.081875
held_out,global_s123,zoom_blur,1,common,pooled,0.7169637152777778,0.6248359839142283,0.6220833333333333
held_out,global_s123,zoom_blur,2,common,pooled,0.7720922309027778,0.6709943584661091,0.5108333333333334
held_out,global_s123,zoom_blur,3,common,pooled,0.7073310763888889,0.6155640537487819,0.6345833333333334
held_out,global_s123,zoom_blur,4,common,pooled,0.7428733506944445,0.6437917581518267,0.566875
held_out,global_s123,zoom_blur,5,common,pooled,0.7026529513888888,0.6118475031051044,0.6375
held_out,global_s123,snow,1,common,pooled,0.9077455729166667,0.8771867905340679,0.31979166666666664
held_out,global_s123,snow,2,common,pooled,0.9630083767361111,0.9525859410496745,0.14458333333333334
held_out,global_s123,snow,3,common,pooled,0.9576276475694444,0.9416248963857945,0.15166666666666667
held_out,global_s123,snow,4,common,pooled,0.9682536458333333,0.9554770815898774,0.11229166666666666
held_out,global_s123,snow,5,common,pooled,0.9659302951388888,0.953746795214811,0.11833333333333333
held_out,global_s123,frost,1,common,pooled,0.5532660590277778,0.5249601106748569,0.8935416666666667
held_out,global_s123,frost,2,common,pooled,0.6599572048611111,0.5910955184878504,0.7610416666666666
held_out,global_s123,frost,3,common,pooled,0.7270177517361112,0.6439797773145719,0.6572916666666667
held_out,global_s123,frost,4,common,pooled,0.7342898871527778,0.6497160223421777,0.6445833333333333
held_out,global_s123,frost,5,common,pooled,0.7705742621527778,0.6842725375135269,0.598125
held_out,global_s123,fog,1,common,pooled,0.4675477430555556,0.45524424776840444,0.9064583333333334
held_out,global_s123,fog,2,common,pooled,0.4911911892361111,0.46597497761544193,0.8847916666666666
held_out,global_s123,fog,3,common,pooled,0.5181060763888888,0.4802351348299236,0.85875
held_out,global_s123,fog,4,common,pooled,0.5118232638888889,0.4755733136242939,0.8614583333333333
held_out,global_s123,fog,5,common,pooled,0.5333177083333334,0.4868420247091664,0.8404166666666667
held_out,global_s123,brightness,1,common,pooled,0.5188909722222222,0.5140146327346877,0.935625
held_out,global_s123,brightness,2,common,pooled,0.5644905381944444,0.545487594310053,0.8979166666666667
held_out,global_s123,brightness,3,common,pooled,0.6175956597222222,0.5836946803918401,0.8377083333333334
held_out,global_s123,brightness,4,common,pooled,0.6774055989583333,0.6294364979992,0.7602083333333334
held_out,global_s123,brightness,5,common,pooled,0.7345067708333334,0.6771066788432072,0.6652083333333333
held_out,global_s123,contrast,1,common,pooled,0.4990112847222222,0.4793817407470772,0.9
held_out,global_s123,contrast,2,common,pooled,0.5385501736111111,0.5011508776227211,0.859375
held_out,global_s123,contrast,3,common,pooled,0.6123170572916666,0.5492725865305006,0.7791666666666667
held_out,global_s123,contrast,4,common,pooled,0.76693828125,0.6777391547451177,0.5458333333333333
held_out,global_s123,contrast,5,common,pooled,0.8991615017361111,0.8240318017836625,0.24625
held_out,global_s123,elastic_transform,1,common,pooled,0.5175494357638889,0.5040609041109398,0.935625
held_out,global_s123,elastic_transform,2,common,pooled,0.5569224392361111,0.5309998099345755,0.9022916666666667
held_out,global_s123,elastic_transform,3,common,pooled,0.62185859375,0.5806102157979598,0.8395833333333333
held_out,global_s123,elastic_transform,4,common,pooled,0.6735095052083333,0.6249026570251907,0.7866666666666666
held_out,global_s123,elastic_transform,5,common,pooled,0.7395319444444445,0.6864278316111663,0.6897916666666667
held_out,global_s123,pixelate,1,common,pooled,0.5943295572916667,0.5600827534684228,0.8472916666666667
held_out,global_s123,pixelate,2,common,pooled,0.6558757378472222,0.609527137952743,0.7783333333333333
held_out,global_s123,pixelate,3,common,pooled,0.8309045138888889,0.7917870013112793,0.4691666666666667
held_out,global_s123,pixelate,4,common,pooled,0.9254194444444445,0.9017490866118989,0.23458333333333334
held_out,global_s123,pixelate,5,common,pooled,0.9622015190972222,0.9500667158638011,0.13
held_out,global_s123,jpeg_compression,1,common,pooled,0.6355932291666667,0.5689342837745096,0.7539583333333333
held_out,global_s123,jpeg_compression,2,common,pooled,0.7450593315972223,0.6557475279659136,0.5991666666666666
held_out,global_s123,jpeg_compression,3,common,pooled,0.8082059027777778,0.7189201040834564,0.474375
held_out,global_s123,jpeg_compression,4,common,pooled,0.9109178385416666,0.8513807920564701,0.24770833333333334
held_out,global_s123,jpeg_compression,5,common,pooled,0.954897265625,0.9245911858232755,0.13916666666666666
held_out,global_s123,speckle_noise,1,extra,pooled,0.82569921875,0.7912433568646531,0.5354166666666667
held_out,global_s123,speckle_noise,2,extra,pooled,0.901475,0.877809519791107,0.3545833333333333
held_out,global_s123,speckle_noise,3,extra,pooled,0.9805133680555556,0.9757817659774412,0.07645833333333334
held_out,global_s123,speckle_noise,4,extra,pooled,0.9920138020833333,0.9903816763484212,0.03208333333333333
held_out,global_s123,speckle_noise,5,extra,pooled,0.9971286892361111,0.9967440836845046,0.010416666666666666
held_out,global_s123,gaussian_blur,1,extra,pooled,0.6374217013888889,0.5780798247596781,0.79
held_out,global_s123,gaussian_blur,2,extra,pooled,0.8744860677083334,0.7914993637223313,0.29604166666666665
held_out,global_s123,gaussian_blur,3,extra,pooled,0.9314638454861112,0.8650645587991403,0.14958333333333335
held_out,global_s123,gaussian_blur,4,extra,pooled,0.9526017361111111,0.8970538264675659,0.095625
held_out,global_s123,gaussian_blur,5,extra,pooled,0.9712679253472222,0.9286133307667291,0.05625
held_out,global_s123,spatter,1,extra,pooled,0.4978673177083333,0.4952419900895091,0.94
held_out,global_s123,spatter,2,extra,pooled,0.8250489583333334,0.7628857276687036,0.49270833333333336
held_out,global_s123,spatter,3,extra,pooled,0.9349522135416667,0.9029688018266072,0.213125
held_out,global_s123,spatter,4,extra,pooled,0.9848788194444444,0.9819047743486595,0.063125
held_out,global_s123,spatter,5,extra,pooled,0.9947269965277777,0.9935415951325072,0.02020833333333333
held_out,global_s123,saturate,1,extra,pooled,0.5348431640625,0.51479836451209,0.9008333333333334
held_out,global_s123,saturate,2,extra,pooled,0.6103899956597222,0.5654617074102242,0.8147916666666667
held_out,global_s123,saturate,3,extra,pooled,0.5888899956597222,0.5668915420319662,0.8941666666666667
held_out,global_s123,saturate,4,extra,pooled,0.7279338975694445,0.6763718585384577,0.68875
held_out,global_s123,saturate,5,extra,pooled,0.8224088975694445,0.7774954778807668,0.5225
held_out,ch_means_knn,gaussian_noise,1,common,pooled,0.9293806857638889,0.8565385470582596,0.15104166666666666
held_out,ch_means_knn,gaussian_noise,2,common,pooled,0.976839453125,0.9388810865974926,0.045
held_out,ch_means_knn,gaussian_noise,3,common,pooled,0.9926980902777778,0.9801339694336817,0.012708333333333334
held_out,ch_means_knn,gaussian_noise,4,common,pooled,0.99848046875,0.9959949652545325,0.0035416666666666665
held_out,ch_means_knn,gaussian_noise,5,common,pooled,0.9997881510416666,0.9996864808599484,0.000625
held_out,ch_means_knn,shot_noise,1,common,pooled,0.9181475694444444,0.8526637587288673,0.20895833333333333
held_out,ch_means_knn,shot_noise,2,common,pooled,0.9738984809027778,0.9429289782002176,0.06041666666666667
held_out,ch_means_knn,shot_noise,3,common,pooled,0.9910167534722222,0.9810623398725444,0.018125
held_out,ch_means_knn,shot_noise,4,common,pooled,0.9983493055555556,0.9972874446622806,0.003958333333333334
held_out,ch_means_knn,shot_noise,5,common,pooled,0.9994796875,0.999437041816615,0.0010416666666666667
held_out,ch_means_knn,impulse_noise,1,common,pooled,0.9877302517361111,0.9830565459377215,0.048125
held_out,ch_means_knn,impulse_noise,2,common,pooled,0.9917970052083334,0.9861004247308343,0.0225
held_out,ch_means_knn,impulse_noise,3,common,pooled,0.9943142795138888,0.9893969979832093,0.013541666666666667
held_out,ch_means_knn,impulse_noise,4,common,pooled,0.9987176649305556,0.9972828516215304,0.003125
held_out,ch_means_knn,impulse_noise,5,common,pooled,0.999775390625,0.9996593485853652,0.000625
held_out,ch_means_knn,defocus_blur,1,common,pooled,0.7330793402777778,0.6460303485601652,0.6172916666666667
held_out,ch_means_knn,defocus_blur,2,common,pooled,0.7976935329861111,0.7029556953347453,0.48354166666666665
held_out,ch_means_knn,defocus_blur,3,common,pooled,0.8333661458333333,0.7326403207633859,0.38354166666666667
held_out,ch_means_knn,defocus_blur,4,common,pooled,0.8528615017361111,0.7499616746588428,0.334375
held_out,ch_means_knn,defocus_blur,5,common,pooled,0.8575468315972222,0.751272173461885,0.31895833333333334
held_out,ch_means_knn,glass_blur,1,common,pooled,0.5978420138888889,0.5373848056382706,0.80375
held_out,ch_means_knn,glass_blur,2,common,pooled,0.6935266059027778,0.5995069059357887,0.6491666666666667
held_out,ch_means_knn,glass_blur,3,common,pooled,0.7814221788194444,0.6698466133968481,0.49270833333333336
held_out,ch_means_knn,glass_blur,4,common,pooled,0.78111328125,0.6643390572302942,0.4725
held_out,ch_means_knn,glass_blur,5,common,pooled,0.8243352864583333,0.7068165838251179,0.36625
held_out,ch_means_knn,motion_blur,1,common,pooled,0.8224740885416667,0.7786203600840694,0.5652083333333333
held_out,ch_means_knn,motion_blur,2,common,pooled,0.8769297309027778,0.8433460167255713,0.425625
held_out,ch_means_knn,motion_blur,3,common,pooled,0.9095029079861111,0.8843752338969293,0.3308333333333333
held_out,ch_means_knn,motion_blur,4,common,pooled,0.9342973958333334,0.9151219148677656,0.238125
held_out,ch_means_knn,motion_blur,5,common,pooled,0.9442998697916667,0.9272854935000536,0.21458333333333332
held_out,ch_means_knn,zoom_blur,1,common,pooled,0.6459160590277778,0.5625461214305146,0.73875
held_out,ch_means_knn,zoom_blur,2,common,pooled,0.672698046875,0.5821055785924097,0.6914583333333333
held_out,ch_means_knn,zoom_blur,3,common,pooled,0.6213694010416667,0.5404506838422363,0.7547916666666666
held_out,ch_means_knn,zoom_blur,4,common,pooled,0.6379819444444444,0.5510106339527571,0.7291666666666666
held_out,ch_means_knn,zoom_blur,5,common,pooled,0.6054560763888889,0.5287001639435235,0.7704166666666666
held_out,ch_means_knn,snow,1,common,pooled,0.951162109375,0.9347706486175846,0.17375
held_out,ch_means_knn,snow,2,common,pooled,0.9768123263888889,0.9704196515800734,0.07020833333333333
held_out,ch_means_knn,snow,3,common,pooled,0.976593359375,0.969660762846719,0.06958333333333333
held_out,ch_means_knn,snow,4,common,pooled,0.9785817274305556,0.9738202670302614,0.059375
held_out,ch_means_knn,snow,5,common,pooled,0.9734210069444444,0.9693875990450986,0.08083333333333333
held_out,ch_means_knn,frost,1,common,pooled,0.6703892361111111,0.591363868501219,0.7102083333333333
held_out,ch_means_knn,frost,2,common,pooled,0.7680355034722223,0.6653466656434119,0.5191666666666667
held_out,ch_means_knn,frost,3,common,pooled,0.8142586371527778,0.708116704526343,0.4429166666666667
held_out,ch_means_knn,frost,4,common,pooled,0.8178478298611112,0.7100604618746877,0.421875
held_out,ch_means_knn,frost,5,common,pooled,0.8400171440972222,0.7341119180420169,0.36083333333333334
held_out,ch_means_knn,fog,1,common,pooled,0.45442391493055556,0.45019546789257114,0.9210416666666666
held_out,ch_means_knn,fog,2,common,pooled,0.4704405381944444,0.45591772636799105,0.90625
held_out,ch_means_knn,fog,3,common,pooled,0.4836122395833333,0.46056437082047363,0.886875
held_out,ch_means_knn,fog,4,common,pooled,0.4820181423611111,0.45834825481954766,0.8810416666666666
held_out,ch_means_knn,fog,5,common,pooled,0.5257278211805556,0.4754603320392746,0.7983333333333333
held_out,ch_means_knn,brightness,1,common,pooled,0.5416473090277778,0.5255690335223243,0.9264583333333334
held_out,ch_means_knn,brightness,2,common,pooled,0.632617578125,0.5873762454779307,0.8522916666666667
held_out,ch_means_knn,brightness,3,common,pooled,0.7272782986111112,0.6632765419075821,0.7152083333333333
held_out,ch_means_knn,brightness,4,common,pooled,0.8111407118055556,0.7424457277544632,0.5454166666666667
held_out,ch_means_knn,brightness,5,common,pooled,0.8656262586805555,0.8033113240477829,0.41375
held_out,ch_means_knn,contrast,1,common,pooled,0.5033520399305556,0.4798387660784933,0.9125
held_out,ch_means_knn,contrast,2,common,pooled,0.5342838975694445,0.4951617761326166,0.88875
held_out,ch_means_knn,contrast,3,common,pooled,0.5662447916666666,0.5128189923814496,0.8672916666666667
held_out,ch_means_knn,contrast,4,common,pooled,0.5877838541666667,0.5236068513591455,0.8214583333333333
held_out,ch_means_knn,contrast,5,common,pooled,0.5947123697916666,0.5195573472402226,0.7527083333333333
held_out,ch_means_knn,elastic_transform,1,common,pooled,0.5533498263888889,0.5252818899639605,0.9145833333333333
held_out,ch_means_knn,elastic_transform,2,common,pooled,0.6149492621527778,0.5710480255509764,0.87125
held_out,ch_means_knn,elastic_transform,3,common,pooled,0.7072506510416666,0.6510174229760317,0.7808333333333334
held_out,ch_means_knn,elastic_transform,4,common,pooled,0.7728237847222222,0.7154270892501976,0.6783333333333333
held_out,ch_means_knn,elastic_transform,5,common,pooled,0.8463695746527777,0.7935539203707742,0.50875
held_out,ch_means_knn,pixelate,1,common,pooled,0.7006904513888889,0.6606936968104042,0.810625
held_out,ch_means_knn,pixelate,2,common,pooled,0.7669842881944444,0.7330087404408898,0.7335416666666666
held_out,ch_means_knn,pixelate,3,common,pooled,0.9090966145833334,0.8967170624271443,0.36583333333333334
held_out,ch_means_knn,pixelate,4,common,pooled,0.9602298611111111,0.9565187048378379,0.16416666666666666
held_out,ch_means_knn,pixelate,5,common,pooled,0.9789345052083334,0.9778163621415628,0.084375
held_out,ch_means_knn,jpeg_compression,1,common,pooled,0.8042486545138889,0.7063197796984345,0.45625
held_out,ch_means_knn,jpeg_compression,2,common,pooled,0.8873143663194445,0.8038782724104896,0.27708333333333335
held_out,ch_means_knn,jpeg_compression,3,common,pooled,0.9193830295138888,0.8512615177628069,0.19395833333333334
held_out,ch_means_knn,jpeg_compression,4,common,pooled,0.9614145399305556,0.9246106636224777,0.09625
held_out,ch_means_knn,jpeg_compression,5,common,pooled,0.9776896701388889,0.9597411889007629,0.060208333333333336
held_out,ch_means_knn,speckle_noise,1,extra,pooled,0.8524544704861111,0.7838968712690388,0.42020833333333335
held_out,ch_means_knn,speckle_noise,2,extra,pooled,0.9132115017361111,0.8613920493995753,0.2579166666666667
held_out,ch_means_knn,speckle_noise,3,extra,pooled,0.9772549913194445,0.9617434626018023,0.07020833333333333
held_out,ch_means_knn,speckle_noise,4,extra,pooled,0.9884512152777778,0.9821821845164939,0.035208333333333335
held_out,ch_means_knn,speckle_noise,5,extra,pooled,0.9947815538194444,0.9930161387994672,0.01625
held_out,ch_means_knn,gaussian_blur,1,extra,pooled,0.616795703125,0.562225968401862,0.8091666666666667
held_out,ch_means_knn,gaussian_blur,2,extra,pooled,0.8096474826388889,0.7189622157006363,0.47208333333333335
held_out,ch_means_knn,gaussian_blur,3,extra,pooled,0.8640732204861111,0.7749141797581831,0.33125
held_out,ch_means_knn,gaussian_blur,4,extra,pooled,0.8816789930555555,0.7912774392674401,0.28541666666666665
held_out,ch_means_knn,gaussian_blur,5,extra,pooled,0.8940983506944444,0.8002788064838426,0.244375
held_out,ch_means_knn,spatter,1,extra,pooled,0.5587085069444444,0.5332451613947258,0.90125
held_out,ch_means_knn,spatter,2,extra,pooled,0.8837685763888888,0.8469886819819785,0.44083333333333335
held_out,ch_means_knn,spatter,3,extra,pooled,0.9398812934027778,0.9179337194511491,0.25083333333333335
held_out,ch_means_knn,spatter,4,extra,pooled,0.9840401909722222,0.9810768625513142,0.06333333333333334
held_out,ch_means_knn,spatter,5,extra,pooled,0.9925123697916667,0.9907990467507395,0.029583333333333333
held_out,ch_means_knn,saturate,1,extra,pooled,0.5663933376736111,0.5316325937499512,0.865
held_out,ch_means_knn,saturate,2,extra,pooled,0.6458076605902778,0.5897076128085932,0.7833333333333333
held_out,ch_means_knn,saturate,3,extra,pooled,0.6634929470486111,0.6206428324692699,0.8185416666666666
held_out,ch_means_knn,saturate,4,extra,pooled,0.8874287326388889,0.8289973847086343,0.33208333333333334
held_out,ch_means_knn,saturate,5,extra,pooled,0.9423716145833333,0.9142745052990962,0.19229166666666667
held_out,ch_means_own,gaussian_noise,1,common,pooled,0.8890185329861111,0.8284514329457542,0.30083333333333334
held_out,ch_means_own,gaussian_noise,2,common,pooled,0.96555546875,0.9358010336688131,0.096875
held_out,ch_means_own,gaussian_noise,3,common,pooled,0.9914185763888889,0.9838824630802206,0.021458333333333333
held_out,ch_means_own,gaussian_noise,4,common,pooled,0.9983423177083334,0.9977302750304958,0.005625
held_out,ch_means_own,gaussian_noise,5,common,pooled,0.9999570746527778,0.9999564394974022,0.00020833333333333335
held_out,ch_means_own,shot_noise,1,common,pooled,0.8719282552083333,0.8182065579286917,0.3647916666666667
held_out,ch_means_own,shot_noise,2,common,pooled,0.9604328559027778,0.935966916192001,0.11833333333333333
held_out,ch_means_own,shot_noise,3,common,pooled,0.9883859375,0.981323554804436,0.029583333333333333
held_out,ch_means_own,shot_noise,4,common,pooled,0.9981717013888889,0.99781924021206,0.0060416666666666665
held_out,ch_means_own,shot_noise,5,common,pooled,0.9996082465277778,0.9996116838757213,0.0016666666666666668
held_out,ch_means_own,impulse_noise,1,common,pooled,0.9779875,0.965871673209093,0.06979166666666667
held_out,ch_means_own,impulse_noise,2,common,pooled,0.9872947048611111,0.978592988851916,0.032916666666666664
held_out,ch_means_own,impulse_noise,3,common,pooled,0.9925391927083334,0.9872585483280661,0.018125
held_out,ch_means_own,impulse_noise,4,common,pooled,0.9986395399305555,0.9981545348092812,0.004375
held_out,ch_means_own,impulse_noise,5,common,pooled,0.9999689236111111,0.999968541320602,0.00020833333333333335
held_out,ch_means_own,defocus_blur,1,common,pooled,0.7430212239583334,0.6585385229371123,0.59625
held_out,ch_means_own,defocus_blur,2,common,pooled,0.822263671875,0.7310187675901669,0.4141666666666667
held_out,ch_means_own,defocus_blur,3,common,pooled,0.8840162760416667,0.7971692584481367,0.26104166666666667
held_out,ch_means_own,defocus_blur,4,common,pooled,0.9203842881944444,0.8452922441454724,0.16958333333333334
held_out,ch_means_own,defocus_blur,5,common,pooled,0.9383350694444444,0.8704889832521818,0.13104166666666667
held_out,ch_means_own,glass_blur,1,common,pooled,0.6213118489583334,0.5620714485098067,0.8089583333333333
held_out,ch_means_own,glass_blur,2,common,pooled,0.7557797743055555,0.665682134061674,0.5779166666666666
held_out,ch_means_own,glass_blur,3,common,pooled,0.8778879340277778,0.7861710035953143,0.278125
held_out,ch_means_own,glass_blur,4,common,pooled,0.9000305989583334,0.81324119554193,0.223125
held_out,ch_means_own,glass_blur,5,common,pooled,0.9321125434027778,0.8600169557824064,0.1475
held_out,ch_means_own,motion_blur,1,common,pooled,0.7439059461805556,0.69205253529362,0.6927083333333334
held_out,ch_means_own,motion_blur,2,common,pooled,0.8394556423611111,0.7881539502883356,0.4658333333333333
held_out,ch_means_own,motion_blur,3,common,pooled,0.9055915798611112,0.8642286230469923,0.275625
held_out,ch_means_own,motion_blur,4,common,pooled,0.943052734375,0.913612300150535,0.16541666666666666
held_out,ch_means_own,motion_blur,5,common,pooled,0.9564697048611112,0.9316755415452624,0.13104166666666667
held_out,ch_means_own,zoom_blur,1,common,pooled,0.6799380208333333,0.5947092574839928,0.6895833333333333
held_out,ch_means_own,zoom_blur,2,common,pooled,0.7393365451388889,0.6417220604541585,0.58
held_out,ch_means_own,zoom_blur,3,common,pooled,0.6735444010416667,0.5860272418607283,0.69125
held_out,ch_means_own,zoom_blur,4,common,pooled,0.7125514756944444,0.6153992070247375,0.6154166666666666
held_out,ch_means_own,zoom_blur,5,common,pooled,0.6710192708333333,0.5832993355924185,0.6845833333333333
held_out,ch_means_own,snow,1,common,pooled,0.8868119791666667,0.8543590735956095,0.39625
held_out,ch_means_own,snow,2,common,pooled,0.9447675347222222,0.9276520522176006,0.20583333333333334
held_out,ch_means_own,snow,3,common,pooled,0.9404977864583334,0.9188710629015707,0.21458333333333332
held_out,ch_means_own,snow,4,common,pooled,0.9562132378472222,0.9387106049422558,0.15416666666666667
held_out,ch_means_own,snow,5,common,pooled,0.9503840711805556,0.9304375093632763,0.16666666666666666
held_out,ch_means_own,frost,1,common,pooled,0.5174880642361112,0.5015292410747829,0.9189583333333333
held_out,ch_means_own,frost,2,common,pooled,0.6177452690972223,0.5592784220644147,0.81125
held_out,ch_means_own,frost,3,common,pooled,0.6890518229166667,0.6117981054693039,0.7179166666666666
held_out,ch_means_own,frost,4,common,pooled,0.6972824652777778,0.6183290417115024,0.7089583333333334
held_out,ch_means_own,frost,5,common,pooled,0.7379351128472222,0.653962721175824,0.65625
held_out,ch_means_own,fog,1,common,pooled,0.4420118055555556,0.44377074851390885,0.931875
held_out,ch_means_own,fog,2,common,pooled,0.45766102430555555,0.449579973027011,0.9170833333333334
held_out,ch_means_own,fog,3,common,pooled,0.4777483940972222,0.4590037072241621,0.904375
held_out,ch_means_own,fog,4,common,pooled,0.4725480034722222,0.45559225374445844,0.9066666666666666
held_out,ch_means_own,fog,5,common,pooled,0.4950405815972222,0.46784693617186035,0.8927083333333333
held_out,ch_means_own,brightness,1,common,pooled,0.5104154079861111,0.5077604216915571,0.94375
held_out,ch_means_own,brightness,2,common,pooled,0.5454757378472223,0.5306297380201741,0.91625
held_out,ch_means_own,brightness,3,common,pooled,0.5908642361111112,0.5611310904040759,0.87375
held_out,ch_means_own,brightness,4,common,pooled,0.6461800347222222,0.6001284460941977,0.805
held_out,ch_means_own,brightness,5,common,pooled,0.7024641927083334,0.6431693110407178,0.711875
held_out,ch_means_own,contrast,1,common,pooled,0.4760232204861111,0.4674116682778723,0.9258333333333333
held_out,ch_means_own,contrast,2,common,pooled,0.5048354600694445,0.4817606545761194,0.9010416666666666
held_out,ch_means_own,contrast,3,common,pooled,0.5656593315972223,0.5178501412399463,0.83875
held_out,ch_means_own,contrast,4,common,pooled,0.7161280815972222,0.6307880329615569,0.6370833333333333
held_out,ch_means_own,contrast,5,common,pooled,0.8724048177083333,0.7886382578676645,0.31375
held_out,ch_means_own,elastic_transform,1,common,pooled,0.5328648871527778,0.5171658614796635,0.931875
held_out,ch_means_own,elastic_transform,2,common,pooled,0.5879309461805555,0.5567252379303214,0.8947916666666667
held_out,ch_means_own,elastic_transform,3,common,pooled,0.6722609375,0.6264295181848012,0.8052083333333333
held_out,ch_means_own,elastic_transform,4,common,pooled,0.7341927083333334,0.6844966145544349,0.7179166666666666
held_out,ch_means_own,elastic_transform,5,common,pooled,0.8073928385416667,0.7590041125884206,0.569375
held_out,ch_means_own,pixelate,1,common,pooled,0.5763099392361111,0.5507648147100438,0.88
held_out,ch_means_own,pixelate,2,common,pooled,0.6409414930555556,0.6046836164148106,0.8110416666666667
held_out,ch_means_own,pixelate,3,common,pooled,0.8358792534722223,0.8076457696149073,0.5008333333333334
held_out,ch_means_own,pixelate,4,common,pooled,0.9360747395833333,0.919384442965553,0.216875
held_out,ch_means_own,pixelate,5,common,pooled,0.9695659288194445,0.9609392550845934,0.11125
held_out,ch_means_own,jpeg_compression,1,common,pooled,0.605478515625,0.5526663270632564,0.8125
held_out,ch_means_own,jpeg_compression,2,common,pooled,0.7248445746527777,0.6462496287117339,0.6483333333333333
held_out,ch_means_own,jpeg_compression,3,common,pooled,0.7968504340277778,0.7165799788020418,0.530625
held_out,ch_means_own,jpeg_compression,4,common,pooled,0.9134578125,0.8602745645873,0.2577083333333333
held_out,ch_means_own,jpeg_compression,5,common,pooled,0.9593754340277778,0.9331275361845968,0.13
held_out,ch_means_own,speckle_noise,1,extra,pooled,0.7769766493055555,0.7278219373118474,0.6129166666666667
held_out,ch_means_own,speckle_noise,2,extra,pooled,0.859415625,0.8178257964316403,0.44104166666666667
held_out,ch_means_own,speckle_noise,3,extra,pooled,0.9640231770833333,0.9504355808235687,0.12708333333333333
held_out,ch_means_own,speckle_noise,4,extra,pooled,0.9832453125,0.9774582693596281,0.057916666666666665
held_out,ch_means_own,speckle_noise,5,extra,pooled,0.9931253038194444,0.9914467479580878,0.02375
held_out,ch_means_own,gaussian_blur,1,extra,pooled,0.6042820746527777,0.555386903566025,0.8354166666666667
held_out,ch_means_own,gaussian_blur,2,extra,pooled,0.8223049913194445,0.732838212128404,0.4214583333333333
held_out,ch_means_own,gaussian_blur,3,extra,pooled,0.8927455295138889,0.8103918259881792,0.24583333333333332
held_out,ch_means_own,gaussian_blur,4,extra,pooled,0.9253703993055555,0.8528687614933681,0.160625
held_out,ch_means_own,gaussian_blur,5,extra,pooled,0.9571549479166667,0.9001483745074687,0.09104166666666667
held_out,ch_means_own,spatter,1,extra,pooled,0.5112772569444445,0.5063774932051633,0.9375
held_out,ch_means_own,spatter,2,extra,pooled,0.8394807291666667,0.7889172656514004,0.4895833333333333
held_out,ch_means_own,spatter,3,extra,pooled,0.9250223958333333,0.8896662584220372,0.2475
held_out,ch_means_own,spatter,4,extra,pooled,0.9815475260416666,0.9778925783027153,0.07729166666666666
held_out,ch_means_own,spatter,5,extra,pooled,0.9925065104166667,0.9906785724770487,0.027916666666666666
held_out,ch_means_own,saturate,1,extra,pooled,0.5130927734375,0.5008200087253698,0.9208333333333333
held_out,ch_means_own,saturate,2,extra,pooled,0.5735046657986111,0.5391604589935831,0.8675
held_out,ch_means_own,saturate,3,extra,pooled,0.5727188151041667,0.5536632584203609,0.913125
held_out,ch_means_own,saturate,4,extra,pooled,0.6872305989583334,0.6379129407076712,0.7514583333333333
held_out,ch_means_own,saturate,5,extra,pooled,0.7855632378472223,0.7353644433056666,0.5927083333333333
held_out,cdf,gaussian_noise,1,common,pooled,0.8928079427083333,0.8275365773960834,0.25416666666666665
held_out,cdf,gaussian_noise,2,common,pooled,0.9653498697916667,0.9358662620296415,0.08458333333333333
held_out,cdf,gaussian_noise,3,common,pooled,0.9917385850694445,0.9846735989464949,0.019791666666666666
held_out,cdf,gaussian_noise,4,common,pooled,0.9985481336805555,0.9979847670144224,0.004375
held_out,cdf,gaussian_noise,5,common,pooled,0.9999701822916667,0.9999696434103273,0.00020833333333333335
held_out,cdf,shot_noise,1,common,pooled,0.8763674045138888,0.8182773048443205,0.3145833333333333
held_out,cdf,shot_noise,2,common,pooled,0.9600598958333333,0.9349454976078275,0.10854166666666666
held_out,cdf,shot_noise,3,common,pooled,0.9883743489583333,0.9813496940790449,0.031041666666666665
held_out,cdf,shot_noise,4,common,pooled,0.9983236545138889,0.9979388315871409,0.005833333333333334
held_out,cdf,shot_noise,5,common,pooled,0.9996841579861111,0.9996729383728857,0.0010416666666666667
held_out,cdf,impulse_noise,1,common,pooled,0.9674142361111111,0.940985045299071,0.08041666666666666
held_out,cdf,impulse_noise,2,common,pooled,0.9835753038194445,0.968641132493539,0.038125
held_out,cdf,impulse_noise,3,common,pooled,0.9917009114583333,0.9841981858391992,0.018958333333333334
held_out,cdf,impulse_noise,4,common,pooled,0.9988366319444445,0.998360276277401,0.0035416666666666665
held_out,cdf,impulse_noise,5,common,pooled,0.9999828559027778,0.9999826290573547,0.0
held_out,cdf,defocus_blur,1,common,pooled,0.7951697048611112,0.7119225882551429,0.4664583333333333
held_out,cdf,defocus_blur,2,common,pooled,0.8741762586805556,0.7965406254304868,0.28291666666666665
held_out,cdf,defocus_blur,3,common,pooled,0.9366307725694445,0.8817036956676759,0.13729166666666667
held_out,cdf,defocus_blur,4,common,pooled,0.9645407552083334,0.9274489246813428,0.07666666666666666
held_out,cdf,defocus_blur,5,common,pooled,0.9777423177083333,0.9515369092155636,0.04625
held_out,cdf,glass_blur,1,common,pooled,0.6776676649305555,0.6143011866156929,0.7204166666666667
held_out,cdf,glass_blur,2,common,pooled,0.798668359375,0.7163610799618766,0.47020833333333334
held_out,cdf,glass_blur,3,common,pooled,0.8998891927083333,0.8241339885252323,0.21666666666666667
held_out,cdf,glass_blur,4,common,pooled,0.9267003038194445,0.8621237425129045,0.15333333333333332
held_out,cdf,glass_blur,5,common,pooled,0.9616191840277778,0.9188031426490695,0.07833333333333334
held_out,cdf,motion_blur,1,common,pooled,0.7070196614583333,0.6436787753478509,0.6904166666666667
held_out,cdf,motion_blur,2,common,pooled,0.810028515625,0.7402572950878671,0.47
held_out,cdf,motion_blur,3,common,pooled,0.8921576388888889,0.834398589621867,0.279375
held_out,cdf,motion_blur,4,common,pooled,0.9405502604166667,0.8995469493456097,0.15625
held_out,cdf,motion_blur,5,common,pooled,0.9582235677083333,0.9257092330447825,0.11208333333333333
held_out,cdf,zoom_blur,1,common,pooled,0.7847922309027778,0.7034860625561277,0.5066666666666667
held_out,cdf,zoom_blur,2,common,pooled,0.8458539496527778,0.7650765158708257,0.3670833333333333
held_out,cdf,zoom_blur,3,common,pooled,0.8111276475694444,0.7352152379453935,0.4714583333333333
held_out,cdf,zoom_blur,4,common,pooled,0.8473350260416667,0.7722916858134854,0.38666666666666666
held_out,cdf,zoom_blur,5,common,pooled,0.8273697916666667,0.7536982052453729,0.4395833333333333
held_out,cdf,snow,1,common,pooled,0.8301016493055555,0.7588462150908399,0.445
held_out,cdf,snow,2,common,pooled,0.9175256076388889,0.8782167377496205,0.24166666666666667
held_out,cdf,snow,3,common,pooled,0.9111748263888889,0.861007621034634,0.25083333333333335
held_out,cdf,snow,4,common,pooled,0.934876953125,0.8944560895057143,0.19104166666666667
held_out,cdf,snow,5,common,pooled,0.9300624565972222,0.8948893724950088,0.20395833333333332
held_out,cdf,frost,1,common,pooled,0.5434799479166667,0.5232029772092671,0.903125
held_out,cdf,frost,2,common,pooled,0.6580655381944445,0.5947163688535095,0.764375
held_out,cdf,frost,3,common,pooled,0.7326790798611111,0.6542830465651316,0.638125
held_out,cdf,frost,4,common,pooled,0.7419786892361111,0.6614149192642207,0.631875
held_out,cdf,frost,5,common,pooled,0.7833466579861111,0.6998744146193332,0.5625
held_out,cdf,fog,1,common,pooled,0.6368138454861111,0.5961770241557186,0.8208333333333333
held_out,cdf,fog,2,common,pooled,0.6914628472222222,0.6406718275146821,0.7454166666666666
held_out,cdf,fog,3,common,pooled,0.7334782552083333,0.6776486942576563,0.674375
held_out,cdf,fog,4,common,pooled,0.7235547309027778,0.6640692585801631,0.6877083333333334
held_out,cdf,fog,5,common,pooled,0.75150234375,0.6844870569965119,0.6235416666666667
held_out,cdf,brightness,1,common,pooled,0.5103722222222222,0.5096777169741122,0.9420833333333334
held_out,cdf,brightness,2,common,pooled,0.5446154513888889,0.5335614028691695,0.9120833333333334
held_out,cdf,brightness,3,common,pooled,0.5901291666666667,0.5652756053862171,0.8739583333333333
held_out,cdf,brightness,4,common,pooled,0.6456884982638889,0.6057392264261229,0.7995833333333333
held_out,cdf,brightness,5,common,pooled,0.702299609375,0.6505285475321453,0.6995833333333333
held_out,cdf,contrast,1,common,pooled,0.6646902777777778,0.6268252985087751,0.8010416666666667
held_out,cdf,contrast,2,common,pooled,0.7498102430555555,0.7032407858967725,0.6645833333333333
held_out,cdf,contrast,3,common,pooled,0.8522150173611112,0.807269200559966,0.435625
held_out,cdf,contrast,4,common,pooled,0.9542639322916666,0.9314882959437409,0.14625
held_out,cdf,contrast,5,common,pooled,0.9895497395833334,0.983526428286716,0.0325
held_out,cdf,elastic_transform,1,common,pooled,0.5211127170138888,0.5061279185868907,0.9372916666666666
held_out,cdf,elastic_transform,2,common,pooled,0.5557625434027778,0.5264661954108905,0.906875
held_out,cdf,elastic_transform,3,common,pooled,0.6132400173611111,0.5639010153113804,0.853125
held_out,cdf,elastic_transform,4,common,pooled,0.6596641493055555,0.597784614705495,0.7864583333333334
held_out,cdf,elastic_transform,5,common,pooled,0.7200843315972222,0.646762287706725,0.673125
held_out,cdf,pixelate,1,common,pooled,0.5668641059027778,0.5389698110174717,0.8754166666666666
held_out,cdf,pixelate,2,common,pooled,0.6234545572916667,0.580154117569091,0.80625
held_out,cdf,pixelate,3,common,pooled,0.8066171440972222,0.7461360401412278,0.4970833333333333
held_out,cdf,pixelate,4,common,pooled,0.9276688368055556,0.8890932042896066,0.19958333333333333
held_out,cdf,pixelate,5,common,pooled,0.9701092013888889,0.9521115205675945,0.08604166666666667
held_out,cdf,jpeg_compression,1,common,pooled,0.6317363715277777,0.5708962913799778,0.7608333333333334
held_out,cdf,jpeg_compression,2,common,pooled,0.7319280815972222,0.6467611276889338,0.591875
held_out,cdf,jpeg_compression,3,common,pooled,0.7909866319444444,0.7008365201628504,0.47520833333333334
held_out,cdf,jpeg_compression,4,common,pooled,0.8930138888888889,0.8174327112353514,0.2552083333333333
held_out,cdf,jpeg_compression,5,common,pooled,0.9424657552083333,0.8909848878959691,0.14333333333333334
held_out,cdf,speckle_noise,1,extra,pooled,0.7865792534722222,0.7318502271993131,0.5614583333333333
held_out,cdf,speckle_noise,2,extra,pooled,0.8655733506944444,0.8205234346221113,0.39791666666666664
held_out,cdf,speckle_noise,3,extra,pooled,0.9635633680555555,0.9498135110133552,0.12354166666666666
held_out,cdf,speckle_noise,4,extra,pooled,0.9825292534722222,0.9768087116790274,0.06229166666666667
held_out,cdf,speckle_noise,5,extra,pooled,0.9927555989583333,0.9911071370564419,0.027291666666666665
held_out,cdf,gaussian_blur,1,extra,pooled,0.6419528645833333,0.584480088065331,0.7841666666666667
held_out,cdf,gaussian_blur,2,extra,pooled,0.8665506510416666,0.7872498555592086,0.3022916666666667
held_out,cdf,gaussian_blur,3,extra,pooled,0.9377993923611111,0.8827790890575687,0.13208333333333333
held_out,cdf,gaussian_blur,4,extra,pooled,0.9662128472222222,0.929732746012215,0.07208333333333333
held_out,cdf,gaussian_blur,5,extra,pooled,0.9866403211805556,0.9690058381999022,0.025
held_out,cdf,spatter,1,extra,pooled,0.4881157118055556,0.48706686938910676,0.9485416666666666
held_out,cdf,spatter,2,extra,pooled,0.741625,0.6541959008724076,0.5935416666666666
held_out,cdf,spatter,3,extra,pooled,0.8713690972222222,0.7930508802995303,0.3302083333333333
held_out,cdf,spatter,4,extra,pooled,0.9549669704861111,0.9344781143065346,0.14520833333333333
held_out,cdf,spatter,5,extra,pooled,0.9814504340277778,0.9731139263182675,0.059583333333333335
held_out,cdf,saturate,1,extra,pooled,0.5231968532986111,0.5105264423190561,0.9197916666666667
held_out,cdf,saturate,2,extra,pooled,0.5762050130208334,0.5442452195182421,0.8714583333333333
held_out,cdf,saturate,3,extra,pooled,0.5612254557291667,0.5401847183941603,0.9054166666666666
held_out,cdf,saturate,4,extra,pooled,0.6807433159722223,0.6230931848346869,0.7385416666666667
held_out,cdf,saturate,5,extra,pooled,0.7777026909722222,0.7142987369440068,0.5685416666666666
held_out,discopatch,gaussian_noise,1,common,pooled,0.8776642144097222,0.8704030922756156,0.4527083333333333
held_out,discopatch,gaussian_noise,2,common,pooled,0.9511539279513889,0.9462659291747001,0.21416666666666667
held_out,discopatch,gaussian_noise,3,common,pooled,0.9868929904513889,0.9842162977916483,0.059166666666666666
held_out,discopatch,gaussian_noise,4,common,pooled,0.9970553385416666,0.9953996449953231,0.010625
held_out,discopatch,gaussian_noise,5,common,pooled,0.9991359592013889,0.998075915344239,0.0016666666666666668
held_out,discopatch,shot_noise,1,common,pooled,0.8686677951388889,0.8546245697646094,0.4475
held_out,discopatch,shot_noise,2,common,pooled,0.9420286892361112,0.9337175882397454,0.23395833333333332
held_out,discopatch,shot_noise,3,common,pooled,0.9747878255208333,0.9705004448023267,0.11541666666666667
held_out,discopatch,shot_noise,4,common,pooled,0.9898341796875,0.9875949764717218,0.04604166666666667
held_out,discopatch,shot_noise,5,common,pooled,0.9929758029513889,0.9909895471301204,0.031875
held_out,discopatch,impulse_noise,1,common,pooled,0.9230345486111111,0.9121311460318137,0.2925
held_out,discopatch,impulse_noise,2,common,pooled,0.9779523654513889,0.9737342038556048,0.10083333333333333
held_out,discopatch,impulse_noise,3,common,pooled,0.9917053602430556,0.9892084059013042,0.03770833333333334
held_out,discopatch,impulse_noise,4,common,pooled,0.9984818142361112,0.9970774189700424,0.00375
held_out,discopatch,impulse_noise,5,common,pooled,0.9992774088541667,0.9982339811597343,0.0010416666666666667
held_out,discopatch,defocus_blur,1,common,pooled,0.6573311631944444,0.6224100393654404,0.8279166666666666
held_out,discopatch,defocus_blur,2,common,pooled,0.7260050347222222,0.6817620262460558,0.7252083333333333
held_out,discopatch,defocus_blur,3,common,pooled,0.7970763020833334,0.7450440793446218,0.5679166666666666
held_out,discopatch,defocus_blur,4,common,pooled,0.8292990017361112,0.7738279609195786,0.4922916666666667
held_out,discopatch,defocus_blur,5,common,pooled,0.8483494791666667,0.79025748111887,0.4372916666666667
held_out,discopatch,glass_blur,1,common,pooled,0.6759026041666667,0.6387508753167033,0.805
held_out,discopatch,glass_blur,2,common,pooled,0.7753124565972223,0.734965193941997,0.6272916666666667
held_out,discopatch,glass_blur,3,common,pooled,0.8808869791666667,0.8511385000422367,0.38916666666666666
held_out,discopatch,glass_blur,4,common,pooled,0.9104772569444445,0.887711443472406,0.31416666666666665
held_out,discopatch,glass_blur,5,common,pooled,0.9354839409722222,0.9186730205736612,0.2425
held_out,discopatch,motion_blur,1,common,pooled,0.5812137152777778,0.5600838124218878,0.9079166666666667
held_out,discopatch,motion_blur,2,common,pooled,0.6613723958333333,0.6241614755042866,0.83
held_out,discopatch,motion_blur,3,common,pooled,0.7436649305555556,0.6967602997168179,0.6885416666666667
held_out,discopatch,motion_blur,4,common,pooled,0.8014318576388889,0.7520699293183156,0.5679166666666666
held_out,discopatch,motion_blur,5,common,pooled,0.8307476128472222,0.7823462356866424,0.5008333333333334
held_out,discopatch,zoom_blur,1,common,pooled,0.7472956163194444,0.694525482631096,0.6779166666666666
held_out,discopatch,zoom_blur,2,common,pooled,0.7882772569444444,0.7329550413218573,0.5929166666666666
held_out,discopatch,zoom_blur,3,common,pooled,0.8209650607638889,0.7701894401702498,0.5275
held_out,discopatch,zoom_blur,4,common,pooled,0.8377883680555556,0.7879156982398532,0.481875
held_out,discopatch,zoom_blur,5,common,pooled,0.8540951388888889,0.8090914667814817,0.45229166666666665
held_out,discopatch,snow,1,common,pooled,0.7558393663194445,0.6951722321037211,0.61125
held_out,discopatch,snow,2,common,pooled,0.8410175347222222,0.7871381505680342,0.41854166666666665
held_out,discopatch,snow,3,common,pooled,0.835372265625,0.767060680861326,0.40708333333333335
held_out,discopatch,snow,4,common,pooled,0.8664764756944444,0.8002004778934979,0.346875
held_out,discopatch,snow,5,common,pooled,0.8432641493055556,0.7735847091009819,0.39229166666666665
held_out,discopatch,frost,1,common,pooled,0.6578729166666667,0.607249478135783,0.7954166666666667
held_out,discopatch,frost,2,common,pooled,0.7779789930555555,0.7232011637855464,0.5960416666666667
held_out,discopatch,frost,3,common,pooled,0.8318815972222222,0.7803927104233249,0.47
held_out,discopatch,frost,4,common,pooled,0.8467590277777778,0.8001742698985813,0.45395833333333335
held_out,discopatch,frost,5,common,pooled,0.8717724826388888,0.8295802088592525,0.3883333333333333
held_out,discopatch,fog,1,common,pooled,0.6038299696180556,0.5887462683487861,0.8929166666666667
held_out,discopatch,fog,2,common,pooled,0.6550461805555555,0.6348833449942639,0.85
held_out,discopatch,fog,3,common,pooled,0.7246146701388889,0.6993708159580376,0.755625
held_out,discopatch,fog,4,common,pooled,0.75569453125,0.7341555907610555,0.7175
held_out,discopatch,fog,5,common,pooled,0.8383141493055556,0.8222931714988774,0.5333333333333333
held_out,discopatch,brightness,1,common,pooled,0.4903171440972222,0.4900325367732214,0.9479166666666666
held_out,discopatch,brightness,2,common,pooled,0.49042337239583333,0.48437770520520207,0.9416666666666667
held_out,discopatch,brightness,3,common,pooled,0.4984126519097222,0.48449621344541466,0.9310416666666667
held_out,discopatch,brightness,4,common,pooled,0.5110512586805556,0.48843463821715627,0.9141666666666667
held_out,discopatch,brightness,5,common,pooled,0.5221454427083333,0.4920071573221125,0.8929166666666667
held_out,discopatch,contrast,1,common,pooled,0.5433912760416667,0.5253242453671467,0.9275
held_out,discopatch,contrast,2,common,pooled,0.5659618055555555,0.5388940694375186,0.9064583333333334
held_out,discopatch,contrast,3,common,pooled,0.6051818142361111,0.5655911560456525,0.8685416666666667
held_out,discopatch,contrast,4,common,pooled,0.690773828125,0.639745640000823,0.715
held_out,discopatch,contrast,5,common,pooled,0.77742578125,0.7325022300359032,0.576875
held_out,discopatch,elastic_transform,1,common,pooled,0.6091419270833334,0.5715761935520938,0.85375
held_out,discopatch,elastic_transform,2,common,pooled,0.6416735243055556,0.5951867646981293,0.8079166666666666
held_out,discopatch,elastic_transform,3,common,pooled,0.6772428819444445,0.62199026983608,0.7458333333333333
held_out,discopatch,elastic_transform,4,common,pooled,0.6988423177083334,0.6387942023255513,0.7045833333333333
held_out,discopatch,elastic_transform,5,common,pooled,0.7211977430555555,0.6560417965492232,0.6579166666666667
held_out,discopatch,pixelate,1,common,pooled,0.5474745225694444,0.533503425322289,0.9222916666666666
held_out,discopatch,pixelate,2,common,pooled,0.5551071180555556,0.539418318823522,0.9164583333333334
held_out,discopatch,pixelate,3,common,pooled,0.6409729600694445,0.604903123078055,0.835
held_out,discopatch,pixelate,4,common,pooled,0.7178536458333333,0.6730998240558584,0.7135416666666666
held_out,discopatch,pixelate,5,common,pooled,0.7542373263888889,0.704681788552163,0.6433333333333333
held_out,discopatch,jpeg_compression,1,common,pooled,0.6288834201388889,0.5685589451239389,0.8125
held_out,discopatch,jpeg_compression,2,common,pooled,0.6412691840277778,0.5694235888960857,0.7770833333333333
held_out,discopatch,jpeg_compression,3,common,pooled,0.6453393663194444,0.5670144980316753,0.7479166666666667
held_out,discopatch,jpeg_compression,4,common,pooled,0.6306345052083333,0.5449019830355292,0.7183333333333334
held_out,discopatch,jpeg_compression,5,common,pooled,0.5927468098958333,0.5132294875876595,0.7283333333333334
held_out,discopatch,speckle_noise,1,extra,pooled,0.8030424913194445,0.7783334800141015,0.583125
held_out,discopatch,speckle_noise,2,extra,pooled,0.8595955512152778,0.8371178287038255,0.44583333333333336
held_out,discopatch,speckle_noise,3,extra,pooled,0.9398990885416667,0.9270815945204145,0.22104166666666666
held_out,discopatch,speckle_noise,4,extra,pooled,0.960733984375,0.9517635408877346,0.15708333333333332
held_out,discopatch,speckle_noise,5,extra,pooled,0.9744625868055555,0.9681158251204085,0.11083333333333334
held_out,discopatch,gaussian_blur,1,extra,pooled,0.5550108940972223,0.5410816949713994,0.92625
held_out,discopatch,gaussian_blur,2,extra,pooled,0.7122749565972222,0.6696130767560982,0.7479166666666667
held_out,discopatch,gaussian_blur,3,extra,pooled,0.8014486545138889,0.7518962176926894,0.5670833333333334
held_out,discopatch,gaussian_blur,4,extra,pooled,0.840256640625,0.7887818173286812,0.4635416666666667
held_out,discopatch,gaussian_blur,5,extra,pooled,0.8676076388888889,0.811441269076017,0.3829166666666667
held_out,discopatch,spatter,1,extra,pooled,0.5220349392361111,0.5151985316158146,0.9385416666666667
held_out,discopatch,spatter,2,extra,pooled,0.6847913194444445,0.6284425528265127,0.7408333333333333
held_out,discopatch,spatter,3,extra,pooled,0.8146447482638889,0.7616719820719764,0.505625
held_out,discopatch,spatter,4,extra,pooled,0.8329130208333333,0.7703193748456072,0.4216666666666667
held_out,discopatch,spatter,5,extra,pooled,0.892807421875,0.8385928066333024,0.29083333333333333
held_out,discopatch,saturate,1,extra,pooled,0.6534361979166666,0.6195884288748779,0.8166666666666667
held_out,discopatch,saturate,2,extra,pooled,0.7638774739583334,0.721878278169435,0.615
held_out,discopatch,saturate,3,extra,pooled,0.46895792100694444,0.4727919124850831,0.956875
held_out,discopatch,saturate,4,extra,pooled,0.5144904513888889,0.4862906164149697,0.9
held_out,discopatch,saturate,5,extra,pooled,0.562773046875,0.5048076251054869,0.814375
held_out,saod_min,gaussian_noise,1,common,pooled,0.5921399739583333,0.5820404696920463,0.914375
held_out,saod_min,gaussian_noise,2,common,pooled,0.6595046223958333,0.643960455807102,0.8754166666666666
held_out,saod_min,gaussian_noise,3,common,pooled,0.7545044053819444,0.7362947071395136,0.7827083333333333
held_out,saod_min,gaussian_noise,4,common,pooled,0.8583577690972222,0.842131575074847,0.575
held_out,saod_min,gaussian_noise,5,common,pooled,0.9499824869791667,0.9345580284031543,0.23083333333333333
held_out,saod_min,shot_noise,1,common,pooled,0.5832979817708334,0.5759955667448949,0.92125
held_out,saod_min,shot_noise,2,common,pooled,0.6533145399305555,0.6394505236633474,0.888125
held_out,saod_min,shot_noise,3,common,pooled,0.7355513237847222,0.7184986563883757,0.7997916666666667
held_out,saod_min,shot_noise,4,common,pooled,0.8611400607638889,0.843443579742424,0.545625
held_out,saod_min,shot_noise,5,common,pooled,0.9268274522569444,0.9092808406651343,0.299375
held_out,saod_min,impulse_noise,1,common,pooled,0.6595377604166667,0.648769303350248,0.8747916666666666
held_out,saod_min,impulse_noise,2,common,pooled,0.7087267795138888,0.6954750560701883,0.83
held_out,saod_min,impulse_noise,3,common,pooled,0.7593198784722223,0.7427167576313657,0.7627083333333333
held_out,saod_min,impulse_noise,4,common,pooled,0.8639163194444445,0.8472555996113688,0.545625
held_out,saod_min,impulse_noise,5,common,pooled,0.9477074652777778,0.9312523284476154,0.231875
held_out,saod_min,defocus_blur,1,common,pooled,0.6463004340277778,0.6177366474771888,0.8691666666666666
held_out,saod_min,defocus_blur,2,common,pooled,0.7087931857638889,0.6773072092228701,0.8072916666666666
held_out,saod_min,defocus_blur,3,common,pooled,0.7992906032986111,0.7716043373797479,0.661875
held_out,saod_min,defocus_blur,4,common,pooled,0.8698853515625,0.8461440267505814,0.47708333333333336
held_out,saod_min,defocus_blur,5,common,pooled,0.9177794053819445,0.8963355278512122,0.3072916666666667
held_out,saod_min,glass_blur,1,common,pooled,0.6524670138888888,0.6254408629543394,0.8627083333333333
held_out,saod_min,glass_blur,2,common,pooled,0.7447947699652778,0.7158137970794978,0.7627083333333333
held_out,saod_min,glass_blur,3,common,pooled,0.9030838975694444,0.8846768856484755,0.3925
held_out,saod_min,glass_blur,4,common,pooled,0.9287521050347223,0.9115319963096842,0.28791666666666665
held_out,saod_min,glass_blur,5,common,pooled,0.9465636067708333,0.9282645371361957,0.21375
held_out,saod_min,motion_blur,1,common,pooled,0.5913527777777777,0.5712161142847552,0.91
held_out,saod_min,motion_blur,2,common,pooled,0.6712661892361111,0.6483619673573457,0.8691666666666666
held_out,saod_min,motion_blur,3,common,pooled,0.7770439670138889,0.7548341827704239,0.736875
held_out,saod_min,motion_blur,4,common,pooled,0.8708888454861111,0.850307924614932,0.49291666666666667
held_out,saod_min,motion_blur,5,common,pooled,0.9144225043402778,0.8944702013312877,0.328125
held_out,saod_min,zoom_blur,1,common,pooled,0.7843802734375,0.7570101311415436,0.7016666666666667
held_out,saod_min,zoom_blur,2,common,pooled,0.8492225260416667,0.8247126038022885,0.545625
held_out,saod_min,zoom_blur,3,common,pooled,0.8808349826388889,0.8578116939997398,0.4510416666666667
held_out,saod_min,zoom_blur,4,common,pooled,0.9094884982638889,0.8879526632265861,0.3575
held_out,saod_min,zoom_blur,5,common,pooled,0.9202280815972222,0.8991820119410182,0.31958333333333333
held_out,saod_min,snow,1,common,pooled,0.630624609375,0.6245871000132743,0.8902083333333334
held_out,saod_min,snow,2,common,pooled,0.7189999131944445,0.7126497427041656,0.8379166666666666
held_out,saod_min,snow,3,common,pooled,0.7283232204861111,0.7205836374350962,0.8177083333333334
held_out,saod_min,snow,4,common,pooled,0.7908436414930555,0.7817617027965678,0.7222916666666667
held_out,saod_min,snow,5,common,pooled,0.7972865668402778,0.7890702967939343,0.7347916666666666
held_out,saod_min,frost,1,common,pooled,0.5797057291666666,0.5715219187803255,0.9185416666666667
held_out,saod_min,frost,2,common,pooled,0.6564675998263889,0.6490507173467004,0.88125
held_out,saod_min,frost,3,common,pooled,0.7129680555555555,0.7052651132459133,0.82125
held_out,saod_min,frost,4,common,pooled,0.7192554253472222,0.7144135388598203,0.8314583333333333
held_out,saod_min,frost,5,common,pooled,0.7534068359375,0.7476009217102417,0.7875
held_out,saod_min,fog,1,common,pooled,0.5246511501736111,0.5218533673062429,0.94375
held_out,saod_min,fog,2,common,pooled,0.5352110243055556,0.5316662962255875,0.9358333333333333
held_out,saod_min,fog,3,common,pooled,0.5477014322916667,0.5420136944319381,0.93375
held_out,saod_min,fog,4,common,pooled,0.5527357204861111,0.5465846970552655,0.9316666666666666
held_out,saod_min,fog,5,common,pooled,0.5794172743055556,0.5709997849322457,0.9229166666666667
held_out,saod_min,brightness,1,common,pooled,0.5037116753472223,0.5033157998174016,0.944375
held_out,saod_min,brightness,2,common,pooled,0.516049609375,0.5141390698443851,0.94125
held_out,saod_min,brightness,3,common,pooled,0.5310919053819444,0.5280256665293432,0.9391666666666667
held_out,saod_min,brightness,4,common,pooled,0.5517412977430556,0.5480416864321507,0.9302083333333333
held_out,saod_min,brightness,5,common,pooled,0.5777110460069445,0.5740221489622661,0.9179166666666667
held_out,saod_min,contrast,1,common,pooled,0.5269873263888889,0.5234750155075194,0.9391666666666667
held_out,saod_min,contrast,2,common,pooled,0.5453609157986111,0.5391923751050389,0.9316666666666666
held_out,saod_min,contrast,3,common,pooled,0.5832583984375,0.572398805013351,0.915625
held_out,saod_min,contrast,4,common,pooled,0.6945657335069444,0.6788502243930379,0.8483333333333334
held_out,saod_min,contrast,5,common,pooled,0.8498768663194445,0.8370879018506774,0.5625
held_out,saod_min,elastic_transform,1,common,pooled,0.5908856119791667,0.5778614093592016,0.90875
held_out,saod_min,elastic_transform,2,common,pooled,0.6287051649305555,0.615824457068519,0.8777083333333333
held_out,saod_min,elastic_transform,3,common,pooled,0.6771583984375,0.6595917846822583,0.84375
held_out,saod_min,elastic_transform,4,common,pooled,0.7122248480902778,0.6917190596267822,0.8235416666666666
held_out,saod_min,elastic_transform,5,common,pooled,0.7419546223958333,0.7158330174796281,0.75875
held_out,saod_min,pixelate,1,common,pooled,0.61434296875,0.6009635333381189,0.9066666666666666
held_out,saod_min,pixelate,2,common,pooled,0.6757251519097223,0.6637041296832666,0.8727083333333333
held_out,saod_min,pixelate,3,common,pooled,0.8521716145833333,0.8458542779261814,0.609375
held_out,saod_min,pixelate,4,common,pooled,0.9468885199652778,0.9362380994480898,0.26
held_out,saod_min,pixelate,5,common,pooled,0.9686484809027778,0.9559652841289498,0.13875
held_out,saod_min,jpeg_compression,1,common,pooled,0.6410451171875,0.6156461102884401,0.8729166666666667
held_out,saod_min,jpeg_compression,2,common,pooled,0.7020836154513889,0.6772670852222711,0.8270833333333333
held_out,saod_min,jpeg_compression,3,common,pooled,0.7436205946180555,0.7202910459799299,0.75875
held_out,saod_min,jpeg_compression,4,common,pooled,0.8468668402777778,0.8288912337930987,0.5775
held_out,saod_min,jpeg_compression,5,common,pooled,0.9234005642361112,0.9070021275458168,0.32375
held_out,saod_min,speckle_noise,1,extra,pooled,0.5596322699652778,0.5546560735493857,0.9316666666666666
held_out,saod_min,speckle_noise,2,extra,pooled,0.5888620876736111,0.5826139515276773,0.9170833333333334
held_out,saod_min,speckle_noise,3,extra,pooled,0.6859340060763889,0.673897297341141,0.8585416666666666
held_out,saod_min,speckle_noise,4,extra,pooled,0.7430595703125,0.7298712838943267,0.79
held_out,saod_min,speckle_noise,5,extra,pooled,0.8101437717013888,0.79590409120246,0.6904166666666667
held_out,saod_min,gaussian_blur,1,extra,pooled,0.5851888020833333,0.5611685340532672,0.90125
held_out,saod_min,gaussian_blur,2,extra,pooled,0.6939724609375,0.6610707214313415,0.82125
held_out,saod_min,gaussian_blur,3,extra,pooled,0.7804127604166666,0.7509122958948504,0.7035416666666666
held_out,saod_min,gaussian_blur,4,extra,pooled,0.8495006076388889,0.8256131181432658,0.54375
held_out,saod_min,gaussian_blur,5,extra,pooled,0.9367915364583334,0.9178880445990086,0.246875
held_out,saod_min,spatter,1,extra,pooled,0.5162973741319444,0.513331819655201,0.94125
held_out,saod_min,spatter,2,extra,pooled,0.6179194661458334,0.6069418183170028,0.8904166666666666
held_out,saod_min,spatter,3,extra,pooled,0.6615758463541667,0.6505764241358645,0.861875
held_out,saod_min,spatter,4,extra,pooled,0.7337374782986111,0.718114143184079,0.800625
held_out,saod_min,spatter,5,extra,pooled,0.8099729166666667,0.7912449871449684,0.6489583333333333
held_out,saod_min,saturate,1,extra,pooled,0.5123657335069445,0.5115107650534132,0.9475
held_out,saod_min,saturate,2,extra,pooled,0.5286483072916667,0.5265881763074388,0.9404166666666667
held_out,saod_min,saturate,3,extra,pooled,0.5124731336805556,0.5107739866610336,0.943125
held_out,saod_min,saturate,4,extra,pooled,0.5513544270833334,0.5456226708140528,0.9289583333333333
held_out,saod_min,saturate,5,extra,pooled,0.5918061631944445,0.5854035733909215,0.9091666666666667
held_out,knn,gaussian_noise,1,common,pooled,0.46022708333333334,0.4533656666474052,0.898125
held_out,knn,gaussian_noise,2,common,pooled,0.46242588975694443,0.4493071247593364,0.8827083333333333
held_out,knn,gaussian_noise,3,common,pooled,0.4779085720486111,0.45109202789710157,0.8485416666666666
held_out,knn,gaussian_noise,4,common,pooled,0.5071402126736111,0.4581626511150828,0.774375
held_out,knn,gaussian_noise,5,common,pooled,0.5758031467013889,0.48812689741020654,0.6402083333333334
held_out,knn,shot_noise,1,common,pooled,0.46419019097222225,0.45641778676275596,0.8977083333333333
held_out,knn,shot_noise,2,common,pooled,0.46725512152777776,0.45185858132449896,0.8758333333333334
held_out,knn,shot_noise,3,common,pooled,0.4873488932291667,0.4561097995746752,0.82625
held_out,knn,shot_noise,4,common,pooled,0.5517228515625,0.4821269848901574,0.7114583333333333
held_out,knn,shot_noise,5,common,pooled,0.6236580512152777,0.5209325113874587,0.604375
held_out,knn,impulse_noise,1,common,pooled,0.7169252821180555,0.6575096696593199,0.7570833333333333
held_out,knn,impulse_noise,2,common,pooled,0.6074868489583334,0.5395007283878964,0.79125
held_out,knn,impulse_noise,3,common,pooled,0.5480380642361111,0.4906093468566237,0.7989583333333333
held_out,knn,impulse_noise,4,common,pooled,0.5251870225694445,0.467996280497442,0.755625
held_out,knn,impulse_noise,5,common,pooled,0.5775447699652778,0.49045335839433424,0.64125
held_out,knn,defocus_blur,1,common,pooled,0.5538001085069445,0.5229165181162541,0.9277083333333334
held_out,knn,defocus_blur,2,common,pooled,0.5907573350694444,0.5461312209160025,0.9160416666666666
held_out,knn,defocus_blur,3,common,pooled,0.6493706380208333,0.5902769887708428,0.88875
held_out,knn,defocus_blur,4,common,pooled,0.6997867621527778,0.6374103565010529,0.8589583333333334
held_out,knn,defocus_blur,5,common,pooled,0.7294420572916667,0.6681569815593034,0.8420833333333333
held_out,knn,glass_blur,1,common,pooled,0.5083179470486111,0.4922488648991662,0.9516666666666667
held_out,knn,glass_blur,2,common,pooled,0.5457079210069444,0.5142524567711596,0.941875
held_out,knn,glass_blur,3,common,pooled,0.5765254774305556,0.5383309062200666,0.9335416666666667
held_out,knn,glass_blur,4,common,pooled,0.5790621310763889,0.5338411743964127,0.9260416666666667
held_out,knn,glass_blur,5,common,pooled,0.6349670355902778,0.5750981695890173,0.896875
held_out,knn,motion_blur,1,common,pooled,0.5486267361111111,0.5186011085550546,0.919375
held_out,knn,motion_blur,2,common,pooled,0.595412109375,0.5494700034350105,0.893125
held_out,knn,motion_blur,3,common,pooled,0.6559741753472222,0.5990062091904507,0.86375
held_out,knn,motion_blur,4,common,pooled,0.7092360460069445,0.6540693592398843,0.824375
held_out,knn,motion_blur,5,common,pooled,0.732606640625,0.6775335325246129,0.8010416666666667
held_out,knn,zoom_blur,1,common,pooled,0.6181460286458333,0.554754039449857,0.8841666666666667
held_out,knn,zoom_blur,2,common,pooled,0.6384133680555556,0.5677006759166097,0.86125
held_out,knn,zoom_blur,3,common,pooled,0.5931916232638889,0.5232974353131605,0.8727083333333333
held_out,knn,zoom_blur,4,common,pooled,0.6002628038194444,0.5253705327352672,0.8560416666666667
held_out,knn,zoom_blur,5,common,pooled,0.5745679904513888,0.5043770133218595,0.8645833333333334
held_out,knn,snow,1,common,pooled,0.7017327039930555,0.6796325825287197,0.86125
held_out,knn,snow,2,common,pooled,0.6394305121527778,0.6000008818866824,0.8710416666666667
held_out,knn,snow,3,common,pooled,0.7329169487847222,0.6978727723420506,0.81375
held_out,knn,snow,4,common,pooled,0.7639087456597222,0.7330202280166089,0.7920833333333334
held_out,knn,snow,5,common,pooled,0.6582258897569444,0.60485996754994,0.8829166666666667
held_out,knn,frost,1,common,pooled,0.4998460069444444,0.4849983517347109,0.92875
held_out,knn,frost,2,common,pooled,0.5302942708333334,0.5036897625202102,0.9066666666666666
held_out,knn,frost,3,common,pooled,0.5508014322916667,0.5171272871251937,0.8820833333333333
held_out,knn,frost,4,common,pooled,0.5567385633680556,0.5219052717052115,0.8783333333333333
held_out,knn,frost,5,common,pooled,0.5648728949652778,0.5292028868908124,0.8641666666666666
held_out,knn,fog,1,common,pooled,0.44913363715277776,0.46029519994937007,0.9679166666666666
held_out,knn,fog,2,common,pooled,0.4466314019097222,0.4572117245439702,0.9685416666666666
held_out,knn,fog,3,common,pooled,0.4488123263888889,0.4561843389571172,0.9679166666666666
held_out,knn,fog,4,common,pooled,0.46406948784722224,0.4626238745567935,0.951875
held_out,knn,fog,5,common,pooled,0.5157606770833333,0.48646346582777905,0.881875
held_out,knn,brightness,1,common,pooled,0.4876369574652778,0.49080103329749947,0.9520833333333333
held_out,knn,brightness,2,common,pooled,0.4875519314236111,0.4889327425521002,0.9504166666666667
held_out,knn,brightness,3,common,pooled,0.49911167534722223,0.49513107120285293,0.9458333333333333
held_out,knn,brightness,4,common,pooled,0.5214716579861111,0.5093190993298601,0.9416666666666667
held_out,knn,brightness,5,common,pooled,0.5479530381944444,0.5281396057375705,0.9335416666666667
held_out,knn,contrast,1,common,pooled,0.4601381727430556,0.47016453331021335,0.9702083333333333
held_out,knn,contrast,2,common,pooled,0.45630590277777777,0.466312413085952,0.9747916666666666
held_out,knn,contrast,3,common,pooled,0.45694817708333335,0.46488869002683203,0.9804166666666667
held_out,knn,contrast,4,common,pooled,0.4599263237847222,0.46369750530574766,0.9833333333333333
held_out,knn,contrast,5,common,pooled,0.414271875,0.43198226651031857,0.9833333333333333
held_out,knn,elastic_transform,1,common,pooled,0.6014697916666667,0.5833002884080434,0.944375
held_out,knn,elastic_transform,2,common,pooled,0.6560974609375,0.6429723065686911,0.92875
held_out,knn,elastic_transform,3,common,pooled,0.7318723741319444,0.7268016160072764,0.8960416666666666
held_out,knn,elastic_transform,4,common,pooled,0.7846405164930556,0.7850619956536886,0.8489583333333334
held_out,knn,elastic_transform,5,common,pooled,0.8470467447916666,0.8496068596122028,0.745625
held_out,knn,pixelate,1,common,pooled,0.529575390625,0.5131234666994663,0.9277083333333334
held_out,knn,pixelate,2,common,pooled,0.5650216145833333,0.5441111760269342,0.9158333333333334
held_out,knn,pixelate,3,common,pooled,0.6870358506944444,0.6767669290472976,0.8427083333333333
held_out,knn,pixelate,4,common,pooled,0.7708538411458333,0.767818946006078,0.7597916666666666
held_out,knn,pixelate,5,common,pooled,0.8283986979166666,0.8287440297877852,0.655625
held_out,knn,jpeg_compression,1,common,pooled,0.5930555338541666,0.5328546100636844,0.7725
held_out,knn,jpeg_compression,2,common,pooled,0.6954325303819444,0.6105483091787884,0.6427083333333333
held_out,knn,jpeg_compression,3,common,pooled,0.7602349609375,0.6726490236222324,0.5522916666666666
held_out,knn,jpeg_compression,4,common,pooled,0.8760913411458333,0.8147554525769527,0.36625
held_out,knn,jpeg_compression,5,common,pooled,0.9250790581597222,0.8941618114418359,0.2629166666666667
held_out,knn,speckle_noise,1,extra,pooled,0.46849346788194446,0.4619059366545345,0.9002083333333334
held_out,knn,speckle_noise,2,extra,pooled,0.4680549262152778,0.4582698723675404,0.893125
held_out,knn,speckle_noise,3,extra,pooled,0.4882297526041667,0.4613641376744475,0.846875
held_out,knn,speckle_noise,4,extra,pooled,0.5156569227430555,0.47205325987384195,0.799375
held_out,knn,speckle_noise,5,extra,pooled,0.5616490451388889,0.4936043370694405,0.7304166666666667
held_out,knn,gaussian_blur,1,extra,pooled,0.5250667100694445,0.5114424953984625,0.93875
held_out,knn,gaussian_blur,2,extra,pooled,0.5862127387152778,0.5440409453146725,0.9158333333333334
held_out,knn,gaussian_blur,3,extra,pooled,0.6421642144097223,0.5851651364061305,0.895
held_out,knn,gaussian_blur,4,extra,pooled,0.6916255859375,0.6294572164481818,0.8647916666666666
held_out,knn,gaussian_blur,5,extra,pooled,0.7703626302083333,0.7161123912859708,0.8116666666666666
held_out,knn,spatter,1,extra,pooled,0.5982136067708334,0.5655019753126813,0.8758333333333334
held_out,knn,spatter,2,extra,pooled,0.8133611111111111,0.7802299575111097,0.7058333333333333
held_out,knn,spatter,3,extra,pooled,0.7711148871527778,0.7330159818720101,0.7660416666666666
held_out,knn,spatter,4,extra,pooled,0.9161038194444444,0.8973180681322691,0.35541666666666666
held_out,knn,spatter,5,extra,pooled,0.9316566840277778,0.8993116000327681,0.2633333333333333
held_out,knn,saturate,1,extra,pooled,0.4810945746527778,0.4815701687180428,0.949375
held_out,knn,saturate,2,extra,pooled,0.4804280815972222,0.47865961772869164,0.941875
held_out,knn,saturate,3,extra,pooled,0.5162839626736111,0.508428650331718,0.92875
held_out,knn,saturate,4,extra,pooled,0.5666926649305556,0.5317120133792295,0.8602083333333334
held_out,knn,saturate,5,extra,pooled,0.6375862413194444,0.5826003520770584,0.804375
held_out,hashemi,gaussian_noise,1,common,pooled,0.4360468967013889,0.45011686625505,0.9635416666666666
held_out,hashemi,gaussian_noise,2,common,pooled,0.4066820746527778,0.43060236185343564,0.9702083333333333
held_out,hashemi,gaussian_noise,3,common,pooled,0.3852504991319444,0.41651762585516283,0.9783333333333334
held_out,hashemi,gaussian_noise,4,common,pooled,0.4031544270833333,0.42468634284765855,0.9745833333333334
held_out,hashemi,gaussian_noise,5,common,pooled,0.47698161892361113,0.47200458143415547,0.95125
held_out,hashemi,shot_noise,1,common,pooled,0.4373443359375,0.4518763874239179,0.9645833333333333
held_out,hashemi,shot_noise,2,common,pooled,0.4076503689236111,0.4318386695551963,0.9739583333333334
held_out,hashemi,shot_noise,3,common,pooled,0.38547721354166664,0.41658755401379644,0.9758333333333333
held_out,hashemi,shot_noise,4,common,pooled,0.40330223524305553,0.4230899090932604,0.9747916666666666
held_out,hashemi,shot_noise,5,common,pooled,0.4453142361111111,0.44851157533933744,0.961875
held_out,hashemi,impulse_noise,1,common,pooled,0.42332532552083335,0.44071820722592636,0.9735416666666666
held_out,hashemi,impulse_noise,2,common,pooled,0.40364420572916665,0.42870561453635975,0.9783333333333334
held_out,hashemi,impulse_noise,3,common,pooled,0.40109657118055553,0.42628217313520367,0.97875
held_out,hashemi,impulse_noise,4,common,pooled,0.4336087890625,0.44288037579125444,0.9710416666666667
held_out,hashemi,impulse_noise,5,common,pooled,0.5043253255208333,0.49118991396422734,0.940625
held_out,hashemi,defocus_blur,1,common,pooled,0.3838435763888889,0.4110530374770167,0.9685416666666666
held_out,hashemi,defocus_blur,2,common,pooled,0.3496666449652778,0.3935978318587217,0.9697916666666667
held_out,hashemi,defocus_blur,3,common,pooled,0.3290653862847222,0.3840551314507439,0.9708333333333333
held_out,hashemi,defocus_blur,4,common,pooled,0.3392605902777778,0.3887093960359238,0.9702083333333333
held_out,hashemi,defocus_blur,5,common,pooled,0.3689568359375,0.4038330048150285,0.9672916666666667
held_out,hashemi,glass_blur,1,common,pooled,0.39311640625,0.41663053552488194,0.964375
held_out,hashemi,glass_blur,2,common,pooled,0.35664244791666666,0.3975122756964601,0.9679166666666666
held_out,hashemi,glass_blur,3,common,pooled,0.37159878472222224,0.40774074099867014,0.9679166666666666
held_out,hashemi,glass_blur,4,common,pooled,0.3499824001736111,0.39592909903043183,0.9702083333333333
held_out,hashemi,glass_blur,5,common,pooled,0.3527640842013889,0.39719651149509194,0.9645833333333333
held_out,hashemi,motion_blur,1,common,pooled,0.43275536024305555,0.4426808684192957,0.9666666666666667
held_out,hashemi,motion_blur,2,common,pooled,0.3984487847222222,0.41922464048554686,0.9675
held_out,hashemi,motion_blur,3,common,pooled,0.3793947482638889,0.4081716630086344,0.9672916666666667
held_out,hashemi,motion_blur,4,common,pooled,0.3935976996527778,0.41696828905106337,0.9635416666666666
held_out,hashemi,motion_blur,5,common,pooled,0.4227011935763889,0.4336370636423237,0.9539583333333334
held_out,hashemi,zoom_blur,1,common,pooled,0.3920915147569444,0.4134793039867612,0.9639583333333334
held_out,hashemi,zoom_blur,2,common,pooled,0.4007460286458333,0.4166078036713482,0.9572916666666667
held_out,hashemi,zoom_blur,3,common,pooled,0.4311673611111111,0.43174268708367625,0.94125
held_out,hashemi,zoom_blur,4,common,pooled,0.44288220486111113,0.4365229033702267,0.9285416666666667
held_out,hashemi,zoom_blur,5,common,pooled,0.4419091796875,0.4355247337440427,0.9197916666666667
held_out,hashemi,snow,1,common,pooled,0.4547463324652778,0.4679756644640027,0.9639583333333334
held_out,hashemi,snow,2,common,pooled,0.4214712456597222,0.4479885413157289,0.9710416666666667
held_out,hashemi,snow,3,common,pooled,0.45503878038194445,0.47957054138720734,0.9708333333333333
held_out,hashemi,snow,4,common,pooled,0.4667560763888889,0.4920996851948931,0.9672916666666667
held_out,hashemi,snow,5,common,pooled,0.45068982204861113,0.47563544203107927,0.9679166666666666
held_out,hashemi,frost,1,common,pooled,0.4624159939236111,0.4722034211220904,0.9575
held_out,hashemi,frost,2,common,pooled,0.42929325086805553,0.4478681117482917,0.9645833333333333
held_out,hashemi,frost,3,common,pooled,0.4121452690972222,0.43856113840758504,0.9672916666666667
held_out,hashemi,frost,4,common,pooled,0.4024035590277778,0.43279140712654685,0.9685416666666666
held_out,hashemi,frost,5,common,pooled,0.3945082682291667,0.4288226122904682,0.9708333333333333
held_out,hashemi,fog,1,common,pooled,0.4755689670138889,0.47784422231207235,0.9489583333333333
held_out,hashemi,fog,2,common,pooled,0.46860360243055554,0.47185058887530534,0.94875
held_out,hashemi,fog,3,common,pooled,0.45996022135416664,0.4648479540736708,0.95375
held_out,hashemi,fog,4,common,pooled,0.45511417100694446,0.4625213605808739,0.954375
held_out,hashemi,fog,5,common,pooled,0.4301359157986111,0.4476158570848475,0.9675
held_out,hashemi,brightness,1,common,pooled,0.5028889539930556,0.5026031530442664,0.95375
held_out,hashemi,brightness,2,common,pooled,0.5042086588541667,0.5029866349130558,0.9425
held_out,hashemi,brightness,3,common,pooled,0.5027940104166667,0.5012749393435524,0.943125
held_out,hashemi,brightness,4,common,pooled,0.5010884548611111,0.4988010275589131,0.9429166666666666
held_out,hashemi,brightness,5,common,pooled,0.4954813802083333,0.4934777168896921,0.940625
held_out,hashemi,contrast,1,common,pooled,0.4758141059027778,0.47883668202354424,0.95
held_out,hashemi,contrast,2,common,pooled,0.46254913194444447,0.4674803112562895,0.95
held_out,hashemi,contrast,3,common,pooled,0.4370953125,0.4480304375396934,0.955625
held_out,hashemi,contrast,4,common,pooled,0.38034327256944445,0.4132212804628044,0.9666666666666667
held_out,hashemi,contrast,5,common,pooled,0.32795885416666665,0.38848427580304395,0.9827083333333333
held_out,hashemi,elastic_transform,1,common,pooled,0.48696206597222225,0.4806596267811182,0.9441666666666667
held_out,hashemi,elastic_transform,2,common,pooled,0.49093324652777776,0.48315027744322014,0.9366666666666666
held_out,hashemi,elastic_transform,3,common,pooled,0.5133973958333333,0.5065728815315551,0.9241666666666667
held_out,hashemi,elastic_transform,4,common,pooled,0.5383688585069445,0.5409380397707192,0.9220833333333334
held_out,hashemi,elastic_transform,5,common,pooled,0.5793190538194445,0.5987232540671124,0.918125
held_out,hashemi,pixelate,1,common,pooled,0.46606312934027777,0.4695233891956118,0.9566666666666667
held_out,hashemi,pixelate,2,common,pooled,0.45195104166666666,0.457498566395932,0.9579166666666666
held_out,hashemi,pixelate,3,common,pooled,0.4254141276041667,0.43194059124174106,0.9489583333333333
held_out,hashemi,pixelate,4,common,pooled,0.37005440538194445,0.3997939016994333,0.9545833333333333
held_out,hashemi,pixelate,5,common,pooled,0.28027762586805555,0.36576382965384846,0.9739583333333334
held_out,hashemi,jpeg_compression,1,common,pooled,0.41622484809027777,0.43570203698697213,0.96625
held_out,hashemi,jpeg_compression,2,common,pooled,0.4119226345486111,0.4309286525374732,0.9652083333333333
held_out,hashemi,jpeg_compression,3,common,pooled,0.41540750868055554,0.4314236107071717,0.9604166666666667
held_out,hashemi,jpeg_compression,4,common,pooled,0.4383986111111111,0.44141404129044365,0.943125
held_out,hashemi,jpeg_compression,5,common,pooled,0.47930023871527777,0.46467101199470146,0.9204166666666667
held_out,hashemi,speckle_noise,1,extra,pooled,0.45351265190972223,0.464080439713061,0.9635416666666666
held_out,hashemi,speckle_noise,2,extra,pooled,0.4368452690972222,0.4524323310031382,0.964375
held_out,hashemi,speckle_noise,3,extra,pooled,0.4035712890625,0.42860510710910316,0.975
held_out,hashemi,speckle_noise,4,extra,pooled,0.3917350911458333,0.41963469834854383,0.978125
held_out,hashemi,speckle_noise,5,extra,pooled,0.38806786024305556,0.41535241107426213,0.976875
held_out,hashemi,gaussian_blur,1,extra,pooled,0.42919481336805554,0.441058983394206,0.9645833333333333
held_out,hashemi,gaussian_blur,2,extra,pooled,0.3553923828125,0.39643042204900686,0.9702083333333333
held_out,hashemi,gaussian_blur,3,extra,pooled,0.32690822482638887,0.3832456867092312,0.9702083333333333
held_out,hashemi,gaussian_blur,4,extra,pooled,0.32820154079861114,0.38408134133059324,0.969375
held_out,hashemi,gaussian_blur,5,extra,pooled,0.3849417534722222,0.41249780797259544,0.96125
held_out,hashemi,spatter,1,extra,pooled,0.5060795138888889,0.5026738104127653,0.9433333333333334
held_out,hashemi,spatter,2,extra,pooled,0.4923171440972222,0.48718932683926297,0.9379166666666666
held_out,hashemi,spatter,3,extra,pooled,0.4361929253472222,0.4510699786090042,0.9645833333333333
held_out,hashemi,spatter,4,extra,pooled,0.5294440755208333,0.49567322657414253,0.87875
held_out,hashemi,spatter,5,extra,pooled,0.46583639322916665,0.45561842845482825,0.9110416666666666
held_out,hashemi,saturate,1,extra,pooled,0.4943758246527778,0.4939674771281298,0.946875
held_out,hashemi,saturate,2,extra,pooled,0.48549893663194443,0.4860475935974632,0.9485416666666666
held_out,hashemi,saturate,3,extra,pooled,0.49528663194444444,0.49700675304731057,0.9504166666666667
held_out,hashemi,saturate,4,extra,pooled,0.4773039713541667,0.4813145988509643,0.9570833333333333
held_out,hashemi,saturate,5,extra,pooled,0.46574895833333335,0.4716228504747732,0.9572916666666667
screen,two_axis,gaussian_noise,1,common,pooled,0.928675,0.8968575627169068,0.235
screen,two_axis,gaussian_noise,2,common,pooled,0.991375,0.9904898023742752,0.05
screen,two_axis,gaussian_noise,3,common,pooled,0.999875,0.9998743655140563,0.0
screen,two_axis,gaussian_noise,4,common,pooled,1.0,1.0,0.0
screen,two_axis,gaussian_noise,5,common,pooled,1.0,1.0,0.0
screen,two_axis,shot_noise,1,common,pooled,0.906525,0.8831292900938637,0.315
screen,two_axis,shot_noise,2,common,pooled,0.98595,0.9851093728771783,0.06
screen,two_axis,shot_noise,3,common,pooled,0.999075,0.999113712607161,0.0
screen,two_axis,shot_noise,4,common,pooled,1.0,1.0,0.0
screen,two_axis,shot_noise,5,common,pooled,1.0,1.0,0.0
screen,two_axis,impulse_noise,1,common,pooled,0.99325,0.9935445961550344,0.04
screen,two_axis,impulse_noise,2,common,pooled,0.9987,0.9986988331598592,0.005
screen,two_axis,impulse_noise,3,common,pooled,0.999875,0.9998751168961117,0.0
screen,two_axis,impulse_noise,4,common,pooled,1.0,1.0,0.0
screen,two_axis,impulse_noise,5,common,pooled,1.0,1.0,0.0
screen,two_axis,defocus_blur,1,common,pooled,0.955725,0.9454520747334114,0.155
screen,two_axis,defocus_blur,2,common,pooled,0.9762,0.9722928919939073,0.105
screen,two_axis,defocus_blur,3,common,pooled,0.9885,0.987314843680354,0.06
screen,two_axis,defocus_blur,4,common,pooled,0.992025,0.9912916554210789,0.045
screen,two_axis,defocus_blur,5,common,pooled,0.9955,0.9951527739411086,0.03
screen,two_axis,glass_blur,1,common,pooled,0.917925,0.8963019053096469,0.285
screen,two_axis,glass_blur,2,common,pooled,0.960025,0.9515028224146747,0.135
screen,two_axis,glass_blur,3,common,pooled,0.9652,0.9555928441179856,0.105
screen,two_axis,glass_blur,4,common,pooled,0.96865,0.9587360254057704,0.105
screen,two_axis,glass_blur,5,common,pooled,0.9833,0.9801501335731885,0.06
screen,two_axis,motion_blur,1,common,pooled,0.874,0.8381888063118076,0.4
screen,two_axis,motion_blur,2,common,pooled,0.923225,0.9027331889925376,0.24
screen,two_axis,motion_blur,3,common,pooled,0.950725,0.9384920490252412,0.145
screen,two_axis,motion_blur,4,common,pooled,0.96935,0.9634307299611218,0.095
screen,two_axis,motion_blur,5,common,pooled,0.974725,0.9700266432908063,0.095
screen,two_axis,zoom_blur,1,common,pooled,0.9042,0.8639841806272649,0.285
screen,two_axis,zoom_blur,2,common,pooled,0.926225,0.8947566386624383,0.235
screen,two_axis,zoom_blur,3,common,pooled,0.930075,0.9075525175388676,0.22
screen,two_axis,zoom_blur,4,common,pooled,0.94315,0.9241730679707909,0.18
screen,two_axis,zoom_blur,5,common,pooled,0.95175,0.9375237334110671,0.145
screen,two_axis,snow,1,common,pooled,0.94385,0.9397986743425357,0.23
screen,two_axis,snow,2,common,pooled,0.978025,0.9766340055028655,0.1
screen,two_axis,snow,3,common,pooled,0.982075,0.9810500730930898,0.095
screen,two_axis,snow,4,common,pooled,0.988575,0.988052994607346,0.06
screen,two_axis,snow,5,common,pooled,0.981525,0.9804635265572165,0.1
screen,two_axis,frost,1,common,pooled,0.7399,0.6807472028577509,0.645
screen,two_axis,frost,2,common,pooled,0.86645,0.8145315183408044,0.395
screen,two_axis,frost,3,common,pooled,0.88945,0.8340451658599167,0.31
screen,two_axis,frost,4,common,pooled,0.911425,0.874317994474126,0.275
screen,two_axis,frost,5,common,pooled,0.9227,0.8856016411578315,0.22
screen,two_axis,fog,1,common,pooled,0.9486,0.948954634345667,0.25
screen,two_axis,fog,2,common,pooled,0.971175,0.9715003352904894,0.135
screen,two_axis,fog,3,common,pooled,0.98135,0.9820669990664456,0.1
screen,two_axis,fog,4,common,pooled,0.9813,0.9815593803252188,0.1
screen,two_axis,fog,5,common,pooled,0.989,0.9892975067928088,0.06
screen,two_axis,brightness,1,common,pooled,0.540225,0.5298981877553843,0.945
screen,two_axis,brightness,2,common,pooled,0.568375,0.5512285629373072,0.94
screen,two_axis,brightness,3,common,pooled,0.604775,0.5782015157100286,0.87
screen,two_axis,brightness,4,common,pooled,0.6563,0.615343990740232,0.765
screen,two_axis,brightness,5,common,pooled,0.716575,0.6647273751454941,0.69
screen,two_axis,contrast,1,common,pooled,0.940675,0.9363519753565075,0.295
screen,two_axis,contrast,2,common,pooled,0.973725,0.9729502438816497,0.13
screen,two_axis,contrast,3,common,pooled,0.9909,0.9912676791471766,0.06
screen,two_axis,contrast,4,common,pooled,0.99865,0.9986720987794526,0.005
screen,two_axis,contrast,5,common,pooled,0.999825,0.9998309178743962,0.0
screen,two_axis,elastic_transform,1,common,pooled,0.6882,0.648622874730236,0.79
screen,two_axis,elastic_transform,2,common,pooled,0.723125,0.6815571533299594,0.775
screen,two_axis,elastic_transform,3,common,pooled,0.767075,0.7263495924359153,0.64
screen,two_axis,elastic_transform,4,common,pooled,0.7923,0.758625761801603,0.585
screen,two_axis,elastic_transform,5,common,pooled,0.83305,0.8039920965193088,0.535
screen,two_axis,pixelate,1,common,pooled,0.850775,0.8202104660115458,0.585
screen,two_axis,pixelate,2,common,pooled,0.8806,0.8588786508994393,0.465
screen,two_axis,pixelate,3,common,pooled,0.959125,0.954670088772855,0.145
screen,two_axis,pixelate,4,common,pooled,0.983875,0.9828667855905128,0.065
screen,two_axis,pixelate,5,common,pooled,0.99265,0.9924170202141628,0.045
screen,two_axis,jpeg_compression,1,common,pooled,0.904675,0.8815709743236232,0.315
screen,two_axis,jpeg_compression,2,common,pooled,0.93695,0.9205177035058997,0.21
screen,two_axis,jpeg_compression,3,common,pooled,0.9476,0.9345706472101243,0.155
screen,two_axis,jpeg_compression,4,common,pooled,0.965725,0.9582033423283294,0.135
screen,two_axis,jpeg_compression,5,common,pooled,0.97455,0.9712934474234409,0.095
screen,two_axis,speckle_noise,1,extra,pooled,0.7886,0.7694994487401109,0.645
screen,two_axis,speckle_noise,2,extra,pooled,0.882125,0.8761147663835631,0.445
screen,two_axis,speckle_noise,3,extra,pooled,0.980275,0.9821206729804003,0.105
screen,two_axis,speckle_noise,4,extra,pooled,0.993025,0.9936389305010022,0.055
screen,two_axis,speckle_noise,5,extra,pooled,0.997975,0.9980639040253941,0.005
screen,two_axis,gaussian_blur,1,extra,pooled,0.8623,0.822692834982307,0.405
screen,two_axis,gaussian_blur,2,extra,pooled,0.97365,0.9687364508295152,0.105
screen,two_axis,gaussian_blur,3,extra,pooled,0.987575,0.9861803333921819,0.06
screen,two_axis,gaussian_blur,4,extra,pooled,0.9912,0.9902015573674892,0.05
screen,two_axis,gaussian_blur,5,extra,pooled,0.9955,0.99508093902951,0.03
screen,two_axis,spatter,1,extra,pooled,0.57735,0.544810101459798,0.93
screen,two_axis,spatter,2,extra,pooled,0.892825,0.8603479040014897,0.355
screen,two_axis,spatter,3,extra,pooled,0.954925,0.951251253481018,0.15
screen,two_axis,spatter,4,extra,pooled,0.995125,0.9951100398555972,0.035
screen,two_axis,spatter,5,extra,pooled,0.999675,0.9996784742482637,0.0
screen,two_axis,saturate,1,extra,pooled,0.6084875,0.5728462518938748,0.87
screen,two_axis,saturate,2,extra,pooled,0.6669875,0.6149756138111806,0.72
screen,two_axis,saturate,3,extra,pooled,0.5281625,0.5245424258159814,0.93
screen,two_axis,saturate,4,extra,pooled,0.733525,0.7002342477459602,0.72
screen,two_axis,saturate,5,extra,pooled,0.82505,0.8139118285594087,0.55
screen,peak_share,gaussian_noise,1,common,pooled,0.949075,0.9313166509769298,0.17
screen,peak_share,gaussian_noise,2,common,pooled,0.99,0.9863149991534803,0.03
screen,peak_share,gaussian_noise,3,common,pooled,0.998875,0.9987435543230956,0.005
screen,peak_share,gaussian_noise,4,common,pooled,1.0,1.0,0.0
screen,peak_share,gaussian_noise,5,common,pooled,1.0,1.0,0.0
screen,peak_share,shot_noise,1,common,pooled,0.92325,0.9068810432128759,0.235
screen,peak_share,shot_noise,2,common,pooled,0.981625,0.9778237375620166,0.055
screen,peak_share,shot_noise,3,common,pooled,0.99615,0.9956680352352325,0.01
screen,peak_share,shot_noise,4,common,pooled,0.99985,0.9998512315024625,0.0
screen,peak_share,shot_noise,5,common,pooled,0.99995,0.9999501243781094,0.0
screen,peak_share,impulse_noise,1,common,pooled,0.984175,0.9816004626148037,0.065
screen,peak_share,impulse_noise,2,common,pooled,0.99525,0.9943537715544079,0.02
screen,peak_share,impulse_noise,3,common,pooled,0.998325,0.9980765761287107,0.005
screen,peak_share,impulse_noise,4,common,pooled,1.0,1.0,0.0
screen,peak_share,impulse_noise,5,common,pooled,1.0,1.0,0.0
screen,peak_share,defocus_blur,1,common,pooled,0.9309,0.9052206109342805,0.21
screen,peak_share,defocus_blur,2,common,pooled,0.97585,0.9650131878575661,0.09
screen,peak_share,defocus_blur,3,common,pooled,0.99355,0.9907964629185729,0.02
screen,peak_share,defocus_blur,4,common,pooled,0.997875,0.9973793551210701,0.005
screen,peak_share,defocus_blur,5,common,pooled,0.999175,0.999110690518822,0.005
screen,peak_share,glass_blur,1,common,pooled,0.840775,0.7892545462868962,0.42
screen,peak_share,glass_blur,2,common,pooled,0.928675,0.8991922364906615,0.23
screen,peak_share,glass_blur,3,common,pooled,0.966375,0.9461513045843731,0.11
screen,peak_share,glass_blur,4,common,pooled,0.980075,0.968263648248714,0.065
screen,peak_share,glass_blur,5,common,pooled,0.994225,0.9913359407854072,0.02
screen,peak_share,motion_blur,1,common,pooled,0.8216,0.7867352976084165,0.52
screen,peak_share,motion_blur,2,common,pooled,0.90745,0.8873209006001989,0.28
screen,peak_share,motion_blur,3,common,pooled,0.963825,0.9541897120223218,0.125
screen,peak_share,motion_blur,4,common,pooled,0.98455,0.9814019575972139,0.055
screen,peak_share,motion_blur,5,common,pooled,0.9917,0.9897178371776377,0.03
screen,peak_share,zoom_blur,1,common,pooled,0.883125,0.8438702445014769,0.28
screen,peak_share,zoom_blur,2,common,pooled,0.922175,0.8949441581301162,0.21
screen,peak_share,zoom_blur,3,common,pooled,0.8943,0.8618956663366574,0.265
screen,peak_share,zoom_blur,4,common,pooled,0.920375,0.8955826849898053,0.23
screen,peak_share,zoom_blur,5,common,pooled,0.904925,0.8793407349397839,0.265
screen,peak_share,snow,1,common,pooled,0.933725,0.9213182608548195,0.235
screen,peak_share,snow,2,common,pooled,0.97905,0.9755458819554504,0.1
screen,peak_share,snow,3,common,pooled,0.979075,0.9744131260826325,0.09
screen,peak_share,snow,4,common,pooled,0.989075,0.9861978966982434,0.03
screen,peak_share,snow,5,common,pooled,0.98575,0.9829274068559185,0.06
screen,peak_share,frost,1,common,pooled,0.6528,0.6098627341985604,0.76
screen,peak_share,frost,2,common,pooled,0.784425,0.7220101926207068,0.5
screen,peak_share,frost,3,common,pooled,0.83535,0.7652187825299941,0.38
screen,peak_share,frost,4,common,pooled,0.8576,0.7956264887324506,0.335
screen,peak_share,frost,5,common,pooled,0.8807,0.8213247840309491,0.27
screen,peak_share,fog,1,common,pooled,0.800275,0.7464590628656347,0.505
screen,peak_share,fog,2,common,pooled,0.861325,0.8163547461718603,0.33
screen,peak_share,fog,3,common,pooled,0.89715,0.8608367462777513,0.25
screen,peak_share,fog,4,common,pooled,0.893925,0.8560153586488929,0.245
screen,peak_share,fog,5,common,pooled,0.924325,0.8971138109023147,0.21
screen,peak_share,brightness,1,common,pooled,0.5336,0.5306177667553569,0.94
screen,peak_share,brightness,2,common,pooled,0.589325,0.5727914326570076,0.89
screen,peak_share,brightness,3,common,pooled,0.655775,0.621352851975628,0.755
screen,peak_share,brightness,4,common,pooled,0.728925,0.6810624148821784,0.615
screen,peak_share,brightness,5,common,pooled,0.793425,0.7422262505844845,0.505
screen,peak_share,contrast,1,common,pooled,0.823025,0.778061853064983,0.45
screen,peak_share,contrast,2,common,pooled,0.90995,0.880776803330139,0.245
screen,peak_share,contrast,3,common,pooled,0.9732,0.9634501498551773,0.095
screen,peak_share,contrast,4,common,pooled,0.997425,0.9969233759933648,0.01
screen,peak_share,contrast,5,common,pooled,0.999975,0.9999751243781094,0.0
screen,peak_share,elastic_transform,1,common,pooled,0.5792,0.551455185630998,0.885
screen,peak_share,elastic_transform,2,common,pooled,0.625775,0.581867360886338,0.795
screen,peak_share,elastic_transform,3,common,pooled,0.685975,0.6280007261969546,0.675
screen,peak_share,elastic_transform,4,common,pooled,0.73055,0.6653731122857687,0.585
screen,peak_share,elastic_transform,5,common,pooled,0.78495,0.7162961202492536,0.495
screen,peak_share,pixelate,1,common,pooled,0.7183,0.6603994006725503,0.675
screen,peak_share,pixelate,2,common,pooled,0.78485,0.7303276442871425,0.56
screen,peak_share,pixelate,3,common,pooled,0.9211,0.8995289188983224,0.245
screen,peak_share,pixelate,4,common,pooled,0.976225,0.9702082795801972,0.1
screen,peak_share,pixelate,5,common,pooled,0.991275,0.9893736887409014,0.03
screen,peak_share,jpeg_compression,1,common,pooled,0.832075,0.7653763507120847,0.39
screen,peak_share,jpeg_compression,2,common,pooled,0.899,0.8542033665995095,0.25
screen,peak_share,jpeg_compression,3,common,pooled,0.927025,0.8968649042675105,0.21
screen,peak_share,jpeg_compression,4,common,pooled,0.96735,0.9525617046741115,0.12
screen,peak_share,jpeg_compression,5,common,pooled,0.9825,0.9756021894871472,0.09
screen,peak_share,speckle_noise,1,extra,pooled,0.824975,0.8118241628340445,0.55
screen,peak_share,speckle_noise,2,extra,pooled,0.890775,0.8829501573033884,0.385
screen,peak_share,speckle_noise,3,extra,pooled,0.971825,0.9707357218859863,0.12
screen,peak_share,speckle_noise,4,extra,pooled,0.986225,0.9860156996078451,0.075
screen,peak_share,speckle_noise,5,extra,pooled,0.99505,0.9950958707655972,0.03
screen,peak_share,gaussian_blur,1,extra,pooled,0.776675,0.7271930864467444,0.59
screen,peak_share,gaussian_blur,2,extra,pooled,0.970825,0.9576152380765364,0.11
screen,peak_share,gaussian_blur,3,extra,pooled,0.99405,0.9916783941463371,0.02
screen,peak_share,gaussian_blur,4,extra,pooled,0.99835,0.9980280528877553,0.005
screen,peak_share,gaussian_blur,5,extra,pooled,1.0,1.0,0.0
screen,peak_share,spatter,1,extra,pooled,0.516575,0.5074332368434983,0.925
screen,peak_share,spatter,2,extra,pooled,0.8232,0.7745633658349894,0.485
screen,peak_share,spatter,3,extra,pooled,0.9267,0.9098339147320288,0.235
screen,peak_share,spatter,4,extra,pooled,0.9796,0.9763133422762827,0.1
screen,peak_share,spatter,5,extra,pooled,0.99355,0.9925306817358286,0.03
screen,peak_share,saturate,1,extra,pooled,0.5728625,0.5452258342695631,0.875
screen,peak_share,saturate,2,extra,pooled,0.6883875,0.6297927954297629,0.68
screen,peak_share,saturate,3,extra,pooled,0.6061875,0.5746031577701187,0.865
screen,peak_share,saturate,4,extra,pooled,0.791775,0.7375253814899605,0.585
screen,peak_share,saturate,5,extra,pooled,0.864,0.8291197162862741,0.38
screen,conditioned,gaussian_noise,1,common,pooled,0.9642,0.942746069473828,0.12
screen,conditioned,gaussian_noise,2,common,pooled,0.99495,0.9940974460331431,0.03
screen,conditioned,gaussian_noise,3,common,pooled,0.999875,0.9998743655140563,0.0
screen,conditioned,gaussian_noise,4,common,pooled,1.0,1.0,0.0
screen,conditioned,gaussian_noise,5,common,pooled,1.0,1.0,0.0
screen,conditioned,shot_noise,1,common,pooled,0.953025,0.9344113396548189,0.14
screen,conditioned,shot_noise,2,common,pooled,0.992525,0.9916087894694634,0.03
screen,conditioned,shot_noise,3,common,pooled,0.99945,0.999457886447015,0.0
screen,conditioned,shot_noise,4,common,pooled,1.0,1.0,0.0
screen,conditioned,shot_noise,5,common,pooled,1.0,1.0,0.0
screen,conditioned,impulse_noise,1,common,pooled,0.996525,0.9965012403010924,0.02
screen,conditioned,impulse_noise,2,common,pooled,0.999125,0.9991023688804263,0.005
screen,conditioned,impulse_noise,3,common,pooled,0.9999,0.9998997462247162,0.0
screen,conditioned,impulse_noise,4,common,pooled,1.0,1.0,0.0
screen,conditioned,impulse_noise,5,common,pooled,1.0,1.0,0.0
screen,conditioned,defocus_blur,1,common,pooled,0.872325,0.8193866878077973,0.37
screen,conditioned,defocus_blur,2,common,pooled,0.9109,0.8693703414924706,0.24
screen,conditioned,defocus_blur,3,common,pooled,0.924825,0.8819170053345698,0.17
screen,conditioned,defocus_blur,4,common,pooled,0.935925,0.8882673721865271,0.145
screen,conditioned,defocus_blur,5,common,pooled,0.940825,0.8936729006940095,0.135
screen,conditioned,glass_blur,1,common,pooled,0.772925,0.7080755107827335,0.635
screen,conditioned,glass_blur,2,common,pooled,0.87295,0.8120194498136226,0.325
screen,conditioned,glass_blur,3,common,pooled,0.9267,0.8768857036739947,0.19
screen,conditioned,glass_blur,4,common,pooled,0.9333,0.8837438696280903,0.155
screen,conditioned,glass_blur,5,common,pooled,0.9502,0.9146218324762383,0.13
screen,conditioned,motion_blur,1,common,pooled,0.851675,0.8220024468602447,0.52
screen,conditioned,motion_blur,2,common,pooled,0.90975,0.8908633825154668,0.28
screen,conditioned,motion_blur,3,common,pooled,0.945375,0.9312379394542771,0.17
screen,conditioned,motion_blur,4,common,pooled,0.95765,0.9504396946365989,0.145
screen,conditioned,motion_blur,5,common,pooled,0.96595,0.9598864002711783,0.13
screen,conditioned,zoom_blur,1,common,pooled,0.7261,0.6341047990134062,0.6
screen,conditioned,zoom_blur,2,common,pooled,0.7626,0.6652591501996823,0.52
screen,conditioned,zoom_blur,3,common,pooled,0.671225,0.5889342657747382,0.675
screen,conditioned,zoom_blur,4,common,pooled,0.697225,0.6110367161420489,0.64
screen,conditioned,zoom_blur,5,common,pooled,0.64425,0.5739460800137142,0.72
screen,conditioned,snow,1,common,pooled,0.969,0.9642108206927112,0.13
screen,conditioned,snow,2,common,pooled,0.98855,0.9871879798049593,0.05
screen,conditioned,snow,3,common,pooled,0.99065,0.9896508273815514,0.05
screen,conditioned,snow,4,common,pooled,0.99375,0.9932137851367299,0.03
screen,conditioned,snow,5,common,pooled,0.990325,0.9892403499993562,0.05
screen,conditioned,frost,1,common,pooled,0.6754,0.6160724101439371,0.745
screen,conditioned,frost,2,common,pooled,0.775925,0.6933199525060648,0.56
screen,conditioned,frost,3,common,pooled,0.8136,0.7237558847015629,0.465
screen,conditioned,frost,4,common,pooled,0.831,0.7406410638067007,0.42
screen,conditioned,frost,5,common,pooled,0.847775,0.7566772984164036,0.36
screen,conditioned,fog,1,common,pooled,0.49035,0.47067625374188826,0.86
screen,conditioned,fog,2,common,pooled,0.531425,0.4911783045786152,0.845
screen,conditioned,fog,3,common,pooled,0.55375,0.501665244508307,0.815
screen,conditioned,fog,4,common,pooled,0.554775,0.5037263461512163,0.79
screen,conditioned,fog,5,common,pooled,0.59975,0.5307863001438423,0.75
screen,conditioned,brightness,1,common,pooled,0.5456,0.5370427958636084,0.935
screen,conditioned,brightness,2,common,pooled,0.62075,0.5918198194831708,0.85
screen,conditioned,brightness,3,common,pooled,0.70025,0.6542617070010501,0.73
screen,conditioned,brightness,4,common,pooled,0.77615,0.715871650552227,0.64
screen,conditioned,brightness,5,common,pooled,0.833375,0.7709768366749222,0.435
screen,conditioned,contrast,1,common,pooled,0.5148,0.4907664396657029,0.86
screen,conditioned,contrast,2,common,pooled,0.569375,0.5205271819543205,0.8
screen,conditioned,contrast,3,common,pooled,0.647425,0.5698743657466703,0.7
screen,conditioned,contrast,4,common,pooled,0.77965,0.6814416565454509,0.52
screen,conditioned,contrast,5,common,pooled,0.893475,0.8212538374222796,0.23
screen,conditioned,elastic_transform,1,common,pooled,0.60905,0.5773330053517525,0.855
screen,conditioned,elastic_transform,2,common,pooled,0.6708,0.6372069388320662,0.78
screen,conditioned,elastic_transform,3,common,pooled,0.754025,0.7174297373029694,0.75
screen,conditioned,elastic_transform,4,common,pooled,0.807425,0.7710214626067502,0.645
screen,conditioned,elastic_transform,5,common,pooled,0.866875,0.8360083217262597,0.43
screen,conditioned,pixelate,1,common,pooled,0.67685,0.6368623722851436,0.8
screen,conditioned,pixelate,2,common,pooled,0.733675,0.6963320468892713,0.735
screen,conditioned,pixelate,3,common,pooled,0.883575,0.8741602052284523,0.455
screen,conditioned,pixelate,4,common,pooled,0.9516,0.9489115755756858,0.23
screen,conditioned,pixelate,5,common,pooled,0.977075,0.9764865727625452,0.13
screen,conditioned,jpeg_compression,1,common,pooled,0.83145,0.7356204574854556,0.385
screen,conditioned,jpeg_compression,2,common,pooled,0.905125,0.832705861967491,0.225
screen,conditioned,jpeg_compression,3,common,pooled,0.931875,0.8801430672001571,0.165
screen,conditioned,jpeg_compression,4,common,pooled,0.96955,0.9567455001266364,0.105
screen,conditioned,jpeg_compression,5,common,pooled,0.984,0.9807515797838277,0.06
screen,conditioned,speckle_noise,1,extra,pooled,0.88445,0.8602920615789801,0.375
screen,conditioned,speckle_noise,2,extra,pooled,0.93765,0.9284587685810463,0.2
screen,conditioned,speckle_noise,3,extra,pooled,0.990125,0.9900269712952847,0.05
screen,conditioned,speckle_noise,4,extra,pooled,0.996225,0.9963449091280265,0.03
screen,conditioned,speckle_noise,5,extra,pooled,0.998925,0.9989418785026645,0.005
screen,conditioned,gaussian_blur,1,extra,pooled,0.7376,0.6818305904480274,0.7
screen,conditioned,gaussian_blur,2,extra,pooled,0.911925,0.8726163908737671,0.23
screen,conditioned,gaussian_blur,3,extra,pooled,0.936625,0.9067235452756459,0.15
screen,conditioned,gaussian_blur,4,extra,pooled,0.945875,0.9113754146881895,0.13
screen,conditioned,gaussian_blur,5,extra,pooled,0.9583,0.9252667318216153,0.115
screen,conditioned,spatter,1,extra,pooled,0.5483,0.5320339876894431,0.92
screen,conditioned,spatter,2,extra,pooled,0.9189,0.8932812626020556,0.24
screen,conditioned,spatter,3,extra,pooled,0.974225,0.9702068627015035,0.13
screen,conditioned,spatter,4,extra,pooled,0.997375,0.9972876846519226,0.015
screen,conditioned,spatter,5,extra,pooled,0.9998,0.9997998393062494,0.0
screen,conditioned,saturate,1,extra,pooled,0.5632375,0.5300714266854532,0.855
screen,conditioned,saturate,2,extra,pooled,0.6750375,0.6100082388701544,0.705
screen,conditioned,saturate,3,extra,pooled,0.6577875,0.6215715797981047,0.78
screen,conditioned,saturate,4,extra,pooled,0.8542,0.8118733645976364,0.435
screen,conditioned,saturate,5,extra,pooled,0.907275,0.8888598112411519,0.27
screen,global_s123,gaussian_noise,1,common,pooled,0.9444,0.9224609473774427,0.15
screen,global_s123,gaussian_noise,2,common,pooled,0.990425,0.9877844823316895,0.035
screen,global_s123,gaussian_noise,3,common,pooled,0.99975,0.9997454926860394,0.0
screen,global_s123,gaussian_noise,4,common,pooled,1.0,1.0,0.0
screen,global_s123,gaussian_noise,5,common,pooled,1.0,1.0,0.0
screen,global_s123,shot_noise,1,common,pooled,0.9225,0.9054650262772347,0.245
screen,global_s123,shot_noise,2,common,pooled,0.985875,0.9830798718886433,0.045
screen,global_s123,shot_noise,3,common,pooled,0.998725,0.9986926627562768,0.005
screen,global_s123,shot_noise,4,common,pooled,0.999975,0.9999751243781094,0.0
screen,global_s123,shot_noise,5,common,pooled,1.0,1.0,0.0
screen,global_s123,impulse_noise,1,common,pooled,0.99305,0.9918050363179298,0.03
screen,global_s123,impulse_noise,2,common,pooled,0.998275,0.9980859174850709,0.005
screen,global_s123,impulse_noise,3,common,pooled,0.99985,0.9998488553099746,0.0
screen,global_s123,impulse_noise,4,common,pooled,1.0,1.0,0.0
screen,global_s123,impulse_noise,5,common,pooled,1.0,1.0,0.0
screen,global_s123,defocus_blur,1,common,pooled,0.820275,0.7546694878885594,0.425
screen,global_s123,defocus_blur,2,common,pooled,0.8938,0.8341969720770674,0.27
screen,global_s123,defocus_blur,3,common,pooled,0.9382,0.8892559364661409,0.145
screen,global_s123,defocus_blur,4,common,pooled,0.9583,0.9218104542465498,0.085
screen,global_s123,defocus_blur,5,common,pooled,0.9678,0.9373217792339101,0.075
screen,global_s123,glass_blur,1,common,pooled,0.696475,0.6331257842254898,0.685
screen,global_s123,glass_blur,2,common,pooled,0.825,0.7481829599508,0.38
screen,global_s123,glass_blur,3,common,pooled,0.90045,0.8268536565880846,0.255
screen,global_s123,glass_blur,4,common,pooled,0.920575,0.8518303272730781,0.165
screen,global_s123,glass_blur,5,common,pooled,0.951825,0.8995305346833322,0.085
screen,global_s123,motion_blur,1,common,pooled,0.785275,0.7512499729941139,0.625
screen,global_s123,motion_blur,2,common,pooled,0.885325,0.8561466167569513,0.365
screen,global_s123,motion_blur,3,common,pooled,0.942825,0.9229197366588731,0.165
screen,global_s123,motion_blur,4,common,pooled,0.965625,0.9548981969023798,0.11
screen,global_s123,motion_blur,5,common,pooled,0.976775,0.9684413037634051,0.08
screen,global_s123,zoom_blur,1,common,pooled,0.734975,0.6572547580419148,0.625
screen,global_s123,zoom_blur,2,common,pooled,0.788475,0.7045337390500783,0.49
screen,global_s123,zoom_blur,3,common,pooled,0.72665,0.6516187723309637,0.63
screen,global_s123,zoom_blur,4,common,pooled,0.762,0.6805274762302784,0.57
screen,global_s123,zoom_blur,5,common,pooled,0.724125,0.6528180177207233,0.645
screen,global_s123,snow,1,common,pooled,0.93345,0.9168763537498601,0.275
screen,global_s123,snow,2,common,pooled,0.974075,0.9701268018837407,0.105
screen,global_s123,snow,3,common,pooled,0.970475,0.9648377689412552,0.115
screen,global_s123,snow,4,common,pooled,0.978525,0.9749404762404696,0.085
screen,global_s123,snow,5,common,pooled,0.9754,0.9708962841947845,0.095
screen,global_s123,frost,1,common,pooled,0.55865,0.5433659115345861,0.905
screen,global_s123,frost,2,common,pooled,0.668225,0.6210893689296686,0.775
screen,global_s123,frost,3,common,pooled,0.730225,0.6640184888381389,0.665
screen,global_s123,frost,4,common,pooled,0.752325,0.6843027395595833,0.665
screen,global_s123,frost,5,common,pooled,0.775525,0.7045369630881758,0.58
screen,global_s123,fog,1,common,pooled,0.469525,0.46543274110873367,0.935
screen,global_s123,fog,2,common,pooled,0.497775,0.48114291167694545,0.925
screen,global_s123,fog,3,common,pooled,0.524125,0.49734430302268273,0.905
screen,global_s123,fog,4,common,pooled,0.52205,0.49436468519651927,0.895
screen,global_s123,fog,5,common,pooled,0.543525,0.5066422208441832,0.865
screen,global_s123,brightness,1,common,pooled,0.526475,0.5276343262646309,0.955
screen,global_s123,brightness,2,common,pooled,0.575225,0.5633545661286549,0.915
screen,global_s123,brightness,3,common,pooled,0.629725,0.6081988634568576,0.91
screen,global_s123,brightness,4,common,pooled,0.69125,0.6575219499032019,0.785
screen,global_s123,brightness,5,common,pooled,0.753125,0.7100572057130332,0.655
screen,global_s123,contrast,1,common,pooled,0.510925,0.5025199422614219,0.915
screen,global_s123,contrast,2,common,pooled,0.555025,0.5335372053168297,0.915
screen,global_s123,contrast,3,common,pooled,0.6333,0.5906334193678016,0.785
screen,global_s123,contrast,4,common,pooled,0.79,0.7226190205013684,0.515
screen,global_s123,contrast,5,common,pooled,0.9205,0.8705126256663305,0.205
screen,global_s123,elastic_transform,1,common,pooled,0.52595,0.5165137122963618,0.935
screen,global_s123,elastic_transform,2,common,pooled,0.564075,0.5447497140575093,0.915
screen,global_s123,elastic_transform,3,common,pooled,0.632275,0.597549001103853,0.855
screen,global_s123,elastic_transform,4,common,pooled,0.6821,0.6424767026167036,0.765
screen,global_s123,elastic_transform,5,common,pooled,0.7468,0.7061285835949025,0.645
screen,global_s123,pixelate,1,common,pooled,0.613575,0.5752865860730084,0.84
screen,global_s123,pixelate,2,common,pooled,0.679675,0.6318597023764804,0.75
screen,global_s123,pixelate,3,common,pooled,0.844475,0.8098323364540747,0.465
screen,global_s123,pixelate,4,common,pooled,0.932675,0.9153609472843132,0.215
screen,global_s123,pixelate,5,common,pooled,0.9667,0.9598617397720799,0.135
screen,global_s123,jpeg_compression,1,common,pooled,0.656775,0.5876879600011742,0.765
screen,global_s123,jpeg_compression,2,common,pooled,0.771025,0.6808245174759169,0.57
screen,global_s123,jpeg_compression,3,common,pooled,0.83245,0.743667089556947,0.38
screen,global_s123,jpeg_compression,4,common,pooled,0.92605,0.8790232378036201,0.215
screen,global_s123,jpeg_compression,5,common,pooled,0.96275,0.9474522261713622,0.13
screen,global_s123,speckle_noise,1,extra,pooled,0.820125,0.8111471427341777,0.57
screen,global_s123,speckle_noise,2,extra,pooled,0.900775,0.8938979535945523,0.375
screen,global_s123,speckle_noise,3,extra,pooled,0.983475,0.9826910418738577,0.085
screen,global_s123,speckle_noise,4,extra,pooled,0.994625,0.9945339570944319,0.035
screen,global_s123,speckle_noise,5,extra,pooled,0.998675,0.9986698140794417,0.005
screen,global_s123,gaussian_blur,1,extra,pooled,0.663625,0.6181076885568367,0.785
screen,global_s123,gaussian_blur,2,extra,pooled,0.893325,0.8341985048241418,0.27
screen,global_s123,gaussian_blur,3,extra,pooled,0.94485,0.8999588535941575,0.12
screen,global_s123,gaussian_blur,4,extra,pooled,0.96305,0.9285555031236925,0.08
screen,global_s123,gaussian_blur,5,extra,pooled,0.97865,0.9555294027838811,0.045
screen,global_s123,spatter,1,extra,pooled,0.499475,0.4962429899933279,0.935
screen,global_s123,spatter,2,extra,pooled,0.84845,0.7891778524160453,0.385
screen,global_s123,spatter,3,extra,pooled,0.949325,0.930567396733076,0.15
screen,global_s123,spatter,4,extra,pooled,0.988875,0.988346564669773,0.06
screen,global_s123,spatter,5,extra,pooled,0.997125,0.9970569836332478,0.015
screen,global_s123,saturate,1,extra,pooled,0.5310125,0.519642670259893,0.915
screen,global_s123,saturate,2,extra,pooled,0.6091375,0.5721614306619589,0.855
screen,global_s123,saturate,3,extra,pooled,0.6081375,0.5844078112729492,0.91
screen,global_s123,saturate,4,extra,pooled,0.744825,0.7036477515807953,0.695
screen,global_s123,saturate,5,extra,pooled,0.818575,0.7942808285110083,0.59
screen,ch_means_knn,gaussian_noise,1,common,pooled,0.9309,0.8666587778285321,0.12
screen,ch_means_knn,gaussian_noise,2,common,pooled,0.981175,0.9639392845053115,0.045
screen,ch_means_knn,gaussian_noise,3,common,pooled,0.998675,0.9985691560700632,0.005
screen,ch_means_knn,gaussian_noise,4,common,pooled,1.0,1.0,0.0
screen,ch_means_knn,gaussian_noise,5,common,pooled,1.0,1.0,0.0
screen,ch_means_knn,shot_noise,1,common,pooled,0.924375,0.8745458610190315,0.16
screen,ch_means_knn,shot_noise,2,common,pooled,0.97735,0.9661908884322916,0.065
screen,ch_means_knn,shot_noise,3,common,pooled,0.9963,0.9959326855135663,0.015
screen,ch_means_knn,shot_noise,4,common,pooled,0.999925,0.9999254950495049,0.0
screen,ch_means_knn,shot_noise,5,common,pooled,1.0,1.0,0.0
screen,ch_means_knn,impulse_noise,1,common,pooled,0.99295,0.9928079404113245,0.035
screen,ch_means_knn,impulse_noise,2,common,pooled,0.996325,0.9960259155435721,0.02
screen,ch_means_knn,impulse_noise,3,common,pooled,0.998625,0.9985552932296536,0.01
screen,ch_means_knn,impulse_noise,4,common,pooled,1.0,1.0,0.0
screen,ch_means_knn,impulse_noise,5,common,pooled,1.0,1.0,0.0
screen,ch_means_knn,defocus_blur,1,common,pooled,0.7274,0.6642329903273334,0.67
screen,ch_means_knn,defocus_blur,2,common,pooled,0.791975,0.7176628471806471,0.53
screen,ch_means_knn,defocus_blur,3,common,pooled,0.833525,0.7497197953154122,0.455
screen,ch_means_knn,defocus_blur,4,common,pooled,0.853825,0.7643678484556385,0.415
screen,ch_means_knn,defocus_blur,5,common,pooled,0.861075,0.766308423137772,0.37
screen,ch_means_knn,glass_blur,1,common,pooled,0.604825,0.5563805969401041,0.77
screen,ch_means_knn,glass_blur,2,common,pooled,0.686825,0.6141076600398749,0.655
screen,ch_means_knn,glass_blur,3,common,pooled,0.78535,0.6857371694208174,0.505
screen,ch_means_knn,glass_blur,4,common,pooled,0.7854,0.6799372686552145,0.485
screen,ch_means_knn,glass_blur,5,common,pooled,0.825925,0.717065297117585,0.405
screen,ch_means_knn,motion_blur,1,common,pooled,0.8026,0.771443898574737,0.64
screen,ch_means_knn,motion_blur,2,common,pooled,0.8582,0.835865380704767,0.53
screen,ch_means_knn,motion_blur,3,common,pooled,0.905725,0.8876850521783695,0.275
screen,ch_means_knn,motion_blur,4,common,pooled,0.92595,0.9172292646707629,0.275
screen,ch_means_knn,motion_blur,5,common,pooled,0.9339,0.9272259032470347,0.27
screen,ch_means_knn,zoom_blur,1,common,pooled,0.631,0.5597755729238914,0.705
screen,ch_means_knn,zoom_blur,2,common,pooled,0.6573,0.5760491179877578,0.67
screen,ch_means_knn,zoom_blur,3,common,pooled,0.6108,0.5404998909631595,0.705
screen,ch_means_knn,zoom_blur,4,common,pooled,0.626525,0.5497196729089726,0.67
screen,ch_means_knn,zoom_blur,5,common,pooled,0.599,0.5317914405652682,0.695
screen,ch_means_knn,snow,1,common,pooled,0.95935,0.9567787147416489,0.12
screen,ch_means_knn,snow,2,common,pooled,0.978625,0.9799716551976471,0.075
screen,ch_means_knn,snow,3,common,pooled,0.978175,0.9799300604930459,0.09
screen,ch_means_knn,snow,4,common,pooled,0.978575,0.9812000535879553,0.095
screen,ch_means_knn,snow,5,common,pooled,0.970025,0.9744671604846304,0.1
screen,ch_means_knn,frost,1,common,pooled,0.682475,0.6007740354213844,0.67
screen,ch_means_knn,frost,2,common,pooled,0.77485,0.6743014310709956,0.54
screen,ch_means_knn,frost,3,common,pooled,0.81105,0.7041008660005614,0.43
screen,ch_means_knn,frost,4,common,pooled,0.827525,0.7165015116784973,0.44
screen,ch_means_knn,frost,5,common,pooled,0.8481,0.7368186863873808,0.33
screen,ch_means_knn,fog,1,common,pooled,0.42735,0.4389642979073133,0.925
screen,ch_means_knn,fog,2,common,pooled,0.440925,0.4447527401417448,0.925
screen,ch_means_knn,fog,3,common,pooled,0.449,0.44446937321864743,0.895
screen,ch_means_knn,fog,4,common,pooled,0.456825,0.44968273385576424,0.885
screen,ch_means_knn,fog,5,common,pooled,0.499925,0.46376550786451326,0.775
screen,ch_means_knn,brightness,1,common,pooled,0.54895,0.5360131081036537,0.94
screen,ch_means_knn,brightness,2,common,pooled,0.640925,0.6024096249879769,0.82
screen,ch_means_knn,brightness,3,common,pooled,0.73655,0.6780446695125535,0.705
screen,ch_means_knn,brightness,4,common,pooled,0.816025,0.7513643568521753,0.63
screen,ch_means_knn,brightness,5,common,pooled,0.86855,0.8106478961832182,0.48
screen,ch_means_knn,contrast,1,common,pooled,0.48475,0.4730777144374516,0.915
screen,ch_means_knn,contrast,2,common,pooled,0.5158,0.4882127353952561,0.87
screen,ch_means_knn,contrast,3,common,pooled,0.5526,0.5070606405306813,0.79
screen,ch_means_knn,contrast,4,common,pooled,0.582425,0.5217781521555716,0.795
screen,ch_means_knn,contrast,5,common,pooled,0.5973,0.5234736416306517,0.695
screen,ch_means_knn,elastic_transform,1,common,pooled,0.558225,0.5379391488439784,0.885
screen,ch_means_knn,elastic_transform,2,common,pooled,0.61465,0.582593795741441,0.835
screen,ch_means_knn,elastic_transform,3,common,pooled,0.70595,0.6601424518125403,0.74
screen,ch_means_knn,elastic_transform,4,common,pooled,0.769775,0.7301935263261288,0.655
screen,ch_means_knn,elastic_transform,5,common,pooled,0.8415,0.8068981186446897,0.485
screen,ch_means_knn,pixelate,1,common,pooled,0.697725,0.6607532195848884,0.81
screen,ch_means_knn,pixelate,2,common,pooled,0.759125,0.7325337515351238,0.75
screen,ch_means_knn,pixelate,3,common,pooled,0.895425,0.8942058080359377,0.49
screen,ch_means_knn,pixelate,4,common,pooled,0.9574,0.9584745035411595,0.21
screen,ch_means_knn,pixelate,5,common,pooled,0.978125,0.9794255325003884,0.11
screen,ch_means_knn,jpeg_compression,1,common,pooled,0.810075,0.7107645480909619,0.445
screen,ch_means_knn,jpeg_compression,2,common,pooled,0.89235,0.8110426630676042,0.23
screen,ch_means_knn,jpeg_compression,3,common,pooled,0.92145,0.8629259873757652,0.16
screen,ch_means_knn,jpeg_compression,4,common,pooled,0.963525,0.9477019353860162,0.1
screen,ch_means_knn,jpeg_compression,5,common,pooled,0.9807,0.9772987703924523,0.08
screen,ch_means_knn,speckle_noise,1,extra,pooled,0.863875,0.808577621031908,0.39
screen,ch_means_knn,speckle_noise,2,extra,pooled,0.920975,0.8860431151983363,0.23
screen,ch_means_knn,speckle_noise,3,extra,pooled,0.981625,0.9786412830423945,0.09
screen,ch_means_knn,speckle_noise,4,extra,pooled,0.992175,0.991737303690833,0.045
screen,ch_means_knn,speckle_noise,5,extra,pooled,0.997425,0.9974517517899645,0.02
screen,ch_means_knn,gaussian_blur,1,extra,pooled,0.6241,0.5836814026553023,0.85
screen,ch_means_knn,gaussian_blur,2,extra,pooled,0.80215,0.7335026843217671,0.53
screen,ch_means_knn,gaussian_blur,3,extra,pooled,0.86155,0.7887070316975332,0.405
screen,ch_means_knn,gaussian_blur,4,extra,pooled,0.8804,0.802155982176201,0.335
screen,ch_means_knn,gaussian_blur,5,extra,pooled,0.8956,0.8142311990426652,0.25
screen,ch_means_knn,spatter,1,extra,pooled,0.57075,0.546514201873772,0.875
screen,ch_means_knn,spatter,2,extra,pooled,0.90205,0.8782424710211109,0.405
screen,ch_means_knn,spatter,3,extra,pooled,0.9547,0.9471128488886084,0.195
screen,ch_means_knn,spatter,4,extra,pooled,0.99135,0.9907048245124345,0.04
screen,ch_means_knn,spatter,5,extra,pooled,0.997125,0.9969736456949274,0.015
screen,ch_means_knn,saturate,1,extra,pooled,0.5526125,0.5234664369234836,0.875
screen,ch_means_knn,saturate,2,extra,pooled,0.6265625,0.5759752247038452,0.755
screen,ch_means_knn,saturate,3,extra,pooled,0.6856875,0.6424769652905084,0.775
screen,ch_means_knn,saturate,4,extra,pooled,0.89505,0.8507030073699003,0.315
screen,ch_means_knn,saturate,5,extra,pooled,0.94255,0.9276071852243138,0.16
screen,ch_means_own,gaussian_noise,1,common,pooled,0.90535,0.8703182072451043,0.29
screen,ch_means_own,gaussian_noise,2,common,pooled,0.9779,0.9655699141778207,0.065
screen,ch_means_own,gaussian_noise,3,common,pooled,0.99645,0.9956693859721607,0.015
screen,ch_means_own,gaussian_noise,4,common,pooled,1.0,1.0,0.0
screen,ch_means_own,gaussian_noise,5,common,pooled,1.0,1.0,0.0
screen,ch_means_own,shot_noise,1,common,pooled,0.88065,0.8544343746280002,0.365
screen,ch_means_own,shot_noise,2,common,pooled,0.97085,0.9619221260609312,0.08
screen,ch_means_own,shot_noise,3,common,pooled,0.994,0.9927545083232213,0.015
screen,ch_means_own,shot_noise,4,common,pooled,0.9998,0.9998011046053507,0.0
screen,ch_means_own,shot_noise,5,common,pooled,1.0,1.0,0.0
screen,ch_means_own,impulse_noise,1,common,pooled,0.987025,0.983246721460995,0.05
screen,ch_means_own,impulse_noise,2,common,pooled,0.993375,0.9913935752898477,0.015
screen,ch_means_own,impulse_noise,3,common,pooled,0.997025,0.9965022019935447,0.015
screen,ch_means_own,impulse_noise,4,common,pooled,1.0,1.0,0.0
screen,ch_means_own,impulse_noise,5,common,pooled,1.0,1.0,0.0
screen,ch_means_own,defocus_blur,1,common,pooled,0.763125,0.702339075580453,0.575
screen,ch_means_own,defocus_blur,2,common,pooled,0.841425,0.7770370253483598,0.365
screen,ch_means_own,defocus_blur,3,common,pooled,0.90715,0.849584795190409,0.25
screen,ch_means_own,defocus_blur,4,common,pooled,0.942225,0.8917811662467303,0.15
screen,ch_means_own,defocus_blur,5,common,pooled,0.9581,0.9168986108144677,0.09
screen,ch_means_own,glass_blur,1,common,pooled,0.643775,0.601324503959155,0.765
screen,ch_means_own,glass_blur,2,common,pooled,0.77825,0.7101594678060504,0.535
screen,ch_means_own,glass_blur,3,common,pooled,0.90105,0.834742135012978,0.26
screen,ch_means_own,glass_blur,4,common,pooled,0.92265,0.8604532483370996,0.19
screen,ch_means_own,glass_blur,5,common,pooled,0.9522,0.9016339193509233,0.095
screen,ch_means_own,motion_blur,1,common,pooled,0.740775,0.7056802990928621,0.73
screen,ch_means_own,motion_blur,2,common,pooled,0.84185,0.8081827435685827,0.49
screen,ch_means_own,motion_blur,3,common,pooled,0.915,0.8911035362233373,0.28
screen,ch_means_own,motion_blur,4,common,pooled,0.95045,0.9351181956937269,0.185
screen,ch_means_own,motion_blur,5,common,pooled,0.966975,0.9542119254448114,0.12
screen,ch_means_own,zoom_blur,1,common,pooled,0.6941,0.6276415215470321,0.62
screen,ch_means_own,zoom_blur,2,common,pooled,0.752975,0.6788095223622671,0.55
screen,ch_means_own,zoom_blur,3,common,pooled,0.690575,0.6256360236121505,0.675
screen,ch_means_own,zoom_blur,4,common,pooled,0.728875,0.6559366888873245,0.565
screen,ch_means_own,zoom_blur,5,common,pooled,0.689575,0.625587176706955,0.65
screen,ch_means_own,snow,1,common,pooled,0.91985,0.9058272251376523,0.325
screen,ch_means_own,snow,2,common,pooled,0.962375,0.9557004336329077,0.18
screen,ch_means_own,snow,3,common,pooled,0.95905,0.951131569663575,0.185
screen,ch_means_own,snow,4,common,pooled,0.972375,0.9669459550248476,0.105
screen,ch_means_own,snow,5,common,pooled,0.96605,0.9589562671482217,0.125
screen,ch_means_own,frost,1,common,pooled,0.523575,0.5211096581479308,0.915
screen,ch_means_own,frost,2,common,pooled,0.628025,0.5914601614154251,0.835
screen,ch_means_own,frost,3,common,pooled,0.691975,0.6397859651598342,0.74
screen,ch_means_own,frost,4,common,pooled,0.714825,0.65756865267412,0.73
screen,ch_means_own,frost,5,common,pooled,0.7438,0.6812162276303032,0.62
screen,ch_means_own,fog,1,common,pooled,0.446525,0.45299620416836855,0.945
screen,ch_means_own,fog,2,common,pooled,0.464,0.462489910736345,0.93
screen,ch_means_own,fog,3,common,pooled,0.480375,0.4717658087772515,0.91
screen,ch_means_own,fog,4,common,pooled,0.4805,0.47082035123566823,0.915
screen,ch_means_own,fog,5,common,pooled,0.504575,0.48805992787561314,0.91
screen,ch_means_own,brightness,1,common,pooled,0.516725,0.5203957194654236,0.96
screen,ch_means_own,brightness,2,common,pooled,0.55745,0.5496263873277283,0.93
screen,ch_means_own,brightness,3,common,pooled,0.6029,0.5816373184188621,0.91
screen,ch_means_own,brightness,4,common,pooled,0.6604,0.6299917403654709,0.855
screen,ch_means_own,brightness,5,common,pooled,0.719525,0.6779583189790179,0.73
screen,ch_means_own,contrast,1,common,pooled,0.48885,0.4898092579262026,0.93
screen,ch_means_own,contrast,2,common,pooled,0.519925,0.5107014065695132,0.915
screen,ch_means_own,contrast,3,common,pooled,0.58385,0.5574482819705796,0.87
screen,ch_means_own,contrast,4,common,pooled,0.739275,0.6852403135376226,0.6
screen,ch_means_own,contrast,5,common,pooled,0.897825,0.8428950211474058,0.29
screen,ch_means_own,elastic_transform,1,common,pooled,0.5387,0.5339017684294678,0.92
screen,ch_means_own,elastic_transform,2,common,pooled,0.590775,0.5760506334203328,0.91
screen,ch_means_own,elastic_transform,3,common,pooled,0.6759,0.6511707578667926,0.83
screen,ch_means_own,elastic_transform,4,common,pooled,0.739975,0.7112887607079044,0.725
screen,ch_means_own,elastic_transform,5,common,pooled,0.813125,0.783803348669633,0.535
screen,ch_means_own,pixelate,1,common,pooled,0.596575,0.568015459156653,0.9
screen,ch_means_own,pixelate,2,common,pooled,0.663775,0.6292881067179275,0.785
screen,ch_means_own,pixelate,3,common,pooled,0.850975,0.8313057437408825,0.49
screen,ch_means_own,pixelate,4,common,pooled,0.946225,0.9368287520280166,0.215
screen,ch_means_own,pixelate,5,common,pooled,0.97705,0.9729342362247178,0.08
screen,ch_means_own,jpeg_compression,1,common,pooled,0.624775,0.5688245003435297,0.83
screen,ch_means_own,jpeg_compression,2,common,pooled,0.75235,0.6748543565081021,0.615
screen,ch_means_own,jpeg_compression,3,common,pooled,0.825975,0.7556093549484733,0.43
screen,ch_means_own,jpeg_compression,4,common,pooled,0.93535,0.9019678862538414,0.25
screen,ch_means_own,jpeg_compression,5,common,pooled,0.970475,0.9597862491337432,0.105
screen,ch_means_own,speckle_noise,1,extra,pooled,0.7721,0.7569480039946747,0.605
screen,ch_means_own,speckle_noise,2,extra,pooled,0.86105,0.8489044394019496,0.395
screen,ch_means_own,speckle_noise,3,extra,pooled,0.969225,0.9663286849489132,0.095
screen,ch_means_own,speckle_noise,4,extra,pooled,0.9878,0.9868779828615495,0.04
screen,ch_means_own,speckle_noise,5,extra,pooled,0.996075,0.9959598749102141,0.015
screen,ch_means_own,gaussian_blur,1,extra,pooled,0.62285,0.5922102962373526,0.835
screen,ch_means_own,gaussian_blur,2,extra,pooled,0.840025,0.7764531052076138,0.38
screen,ch_means_own,gaussian_blur,3,extra,pooled,0.914575,0.8593592801390041,0.245
screen,ch_means_own,gaussian_blur,4,extra,pooled,0.94655,0.8982247757508995,0.125
screen,ch_means_own,gaussian_blur,5,extra,pooled,0.971925,0.939439948926229,0.075
screen,ch_means_own,spatter,1,extra,pooled,0.517075,0.5156154764008162,0.93
screen,ch_means_own,spatter,2,extra,pooled,0.865725,0.8278932763006259,0.38
screen,ch_means_own,spatter,3,extra,pooled,0.945575,0.9273534970652013,0.25
screen,ch_means_own,spatter,4,extra,pooled,0.988175,0.9874261146689224,0.065
screen,ch_means_own,spatter,5,extra,pooled,0.996675,0.9964437666560064,0.015
screen,ch_means_own,saturate,1,extra,pooled,0.5073875,0.5052130759816065,0.915
screen,ch_means_own,saturate,2,extra,pooled,0.5706375,0.5453643831969669,0.91
screen,ch_means_own,saturate,3,extra,pooled,0.5891625,0.5678364838437483,0.91
screen,ch_means_own,saturate,4,extra,pooled,0.705875,0.667507853103583,0.835
screen,ch_means_own,saturate,5,extra,pooled,0.7816,0.7589457618958884,0.6
screen,cdf,gaussian_noise,1,common,pooled,0.8902,0.8267637564586479,0.26
screen,cdf,gaussian_noise,2,common,pooled,0.959675,0.9347623579132368,0.1
screen,cdf,gaussian_noise,3,common,pooled,0.99275,0.9902835037774271,0.02
screen,cdf,gaussian_noise,4,common,pooled,0.999725,0.9997193146755682,0.005
screen,cdf,gaussian_noise,5,common,pooled,1.0,1.0,0.0
screen,cdf,shot_noise,1,common,pooled,0.8686,0.8186575820107771,0.33
screen,cdf,shot_noise,2,common,pooled,0.9532,0.9334268665161486,0.105
screen,cdf,shot_noise,3,common,pooled,0.9883,0.9849582117178234,0.025
screen,cdf,shot_noise,4,common,pooled,0.9993,0.9992944781467757,0.005
screen,cdf,shot_noise,5,common,pooled,0.9999,0.9998997462247162,0.0
screen,cdf,impulse_noise,1,common,pooled,0.96345,0.9441264468496307,0.09
screen,cdf,impulse_noise,2,common,pooled,0.983225,0.9749239008258759,0.05
screen,cdf,impulse_noise,3,common,pooled,0.99255,0.9895110100039299,0.02
screen,cdf,impulse_noise,4,common,pooled,0.999975,0.9999751243781094,0.0
screen,cdf,impulse_noise,5,common,pooled,1.0,1.0,0.0
screen,cdf,defocus_blur,1,common,pooled,0.807475,0.7341808667043878,0.45
screen,cdf,defocus_blur,2,common,pooled,0.87965,0.812146365071364,0.29
screen,cdf,defocus_blur,3,common,pooled,0.933525,0.8869179374055712,0.12
screen,cdf,defocus_blur,4,common,pooled,0.96005,0.9318112576843534,0.09
screen,cdf,defocus_blur,5,common,pooled,0.9771,0.9597624200217286,0.05
screen,cdf,glass_blur,1,common,pooled,0.6953,0.6411194429533663,0.725
screen,cdf,glass_blur,2,common,pooled,0.809975,0.7363239378010256,0.42
screen,cdf,glass_blur,3,common,pooled,0.900925,0.8314791697346691,0.215
screen,cdf,glass_blur,4,common,pooled,0.92465,0.8693081119857553,0.13
screen,cdf,glass_blur,5,common,pooled,0.95725,0.9243751977919819,0.09
screen,cdf,motion_blur,1,common,pooled,0.70895,0.65315193315505,0.74
screen,cdf,motion_blur,2,common,pooled,0.807325,0.7452419231884287,0.4
screen,cdf,motion_blur,3,common,pooled,0.888475,0.8366514961454734,0.295
screen,cdf,motion_blur,4,common,pooled,0.93325,0.8972002224444091,0.155
screen,cdf,motion_blur,5,common,pooled,0.952375,0.926119785210283,0.115
screen,cdf,zoom_blur,1,common,pooled,0.794675,0.7241485915699174,0.445
screen,cdf,zoom_blur,2,common,pooled,0.850925,0.7806898253418575,0.33
screen,cdf,zoom_blur,3,common,pooled,0.819075,0.7544556776894145,0.405
screen,cdf,zoom_blur,4,common,pooled,0.8527,0.7880689689558499,0.33
screen,cdf,zoom_blur,5,common,pooled,0.833325,0.7713786330544699,0.4
screen,cdf,snow,1,common,pooled,0.8475,0.7750485520729503,0.35
screen,cdf,snow,2,common,pooled,0.919725,0.8855956336865507,0.265
screen,cdf,snow,3,common,pooled,0.914475,0.8698250412711028,0.235
screen,cdf,snow,4,common,pooled,0.939,0.906928032354337,0.135
screen,cdf,snow,5,common,pooled,0.93,0.9029822744345405,0.225
screen,cdf,frost,1,common,pooled,0.551625,0.5358000831535092,0.87
screen,cdf,frost,2,common,pooled,0.665475,0.6083605618719828,0.79
screen,cdf,frost,3,common,pooled,0.7367,0.6625689954272366,0.685
screen,cdf,frost,4,common,pooled,0.753625,0.6779669738156356,0.705
screen,cdf,frost,5,common,pooled,0.79,0.7096464429462852,0.525
screen,cdf,fog,1,common,pooled,0.654475,0.6226366503505649,0.825
screen,cdf,fog,2,common,pooled,0.708125,0.667933401456583,0.74
screen,cdf,fog,3,common,pooled,0.7477,0.7015457019443838,0.685
screen,cdf,fog,4,common,pooled,0.744275,0.6884168519555414,0.69
screen,cdf,fog,5,common,pooled,0.77205,0.7087130470822528,0.555
screen,cdf,brightness,1,common,pooled,0.513225,0.5219730248364258,0.945
screen,cdf,brightness,2,common,pooled,0.550025,0.5485060976209644,0.94
screen,cdf,brightness,3,common,pooled,0.59605,0.5804283649261643,0.885
screen,cdf,brightness,4,common,pooled,0.650975,0.6212894644416352,0.825
screen,cdf,brightness,5,common,pooled,0.7078,0.6667122089991151,0.71
screen,cdf,contrast,1,common,pooled,0.681225,0.6547760819289632,0.79
screen,cdf,contrast,2,common,pooled,0.764475,0.7259897082726717,0.675
screen,cdf,contrast,3,common,pooled,0.860525,0.8230878090234934,0.365
screen,cdf,contrast,4,common,pooled,0.95525,0.9387309129586654,0.12
screen,cdf,contrast,5,common,pooled,0.991375,0.9889366660193599,0.025
screen,cdf,elastic_transform,1,common,pooled,0.52915,0.5222052991790207,0.945
screen,cdf,elastic_transform,2,common,pooled,0.56385,0.5427980041370724,0.9
screen,cdf,elastic_transform,3,common,pooled,0.6233,0.5799093444081356,0.825
screen,cdf,elastic_transform,4,common,pooled,0.668275,0.6137854049404774,0.745
screen,cdf,elastic_transform,5,common,pooled,0.72625,0.6566972493851289,0.595
screen,cdf,pixelate,1,common,pooled,0.5866,0.5586581171880297,0.875
screen,cdf,pixelate,2,common,pooled,0.641775,0.598238738776236,0.82
screen,cdf,pixelate,3,common,pooled,0.814175,0.7477456200466316,0.42
screen,cdf,pixelate,4,common,pooled,0.923375,0.8853389798668189,0.185
screen,cdf,pixelate,5,common,pooled,0.96535,0.9499911622615043,0.1
screen,cdf,jpeg_compression,1,common,pooled,0.648175,0.5822237623539959,0.755
screen,cdf,jpeg_compression,2,common,pooled,0.747425,0.6557872219112209,0.555
screen,cdf,jpeg_compression,3,common,pooled,0.8031,0.7066345442292318,0.415
screen,cdf,jpeg_compression,4,common,pooled,0.895225,0.8197226249044709,0.235
screen,cdf,jpeg_compression,5,common,pooled,0.938725,0.8910024356981804,0.12
screen,cdf,speckle_noise,1,extra,pooled,0.774675,0.7312732371539046,0.575
screen,cdf,speckle_noise,2,extra,pooled,0.853875,0.8181093239521211,0.39
screen,cdf,speckle_noise,3,extra,pooled,0.95695,0.9479831238996558,0.135
screen,cdf,speckle_noise,4,extra,pooled,0.979875,0.9772657414706104,0.1
screen,cdf,speckle_noise,5,extra,pooled,0.99215,0.9916557046379976,0.05
screen,cdf,gaussian_blur,1,extra,pooled,0.661275,0.6128647544157513,0.78
screen,cdf,gaussian_blur,2,extra,pooled,0.87175,0.8034496166473092,0.295
screen,cdf,gaussian_blur,3,extra,pooled,0.934275,0.8871324716864082,0.12
screen,cdf,gaussian_blur,4,extra,pooled,0.961725,0.9340294764019855,0.085
screen,cdf,gaussian_blur,5,extra,pooled,0.98765,0.9776167884147378,0.025
screen,cdf,spatter,1,extra,pooled,0.495575,0.49061338098385165,0.945
screen,cdf,spatter,2,extra,pooled,0.753025,0.6532029405991704,0.52
screen,cdf,spatter,3,extra,pooled,0.873375,0.7872025663821529,0.295
screen,cdf,spatter,4,extra,pooled,0.952975,0.9378457448468538,0.13
screen,cdf,spatter,5,extra,pooled,0.980175,0.9758386936698976,0.08
screen,cdf,saturate,1,extra,pooled,0.5194125,0.5221199632677245,0.945
screen,cdf,saturate,2,extra,pooled,0.5738625,0.551820647214822,0.865
screen,cdf,saturate,3,extra,pooled,0.5769875,0.5488824546365482,0.87
screen,cdf,saturate,4,extra,pooled,0.69215,0.6273041448678941,0.74
screen,cdf,saturate,5,extra,pooled,0.765325,0.7019620720436736,0.615
screen,discopatch,gaussian_noise,1,common,pooled,0.8777,0.8767430773635104,0.455
screen,discopatch,gaussian_noise,2,common,pooled,0.95445,0.9523648048125818,0.21
screen,discopatch,gaussian_noise,3,common,pooled,0.9901,0.9893018806378,0.05
screen,discopatch,gaussian_noise,4,common,pooled,0.99865,0.9986330847268257,0.02
screen,discopatch,gaussian_noise,5,common,pooled,1.0,1.0,0.0
screen,discopatch,shot_noise,1,common,pooled,0.870675,0.8634346866338409,0.43
screen,discopatch,shot_noise,2,common,pooled,0.945125,0.9412897466485369,0.23
screen,discopatch,shot_noise,3,common,pooled,0.9779,0.9763005814088351,0.095
screen,discopatch,shot_noise,4,common,pooled,0.991525,0.9912373325507887,0.05
screen,discopatch,shot_noise,5,common,pooled,0.99445,0.9944155686734897,0.03
screen,discopatch,impulse_noise,1,common,pooled,0.92425,0.9168552346867241,0.275
screen,discopatch,impulse_noise,2,common,pooled,0.982175,0.9807374142754859,0.085
screen,discopatch,impulse_noise,3,common,pooled,0.994125,0.9936967168111561,0.025
screen,discopatch,impulse_noise,4,common,pooled,1.0,1.0,0.0
screen,discopatch,impulse_noise,5,common,pooled,1.0,1.0,0.0
screen,discopatch,defocus_blur,1,common,pooled,0.652325,0.6256343594876579,0.8
screen,discopatch,defocus_blur,2,common,pooled,0.715375,0.6783997847774954,0.71
screen,discopatch,defocus_blur,3,common,pooled,0.782225,0.7384393021567863,0.575
screen,discopatch,defocus_blur,4,common,pooled,0.80975,0.7629501864305476,0.49
screen,discopatch,defocus_blur,5,common,pooled,0.827175,0.7799799932199276,0.46
screen,discopatch,glass_blur,1,common,pooled,0.672825,0.6406153757122205,0.775
screen,discopatch,glass_blur,2,common,pooled,0.76655,0.7328192841558203,0.69
screen,discopatch,glass_blur,3,common,pooled,0.87815,0.8515214172515195,0.395
screen,discopatch,glass_blur,4,common,pooled,0.905025,0.8851623602067278,0.31
screen,discopatch,glass_blur,5,common,pooled,0.929275,0.915607029654919,0.245
screen,discopatch,motion_blur,1,common,pooled,0.57935,0.5672159646451028,0.9
screen,discopatch,motion_blur,2,common,pooled,0.65605,0.6286730546100072,0.79
screen,discopatch,motion_blur,3,common,pooled,0.732425,0.6934084529822031,0.7
screen,discopatch,motion_blur,4,common,pooled,0.781375,0.7406054977353702,0.67
screen,discopatch,motion_blur,5,common,pooled,0.8139,0.7730631837352202,0.55
screen,discopatch,zoom_blur,1,common,pooled,0.7375,0.6999560832964997,0.695
screen,discopatch,zoom_blur,2,common,pooled,0.777025,0.7369558348056382,0.57
screen,discopatch,zoom_blur,3,common,pooled,0.8083,0.7689861458603893,0.49
screen,discopatch,zoom_blur,4,common,pooled,0.824525,0.7843331882952467,0.495
screen,discopatch,zoom_blur,5,common,pooled,0.8414,0.8054297267356836,0.445
screen,discopatch,snow,1,common,pooled,0.7517,0.6934557744305101,0.6
screen,discopatch,snow,2,common,pooled,0.84095,0.7962629187818002,0.42
screen,discopatch,snow,3,common,pooled,0.833975,0.7748063569847184,0.405
screen,discopatch,snow,4,common,pooled,0.8612,0.7991056875544156,0.33
screen,discopatch,snow,5,common,pooled,0.8339,0.7682651215452169,0.39
screen,discopatch,frost,1,common,pooled,0.66285,0.6200767113554315,0.745
screen,discopatch,frost,2,common,pooled,0.777625,0.7334318766056828,0.565
screen,discopatch,frost,3,common,pooled,0.8256,0.7807196647334471,0.475
screen,discopatch,frost,4,common,pooled,0.8441,0.8052762722376314,0.45
screen,discopatch,frost,5,common,pooled,0.873525,0.8337688832496168,0.355
screen,discopatch,fog,1,common,pooled,0.59705,0.5878524814159485,0.88
screen,discopatch,fog,2,common,pooled,0.644775,0.629588851987946,0.84
screen,discopatch,fog,3,common,pooled,0.7041,0.6868628271532004,0.76
screen,discopatch,fog,4,common,pooled,0.7535,0.7303104806859974,0.705
screen,discopatch,fog,5,common,pooled,0.833625,0.8187472262497137,0.485
screen,discopatch,brightness,1,common,pooled,0.49125,0.49589043823820494,0.95
screen,discopatch,brightness,2,common,pooled,0.494075,0.4923430372037044,0.92
screen,discopatch,brightness,3,common,pooled,0.5032,0.49252931606761285,0.875
screen,discopatch,brightness,4,common,pooled,0.51335,0.4924013241449482,0.86
screen,discopatch,brightness,5,common,pooled,0.51915,0.490926661613966,0.815
screen,discopatch,contrast,1,common,pooled,0.548025,0.5236573122784554,0.88
screen,discopatch,contrast,2,common,pooled,0.5707,0.5385163909995854,0.85
screen,discopatch,contrast,3,common,pooled,0.606975,0.5641183738486629,0.82
screen,discopatch,contrast,4,common,pooled,0.685475,0.6260742450401471,0.68
screen,discopatch,contrast,5,common,pooled,0.763875,0.7090838377737247,0.535
screen,discopatch,elastic_transform,1,common,pooled,0.61035,0.5845623190768559,0.81
screen,discopatch,elastic_transform,2,common,pooled,0.639,0.6033616477691938,0.76
screen,discopatch,elastic_transform,3,common,pooled,0.6734,0.6295240250387184,0.72
screen,discopatch,elastic_transform,4,common,pooled,0.694875,0.6422032073313116,0.69
screen,discopatch,elastic_transform,5,common,pooled,0.715175,0.6576094550514371,0.65
screen,discopatch,pixelate,1,common,pooled,0.547,0.5407306992710175,0.9
screen,discopatch,pixelate,2,common,pooled,0.555375,0.5477453788642735,0.9
screen,discopatch,pixelate,3,common,pooled,0.640475,0.6095597649601335,0.79
screen,discopatch,pixelate,4,common,pooled,0.712325,0.674424433418852,0.72
screen,discopatch,pixelate,5,common,pooled,0.7468,0.7052044633889878,0.67
screen,discopatch,jpeg_compression,1,common,pooled,0.630275,0.5782239835774332,0.76
screen,discopatch,jpeg_compression,2,common,pooled,0.639925,0.575701374393619,0.75
screen,discopatch,jpeg_compression,3,common,pooled,0.645225,0.5737327454054971,0.735
screen,discopatch,jpeg_compression,4,common,pooled,0.633075,0.5554787369244436,0.71
screen,discopatch,jpeg_compression,5,common,pooled,0.594375,0.5232397131669654,0.71
screen,discopatch,speckle_noise,1,extra,pooled,0.8045,0.7898858312677817,0.57
screen,discopatch,speckle_noise,2,extra,pooled,0.862125,0.84618200592244,0.42
screen,discopatch,speckle_noise,3,extra,pooled,0.942075,0.9337339324037943,0.22
screen,discopatch,speckle_noise,4,extra,pooled,0.961925,0.9568806894812404,0.165
screen,discopatch,speckle_noise,5,extra,pooled,0.975325,0.9724545669809592,0.115
screen,discopatch,gaussian_blur,1,extra,pooled,0.555325,0.5472151856658346,0.915
screen,discopatch,gaussian_blur,2,extra,pooled,0.703025,0.6689066636107356,0.74
screen,discopatch,gaussian_blur,3,extra,pooled,0.786875,0.7449261893146996,0.565
screen,discopatch,gaussian_blur,4,extra,pooled,0.823625,0.7796683685970403,0.465
screen,discopatch,gaussian_blur,5,extra,pooled,0.84775,0.8014714823270384,0.41
screen,discopatch,spatter,1,extra,pooled,0.5225,0.5186612393641014,0.92
screen,discopatch,spatter,2,extra,pooled,0.677175,0.6211070089789759,0.73
screen,discopatch,spatter,3,extra,pooled,0.806725,0.759760642343614,0.465
screen,discopatch,spatter,4,extra,pooled,0.8219,0.771473407117174,0.415
screen,discopatch,spatter,5,extra,pooled,0.882725,0.8373623995667181,0.265
screen,discopatch,saturate,1,extra,pooled,0.6545125,0.6259330111810559,0.76
screen,discopatch,saturate,2,extra,pooled,0.7646875,0.7312021074978728,0.585
screen,discopatch,saturate,3,extra,pooled,0.4664625,0.47819227986469187,0.955
screen,discopatch,saturate,4,extra,pooled,0.517375,0.49523282345316855,0.88
screen,discopatch,saturate,5,extra,pooled,0.5647,0.521512936260029,0.78
screen,saod_min,gaussian_noise,1,common,pooled,0.5945,0.606521076115317,0.895
screen,saod_min,gaussian_noise,2,common,pooled,0.66355,0.6804497815979162,0.87
screen,saod_min,gaussian_noise,3,common,pooled,0.760125,0.7798284251357113,0.775
screen,saod_min,gaussian_noise,4,common,pooled,0.874725,0.8807850235162396,0.6
screen,saod_min,gaussian_noise,5,common,pooled,0.953075,0.9539189315329027,0.235
screen,saod_min,shot_noise,1,common,pooled,0.5886,0.597753214504748,0.92
screen,saod_min,shot_noise,2,common,pooled,0.665775,0.6785426056341601,0.845
screen,saod_min,shot_noise,3,common,pooled,0.7462,0.7685282113673485,0.775
screen,saod_min,shot_noise,4,common,pooled,0.869175,0.8776966350872208,0.585
screen,saod_min,shot_noise,5,common,pooled,0.932475,0.9351904947616134,0.4
screen,saod_min,impulse_noise,1,common,pooled,0.6628,0.6975363363557932,0.855
screen,saod_min,impulse_noise,2,common,pooled,0.7379,0.7578880475579344,0.765
screen,saod_min,impulse_noise,3,common,pooled,0.77785,0.8023321935191089,0.725
screen,saod_min,impulse_noise,4,common,pooled,0.8655,0.8781436026367616,0.615
screen,saod_min,impulse_noise,5,common,pooled,0.953875,0.953726987481199,0.24
screen,saod_min,defocus_blur,1,common,pooled,0.65085,0.6552781681214392,0.865
screen,saod_min,defocus_blur,2,common,pooled,0.712025,0.7168889867848763,0.79
screen,saod_min,defocus_blur,3,common,pooled,0.810775,0.8191128188003578,0.63
screen,saod_min,defocus_blur,4,common,pooled,0.879725,0.8819469138905562,0.53
screen,saod_min,defocus_blur,5,common,pooled,0.9232,0.923600409507387,0.405
screen,saod_min,glass_blur,1,common,pooled,0.66425,0.6665959716432888,0.815
screen,saod_min,glass_blur,2,common,pooled,0.759275,0.756949386051859,0.715
screen,saod_min,glass_blur,3,common,pooled,0.912925,0.9130465868516611,0.385
screen,saod_min,glass_blur,4,common,pooled,0.9429,0.9430274313431848,0.31
screen,saod_min,glass_blur,5,common,pooled,0.95405,0.9522227749287093,0.225
screen,saod_min,motion_blur,1,common,pooled,0.593275,0.5889085836700636,0.9
screen,saod_min,motion_blur,2,common,pooled,0.681275,0.6922787116254082,0.82
screen,saod_min,motion_blur,3,common,pooled,0.781325,0.7855333717517541,0.68
screen,saod_min,motion_blur,4,common,pooled,0.8783,0.8828461163361301,0.505
screen,saod_min,motion_blur,5,common,pooled,0.914425,0.9152766596990247,0.38
screen,saod_min,zoom_blur,1,common,pooled,0.78605,0.7929013536489696,0.66
screen,saod_min,zoom_blur,2,common,pooled,0.851975,0.8569446507452345,0.61
screen,saod_min,zoom_blur,3,common,pooled,0.885275,0.8868503825674002,0.505
screen,saod_min,zoom_blur,4,common,pooled,0.918125,0.9173734304033825,0.38
screen,saod_min,zoom_blur,5,common,pooled,0.92545,0.9216190404272883,0.305
screen,saod_min,snow,1,common,pooled,0.64325,0.6677704905438866,0.835
screen,saod_min,snow,2,common,pooled,0.75085,0.7773073489036189,0.815
screen,saod_min,snow,3,common,pooled,0.757175,0.7771138459027631,0.795
screen,saod_min,snow,4,common,pooled,0.80555,0.826097285180752,0.725
screen,saod_min,snow,5,common,pooled,0.8118,0.8297162718530671,0.775
screen,saod_min,frost,1,common,pooled,0.58905,0.6069098502993884,0.895
screen,saod_min,frost,2,common,pooled,0.68605,0.7096250900860548,0.85
screen,saod_min,frost,3,common,pooled,0.71835,0.7480554177861627,0.835
screen,saod_min,frost,4,common,pooled,0.73095,0.7579781931022309,0.77
screen,saod_min,frost,5,common,pooled,0.7815,0.7973922461153506,0.75
screen,saod_min,fog,1,common,pooled,0.52665,0.5397622965454023,0.925
screen,saod_min,fog,2,common,pooled,0.546575,0.5557051293763707,0.935
screen,saod_min,fog,3,common,pooled,0.5525,0.5514963231702332,0.925
screen,saod_min,fog,4,common,pooled,0.559325,0.5671102907956311,0.915
screen,saod_min,fog,5,common,pooled,0.58535,0.594283706121318,0.915
screen,saod_min,brightness,1,common,pooled,0.511825,0.515857019395798,0.945
screen,saod_min,brightness,2,common,pooled,0.524175,0.5357070784655038,0.945
screen,saod_min,brightness,3,common,pooled,0.544725,0.5647519608618203,0.945
screen,saod_min,brightness,4,common,pooled,0.561575,0.5888445950465555,0.925
screen,saod_min,brightness,5,common,pooled,0.596775,0.621766046487352,0.93
screen,saod_min,contrast,1,common,pooled,0.533425,0.5402448164734039,0.92
screen,saod_min,contrast,2,common,pooled,0.55565,0.5638627281670151,0.905
screen,saod_min,contrast,3,common,pooled,0.595125,0.6024997926191159,0.89
screen,saod_min,contrast,4,common,pooled,0.703075,0.7218622191674338,0.815
screen,saod_min,contrast,5,common,pooled,0.87695,0.884420156598574,0.585
screen,saod_min,elastic_transform,1,common,pooled,0.596375,0.6175134043585168,0.885
screen,saod_min,elastic_transform,2,common,pooled,0.651475,0.6649389570309905,0.885
screen,saod_min,elastic_transform,3,common,pooled,0.6995,0.716140536455742,0.775
screen,saod_min,elastic_transform,4,common,pooled,0.74335,0.7552518417216705,0.775
screen,saod_min,elastic_transform,5,common,pooled,0.74855,0.7537244505045931,0.75
screen,saod_min,pixelate,1,common,pooled,0.6227,0.6255475932949106,0.85
screen,saod_min,pixelate,2,common,pooled,0.68895,0.7033813294110917,0.795
screen,saod_min,pixelate,3,common,pooled,0.87285,0.8813127062249129,0.58
screen,saod_min,pixelate,4,common,pooled,0.967125,0.9673161978352184,0.13
screen,saod_min,pixelate,5,common,pooled,0.9818,0.9800282572424425,0.095
screen,saod_min,jpeg_compression,1,common,pooled,0.66385,0.6666850601166249,0.835
screen,saod_min,jpeg_compression,2,common,pooled,0.729,0.7406370733723922,0.8
screen,saod_min,jpeg_compression,3,common,pooled,0.77605,0.7887846052319744,0.745
screen,saod_min,jpeg_compression,4,common,pooled,0.866425,0.8734524872584462,0.585
screen,saod_min,jpeg_compression,5,common,pooled,0.935175,0.9368752993182803,0.34
screen,saod_min,speckle_noise,1,extra,pooled,0.573775,0.581159142808424,0.925
screen,saod_min,speckle_noise,2,extra,pooled,0.6045,0.6127200627138933,0.915
screen,saod_min,speckle_noise,3,extra,pooled,0.694425,0.71318293178807,0.835
screen,saod_min,speckle_noise,4,extra,pooled,0.750025,0.7703756377648101,0.745
screen,saod_min,speckle_noise,5,extra,pooled,0.811825,0.8222930718761985,0.705
screen,saod_min,gaussian_blur,1,extra,pooled,0.578775,0.5799576968496989,0.905
screen,saod_min,gaussian_blur,2,extra,pooled,0.6932,0.7000054453549007,0.835
screen,saod_min,gaussian_blur,3,extra,pooled,0.7879,0.7943774273318485,0.685
screen,saod_min,gaussian_blur,4,extra,pooled,0.864725,0.863357425945639,0.57
screen,saod_min,gaussian_blur,5,extra,pooled,0.9428,0.9428508137223696,0.27
screen,saod_min,spatter,1,extra,pooled,0.51485,0.5127282978558718,0.945
screen,saod_min,spatter,2,extra,pooled,0.62635,0.6448126802531013,0.875
screen,saod_min,spatter,3,extra,pooled,0.6700125,0.6915967730482466,0.835
screen,saod_min,spatter,4,extra,pooled,0.750325,0.7668252330889079,0.75
screen,saod_min,spatter,5,extra,pooled,0.822025,0.8321431433640066,0.685
screen,saod_min,saturate,1,extra,pooled,0.5099875,0.5189478231865647,0.93
screen,saod_min,saturate,2,extra,pooled,0.5244625,0.535687712153053,0.92
screen,saod_min,saturate,3,extra,pooled,0.5215375,0.5287271470709348,0.945
screen,saod_min,saturate,4,extra,pooled,0.55065,0.5631492490631881,0.935
screen,saod_min,saturate,5,extra,pooled,0.587025,0.6046609380937644,0.905
screen,knn,gaussian_noise,1,common,pooled,0.4698,0.4592078256479903,0.895
screen,knn,gaussian_noise,2,common,pooled,0.47075,0.45321939253260246,0.88
screen,knn,gaussian_noise,3,common,pooled,0.482525,0.4530645871440848,0.81
screen,knn,gaussian_noise,4,common,pooled,0.50635,0.4570078554494449,0.755
screen,knn,gaussian_noise,5,common,pooled,0.572125,0.48645056456073,0.6
screen,knn,shot_noise,1,common,pooled,0.4731,0.4592660905496309,0.89
screen,knn,shot_noise,2,common,pooled,0.475875,0.4535592922588541,0.86
screen,knn,shot_noise,3,common,pooled,0.493525,0.45768886777104534,0.795
screen,knn,shot_noise,4,common,pooled,0.5516,0.4817673127239135,0.685
screen,knn,shot_noise,5,common,pooled,0.61025,0.5130340346024551,0.565
screen,knn,impulse_noise,1,common,pooled,0.724975,0.6792048514406103,0.75
screen,knn,impulse_noise,2,common,pooled,0.61435,0.5554874475926078,0.75
screen,knn,impulse_noise,3,common,pooled,0.5578,0.5014281889200747,0.76
screen,knn,impulse_noise,4,common,pooled,0.527125,0.46951734442660875,0.745
screen,knn,impulse_noise,5,common,pooled,0.573875,0.48904734201552325,0.595
screen,knn,defocus_blur,1,common,pooled,0.553325,0.5267256629910194,0.915
screen,knn,defocus_blur,2,common,pooled,0.589075,0.5516969303675725,0.91
screen,knn,defocus_blur,3,common,pooled,0.64755,0.5959015001330226,0.9
screen,knn,defocus_blur,4,common,pooled,0.694425,0.6425988595042704,0.87
screen,knn,defocus_blur,5,common,pooled,0.725675,0.6758882613534196,0.87
screen,knn,glass_blur,1,common,pooled,0.509325,0.4955681161925256,0.945
screen,knn,glass_blur,2,common,pooled,0.5478,0.519386074680001,0.935
screen,knn,glass_blur,3,common,pooled,0.5724,0.5327457467645618,0.93
screen,knn,glass_blur,4,common,pooled,0.5756,0.5270783881091535,0.915
screen,knn,glass_blur,5,common,pooled,0.624975,0.5695342007037096,0.9
screen,knn,motion_blur,1,common,pooled,0.539,0.5120459215008938,0.91
screen,knn,motion_blur,2,common,pooled,0.57985,0.5353484367854321,0.91
screen,knn,motion_blur,3,common,pooled,0.650475,0.600982744360009,0.86
screen,knn,motion_blur,4,common,pooled,0.701875,0.6538820802043571,0.795
screen,knn,motion_blur,5,common,pooled,0.72015,0.6835696117680927,0.8
screen,knn,zoom_blur,1,common,pooled,0.60365,0.5448798429086357,0.87
screen,knn,zoom_blur,2,common,pooled,0.62465,0.5577671208917505,0.87
screen,knn,zoom_blur,3,common,pooled,0.583225,0.517444511880758,0.865
screen,knn,zoom_blur,4,common,pooled,0.5908,0.5194019853734618,0.83
screen,knn,zoom_blur,5,common,pooled,0.566925,0.5002837517447477,0.87
screen,knn,snow,1,common,pooled,0.71935,0.7116150794433265,0.845
screen,knn,snow,2,common,pooled,0.6429,0.614343958365147,0.91
screen,knn,snow,3,common,pooled,0.745375,0.7347221485536715,0.86
screen,knn,snow,4,common,pooled,0.770525,0.7670840727986283,0.87
screen,knn,snow,5,common,pooled,0.644625,0.6107475175629543,0.935
screen,knn,frost,1,common,pooled,0.507975,0.4919086565257874,0.91
screen,knn,frost,2,common,pooled,0.53175,0.509163545350121,0.9
screen,knn,frost,3,common,pooled,0.548375,0.5215113606623286,0.87
screen,knn,frost,4,common,pooled,0.54705,0.5235448743505174,0.89
screen,knn,frost,5,common,pooled,0.562375,0.5318683566076189,0.87
screen,knn,fog,1,common,pooled,0.447425,0.46028892315477693,0.96
screen,knn,fog,2,common,pooled,0.44815,0.45678971426676174,0.96
screen,knn,fog,3,common,pooled,0.443525,0.45271994590309184,0.96
screen,knn,fog,4,common,pooled,0.4629,0.46061152695748975,0.955
screen,knn,fog,5,common,pooled,0.516,0.4823182507411279,0.89
screen,knn,brightness,1,common,pooled,0.48915,0.4943815915559626,0.955
screen,knn,brightness,2,common,pooled,0.493675,0.49512250998338503,0.95
screen,knn,brightness,3,common,pooled,0.50675,0.5016870921327048,0.95
screen,knn,brightness,4,common,pooled,0.5288,0.5157223862962439,0.935
screen,knn,brightness,5,common,pooled,0.55445,0.5354908535136091,0.935
screen,knn,contrast,1,common,pooled,0.4627,0.47124438191606155,0.96
screen,knn,contrast,2,common,pooled,0.460425,0.46778156595148157,0.96
screen,knn,contrast,3,common,pooled,0.46,0.46317047027322267,0.96
screen,knn,contrast,4,common,pooled,0.464825,0.4622518773624536,0.965
screen,knn,contrast,5,common,pooled,0.4137,0.43263837580485776,0.965
screen,knn,elastic_transform,1,common,pooled,0.6111,0.6015735265642064,0.95
screen,knn,elastic_transform,2,common,pooled,0.666325,0.6636011650155241,0.945
screen,knn,elastic_transform,3,common,pooled,0.7394,0.7544552969952372,0.9
screen,knn,elastic_transform,4,common,pooled,0.79255,0.8125677636904274,0.87
screen,knn,elastic_transform,5,common,pooled,0.84745,0.8730269715568304,0.85
screen,knn,pixelate,1,common,pooled,0.517625,0.5103698009466091,0.95
screen,knn,pixelate,2,common,pooled,0.54615,0.5368271510023195,0.92
screen,knn,pixelate,3,common,pooled,0.6627375,0.6558085552715801,0.88
screen,knn,pixelate,4,common,pooled,0.7556,0.7669688420207229,0.8
screen,knn,pixelate,5,common,pooled,0.811175,0.8283636256768144,0.75
screen,knn,jpeg_compression,1,common,pooled,0.590225,0.5326055940311376,0.775
screen,knn,jpeg_compression,2,common,pooled,0.6921,0.6112918761584367,0.575
screen,knn,jpeg_compression,3,common,pooled,0.7561,0.6780815225592866,0.53
screen,knn,jpeg_compression,4,common,pooled,0.8774,0.8414077549530116,0.42
screen,knn,jpeg_compression,5,common,pooled,0.932775,0.9272619240162145,0.255
screen,knn,speckle_noise,1,extra,pooled,0.4730875,0.4629929368328229,0.895
screen,knn,speckle_noise,2,extra,pooled,0.475875,0.45875942920511104,0.86
screen,knn,speckle_noise,3,extra,pooled,0.493625,0.4594542491500211,0.805
screen,knn,speckle_noise,4,extra,pooled,0.521,0.47109997332613723,0.775
screen,knn,speckle_noise,5,extra,pooled,0.5635,0.4908921503595741,0.69
screen,knn,gaussian_blur,1,extra,pooled,0.529175,0.5166668059598402,0.935
screen,knn,gaussian_blur,2,extra,pooled,0.587475,0.5515375425192338,0.91
screen,knn,gaussian_blur,3,extra,pooled,0.639725,0.590668143242725,0.905
screen,knn,gaussian_blur,4,extra,pooled,0.68705,0.634880586280815,0.89
screen,knn,gaussian_blur,5,extra,pooled,0.7659,0.7291786819517669,0.855
screen,knn,spatter,1,extra,pooled,0.61055,0.5913364368356965,0.835
screen,knn,spatter,2,extra,pooled,0.8362,0.8232511471467749,0.575
screen,knn,spatter,3,extra,pooled,0.793375,0.772083501969297,0.76
screen,knn,spatter,4,extra,pooled,0.93515,0.9326178509395111,0.325
screen,knn,spatter,5,extra,pooled,0.950775,0.942881178116153,0.16
screen,knn,saturate,1,extra,pooled,0.48105,0.4828145283073011,0.955
screen,knn,saturate,2,extra,pooled,0.4791125,0.47915792316703837,0.955
screen,knn,saturate,3,extra,pooled,0.5244625,0.515812022132757,0.915
screen,knn,saturate,4,extra,pooled,0.58425,0.5504306517864916,0.845
screen,knn,saturate,5,extra,pooled,0.636425,0.590279024902353,0.765
screen,hashemi,gaussian_noise,1,common,pooled,0.4477375,0.4567471377427821,0.955
screen,hashemi,gaussian_noise,2,common,pooled,0.4161875,0.4361458910170458,0.965
screen,hashemi,gaussian_noise,3,common,pooled,0.3951125,0.4261120723938773,0.97
screen,hashemi,gaussian_noise,4,common,pooled,0.4381375,0.44485733518806947,0.955
screen,hashemi,gaussian_noise,5,common,pooled,0.460425,0.45597859098581806,0.95
screen,hashemi,shot_noise,1,common,pooled,0.4341,0.451260844423404,0.955
screen,hashemi,shot_noise,2,common,pooled,0.4137375,0.4350931281066327,0.97
screen,hashemi,shot_noise,3,common,pooled,0.387975,0.4212304477447645,0.955
screen,hashemi,shot_noise,4,common,pooled,0.4314625,0.4355303012137866,0.94
screen,hashemi,shot_noise,5,common,pooled,0.452275,0.4466528211490114,0.955
screen,hashemi,impulse_noise,1,common,pooled,0.4289625,0.4463767520716989,0.955
screen,hashemi,impulse_noise,2,common,pooled,0.4235375,0.44090645872732925,0.965
screen,hashemi,impulse_noise,3,common,pooled,0.416575,0.4353784016188196,0.97
screen,hashemi,impulse_noise,4,common,pooled,0.4467875,0.44798147425768975,0.95
screen,hashemi,impulse_noise,5,common,pooled,0.4984875,0.4786347298067232,0.93
screen,hashemi,defocus_blur,1,common,pooled,0.39425,0.41885481523989254,0.97
screen,hashemi,defocus_blur,2,common,pooled,0.364075,0.4019142629862602,0.97
screen,hashemi,defocus_blur,3,common,pooled,0.350825,0.3928431937391398,0.955
screen,hashemi,defocus_blur,4,common,pooled,0.3773625,0.40449423253264394,0.95
screen,hashemi,defocus_blur,5,common,pooled,0.392625,0.41648522620012113,0.95
screen,hashemi,glass_blur,1,common,pooled,0.4014625,0.4218956272413719,0.955
screen,hashemi,glass_blur,2,common,pooled,0.3708,0.40499744729229853,0.97
screen,hashemi,glass_blur,3,common,pooled,0.37775,0.4105267981229857,0.955
screen,hashemi,glass_blur,4,common,pooled,0.3761375,0.40743954894749074,0.97
screen,hashemi,glass_blur,5,common,pooled,0.3583,0.3967391576251178,0.965
screen,hashemi,motion_blur,1,common,pooled,0.424625,0.4405090264001481,0.96
screen,hashemi,motion_blur,2,common,pooled,0.4013,0.4222247912994339,0.955
screen,hashemi,motion_blur,3,common,pooled,0.3907,0.41477077218717684,0.955
screen,hashemi,motion_blur,4,common,pooled,0.409075,0.4232444526518157,0.955
screen,hashemi,motion_blur,5,common,pooled,0.4298,0.4348249312261063,0.94
screen,hashemi,zoom_blur,1,common,pooled,0.3983625,0.4179989768089822,0.95
screen,hashemi,zoom_blur,2,common,pooled,0.4054875,0.41949226586342825,0.955
screen,hashemi,zoom_blur,3,common,pooled,0.4373,0.4378525090516584,0.925
screen,hashemi,zoom_blur,4,common,pooled,0.4514375,0.443449369551581,0.92
screen,hashemi,zoom_blur,5,common,pooled,0.4523375,0.44149026829761584,0.92
screen,hashemi,snow,1,common,pooled,0.4518625,0.4715959620459849,0.955
screen,hashemi,snow,2,common,pooled,0.41805,0.4431394739859352,0.985
screen,hashemi,snow,3,common,pooled,0.4719375,0.49197043464367995,0.965
screen,hashemi,snow,4,common,pooled,0.4644,0.48280421667011475,0.955
screen,hashemi,snow,5,common,pooled,0.4622875,0.4768511032911805,0.95
screen,hashemi,frost,1,common,pooled,0.45965,0.4719727131346467,0.96
screen,hashemi,frost,2,common,pooled,0.43035,0.45874246505271427,0.96
screen,hashemi,frost,3,common,pooled,0.418475,0.44550123075944914,0.96
screen,hashemi,frost,4,common,pooled,0.4194125,0.4430384052969621,0.97
screen,hashemi,frost,5,common,pooled,0.4067625,0.43551186904420125,0.965
screen,hashemi,fog,1,common,pooled,0.47615,0.4815757712642893,0.94
screen,hashemi,fog,2,common,pooled,0.4715,0.47724698656534015,0.95
screen,hashemi,fog,3,common,pooled,0.463675,0.467900277485393,0.95
screen,hashemi,fog,4,common,pooled,0.4554125,0.4629649603917595,0.95
screen,hashemi,fog,5,common,pooled,0.4358375,0.45011981292654846,0.96
screen,hashemi,brightness,1,common,pooled,0.50485,0.5107003806734575,0.93
screen,hashemi,brightness,2,common,pooled,0.508,0.5128868279832837,0.935
screen,hashemi,brightness,3,common,pooled,0.50235,0.5061681482654314,0.955
screen,hashemi,brightness,4,common,pooled,0.4987,0.4992670051003113,0.955
screen,hashemi,brightness,5,common,pooled,0.481875,0.4866284701496496,0.96
screen,hashemi,contrast,1,common,pooled,0.471325,0.4834047976199747,0.95
screen,hashemi,contrast,2,common,pooled,0.46045,0.47159957920998563,0.955
screen,hashemi,contrast,3,common,pooled,0.4399625,0.4520257554923137,0.955
screen,hashemi,contrast,4,common,pooled,0.3817375,0.41761591903287065,0.97
screen,hashemi,contrast,5,common,pooled,0.3664125,0.40698569789152017,0.975
screen,hashemi,elastic_transform,1,common,pooled,0.4844125,0.48200519790362834,0.95
screen,hashemi,elastic_transform,2,common,pooled,0.493275,0.4896863977286126,0.92
screen,hashemi,elastic_transform,3,common,pooled,0.5144,0.5174425569365211,0.93
screen,hashemi,elastic_transform,4,common,pooled,0.5312875,0.5382525148228311,0.935
screen,hashemi,elastic_transform,5,common,pooled,0.59075,0.60742103214367,0.935
screen,hashemi,pixelate,1,common,pooled,0.465975,0.46936929621455437,0.955
screen,hashemi,pixelate,2,common,pooled,0.4521375,0.45935179105402013,0.97
screen,hashemi,pixelate,3,common,pooled,0.4159375,0.4335829939599999,0.95
screen,hashemi,pixelate,4,common,pooled,0.390625,0.41376733863276943,0.935
screen,hashemi,pixelate,5,common,pooled,0.2985,0.37462343727020553,0.96
screen,hashemi,jpeg_compression,1,common,pooled,0.4188,0.4423568128387534,0.955
screen,hashemi,jpeg_compression,2,common,pooled,0.413875,0.4374093885098425,0.965
screen,hashemi,jpeg_compression,3,common,pooled,0.4186,0.43515451039481756,0.955
screen,hashemi,jpeg_compression,4,common,pooled,0.4452625,0.45131033696726003,0.955
screen,hashemi,jpeg_compression,5,common,pooled,0.477175,0.47050658574798,0.92
screen,hashemi,speckle_noise,1,extra,pooled,0.45305,0.46635808132439194,0.96
screen,hashemi,speckle_noise,2,extra,pooled,0.438875,0.45313664858373476,0.965
screen,hashemi,speckle_noise,3,extra,pooled,0.399775,0.4251790605257304,0.955
screen,hashemi,speckle_noise,4,extra,pooled,0.3969875,0.421486382810184,0.955
screen,hashemi,speckle_noise,5,extra,pooled,0.404325,0.4211500329667171,0.955
screen,hashemi,gaussian_blur,1,extra,pooled,0.42645,0.4421418415811208,0.955
screen,hashemi,gaussian_blur,2,extra,pooled,0.36315,0.4018009413751885,0.97
screen,hashemi,gaussian_blur,3,extra,pooled,0.346375,0.39183157746897246,0.97
screen,hashemi,gaussian_blur,4,extra,pooled,0.3560375,0.39579296851547235,0.955
screen,hashemi,gaussian_blur,5,extra,pooled,0.3913375,0.415763076852557,0.95
screen,hashemi,spatter,1,extra,pooled,0.493675,0.4972465625605548,0.955
screen,hashemi,spatter,2,extra,pooled,0.48635,0.4842698086881194,0.95
screen,hashemi,spatter,3,extra,pooled,0.4289375,0.4490360556955765,0.955
screen,hashemi,spatter,4,extra,pooled,0.5310375,0.4954781304020646,0.835
screen,hashemi,spatter,5,extra,pooled,0.4753625,0.45821181164133434,0.905
screen,hashemi,saturate,1,extra,pooled,0.4976,0.501369061927649,0.925
screen,hashemi,saturate,2,extra,pooled,0.4849125,0.49172977589041295,0.94
screen,hashemi,saturate,3,extra,pooled,0.4889875,0.4999396347744616,0.95
screen,hashemi,saturate,4,extra,pooled,0.47025,0.4785999407730055,0.955
screen,hashemi,saturate,5,extra,pooled,0.4609,0.47628642576255065,0.965
