subset,method,family,severity,group,pooling,auroc,aupr,fpr95
all,two_axis,gaussian_noise,1,common,pooled,0.97313652,0.9391925009526532,0.0748
all,two_axis,gaussian_noise,2,common,pooled,0.99255972,0.9798827181609452,0.021
all,two_axis,gaussian_noise,3,common,pooled,0.99821844,0.995437680426716,0.0048
all,two_axis,gaussian_noise,4,common,pooled,0.99968672,0.9996018817955714,0.0016
all,two_axis,gaussian_noise,5,common,pooled,0.9999766,0.9999754738490255,0.0002
all,two_axis,shot_noise,1,common,pooled,0.96618736,0.9346160364270929,0.0984
all,two_axis,shot_noise,2,common,pooled,0.99155136,0.9822421449546794,0.0254
all,two_axis,shot_noise,3,common,pooled,0.99777748,0.9960690962435258,0.0068
all,two_axis,shot_noise,4,common,pooled,0.99972288,0.9996878327087289,0.0016
all,two_axis,shot_noise,5,common,pooled,0.99994236,0.9999401862933639,0.0004
all,two_axis,impulse_noise,1,common,pooled,0.99925428,0.9990553202451933,0.0028
all,two_axis,impulse_noise,2,common,pooled,0.99936032,0.9991136158362811,0.002
all,two_axis,impulse_noise,3,common,pooled,0.99936184,0.9989952748514249,0.002
all,two_axis,impulse_noise,4,common,pooled,0.99980924,0.9997561785984169,0.0008
all,two_axis,impulse_noise,5,common,pooled,0.99998056,0.9999796619153432,0.0002
all,two_axis,defocus_blur,1,common,pooled,0.91536104,0.8682953257101538,0.2334
all,two_axis,defocus_blur,2,common,pooled,0.96846716,0.9438226414450961,0.087
all,two_axis,defocus_blur,3,common,pooled,0.9911282,0.9819852018173928,0.0226
all,two_axis,defocus_blur,4,common,pooled,0.99624956,0.9916548924277088,0.0092
all,two_axis,defocus_blur,5,common,pooled,0.99793872,0.9953023009290494,0.0042
all,two_axis,glass_blur,1,common,pooled,0.83654828,0.7667976712665624,0.4198
all,two_axis,glass_blur,2,common,pooled,0.92174168,0.8708760035839748,0.2066
all,two_axis,glass_blur,3,common,pooled,0.95855628,0.9206997443759718,0.0998
all,two_axis,glass_blur,4,common,pooled,0.97350308,0.9462107408056031,0.0626
all,two_axis,glass_blur,5,common,pooled,0.99106592,0.9801993549884171,0.0204
all,two_axis,motion_blur,1,common,pooled,0.83662852,0.7731974073264913,0.4326
all,two_axis,motion_blur,2,common,pooled,0.91937604,0.8741216287286206,0.2254
all,two_axis,motion_blur,3,common,pooled,0.96071984,0.9337993347741127,0.111
all,two_axis,motion_blur,4,common,pooled,0.97996164,0.9647220985066236,0.0566
all,two_axis,motion_blur,5,common,pooled,0.98686364,0.9762879071159851,0.0366
all,two_axis,zoom_blur,1,common,pooled,0.8537674,0.8036388372950993,0.4168
all,two_axis,zoom_blur,2,common,pooled,0.8967276,0.8554758614842073,0.3204
all,two_axis,zoom_blur,3,common,pooled,0.88951676,0.8459424840743834,0.342
all,two_axis,zoom_blur,4,common,pooled,0.912299,0.8740693112162974,0.2778
all,two_axis,zoom_blur,5,common,pooled,0.90655084,0.8664445080929328,0.2956
all,two_axis,snow,1,common,pooled,0.898981,0.8595710336761518,0.3248
all,two_axis,snow,2,common,pooled,0.95764188,0.9296069651321309,0.1302
all,two_axis,snow,3,common,pooled,0.9511954,0.9180103915603678,0.149
all,two_axis,snow,4,common,pooled,0.9622548,0.9316583563436938,0.1042
all,two_axis,snow,5,common,pooled,0.95810384,0.9264157366220149,0.117
all,two_axis,frost,1,common,pooled,0.57588448,0.5337971790001654,0.8466
all,two_axis,frost,2,common,pooled,0.69445996,0.611304790642878,0.6524
all,two_axis,frost,3,common,pooled,0.75836664,0.6627962967986649,0.5266
all,two_axis,frost,4,common,pooled,0.77204708,0.6776973235213455,0.5104
all,two_axis,frost,5,common,pooled,0.8015572,0.7063506230335315,0.4534
all,two_axis,fog,1,common,pooled,0.84204484,0.773642254860929,0.3922
all,two_axis,fog,2,common,pooled,0.883596,0.8228539355005485,0.2986
all,two_axis,fog,3,common,pooled,0.907542,0.8530975835283116,0.2322
all,two_axis,fog,4,common,pooled,0.89950184,0.8412070366704958,0.2578
all,two_axis,fog,5,common,pooled,0.91405588,0.8610263420851706,0.2162
all,two_axis,brightness,1,common,pooled,0.5049138,0.5019452122924607,0.9444
all,two_axis,brightness,2,common,pooled,0.53727192,0.5213846986670265,0.918
all,two_axis,brightness,3,common,pooled,0.58587492,0.5527977438954519,0.8646
all,two_axis,brightness,4,common,pooled,0.64923344,0.5978879575572495,0.7666
all,two_axis,brightness,5,common,pooled,0.71629828,0.6518280467976826,0.6524
all,two_axis,contrast,1,common,pooled,0.85843104,0.7950381966899648,0.3636
all,two_axis,contrast,2,common,pooled,0.91737444,0.8695692071511324,0.216
all,two_axis,contrast,3,common,pooled,0.96229328,0.9364935226877068,0.0982
all,two_axis,contrast,4,common,pooled,0.99099424,0.9848486107405625,0.025
all,two_axis,contrast,5,common,pooled,0.99832824,0.9975228072716922,0.0048
all,two_axis,elastic_transform,1,common,pooled,0.54466644,0.5197977811346822,0.8992
all,two_axis,elastic_transform,2,common,pooled,0.56790204,0.5329216884174145,0.8726
all,two_axis,elastic_transform,3,common,pooled,0.60935368,0.5590181408435668,0.8264
all,two_axis,elastic_transform,4,common,pooled,0.6485212,0.5872268272022527,0.7774
all,two_axis,elastic_transform,5,common,pooled,0.70423312,0.6320993240734689,0.6876
all,two_axis,pixelate,1,common,pooled,0.82549644,0.7582038678327184,0.4502
all,two_axis,pixelate,2,common,pooled,0.88757228,0.833763409393047,0.32
all,two_axis,pixelate,3,common,pooled,0.96834408,0.9567677860164312,0.1058
all,two_axis,pixelate,4,common,pooled,0.99053764,0.9879888930858758,0.0408
all,two_axis,pixelate,5,common,pooled,0.99720524,0.9968063079737058,0.0134
all,two_axis,jpeg_compression,1,common,pooled,0.942009,0.9125371210454251,0.2342
all,two_axis,jpeg_compression,2,common,pooled,0.97842708,0.9662887654196046,0.0906
all,two_axis,jpeg_compression,3,common,pooled,0.98674432,0.9789581754604457,0.0606
all,two_axis,jpeg_compression,4,common,pooled,0.99556984,0.9934428494024367,0.0196
all,two_axis,jpeg_compression,5,common,pooled,0.9979062,0.9972214701336796,0.0096
all,two_axis,speckle_noise,1,extra,pooled,0.91619284,0.8725713445183284,0.2728
all,two_axis,speckle_noise,2,extra,pooled,0.95684616,0.9327307053822361,0.1504
all,two_axis,speckle_noise,3,extra,pooled,0.99189204,0.9885022204351976,0.0304
all,two_axis,speckle_noise,4,extra,pooled,0.9965934,0.9956457741704656,0.0132
all,two_axis,speckle_noise,5,extra,pooled,0.99875016,0.9985710800521944,0.0048
all,two_axis,gaussian_blur,1,extra,pooled,0.7754722,0.7079064834743947,0.5656
all,two_axis,gaussian_blur,2,extra,pooled,0.9686864,0.9430555136017434,0.082
all,two_axis,gaussian_blur,3,extra,pooled,0.99286468,0.9844317022958803,0.0172
all,two_axis,gaussian_blur,4,extra,pooled,0.99719232,0.993324907973434,0.0058
all,two_axis,gaussian_blur,5,extra,pooled,0.99902532,0.9978776719726722,0.002
all,two_axis,spatter,1,extra,pooled,0.5313998,0.5237802275647638,0.938
all,two_axis,spatter,2,extra,pooled,0.87091656,0.847803875364378,0.4564
all,two_axis,spatter,3,extra,pooled,0.94219568,0.9211718128883932,0.2162
all,two_axis,spatter,4,extra,pooled,0.99336496,0.9918358853453877,0.0272
all,two_axis,spatter,5,extra,pooled,0.99733888,0.9966677043136118,0.0106
all,two_axis,saturate,1,extra,pooled,0.59119292,0.5580013439527697,0.8618
all,two_axis,saturate,2,extra,pooled,0.70533584,0.6422056952139856,0.6758
all,two_axis,saturate,3,extra,pooled,0.53788756,0.5238915709519434,0.9332
all,two_axis,saturate,4,extra,pooled,0.76315276,0.7015264313576881,0.6138
all,two_axis,saturate,5,extra,pooled,0.86821268,0.8355028877719791,0.4224
all,peak_share,gaussian_noise,1,common,pooled,0.9720892,0.9464048117486499,0.07
all,peak_share,gaussian_noise,2,common,pooled,0.98985196,0.9784398985779822,0.0238
all,peak_share,gaussian_noise,3,common,pooled,0.99620372,0.9916449515362992,0.0084
all,peak_share,gaussian_noise,4,common,pooled,0.99839088,0.997036346523648,0.0036
all,peak_share,gaussian_noise,5,common,pooled,0.99957736,0.9994500743351834,0.0012
all,peak_share,shot_noise,1,common,pooled,0.959394,0.9315717967364634,0.1152
all,peak_share,shot_noise,2,common,pooled,0.98626136,0.9743954818510976,0.0398
all,peak_share,shot_noise,3,common,pooled,0.99459012,0.9893614862899235,0.015
all,peak_share,shot_noise,4,common,pooled,0.99810108,0.9967424543373316,0.0046
all,peak_share,shot_noise,5,common,pooled,0.9990356,0.9986224538457411,0.0028
all,peak_share,impulse_noise,1,common,pooled,0.98691948,0.9686005207003258,0.032
all,peak_share,impulse_noise,2,common,pooled,0.99295048,0.9790264080670107,0.015
all,peak_share,impulse_noise,3,common,pooled,0.99482548,0.9829026397005227,0.0098
all,peak_share,impulse_noise,4,common,pooled,0.99756628,0.9923365300401946,0.0036
all,peak_share,impulse_noise,5,common,pooled,0.99932908,0.9988951448265008,0.0016
all,peak_share,defocus_blur,1,common,pooled,0.9368096,0.9049350376285819,0.1978
all,peak_share,defocus_blur,2,common,pooled,0.9817414,0.9666787448831132,0.0534
all,peak_share,defocus_blur,3,common,pooled,0.99500868,0.9893918992113805,0.0124
all,peak_share,defocus_blur,4,common,pooled,0.99762396,0.9949578584760844,0.0046
all,peak_share,defocus_blur,5,common,pooled,0.99859748,0.9973161338759183,0.0028
all,peak_share,glass_blur,1,common,pooled,0.8287124,0.7728620157958556,0.4612
all,peak_share,glass_blur,2,common,pooled,0.92253012,0.882756448331461,0.2296
all,peak_share,glass_blur,3,common,pooled,0.96444932,0.9347190491402692,0.0924
all,peak_share,glass_blur,4,common,pooled,0.97869652,0.9578700393763386,0.0548
all,peak_share,glass_blur,5,common,pooled,0.99376196,0.9859633983868098,0.0144
all,peak_share,motion_blur,1,common,pooled,0.82594096,0.7784432108160225,0.4938
all,peak_share,motion_blur,2,common,pooled,0.93053868,0.8980314483696659,0.2202
all,peak_share,motion_blur,3,common,pooled,0.97384492,0.9563758862242996,0.0804
all,peak_share,motion_blur,4,common,pooled,0.98886592,0.9792694830479651,0.031
all,peak_share,motion_blur,5,common,pooled,0.99292248,0.9863191686320734,0.0194
all,peak_share,zoom_blur,1,common,pooled,0.86491976,0.8284527866523101,0.4148
all,peak_share,zoom_blur,2,common,pooled,0.91170656,0.8818346251324585,0.291
all,peak_share,zoom_blur,3,common,pooled,0.90818808,0.8747833255318109,0.2898
all,peak_share,zoom_blur,4,common,pooled,0.92994576,0.9013148119751433,0.2262
all,peak_share,zoom_blur,5,common,pooled,0.92709324,0.8960459300884802,0.231
all,peak_share,snow,1,common,pooled,0.79678352,0.7269251354514445,0.5022
all,peak_share,snow,2,common,pooled,0.9256964,0.8806971236329405,0.2134
all,peak_share,snow,3,common,pooled,0.88571984,0.824530804000615,0.2996
all,peak_share,snow,4,common,pooled,0.9138132,0.8586611460070681,0.2264
all,peak_share,snow,5,common,pooled,0.93722664,0.8986236749579947,0.1782
all,peak_share,frost,1,common,pooled,0.5709942,0.5289902289067703,0.8556
all,peak_share,frost,2,common,pooled,0.68646844,0.6039107924029559,0.659
all,peak_share,frost,3,common,pooled,0.7585364,0.6631842732785385,0.5088
all,peak_share,frost,4,common,pooled,0.77397912,0.6795612712566489,0.4952
all,peak_share,frost,5,common,pooled,0.808293,0.7137016654720171,0.424
all,peak_share,fog,1,common,pooled,0.8477614,0.7910697145877845,0.3998
all,peak_share,fog,2,common,pooled,0.89970008,0.8507774939123697,0.2708
all,peak_share,fog,3,common,pooled,0.92707148,0.8850494101086145,0.196
all,peak_share,fog,4,common,pooled,0.92177836,0.8749907747217897,0.2082
all,peak_share,fog,5,common,pooled,0.93769388,0.89521666681208,0.1592
all,peak_share,brightness,1,common,pooled,0.51881872,0.5102690798443069,0.9342
all,peak_share,brightness,2,common,pooled,0.56871348,0.5423891999988938,0.8966
all,peak_share,brightness,3,common,pooled,0.63677264,0.5906829957425386,0.828
all,peak_share,brightness,4,common,pooled,0.71894436,0.6559766726839344,0.6812
all,peak_share,brightness,5,common,pooled,0.79722084,0.7278908928771288,0.503
all,peak_share,contrast,1,common,pooled,0.87176864,0.8205181808919404,0.3502
all,peak_share,contrast,2,common,pooled,0.93736056,0.9021445956292323,0.1724
all,peak_share,contrast,3,common,pooled,0.97667544,0.9601396521161824,0.0628
all,peak_share,contrast,4,common,pooled,0.99505244,0.9914241894070825,0.0134
all,peak_share,contrast,5,common,pooled,0.99898676,0.9986389212871241,0.0034
all,peak_share,elastic_transform,1,common,pooled,0.50647172,0.5014374876680816,0.9258
all,peak_share,elastic_transform,2,common,pooled,0.53275176,0.5146871010159242,0.9074
all,peak_share,elastic_transform,3,common,pooled,0.5817702,0.5416330400738532,0.8544
all,peak_share,elastic_transform,4,common,pooled,0.6227138,0.5667486840394598,0.8026
all,peak_share,elastic_transform,5,common,pooled,0.67795016,0.6042937752376573,0.7078
all,peak_share,pixelate,1,common,pooled,0.785621,0.72021869171292,0.5322
all,peak_share,pixelate,2,common,pooled,0.87420288,0.81167376384668,0.3244
all,peak_share,pixelate,3,common,pooled,0.95997356,0.9264534576669239,0.0998
all,peak_share,pixelate,4,common,pooled,0.98388376,0.9647493606777364,0.0352
all,peak_share,pixelate,5,common,pooled,0.99326468,0.9852998885143256,0.0162
all,peak_share,jpeg_compression,1,common,pooled,0.854474,0.7878074379806209,0.3878
all,peak_share,jpeg_compression,2,common,pooled,0.91325956,0.8590893743362311,0.2512
all,peak_share,jpeg_compression,3,common,pooled,0.9344232,0.887533523606719,0.186
all,peak_share,jpeg_compression,4,common,pooled,0.96457384,0.932345320685303,0.1006
all,peak_share,jpeg_compression,5,common,pooled,0.97792696,0.9552424093348959,0.061
all,peak_share,speckle_noise,1,extra,pooled,0.90200824,0.8618205665889254,0.3016
all,peak_share,speckle_noise,2,extra,pooled,0.94238116,0.9146271246451901,0.1896
all,peak_share,speckle_noise,3,extra,pooled,0.98390876,0.9736714922506134,0.0552
all,peak_share,speckle_noise,4,extra,pooled,0.99131776,0.9853995048873003,0.027
all,peak_share,speckle_noise,5,extra,pooled,0.99548808,0.9924429025736695,0.0148
all,peak_share,gaussian_blur,1,extra,pooled,0.77689184,0.7259843606161098,0.602
all,peak_share,gaussian_blur,2,extra,pooled,0.98259932,0.9672316561762879,0.0492
all,peak_share,gaussian_blur,3,extra,pooled,0.99614276,0.9910846235384835,0.0084
all,peak_share,gaussian_blur,4,extra,pooled,0.99814056,0.9960087409099194,0.0036
all,peak_share,gaussian_blur,5,extra,pooled,0.99941224,0.9990918503855983,0.0012
all,peak_share,spatter,1,extra,pooled,0.5114436,0.5035706416429591,0.9418
all,peak_share,spatter,2,extra,pooled,0.66921776,0.5941204132469903,0.7196
all,peak_share,spatter,3,extra,pooled,0.83596172,0.7519445313522353,0.3946
all,peak_share,spatter,4,extra,pooled,0.88586408,0.8085760934171426,0.275
all,peak_share,spatter,5,extra,pooled,0.93959104,0.8806473413926995,0.1366
all,peak_share,saturate,1,extra,pooled,0.59157744,0.5599699948774697,0.8584
all,peak_share,saturate,2,extra,pooled,0.72979736,0.6632597158409917,0.6324
all,peak_share,saturate,3,extra,pooled,0.59627104,0.553350988511506,0.8686
all,peak_share,saturate,4,extra,pooled,0.78126912,0.6927028909933931,0.503
all,peak_share,saturate,5,extra,pooled,0.88333668,0.8060219937904709,0.2792
all,level,gaussian_noise,1,common,pooled,0.98543472,0.9657894739128354,0.0424
all,level,gaussian_noise,2,common,pooled,0.996262,0.9905151102108677,0.0112
all,level,gaussian_noise,3,common,pooled,0.99933952,0.9980607236377148,0.0022
all,level,gaussian_noise,4,common,pooled,0.99984956,0.9997787309560495,0.0004
all,level,gaussian_noise,5,common,pooled,0.9999796,0.9999784897709287,0.0002
all,level,shot_noise,1,common,pooled,0.981305,0.9636902413851244,0.0546
all,level,shot_noise,2,common,pooled,0.99566512,0.9916483102025169,0.0138
all,level,shot_noise,3,common,pooled,0.99904092,0.9982086555049781,0.0032
all,level,shot_noise,4,common,pooled,0.99987756,0.9998539360522294,0.0004
all,level,shot_noise,5,common,pooled,0.9999676,0.999965731076362,0.0002
all,level,impulse_noise,1,common,pooled,0.99967856,0.9995597522234637,0.0012
all,level,impulse_noise,2,common,pooled,0.9997378,0.9995780155836392,0.0008
all,level,impulse_noise,3,common,pooled,0.99974496,0.9994949523874059,0.0008
all,level,impulse_noise,4,common,pooled,0.9998872,0.9998386230273864,0.0002
all,level,impulse_noise,5,common,pooled,0.9999816,0.9999807038973744,0.0002
all,level,defocus_blur,1,common,pooled,0.80808516,0.7133249290921997,0.4498
all,level,defocus_blur,2,common,pooled,0.88374624,0.7959199477906447,0.2622
all,level,defocus_blur,3,common,pooled,0.93163132,0.8613355682813058,0.1474
all,level,defocus_blur,4,common,pooled,0.95106008,0.892222192555813,0.0986
all,level,defocus_blur,5,common,pooled,0.96351304,0.9138919909717209,0.0758
all,level,glass_blur,1,common,pooled,0.70474696,0.6132123433480693,0.6242
all,level,glass_blur,2,common,pooled,0.79842596,0.6936910752656973,0.4358
all,level,glass_blur,3,common,pooled,0.8898598,0.7910973887883975,0.222
all,level,glass_blur,4,common,pooled,0.90674976,0.8130009845598882,0.1862
all,level,glass_blur,5,common,pooled,0.93816352,0.8636840158965633,0.1208
all,level,motion_blur,1,common,pooled,0.84450488,0.7744638362243271,0.413
all,level,motion_blur,2,common,pooled,0.91194208,0.8567102103385458,0.2324
all,level,motion_blur,3,common,pooled,0.947879,0.9056604220953808,0.1322
all,level,motion_blur,4,common,pooled,0.96601512,0.9347331271494554,0.0844
all,level,motion_blur,5,common,pooled,0.97308696,0.9470771835691518,0.0672
all,level,zoom_blur,1,common,pooled,0.79190024,0.6827217601306548,0.432
all,level,zoom_blur,2,common,pooled,0.83746164,0.7311708774154615,0.3496
all,level,zoom_blur,3,common,pooled,0.79910088,0.6909152755379298,0.4262
all,level,zoom_blur,4,common,pooled,0.8263344,0.7190352910201898,0.3752
all,level,zoom_blur,5,common,pooled,0.80255304,0.6959740100403682,0.4242
all,level,snow,1,common,pooled,0.93861248,0.913805468233993,0.2144
all,level,snow,2,common,pooled,0.9761154,0.9606095045338724,0.0772
all,level,snow,3,common,pooled,0.97293244,0.9543712940431203,0.0842
all,level,snow,4,common,pooled,0.97943396,0.9627085369012076,0.0598
all,level,snow,5,common,pooled,0.97636232,0.9579343691950409,0.0692
all,level,frost,1,common,pooled,0.59859472,0.5429096178968774,0.7888
all,level,frost,2,common,pooled,0.68517,0.5915512007751806,0.6402
all,level,frost,3,common,pooled,0.73715016,0.6309095081688032,0.5316
all,level,frost,4,common,pooled,0.73651312,0.6296550585306562,0.5342
all,level,frost,5,common,pooled,0.76082388,0.6503023705665462,0.4956
all,level,fog,1,common,pooled,0.73971912,0.6476360952109258,0.5672
all,level,fog,2,common,pooled,0.79178252,0.6956376152779129,0.469
all,level,fog,3,common,pooled,0.8212628,0.7220471365016576,0.4044
all,level,fog,4,common,pooled,0.82640588,0.7234861038505789,0.3912
all,level,fog,5,common,pooled,0.87002872,0.7751889876930212,0.294
all,level,brightness,1,common,pooled,0.52727736,0.5178731598745134,0.9334
all,level,brightness,2,common,pooled,0.58635308,0.5570108529481519,0.8816
all,level,brightness,3,common,pooled,0.65286396,0.6044723454422068,0.798
all,level,brightness,4,common,pooled,0.72754168,0.6632890973450983,0.6542
all,level,brightness,5,common,pooled,0.79409904,0.7230545127994078,0.5076
all,level,contrast,1,common,pooled,0.7625872,0.6716685884400886,0.5276
all,level,contrast,2,common,pooled,0.83895372,0.7495173290269278,0.381
all,level,contrast,3,common,pooled,0.901671,0.8272942359909742,0.2284
all,level,contrast,4,common,pooled,0.94677824,0.8961573615187134,0.1168
all,level,contrast,5,common,pooled,0.96669368,0.9352852762485033,0.0768
all,level,elastic_transform,1,common,pooled,0.5116874,0.49417627510590073,0.9248
all,level,elastic_transform,2,common,pooled,0.55501384,0.5219283077687051,0.8954
all,level,elastic_transform,3,common,pooled,0.62443564,0.5715056125522533,0.8302
all,level,elastic_transform,4,common,pooled,0.68020892,0.6171839855480303,0.767
all,level,elastic_transform,5,common,pooled,0.75264848,0.6834988292812703,0.6356
all,level,pixelate,1,common,pooled,0.8213232,0.7702327556464841,0.5094
all,level,pixelate,2,common,pooled,0.88561436,0.849086582140643,0.3746
all,level,pixelate,3,common,pooled,0.97497676,0.9688290797305649,0.0978
all,level,pixelate,4,common,pooled,0.99331536,0.9920931394929793,0.0302
all,level,pixelate,5,common,pooled,0.99800332,0.9978180207871556,0.0106
all,level,jpeg_compression,1,common,pooled,0.96683476,0.9494301646184523,0.1364
all,level,jpeg_compression,2,common,pooled,0.988352,0.9825281115957621,0.0516
all,level,jpeg_compression,3,common,pooled,0.99303508,0.9895959841572519,0.032
all,level,jpeg_compression,4,common,pooled,0.99786556,0.9968843184870424,0.01
all,level,jpeg_compression,5,common,pooled,0.99901672,0.9986247937161777,0.0046
all,level,speckle_noise,1,extra,pooled,0.94863396,0.9218221824950185,0.1756
all,level,speckle_noise,2,extra,pooled,0.97500772,0.9620731951572518,0.0872
all,level,speckle_noise,3,extra,pooled,0.9957732,0.9942269556875002,0.016
all,level,speckle_noise,4,extra,pooled,0.998336,0.9978935797449615,0.0072
all,level,speckle_noise,5,extra,pooled,0.999411,0.9993125193177116,0.0022
all,level,gaussian_blur,1,extra,pooled,0.69366128,0.6145415617844823,0.6872
all,level,gaussian_blur,2,extra,pooled,0.8768072,0.7893554675271452,0.2836
all,level,gaussian_blur,3,extra,pooled,0.93674072,0.8709019758348766,0.1362
all,level,gaussian_blur,4,extra,pooled,0.95935984,0.908408964581937,0.0852
all,level,gaussian_blur,5,extra,pooled,0.9796734,0.946788154933452,0.0386
all,level,spatter,1,extra,pooled,0.57775976,0.5700660254173596,0.917
all,level,spatter,2,extra,pooled,0.91824068,0.9028167668977614,0.3182
all,level,spatter,3,extra,pooled,0.96632924,0.9544488255195247,0.1308
all,level,spatter,4,extra,pooled,0.99661952,0.9958931896484795,0.0142
all,level,spatter,5,extra,pooled,0.9987378,0.998434020211455,0.0054
all,level,saturate,1,extra,pooled,0.5606602,0.5256375921198564,0.8574
all,level,saturate,2,extra,pooled,0.68686216,0.6105206301756674,0.6586
all,level,saturate,3,extra,pooled,0.6079842,0.5782949783803041,0.878
all,level,saturate,4,extra,pooled,0.84636196,0.7935474436221324,0.4324
all,level,saturate,5,extra,pooled,0.91858484,0.895647237853725,0.2762
all,global_level,gaussian_noise,1,common,pooled,0.9572416,0.9226928535008682,0.1256
all,global_level,gaussian_noise,2,common,pooled,0.99009296,0.9801605731456451,0.0312
all,global_level,gaussian_noise,3,common,pooled,0.99854852,0.9972195748120766,0.0058
all,global_level,gaussian_noise,4,common,pooled,0.99983356,0.9997852176319777,0.0008
all,global_level,gaussian_noise,5,common,pooled,0.9999892,0.9999889008819437,0.0002
all,global_level,shot_noise,1,common,pooled,0.94755968,0.9163022380889603,0.1614
all,global_level,shot_noise,2,common,pooled,0.98893984,0.9817373018677747,0.0394
all,global_level,shot_noise,3,common,pooled,0.99796648,0.9970349200859181,0.0076
all,global_level,shot_noise,4,common,pooled,0.99985116,0.999830858821597,0.0004
all,global_level,shot_noise,5,common,pooled,0.99997292,0.9999720263783717,0.0002
all,global_level,impulse_noise,1,common,pooled,0.99967972,0.9995949484810808,0.0012
all,global_level,impulse_noise,2,common,pooled,0.99977288,0.9997090606543418,0.0012
all,global_level,impulse_noise,3,common,pooled,0.99979488,0.9997254683139613,0.001
all,global_level,impulse_noise,4,common,pooled,0.99995932,0.9999552892767776,0.0002
all,global_level,impulse_noise,5,common,pooled,0.9999928,0.9999926694431304,0.0
all,global_level,defocus_blur,1,common,pooled,0.78025548,0.6771907137419679,0.4672
all,global_level,defocus_blur,2,common,pooled,0.8653906,0.767563165104538,0.283
all,global_level,defocus_blur,3,common,pooled,0.93096372,0.8599911300526696,0.1432
all,global_level,defocus_blur,4,common,pooled,0.956773,0.9035751344864658,0.0906
all,global_level,defocus_blur,5,common,pooled,0.9706896,0.9294593269647495,0.0614
all,global_level,glass_blur,1,common,pooled,0.70749676,0.6118925162387643,0.602
all,global_level,glass_blur,2,common,pooled,0.82058288,0.7113841462136414,0.3686
all,global_level,glass_blur,3,common,pooled,0.91170364,0.8189412912278753,0.1668
all,global_level,glass_blur,4,common,pooled,0.93143788,0.8498085053453375,0.128
all,global_level,glass_blur,5,common,pooled,0.95522124,0.8947453129234546,0.0854
all,global_level,motion_blur,1,common,pooled,0.76510392,0.6834319396838527,0.5392
all,global_level,motion_blur,2,common,pooled,0.86003172,0.7837256571180308,0.3308
all,global_level,motion_blur,3,common,pooled,0.91919784,0.859495485474459,0.1924
all,global_level,motion_blur,4,common,pooled,0.95065612,0.9068489735014441,0.1174
all,global_level,motion_blur,5,common,pooled,0.9626412,0.9262628916651151,0.0896
all,global_level,zoom_blur,1,common,pooled,0.76608316,0.664367120350743,0.5068
all,global_level,zoom_blur,2,common,pooled,0.82305068,0.7203196392102696,0.3936
all,global_level,zoom_blur,3,common,pooled,0.79208712,0.6919717077490899,0.471
all,global_level,zoom_blur,4,common,pooled,0.82505108,0.7250163786569713,0.3986
all,global_level,zoom_blur,5,common,pooled,0.80651496,0.7080232046583491,0.4502
all,global_level,snow,1,common,pooled,0.88066312,0.8344424983974301,0.3392
all,global_level,snow,2,common,pooled,0.94596708,0.9156518155277791,0.1552
all,global_level,snow,3,common,pooled,0.93306196,0.8926575159890592,0.1874
all,global_level,snow,4,common,pooled,0.94684896,0.9099863932384473,0.1432
all,global_level,snow,5,common,pooled,0.93953052,0.9022712128409432,0.1648
all,global_level,frost,1,common,pooled,0.51693176,0.49915429543973555,0.9076
all,global_level,frost,2,common,pooled,0.586785,0.5273090422526381,0.7962
all,global_level,frost,3,common,pooled,0.6406792,0.5576431825468386,0.718
all,global_level,frost,4,common,pooled,0.644665,0.5591521686348986,0.7174
all,global_level,frost,5,common,pooled,0.67588536,0.5813329146586927,0.6706
all,global_level,fog,1,common,pooled,0.64561252,0.5755496351340309,0.7236
all,global_level,fog,2,common,pooled,0.69084512,0.6092705249910539,0.6482
all,global_level,fog,3,common,pooled,0.72652168,0.6382064046975018,0.5856
all,global_level,fog,4,common,pooled,0.74281468,0.6584815989993265,0.571
all,global_level,fog,5,common,pooled,0.79180104,0.7148473303047843,0.5064
all,global_level,brightness,1,common,pooled,0.50320352,0.5033319820849285,0.9434
all,global_level,brightness,2,common,pooled,0.53086932,0.5220724689822407,0.9272
all,global_level,brightness,3,common,pooled,0.56914208,0.5481122596777284,0.8944
all,global_level,brightness,4,common,pooled,0.61896264,0.5831686919922593,0.8324
all,global_level,brightness,5,common,pooled,0.67412976,0.6252836501994835,0.7502
all,global_level,contrast,1,common,pooled,0.66880132,0.5968657251919298,0.6988
all,global_level,contrast,2,common,pooled,0.74124968,0.6558517509302327,0.5686
all,global_level,contrast,3,common,pooled,0.82026624,0.7328297318423085,0.3994
all,global_level,contrast,4,common,pooled,0.90237116,0.8340060698217437,0.2202
all,global_level,contrast,5,common,pooled,0.95084892,0.9103370043660267,0.1168
all,global_level,elastic_transform,1,common,pooled,0.48368984,0.473555319911113,0.94
all,global_level,elastic_transform,2,common,pooled,0.507892,0.4854065006785232,0.9166
all,global_level,elastic_transform,3,common,pooled,0.5508474,0.5091736390516766,0.867
all,global_level,elastic_transform,4,common,pooled,0.589407,0.5333989205999508,0.827
all,global_level,elastic_transform,5,common,pooled,0.64534272,0.5730313729426897,0.757
all,global_level,pixelate,1,common,pooled,0.72298948,0.6590051447024854,0.6406
all,global_level,pixelate,2,common,pooled,0.80771012,0.743225759636104,0.4804
all,global_level,pixelate,3,common,pooled,0.96110984,0.9474351339181822,0.1236
all,global_level,pixelate,4,common,pooled,0.99208552,0.9899503250440261,0.032
all,global_level,pixelate,5,common,pooled,0.99804672,0.9977880190026394,0.0102
all,global_level,jpeg_compression,1,common,pooled,0.93325576,0.9026566691409281,0.2386
all,global_level,jpeg_compression,2,common,pooled,0.97229912,0.9612545990158995,0.1196
all,global_level,jpeg_compression,3,common,pooled,0.9823446,0.975839999204807,0.0834
all,global_level,jpeg_compression,4,common,pooled,0.99445268,0.9929213920148234,0.0258
all,global_level,jpeg_compression,5,common,pooled,0.99771816,0.9971832707534013,0.0118
all,global_level,speckle_noise,1,extra,pooled,0.87928696,0.8396192747146136,0.382
all,global_level,speckle_noise,2,extra,pooled,0.93713608,0.9154014082116151,0.222
all,global_level,speckle_noise,3,extra,pooled,0.9900738,0.9876075370290349,0.0438
all,global_level,speckle_noise,4,extra,pooled,0.99645624,0.9958550586165896,0.0152
all,global_level,speckle_noise,5,extra,pooled,0.99893568,0.9988309466014257,0.0052
all,global_level,gaussian_blur,1,extra,pooled,0.66265356,0.5801857273106844,0.685
all,global_level,gaussian_blur,2,extra,pooled,0.85767892,0.7569993877395899,0.2946
all,global_level,gaussian_blur,3,extra,pooled,0.93168036,0.8602501252054398,0.139
all,global_level,gaussian_blur,4,extra,pooled,0.96070612,0.910621268248512,0.084
all,global_level,gaussian_blur,5,extra,pooled,0.9821692,0.952774782571931,0.0394
all,global_level,spatter,1,extra,pooled,0.5217564,0.5121218292654268,0.9362
all,global_level,spatter,2,extra,pooled,0.85980172,0.8207179734433799,0.4334
all,global_level,spatter,3,extra,pooled,0.93791096,0.9115050186384991,0.2034
all,global_level,spatter,4,extra,pooled,0.99283484,0.9918047189644199,0.031
all,global_level,spatter,5,extra,pooled,0.99757656,0.9972337586768918,0.0102
all,global_level,saturate,1,extra,pooled,0.53743708,0.5209139714752749,0.9092
all,global_level,saturate,2,extra,pooled,0.6221024,0.576725640383842,0.8064
all,global_level,saturate,3,extra,pooled,0.55154396,0.5371935768167987,0.9224
all,global_level,saturate,4,extra,pooled,0.71819948,0.6682186349729162,0.686
all,global_level,saturate,5,extra,pooled,0.82576012,0.7941281738855872,0.5154
all,means_knn,gaussian_noise,1,common,pooled,0.97793448,0.95524556457771,0.0786
all,means_knn,gaussian_noise,2,common,pooled,0.99553692,0.9895878784447643,0.0176
all,means_knn,gaussian_noise,3,common,pooled,0.99924016,0.9971084167144934,0.0026
all,means_knn,gaussian_noise,4,common,pooled,0.9997604,0.9992702800018749,0.0004
all,means_knn,gaussian_noise,5,common,pooled,0.99996112,0.9999573910966982,0.0002
all,means_knn,shot_noise,1,common,pooled,0.97367192,0.9537846839633922,0.0914
all,means_knn,shot_noise,2,common,pooled,0.99525336,0.9910366575673536,0.0186
all,means_knn,shot_noise,3,common,pooled,0.99900964,0.9972373083263547,0.003
all,means_knn,shot_noise,4,common,pooled,0.99978904,0.9997073997178627,0.0004
all,means_knn,shot_noise,5,common,pooled,0.99992648,0.9999192821188191,0.0002
all,means_knn,impulse_noise,1,common,pooled,0.99984196,0.9997940238059273,0.0004
all,means_knn,impulse_noise,2,common,pooled,0.99984484,0.9997711256691701,0.0004
all,means_knn,impulse_noise,3,common,pooled,0.99979804,0.9996068144464085,0.0004
all,means_knn,impulse_noise,4,common,pooled,0.99980048,0.9994994926009524,0.0004
all,means_knn,impulse_noise,5,common,pooled,0.9999634,0.9999598419325536,0.0002
all,means_knn,defocus_blur,1,common,pooled,0.69548844,0.6185121515006048,0.6882
all,means_knn,defocus_blur,2,common,pooled,0.80722944,0.7183075654055088,0.4632
all,means_knn,defocus_blur,3,common,pooled,0.88871244,0.8100685610002775,0.2738
all,means_knn,defocus_blur,4,common,pooled,0.92041688,0.8518427481747706,0.1896
all,means_knn,defocus_blur,5,common,pooled,0.93734248,0.8762980528280385,0.1476
all,means_knn,glass_blur,1,common,pooled,0.64742312,0.5730177006955519,0.7272
all,means_knn,glass_blur,2,common,pooled,0.71438356,0.6224340170882126,0.6064
all,means_knn,glass_blur,3,common,pooled,0.85359552,0.7539517554650803,0.3222
all,means_knn,glass_blur,4,common,pooled,0.86611272,0.7662878855659057,0.293
all,means_knn,glass_blur,5,common,pooled,0.87782708,0.780007602018857,0.2624
all,means_knn,motion_blur,1,common,pooled,0.83069288,0.7885300448593717,0.509
all,means_knn,motion_blur,2,common,pooled,0.89696616,0.8644130681223291,0.3464
all,means_knn,motion_blur,3,common,pooled,0.9372138,0.9124428711693423,0.218
all,means_knn,motion_blur,4,common,pooled,0.958351,0.9400134740934885,0.147
all,means_knn,motion_blur,5,common,pooled,0.96667452,0.950901779457045,0.1182
all,means_knn,zoom_blur,1,common,pooled,0.71251936,0.6331254761291767,0.6586
all,means_knn,zoom_blur,2,common,pooled,0.77396924,0.689561175223558,0.543
all,means_knn,zoom_blur,3,common,pooled,0.7384308,0.6495752117222418,0.5848
all,means_knn,zoom_blur,4,common,pooled,0.77335924,0.6817614751200397,0.5196
all,means_knn,zoom_blur,5,common,pooled,0.73809912,0.6446126152705689,0.5672
all,means_knn,snow,1,common,pooled,0.9302894,0.9160904374208573,0.2718
all,means_knn,snow,2,common,pooled,0.977775,0.9683473741617111,0.0764
all,means_knn,snow,3,common,pooled,0.96749224,0.954043155944611,0.1142
all,means_knn,snow,4,common,pooled,0.97360888,0.9607353246956608,0.0864
all,means_knn,snow,5,common,pooled,0.97479092,0.9623292839360804,0.0818
all,means_knn,frost,1,common,pooled,0.65919428,0.5930490601399669,0.7438
all,means_knn,frost,2,common,pooled,0.74753544,0.6623490103296005,0.5726
all,means_knn,frost,3,common,pooled,0.79264656,0.7049987350777601,0.468
all,means_knn,frost,4,common,pooled,0.78990412,0.7023185263023584,0.4742
all,means_knn,frost,5,common,pooled,0.80809788,0.7212673515189629,0.4302
all,means_knn,fog,1,common,pooled,0.61066188,0.5503203618456025,0.7688
all,means_knn,fog,2,common,pooled,0.6400566,0.5682722594918475,0.7214
all,means_knn,fog,3,common,pooled,0.65006704,0.5724552497928275,0.7006
all,means_knn,fog,4,common,pooled,0.651042,0.5699158828125608,0.6832
all,means_knn,fog,5,common,pooled,0.68312624,0.5900481943122083,0.605
all,means_knn,brightness,1,common,pooled,0.54140612,0.5264964763326142,0.918
all,means_knn,brightness,2,common,pooled,0.63330824,0.589513702288526,0.8198
all,means_knn,brightness,3,common,pooled,0.73279124,0.6690422250483747,0.6578
all,means_knn,brightness,4,common,pooled,0.82483704,0.7560557976493296,0.4584
all,means_knn,brightness,5,common,pooled,0.88808772,0.8270571173584542,0.299
all,means_knn,contrast,1,common,pooled,0.67753988,0.6041043915192317,0.696
all,means_knn,contrast,2,common,pooled,0.73953512,0.6530651109416161,0.5732
all,means_knn,contrast,3,common,pooled,0.7967344,0.7038899644953831,0.4584
all,means_knn,contrast,4,common,pooled,0.84710876,0.7532623913343088,0.3368
all,means_knn,contrast,5,common,pooled,0.88544892,0.8011338282648464,0.2596
all,means_knn,elastic_transform,1,common,pooled,0.5251658,0.5058659814569952,0.9092
all,means_knn,elastic_transform,2,common,pooled,0.57934288,0.5428391781643326,0.862
all,means_knn,elastic_transform,3,common,pooled,0.66339016,0.6095752875488941,0.7668
all,means_knn,elastic_transform,4,common,pooled,0.72876276,0.668768241598609,0.67
all,means_knn,elastic_transform,5,common,pooled,0.8088132,0.7493476122427372,0.5154
all,means_knn,pixelate,1,common,pooled,0.80864168,0.7713175432422059,0.5736
all,means_knn,pixelate,2,common,pooled,0.87290884,0.848532964170599,0.4452
all,means_knn,pixelate,3,common,pooled,0.9641916,0.957681148293041,0.1574
all,means_knn,pixelate,4,common,pooled,0.98787416,0.9860825199331666,0.0544
all,means_knn,pixelate,5,common,pooled,0.99559116,0.9952280661780702,0.0224
all,means_knn,jpeg_compression,1,common,pooled,0.92657472,0.899655693074077,0.3156
all,means_knn,jpeg_compression,2,common,pooled,0.96680708,0.954519243629005,0.1514
all,means_knn,jpeg_compression,3,common,pooled,0.97754212,0.9687022889524511,0.1052
all,means_knn,jpeg_compression,4,common,pooled,0.9902924,0.9858363579091538,0.0454
all,means_knn,jpeg_compression,5,common,pooled,0.99386792,0.9907581223319786,0.0294
all,means_knn,speckle_noise,1,extra,pooled,0.93581584,0.9047192293708897,0.2168
all,means_knn,speckle_noise,2,extra,pooled,0.97198084,0.958911287789101,0.1076
all,means_knn,speckle_noise,3,extra,pooled,0.99640908,0.9941976300757526,0.0152
all,means_knn,speckle_noise,4,extra,pooled,0.99858388,0.9978762003088211,0.0056
all,means_knn,speckle_noise,5,extra,pooled,0.99943368,0.999246974117222,0.0018
all,means_knn,gaussian_blur,1,extra,pooled,0.58243644,0.5396232691665432,0.8534
all,means_knn,gaussian_blur,2,extra,pooled,0.8054542,0.7172462070638046,0.4718
all,means_knn,gaussian_blur,3,extra,pooled,0.9038864,0.8319163036825233,0.2472
all,means_knn,gaussian_blur,4,extra,pooled,0.94315924,0.8894917128615517,0.1446
all,means_knn,gaussian_blur,5,extra,pooled,0.9724206,0.9404184069019518,0.0636
all,means_knn,spatter,1,extra,pooled,0.51835284,0.5078193151044853,0.94
all,means_knn,spatter,2,extra,pooled,0.83705416,0.8111180487477576,0.5536
all,means_knn,spatter,3,extra,pooled,0.93993268,0.9296024964519927,0.2572
all,means_knn,spatter,4,extra,pooled,0.98958756,0.9854912174493237,0.0414
all,means_knn,spatter,5,extra,pooled,0.99633796,0.9942668307195172,0.013
all,means_knn,saturate,1,extra,pooled,0.47001192,0.47290010657890746,0.946
all,means_knn,saturate,2,extra,pooled,0.53906936,0.512599763954108,0.8802
all,means_knn,saturate,3,extra,pooled,0.62764204,0.5963315806242031,0.8602
all,means_knn,saturate,4,extra,pooled,0.88200196,0.836654642287253,0.3558
all,means_knn,saturate,5,extra,pooled,0.94794872,0.9290888752278552,0.1836
all,means_own,gaussian_noise,1,common,pooled,0.9097136,0.8541039621431632,0.2376
all,means_own,gaussian_noise,2,common,pooled,0.97286748,0.950123743867845,0.0818
all,means_own,gaussian_noise,3,common,pooled,0.99460832,0.9900955240649023,0.0174
all,means_own,gaussian_noise,4,common,pooled,0.99931308,0.9988591186589506,0.0032
all,means_own,gaussian_noise,5,common,pooled,0.99995088,0.9999457632727636,0.0002
all,means_own,shot_noise,1,common,pooled,0.8978234,0.8481290077872301,0.285
all,means_own,shot_noise,2,common,pooled,0.97153136,0.9540796858063445,0.0916
all,means_own,shot_noise,3,common,pooled,0.99346492,0.9898047720935337,0.0216
all,means_own,shot_noise,4,common,pooled,0.99939952,0.9991993872040705,0.003
all,means_own,shot_noise,5,common,pooled,0.99989556,0.9998819509747736,0.0002
all,means_own,impulse_noise,1,common,pooled,0.99965688,0.9995971001246501,0.0018
all,means_own,impulse_noise,2,common,pooled,0.999707,0.9996179089303155,0.0008
all,means_own,impulse_noise,3,common,pooled,0.99963512,0.9994627488423117,0.0016
all,means_own,impulse_noise,4,common,pooled,0.9997616,0.9996011577832613,0.0004
all,means_own,impulse_noise,5,common,pooled,0.999966,0.999962991792538,0.0002
all,means_own,defocus_blur,1,common,pooled,0.71265372,0.6187471831365455,0.6048
all,means_own,defocus_blur,2,common,pooled,0.7989042,0.6941380234730674,0.427
all,means_own,defocus_blur,3,common,pooled,0.8838492,0.7907226127855678,0.2424
all,means_own,defocus_blur,4,common,pooled,0.92350844,0.8471688114755028,0.1576
all,means_own,defocus_blur,5,common,pooled,0.94708836,0.8855268132893528,0.112
all,means_own,glass_blur,1,common,pooled,0.64652056,0.5695628133007388,0.715
all,means_own,glass_blur,2,common,pooled,0.76079876,0.6559432182999392,0.5048
all,means_own,glass_blur,3,common,pooled,0.89072868,0.7910239523175002,0.2104
all,means_own,glass_blur,4,common,pooled,0.91116412,0.8194923792956512,0.168
all,means_own,glass_blur,5,common,pooled,0.93440852,0.8574653804558131,0.1254
all,means_own,motion_blur,1,common,pooled,0.70191636,0.6316138710682091,0.6744
all,means_own,motion_blur,2,common,pooled,0.80448792,0.7291691322385265,0.469
all,means_own,motion_blur,3,common,pooled,0.88239996,0.8180545214570747,0.2868
all,means_own,motion_blur,4,common,pooled,0.92868892,0.8803682501201839,0.1754
all,means_own,motion_blur,5,common,pooled,0.94643908,0.9064792813942475,0.1328
all,means_own,zoom_blur,1,common,pooled,0.70662832,0.6116875175962806,0.6082
all,means_own,zoom_blur,2,common,pooled,0.7736244,0.6699799566370721,0.4844
all,means_own,zoom_blur,3,common,pooled,0.73329628,0.634114920946045,0.566
all,means_own,zoom_blur,4,common,pooled,0.77289752,0.6688612230358395,0.4902
all,means_own,zoom_blur,5,common,pooled,0.7444992,0.6437527891234853,0.5476
all,means_own,snow,1,common,pooled,0.85538888,0.8227887050190202,0.4436
all,means_own,snow,2,common,pooled,0.91635388,0.882561420857438,0.2474
all,means_own,snow,3,common,pooled,0.91887184,0.8880292242986669,0.2456
all,means_own,snow,4,common,pooled,0.93584896,0.90617042284525,0.1904
all,means_own,snow,5,common,pooled,0.91442156,0.8750008545815078,0.239
all,means_own,frost,1,common,pooled,0.47440824,0.47616150156283116,0.9388
all,means_own,frost,2,common,pooled,0.52233084,0.49065589962333916,0.8706
all,means_own,frost,3,common,pooled,0.568639,0.5129028865751251,0.8086
all,means_own,frost,4,common,pooled,0.57121412,0.5130700556697629,0.8162
all,means_own,frost,5,common,pooled,0.60079456,0.5307847192210691,0.7784
all,means_own,fog,1,common,pooled,0.62053556,0.5605824809210573,0.774
all,means_own,fog,2,common,pooled,0.6564752,0.5856456501998766,0.7188
all,means_own,fog,3,common,pooled,0.6850228,0.6067501796799499,0.6788
all,means_own,fog,4,common,pooled,0.69883616,0.6220541748918074,0.6638
all,means_own,fog,5,common,pooled,0.7368312,0.6585507157531783,0.6056
all,means_own,brightness,1,common,pooled,0.49665076,0.49945053747870194,0.9498
all,means_own,brightness,2,common,pooled,0.51502544,0.5121700204246351,0.941
all,means_own,brightness,3,common,pooled,0.54329684,0.531102546242477,0.922
all,means_own,brightness,4,common,pooled,0.58218008,0.5570248911696398,0.8762
all,means_own,brightness,5,common,pooled,0.62790384,0.5893360973134755,0.8216
all,means_own,contrast,1,common,pooled,0.64491768,0.5822131414763825,0.7528
all,means_own,contrast,2,common,pooled,0.7060992,0.6284746210608243,0.653
all,means_own,contrast,3,common,pooled,0.77619768,0.6895505408193447,0.507
all,means_own,contrast,4,common,pooled,0.85989084,0.7793994687205662,0.3198
all,means_own,contrast,5,common,pooled,0.92310528,0.8684084010158245,0.1846
all,means_own,elastic_transform,1,common,pooled,0.49760632,0.4841658417442519,0.9318
all,means_own,elastic_transform,2,common,pooled,0.53684292,0.5060084755941018,0.8982
all,means_own,elastic_transform,3,common,pooled,0.59857104,0.5450018614710661,0.835
all,means_own,elastic_transform,4,common,pooled,0.6484956,0.5815383268139741,0.7636
all,means_own,elastic_transform,5,common,pooled,0.715401,0.6372953048512414,0.6636
all,means_own,pixelate,1,common,pooled,0.70308844,0.648858267755088,0.6998
all,means_own,pixelate,2,common,pooled,0.78563212,0.7273366923900253,0.5498
all,means_own,pixelate,3,common,pooled,0.95255528,0.9382775683087945,0.154
all,means_own,pixelate,4,common,pooled,0.98999116,0.9875231803597926,0.04
all,means_own,pixelate,5,common,pooled,0.99769692,0.9974189739372923,0.0126
all,means_own,jpeg_compression,1,common,pooled,0.89145088,0.8480411748262023,0.3528
all,means_own,jpeg_compression,2,common,pooled,0.95389652,0.9367281117247606,0.1864
all,means_own,jpeg_compression,3,common,pooled,0.97040564,0.9599746447564197,0.1292
all,means_own,jpeg_compression,4,common,pooled,0.99059272,0.9880519522608054,0.0434
all,means_own,jpeg_compression,5,common,pooled,0.99630912,0.9954618967193168,0.0174
all,means_own,speckle_noise,1,extra,pooled,0.81534948,0.7654207137972715,0.534
all,means_own,speckle_noise,2,extra,pooled,0.89028364,0.8543541832583608,0.3524
all,means_own,speckle_noise,3,extra,pooled,0.97780104,0.9707079359133413,0.0908
all,means_own,speckle_noise,4,extra,pooled,0.9912154,0.9890353424855415,0.0362
all,means_own,speckle_noise,5,extra,pooled,0.99712124,0.9966433786191508,0.013
all,means_own,gaussian_blur,1,extra,pooled,0.61401388,0.5493975261974939,0.7724
all,means_own,gaussian_blur,2,extra,pooled,0.78942572,0.6844776647187674,0.4432
all,means_own,gaussian_blur,3,extra,pooled,0.88421644,0.7913280066869972,0.2406
all,means_own,gaussian_blur,4,extra,pooled,0.92964724,0.8573864171587638,0.1456
all,means_own,gaussian_blur,5,extra,pooled,0.96835736,0.9242463008285219,0.0658
all,means_own,spatter,1,extra,pooled,0.54195672,0.5356944593276805,0.934
all,means_own,spatter,2,extra,pooled,0.8721518,0.8532381599315283,0.456
all,means_own,spatter,3,extra,pooled,0.92421492,0.9043085639121358,0.2642
all,means_own,spatter,4,extra,pooled,0.99427884,0.993726839226579,0.0236
all,means_own,spatter,5,extra,pooled,0.99780324,0.997566206793586,0.0096
all,means_own,saturate,1,extra,pooled,0.51763832,0.5080501289000958,0.9288
all,means_own,saturate,2,extra,pooled,0.56779092,0.5385577209706608,0.8722
all,means_own,saturate,3,extra,pooled,0.53210596,0.5235934258390743,0.9292
all,means_own,saturate,4,extra,pooled,0.65995776,0.6168637724109971,0.776
all,means_own,saturate,5,extra,pooled,0.77488148,0.7362857775182385,0.6144
all,saod_top3,gaussian_noise,1,common,pooled,0.5728836,0.5547271041164481,0.902
all,saod_top3,gaussian_noise,2,common,pooled,0.61953444,0.5927789158217294,0.8484
all,saod_top3,gaussian_noise,3,common,pooled,0.68785256,0.6571715117974019,0.7644
all,saod_top3,gaussian_noise,4,common,pooled,0.7746343,0.7511557854429755,0.6392
all,saod_top3,gaussian_noise,5,common,pooled,0.88741916,0.8762781386620476,0.4484
all,saod_top3,shot_noise,1,common,pooled,0.57202606,0.5560713751873421,0.9048
all,saod_top3,shot_noise,2,common,pooled,0.62318636,0.6004892580883886,0.8458
all,saod_top3,shot_noise,3,common,pooled,0.68295268,0.6574725308223984,0.775
all,saod_top3,shot_noise,4,common,pooled,0.78462304,0.7647189813572383,0.6294
all,saod_top3,shot_noise,5,common,pooled,0.85748948,0.845595009136191,0.5138
all,saod_top3,impulse_noise,1,common,pooled,0.74384228,0.7417667155618026,0.7564
all,saod_top3,impulse_noise,2,common,pooled,0.7821411,0.772331186810153,0.6848
all,saod_top3,impulse_noise,3,common,pooled,0.80608274,0.793753420298257,0.6394
all,saod_top3,impulse_noise,4,common,pooled,0.81731718,0.7994800376410303,0.5862
all,saod_top3,impulse_noise,5,common,pooled,0.88683448,0.8745617739324386,0.4544
all,saod_top3,defocus_blur,1,common,pooled,0.56212766,0.5435796757391482,0.9038
all,saod_top3,defocus_blur,2,common,pooled,0.59201296,0.5669360177720277,0.8712
all,saod_top3,defocus_blur,3,common,pooled,0.6606432,0.6304221261414176,0.798
all,saod_top3,defocus_blur,4,common,pooled,0.73369514,0.7059124776556014,0.6852
all,saod_top3,defocus_blur,5,common,pooled,0.79601224,0.7719720378291164,0.5914
all,saod_top3,glass_blur,1,common,pooled,0.60260824,0.5831588268619899,0.8734
all,saod_top3,glass_blur,2,common,pooled,0.6736725,0.6547236052511345,0.8002
all,saod_top3,glass_blur,3,common,pooled,0.87541768,0.8738100043109512,0.5202
all,saod_top3,glass_blur,4,common,pooled,0.90445598,0.9034613664525591,0.4446
all,saod_top3,glass_blur,5,common,pooled,0.92365492,0.921247905670875,0.3904
all,saod_top3,motion_blur,1,common,pooled,0.56299008,0.5473066281494761,0.9038
all,saod_top3,motion_blur,2,common,pooled,0.6239754,0.5983206355434535,0.8506
all,saod_top3,motion_blur,3,common,pooled,0.7122034,0.6841313744420243,0.7438
all,saod_top3,motion_blur,4,common,pooled,0.7995527,0.7735013418806872,0.6014
all,saod_top3,motion_blur,5,common,pooled,0.8460801,0.822733962364018,0.5058
all,saod_top3,zoom_blur,1,common,pooled,0.72118284,0.6882991989510842,0.7046
all,saod_top3,zoom_blur,2,common,pooled,0.78346096,0.7510049366339289,0.6132
all,saod_top3,zoom_blur,3,common,pooled,0.81041186,0.7792497431320307,0.5542
all,saod_top3,zoom_blur,4,common,pooled,0.84615562,0.8163143665248476,0.489
all,saod_top3,zoom_blur,5,common,pooled,0.85024442,0.8194801421206108,0.4798
all,saod_top3,snow,1,common,pooled,0.59698376,0.5873096832523093,0.8974
all,saod_top3,snow,2,common,pooled,0.64671032,0.6364515736495209,0.8526
all,saod_top3,snow,3,common,pooled,0.6713081,0.6705259212291386,0.8338
all,saod_top3,snow,4,common,pooled,0.7213803,0.7249634655939188,0.7768
all,saod_top3,snow,5,common,pooled,0.69615252,0.6900844603534669,0.8014
all,saod_top3,frost,1,common,pooled,0.5459273,0.5379776516667492,0.9286
all,saod_top3,frost,2,common,pooled,0.58503128,0.5784203487701081,0.906
all,saod_top3,frost,3,common,pooled,0.61305462,0.6083194858015792,0.8814
all,saod_top3,frost,4,common,pooled,0.61658342,0.6104872541696954,0.8844
all,saod_top3,frost,5,common,pooled,0.63770406,0.6336264704864025,0.8628
all,saod_top3,fog,1,common,pooled,0.50817246,0.5064862579799252,0.9484
all,saod_top3,fog,2,common,pooled,0.51178778,0.5104363115895584,0.9464
all,saod_top3,fog,3,common,pooled,0.51795556,0.5148742194978413,0.9448
all,saod_top3,fog,4,common,pooled,0.5219241,0.5192550341082495,0.9434
all,saod_top3,fog,5,common,pooled,0.53621958,0.5330733406699002,0.9402
all,saod_top3,brightness,1,common,pooled,0.50518158,0.5037922374078162,0.9454
all,saod_top3,brightness,2,common,pooled,0.51497194,0.5121310877441799,0.9436
all,saod_top3,brightness,3,common,pooled,0.52541896,0.5209848774036023,0.9416
all,saod_top3,brightness,4,common,pooled,0.53789004,0.5318266795922701,0.937
all,saod_top3,brightness,5,common,pooled,0.55308882,0.5449345997165864,0.9248
all,saod_top3,contrast,1,common,pooled,0.50945346,0.5083886413845589,0.9474
all,saod_top3,contrast,2,common,pooled,0.51701278,0.5149404322775402,0.9448
all,saod_top3,contrast,3,common,pooled,0.53391884,0.5303290039155523,0.9404
all,saod_top3,contrast,4,common,pooled,0.59183498,0.5855481254025577,0.8988
all,saod_top3,contrast,5,common,pooled,0.71613898,0.7196573803867692,0.786
all,saod_top3,elastic_transform,1,common,pooled,0.56725748,0.5615678380219664,0.9166
all,saod_top3,elastic_transform,2,common,pooled,0.60651804,0.6029018542933895,0.8928
all,saod_top3,elastic_transform,3,common,pooled,0.66539278,0.6640637145062176,0.8682
all,saod_top3,elastic_transform,4,common,pooled,0.71222948,0.7115514991017726,0.8274
all,saod_top3,elastic_transform,5,common,pooled,0.76867022,0.7679990323529335,0.7758
all,saod_top3,pixelate,1,common,pooled,0.66948366,0.6623731909774409,0.844
all,saod_top3,pixelate,2,common,pooled,0.75039246,0.7463166556669006,0.74
all,saod_top3,pixelate,3,common,pooled,0.94595028,0.9445717253911086,0.264
all,saod_top3,pixelate,4,common,pooled,0.98490684,0.9830765049843895,0.082
all,saod_top3,pixelate,5,common,pooled,0.9948942,0.9940183524254572,0.0148
all,saod_top3,jpeg_compression,1,common,pooled,0.65205004,0.6193060355159836,0.809
all,saod_top3,jpeg_compression,2,common,pooled,0.71212788,0.6815187468004129,0.736
all,saod_top3,jpeg_compression,3,common,pooled,0.74844996,0.7224277164695005,0.6944
all,saod_top3,jpeg_compression,4,common,pooled,0.84352856,0.8269223366433482,0.5454
all,saod_top3,jpeg_compression,5,common,pooled,0.92588498,0.9157415470865512,0.3548
all,saod_top3,speckle_noise,1,extra,pooled,0.55988482,0.5483439216950664,0.9198
all,saod_top3,speckle_noise,2,extra,pooled,0.58686988,0.5717988539562653,0.8936
all,saod_top3,speckle_noise,3,extra,pooled,0.66056154,0.6421953080194149,0.8192
all,saod_top3,speckle_noise,4,extra,pooled,0.70348572,0.6850039089801658,0.767
all,saod_top3,speckle_noise,5,extra,pooled,0.75329152,0.7361003222607081,0.691
all,saod_top3,gaussian_blur,1,extra,pooled,0.53272102,0.5217788549024903,0.9234
all,saod_top3,gaussian_blur,2,extra,pooled,0.58073682,0.5573699600888304,0.8846
all,saod_top3,gaussian_blur,3,extra,pooled,0.63972354,0.6108137619649507,0.8198
all,saod_top3,gaussian_blur,4,extra,pooled,0.70419782,0.6768036394199801,0.7444
all,saod_top3,gaussian_blur,5,extra,pooled,0.82045008,0.8013767140477934,0.5612
all,saod_top3,spatter,1,extra,pooled,0.5028025,0.4980911030937071,0.9448
all,saod_top3,spatter,2,extra,pooled,0.59417998,0.5891950933466928,0.8984
all,saod_top3,spatter,3,extra,pooled,0.62416308,0.6179955964374184,0.8784
all,saod_top3,spatter,4,extra,pooled,0.7483279,0.7428248959827704,0.748
all,saod_top3,spatter,5,extra,pooled,0.84312588,0.8407387714398548,0.5982
all,saod_top3,saturate,1,extra,pooled,0.50342348,0.5030508728641074,0.9478
all,saod_top3,saturate,2,extra,pooled,0.51545316,0.5123438046755802,0.9414
all,saod_top3,saturate,3,extra,pooled,0.50698952,0.5049238015078017,0.9454
all,saod_top3,saturate,4,extra,pooled,0.53550586,0.5267779013360895,0.9358
all,saod_top3,saturate,5,extra,pooled,0.56373544,0.551630052450291,0.9182
all,saod_min,gaussian_noise,1,common,pooled,0.58780138,0.5745399956298735,0.9086
all,saod_min,gaussian_noise,2,common,pooled,0.651184,0.6322647706697441,0.8742
all,saod_min,gaussian_noise,3,common,pooled,0.7392135,0.7168744935975485,0.7728
all,saod_min,gaussian_noise,4,common,pooled,0.83571126,0.8154798392724889,0.592
all,saod_min,gaussian_noise,5,common,pooled,0.92683906,0.9145255842877709,0.3178
all,saod_min,shot_noise,1,common,pooled,0.5839899,0.5729964008618849,0.9152
all,saod_min,shot_noise,2,common,pooled,0.65243656,0.6353939775914269,0.8656
all,saod_min,shot_noise,3,common,pooled,0.73022572,0.7106338912953927,0.7828
all,saod_min,shot_noise,4,common,pooled,0.8419988,0.8230376729786562,0.5862
all,saod_min,shot_noise,5,common,pooled,0.90632418,0.891612144177654,0.3928
all,saod_min,impulse_noise,1,common,pooled,0.78713012,0.787322855340828,0.7622
all,saod_min,impulse_noise,2,common,pooled,0.8382505,0.8279565638090263,0.6462
all,saod_min,impulse_noise,3,common,pooled,0.8610459,0.8469141442656223,0.5626
all,saod_min,impulse_noise,4,common,pooled,0.8735719,0.8555623633905044,0.5048
all,saod_min,impulse_noise,5,common,pooled,0.92791698,0.9135742066172832,0.307
all,saod_min,defocus_blur,1,common,pooled,0.58147956,0.5636192902859447,0.9068
all,saod_min,defocus_blur,2,common,pooled,0.6140576,0.5946846854513179,0.8844
all,saod_min,defocus_blur,3,common,pooled,0.68661848,0.6670161602210436,0.8346
all,saod_min,defocus_blur,4,common,pooled,0.7624346,0.7442942924847207,0.7516
all,saod_min,defocus_blur,5,common,pooled,0.82563774,0.8083645408228832,0.6192
all,saod_min,glass_blur,1,common,pooled,0.62283914,0.6055180123061429,0.8856
all,saod_min,glass_blur,2,common,pooled,0.7001282,0.684962445263517,0.8222
all,saod_min,glass_blur,3,common,pooled,0.89504432,0.8908936702319921,0.4642
all,saod_min,glass_blur,4,common,pooled,0.91964918,0.9159568399156466,0.3712
all,saod_min,glass_blur,5,common,pooled,0.93614562,0.9309690728136184,0.2896
all,saod_min,motion_blur,1,common,pooled,0.57528914,0.5620827113429929,0.9214
all,saod_min,motion_blur,2,common,pooled,0.64648862,0.6291394833917481,0.8838
all,saod_min,motion_blur,3,common,pooled,0.74187834,0.7243682392598249,0.7922
all,saod_min,motion_blur,4,common,pooled,0.83371836,0.8157269405695893,0.6354
all,saod_min,motion_blur,5,common,pooled,0.87749216,0.8593228813936238,0.5054
all,saod_min,zoom_blur,1,common,pooled,0.7415271,0.7157393492250738,0.7538
all,saod_min,zoom_blur,2,common,pooled,0.80884776,0.783657805635859,0.6476
all,saod_min,zoom_blur,3,common,pooled,0.8411131,0.8150947677712027,0.5568
all,saod_min,zoom_blur,4,common,pooled,0.87412102,0.848766453567535,0.4864
all,saod_min,zoom_blur,5,common,pooled,0.88555432,0.8593765089441827,0.4472
all,saod_min,snow,1,common,pooled,0.61907472,0.6132796434595592,0.8994
all,saod_min,snow,2,common,pooled,0.67663704,0.6710235448195471,0.8554
all,saod_min,snow,3,common,pooled,0.70812634,0.7067976813229606,0.8396
all,saod_min,snow,4,common,pooled,0.76345588,0.7639844977241019,0.7604
all,saod_min,snow,5,common,pooled,0.73484888,0.7306904706577253,0.8128
all,saod_min,frost,1,common,pooled,0.54994264,0.5459581748126983,0.9298
all,saod_min,frost,2,common,pooled,0.59758698,0.5944150787914599,0.9068
all,saod_min,frost,3,common,pooled,0.63345522,0.629346996327478,0.8886
all,saod_min,frost,4,common,pooled,0.63732304,0.6338111606289105,0.8856
all,saod_min,frost,5,common,pooled,0.66030984,0.6572279541490733,0.872
all,saod_min,fog,1,common,pooled,0.50495928,0.5056785686612733,0.9504
all,saod_min,fog,2,common,pooled,0.5083907,0.5092296927018485,0.9482
all,saod_min,fog,3,common,pooled,0.5148865,0.5142584280564971,0.9472
all,saod_min,fog,4,common,pooled,0.5167399,0.5182951834772459,0.9482
all,saod_min,fog,5,common,pooled,0.53229482,0.5331048847224512,0.943
all,saod_min,brightness,1,common,pooled,0.5041435,0.5049795824121812,0.9492
all,saod_min,brightness,2,common,pooled,0.51477364,0.5153237153265136,0.9492
all,saod_min,brightness,3,common,pooled,0.52512968,0.5251536647293431,0.9466
all,saod_min,brightness,4,common,pooled,0.53808536,0.5375446177186036,0.9416
all,saod_min,brightness,5,common,pooled,0.55567808,0.5537856761037679,0.9362
all,saod_min,contrast,1,common,pooled,0.50520576,0.5064696972600939,0.951
all,saod_min,contrast,2,common,pooled,0.51291378,0.5134333874594961,0.9486
all,saod_min,contrast,3,common,pooled,0.53142702,0.530607708496925,0.9422
all,saod_min,contrast,4,common,pooled,0.59968314,0.5957413255075832,0.9166
all,saod_min,contrast,5,common,pooled,0.73966332,0.741039291848976,0.8048
all,saod_min,elastic_transform,1,common,pooled,0.58251256,0.5762502273033572,0.9138
all,saod_min,elastic_transform,2,common,pooled,0.62456054,0.6196177379245545,0.8856
all,saod_min,elastic_transform,3,common,pooled,0.68605486,0.6843834694819692,0.844
all,saod_min,elastic_transform,4,common,pooled,0.73134812,0.7307356148572532,0.8102
all,saod_min,elastic_transform,5,common,pooled,0.7896689,0.7870919257083171,0.7382
all,saod_min,pixelate,1,common,pooled,0.6694225,0.6767721866957085,0.8906
all,saod_min,pixelate,2,common,pooled,0.74787002,0.7574551326613732,0.8428
all,saod_min,pixelate,3,common,pooled,0.94082876,0.9427942381681326,0.3252
all,saod_min,pixelate,4,common,pooled,0.98333904,0.9818829785528436,0.0636
all,saod_min,pixelate,5,common,pooled,0.99407428,0.9933456329269036,0.018
all,saod_min,jpeg_compression,1,common,pooled,0.70162996,0.6750309835745801,0.7974
all,saod_min,jpeg_compression,2,common,pooled,0.77019622,0.7453090846459794,0.726
all,saod_min,jpeg_compression,3,common,pooled,0.80652712,0.7837407065564668,0.6666
all,saod_min,jpeg_compression,4,common,pooled,0.88677434,0.8693340426466714,0.467
all,saod_min,jpeg_compression,5,common,pooled,0.9469332,0.9348106059321691,0.2478
all,saod_min,speckle_noise,1,extra,pooled,0.56063238,0.5558894391394813,0.9278
all,saod_min,speckle_noise,2,extra,pooled,0.59511584,0.5870871766580986,0.9152
all,saod_min,speckle_noise,3,extra,pooled,0.6974348,0.6849564613529807,0.84
all,saod_min,speckle_noise,4,extra,pooled,0.75008962,0.7353980828667135,0.7676
all,saod_min,speckle_noise,5,extra,pooled,0.81085642,0.7935308857924981,0.6622
all,saod_min,gaussian_blur,1,extra,pooled,0.5510431,0.5356918697733676,0.9234
all,saod_min,gaussian_blur,2,extra,pooled,0.60225824,0.5840330448256877,0.8972
all,saod_min,gaussian_blur,3,extra,pooled,0.6652834,0.6463611331603029,0.8482
all,saod_min,gaussian_blur,4,extra,pooled,0.73420914,0.7168217537169712,0.7872
all,saod_min,gaussian_blur,5,extra,pooled,0.85119084,0.8363551580602476,0.5748
all,saod_min,spatter,1,extra,pooled,0.51454126,0.5099420407830155,0.9438
all,saod_min,spatter,2,extra,pooled,0.6281093,0.6226765607639684,0.8928
all,saod_min,spatter,3,extra,pooled,0.65501968,0.6503210711070495,0.8776
all,saod_min,spatter,4,extra,pooled,0.79384178,0.792785589211735,0.7572
all,saod_min,spatter,5,extra,pooled,0.87560178,0.8721645235359039,0.564
all,saod_min,saturate,1,extra,pooled,0.50176902,0.502677960748725,0.9492
all,saod_min,saturate,2,extra,pooled,0.51329014,0.5123481933234764,0.945
all,saod_min,saturate,3,extra,pooled,0.50840146,0.5072937790580939,0.948
all,saod_min,saturate,4,extra,pooled,0.5405075,0.5353223271973279,0.9322
all,saod_min,saturate,5,extra,pooled,0.57535406,0.568248713612926,0.9188
all,knn,gaussian_noise,1,common,pooled,0.61322858,0.589056461819143,0.876
all,knn,gaussian_noise,2,common,pooled,0.6840834,0.6551903833501623,0.8128
all,knn,gaussian_noise,3,common,pooled,0.77006564,0.7420361975299408,0.7202
all,knn,gaussian_noise,4,common,pooled,0.83723128,0.8157609183515078,0.6526
all,knn,gaussian_noise,5,common,pooled,0.85698976,0.8425773739993003,0.6594
all,knn,shot_noise,1,common,pooled,0.61366764,0.5899874672931331,0.876
all,knn,shot_noise,2,common,pooled,0.69435036,0.6681063442659225,0.8004
all,knn,shot_noise,3,common,pooled,0.77386938,0.7514399208519946,0.727
all,knn,shot_noise,4,common,pooled,0.84552532,0.8334169046468524,0.65
all,knn,shot_noise,5,common,pooled,0.860446,0.8556549565849746,0.6798
all,knn,impulse_noise,1,common,pooled,0.93772968,0.9350740912086207,0.2964
all,knn,impulse_noise,2,common,pooled,0.96034198,0.9580304364373734,0.1866
all,knn,impulse_noise,3,common,pooled,0.95102668,0.9477785890541213,0.2302
all,knn,impulse_noise,4,common,pooled,0.89569138,0.8961338288044216,0.543
all,knn,impulse_noise,5,common,pooled,0.87020732,0.8659381725899256,0.6526
all,knn,defocus_blur,1,common,pooled,0.61683176,0.5856239690130463,0.8214
all,knn,defocus_blur,2,common,pooled,0.68942434,0.6520232116807181,0.7364
all,knn,defocus_blur,3,common,pooled,0.76720048,0.7311829261477508,0.6308
all,knn,defocus_blur,4,common,pooled,0.82849728,0.7934066020037057,0.5306
all,knn,defocus_blur,5,common,pooled,0.87682248,0.8412272929164575,0.412
all,knn,glass_blur,1,common,pooled,0.60111586,0.5860625427086601,0.9064
all,knn,glass_blur,2,common,pooled,0.68419102,0.6762191467002763,0.866
all,knn,glass_blur,3,common,pooled,0.79078198,0.8205925553689518,0.8872
all,knn,glass_blur,4,common,pooled,0.79684522,0.8243976578529052,0.8846
all,knn,glass_blur,5,common,pooled,0.83983852,0.8579913578695584,0.7908
all,knn,motion_blur,1,common,pooled,0.59047778,0.5717032673038561,0.889
all,knn,motion_blur,2,common,pooled,0.68519192,0.660465863517731,0.7978
all,knn,motion_blur,3,common,pooled,0.79909038,0.7726473797653735,0.6348
all,knn,motion_blur,4,common,pooled,0.8730171,0.844881548929721,0.4612
all,knn,motion_blur,5,common,pooled,0.90016758,0.8715424781562003,0.3492
all,knn,zoom_blur,1,common,pooled,0.7868361,0.7561814078136748,0.632
all,knn,zoom_blur,2,common,pooled,0.85377242,0.8263479700538312,0.5096
all,knn,zoom_blur,3,common,pooled,0.8626738,0.8418429773037766,0.511
all,knn,zoom_blur,4,common,pooled,0.89417184,0.8749866824881681,0.41
all,knn,zoom_blur,5,common,pooled,0.8926001,0.8760960626628538,0.4342
all,knn,snow,1,common,pooled,0.73560808,0.7384441260752379,0.7602
all,knn,snow,2,common,pooled,0.7592017,0.7512806566343817,0.7182
all,knn,snow,3,common,pooled,0.8221758,0.8283105724498243,0.6448
all,knn,snow,4,common,pooled,0.85126598,0.8565416930459758,0.5852
all,knn,snow,5,common,pooled,0.81297092,0.8063857170367758,0.6332
all,knn,frost,1,common,pooled,0.58249816,0.5539336843767987,0.8754
all,knn,frost,2,common,pooled,0.66386456,0.6276688566012063,0.7892
all,knn,frost,3,common,pooled,0.71356544,0.6800905605641776,0.7318
all,knn,frost,4,common,pooled,0.72060358,0.6883139997075389,0.7264
all,knn,frost,5,common,pooled,0.74818002,0.7168764237454733,0.6968
all,knn,fog,1,common,pooled,0.52588162,0.5179045273137286,0.9342
all,knn,fog,2,common,pooled,0.53564424,0.5248311066797766,0.9268
all,knn,fog,3,common,pooled,0.5465239,0.5337209608245823,0.9146
all,knn,fog,4,common,pooled,0.5560188,0.5402225967701504,0.912
all,knn,fog,5,common,pooled,0.59974978,0.5691230169906014,0.8408
all,knn,brightness,1,common,pooled,0.50518746,0.5056016722164673,0.9466
all,knn,brightness,2,common,pooled,0.52149656,0.5197463038662837,0.942
all,knn,brightness,3,common,pooled,0.54198474,0.5366510800784663,0.9304
all,knn,brightness,4,common,pooled,0.56870614,0.5587661737785676,0.9124
all,knn,brightness,5,common,pooled,0.60029692,0.5859022014860144,0.891
all,knn,contrast,1,common,pooled,0.53971792,0.5303371571219957,0.9222
all,knn,contrast,2,common,pooled,0.56080448,0.5474553127880019,0.906
all,knn,contrast,3,common,pooled,0.59948664,0.5803183665412607,0.8644
all,knn,contrast,4,common,pooled,0.6958426,0.6673129550785465,0.756
all,knn,contrast,5,common,pooled,0.80706438,0.7708726330436204,0.5916
all,knn,elastic_transform,1,common,pooled,0.6080144,0.6193051198982006,0.9422
all,knn,elastic_transform,2,common,pooled,0.66873006,0.6934800814666251,0.9332
all,knn,elastic_transform,3,common,pooled,0.75050528,0.7834507542746196,0.8902
all,knn,elastic_transform,4,common,pooled,0.80716388,0.8375646535282546,0.8202
all,knn,elastic_transform,5,common,pooled,0.8771764,0.8971145031506128,0.6624
all,knn,pixelate,1,common,pooled,0.67490858,0.6804116001160575,0.8168
all,knn,pixelate,2,common,pooled,0.72964942,0.7396543473215326,0.7494
all,knn,pixelate,3,common,pooled,0.83032024,0.8343069958377308,0.5956
all,knn,pixelate,4,common,pooled,0.87801248,0.862702585568332,0.4768
all,knn,pixelate,5,common,pooled,0.88540222,0.8507811844752375,0.3986
all,knn,jpeg_compression,1,common,pooled,0.75113736,0.726177028043362,0.676
all,knn,jpeg_compression,2,common,pooled,0.84297328,0.8310302834442017,0.5544
all,knn,jpeg_compression,3,common,pooled,0.8696549,0.8592874354555169,0.5062
all,knn,jpeg_compression,4,common,pooled,0.93518086,0.9323871756044809,0.3106
all,knn,jpeg_compression,5,common,pooled,0.97151204,0.9705705088816208,0.1458
all,knn,speckle_noise,1,extra,pooled,0.58619886,0.5667381461100371,0.9
all,knn,speckle_noise,2,extra,pooled,0.63046736,0.6082587942409006,0.8734
all,knn,speckle_noise,3,extra,pooled,0.7428489,0.7244862425793239,0.7812
all,knn,speckle_noise,4,extra,pooled,0.789444,0.7750686824942599,0.7248
all,knn,speckle_noise,5,extra,pooled,0.82865786,0.818504465993934,0.6854
all,knn,gaussian_blur,1,extra,pooled,0.54507542,0.5288731107385505,0.9046
all,knn,gaussian_blur,2,extra,pooled,0.67111176,0.6325722760534439,0.7564
all,knn,gaussian_blur,3,extra,pooled,0.76352078,0.7283046171493586,0.6392
all,knn,gaussian_blur,4,extra,pooled,0.82681182,0.7940560368310933,0.5306
all,knn,gaussian_blur,5,extra,pooled,0.9094235,0.8763145089442166,0.3126
all,knn,spatter,1,extra,pooled,0.61717826,0.6079714930411467,0.8642
all,knn,spatter,2,extra,pooled,0.88529474,0.8999745469236765,0.5474
all,knn,spatter,3,extra,pooled,0.86519806,0.875304063701608,0.5666
all,knn,spatter,4,extra,pooled,0.98888268,0.9895822143941524,0.0608
all,knn,spatter,5,extra,pooled,0.9945506,0.9946813154513481,0.0234
all,knn,saturate,1,extra,pooled,0.497691,0.4977313803780408,0.9484
all,knn,saturate,2,extra,pooled,0.50873044,0.5052920917817577,0.9408
all,knn,saturate,3,extra,pooled,0.50976148,0.5080766581236627,0.9436
all,knn,saturate,4,extra,pooled,0.58378944,0.5665262139719621,0.8906
all,knn,saturate,5,extra,pooled,0.66912528,0.6467305756856389,0.8076
all,discopatch,gaussian_noise,1,common,pooled,0.87764306,0.8706053059683023,0.454
all,discopatch,gaussian_noise,2,common,pooled,0.95129506,0.946490814003858,0.2134
all,discopatch,gaussian_noise,3,common,pooled,0.98701246,0.9844215879236904,0.059
all,discopatch,gaussian_noise,4,common,pooled,0.99712596,0.9955427126173216,0.011
all,discopatch,gaussian_noise,5,common,pooled,0.99917088,0.9981614931302313,0.0016
all,discopatch,shot_noise,1,common,pooled,0.86875128,0.8550393605755371,0.4466
all,discopatch,shot_noise,2,common,pooled,0.9421872,0.9340484909861567,0.2334
all,discopatch,shot_noise,3,common,pooled,0.9749031,0.9707375800425324,0.1152
all,discopatch,shot_noise,4,common,pooled,0.98990798,0.9877790141673389,0.0466
all,discopatch,shot_noise,5,common,pooled,0.9930312,0.9911309850000469,0.0318
all,discopatch,impulse_noise,1,common,pooled,0.92312212,0.9123408800507629,0.2928
all,discopatch,impulse_noise,2,common,pooled,0.97809634,0.9739704928179902,0.1006
all,discopatch,impulse_noise,3,common,pooled,0.99180378,0.9893898356667632,0.0374
all,discopatch,impulse_noise,4,common,pooled,0.99853484,0.9971824033841354,0.0036
all,discopatch,impulse_noise,5,common,pooled,0.9993074,0.9983076165855005,0.001
all,discopatch,defocus_blur,1,common,pooled,0.65702672,0.6223014830659513,0.8282
all,discopatch,defocus_blur,2,common,pooled,0.72555248,0.6815633743485632,0.7246
all,discopatch,defocus_blur,3,common,pooled,0.79646428,0.7446790941574464,0.569
all,discopatch,defocus_blur,4,common,pooled,0.82854252,0.7734443627178146,0.4952
all,discopatch,defocus_blur,5,common,pooled,0.84752392,0.789782682050635,0.4372
all,discopatch,glass_blur,1,common,pooled,0.67571148,0.6386826473288425,0.8038
all,discopatch,glass_blur,2,common,pooled,0.77495192,0.7348335961528155,0.6324
all,discopatch,glass_blur,3,common,pooled,0.8807698,0.8511102193312996,0.3896
all,discopatch,glass_blur,4,common,pooled,0.91028324,0.8876184336677002,0.314
all,discopatch,glass_blur,5,common,pooled,0.9352564,0.9185573023551923,0.2428
all,discopatch,motion_blur,1,common,pooled,0.58111352,0.5601261218690146,0.9084
all,discopatch,motion_blur,2,common,pooled,0.66109192,0.6240068561531836,0.8286
all,discopatch,motion_blur,3,common,pooled,0.74317496,0.6964555556059533,0.6914
all,discopatch,motion_blur,4,common,pooled,0.8005836,0.7514977378306338,0.5732
all,discopatch,motion_blur,5,common,pooled,0.83004808,0.7819392784862516,0.5032
all,discopatch,zoom_blur,1,common,pooled,0.74685632,0.6944879291792031,0.679
all,discopatch,zoom_blur,2,common,pooled,0.78773672,0.7328346741075529,0.5924
all,discopatch,zoom_blur,3,common,pooled,0.82042532,0.7699555282154742,0.527
all,discopatch,zoom_blur,4,common,pooled,0.8372456,0.787637523261546,0.4814
all,discopatch,zoom_blur,5,common,pooled,0.85356528,0.8087859128759786,0.453
all,discopatch,snow,1,common,pooled,0.7556674,0.6949024622112696,0.6114
all,discopatch,snow,2,common,pooled,0.84100704,0.7873266463322242,0.4192
all,discopatch,snow,3,common,pooled,0.83528856,0.7671923059295349,0.407
all,discopatch,snow,4,common,pooled,0.86629084,0.799972718313019,0.3416
all,discopatch,snow,5,common,pooled,0.84288324,0.7731504596365063,0.3924
all,discopatch,frost,1,common,pooled,0.65804824,0.6074997401421174,0.7916
all,discopatch,frost,2,common,pooled,0.77793868,0.7234457346872842,0.5956
all,discopatch,frost,3,common,pooled,0.83162324,0.780296356578208,0.4708
all,discopatch,frost,4,common,pooled,0.84664188,0.8002590754344572,0.4542
all,discopatch,frost,5,common,pooled,0.87186848,0.8296759500428224,0.386
all,discopatch,fog,1,common,pooled,0.60353018,0.5885332295939003,0.892
all,discopatch,fog,2,common,pooled,0.6546192,0.6346028954632639,0.848
all,discopatch,fog,3,common,pooled,0.7237624,0.6986761642054912,0.7586
all,discopatch,fog,4,common,pooled,0.75559176,0.7339950840522188,0.7172
all,discopatch,fog,5,common,pooled,0.83810136,0.8221365725159737,0.5316
all,discopatch,brightness,1,common,pooled,0.49037776,0.4900214176577324,0.9478
all,discopatch,brightness,2,common,pooled,0.49055106,0.4844009753157667,0.9408
all,discopatch,brightness,3,common,pooled,0.49854426,0.48453236003908307,0.929
all,discopatch,brightness,4,common,pooled,0.51107176,0.4883396526716639,0.9132
all,discopatch,brightness,5,common,pooled,0.52198896,0.49170804443902005,0.8918
all,discopatch,contrast,1,common,pooled,0.54346896,0.5251269580888281,0.926
all,discopatch,contrast,2,common,pooled,0.56605696,0.5386563488974774,0.9058
all,discopatch,contrast,3,common,pooled,0.60523856,0.5652598230794512,0.8668
all,discopatch,contrast,4,common,pooled,0.69055348,0.6390175048273523,0.714
all,discopatch,contrast,5,common,pooled,0.77686728,0.7314141593182004,0.5756
all,discopatch,elastic_transform,1,common,pooled,0.60908184,0.5716879347518508,0.8526
all,discopatch,elastic_transform,2,common,pooled,0.64149384,0.5951121387945781,0.806
all,discopatch,elastic_transform,3,common,pooled,0.67709372,0.6219672147369176,0.7446
all,discopatch,elastic_transform,4,common,pooled,0.69869772,0.638730252445839,0.7036
all,discopatch,elastic_transform,5,common,pooled,0.72097136,0.6558098815364404,0.6576
all,discopatch,pixelate,1,common,pooled,0.5473942,0.533465626266411,0.9214
all,discopatch,pixelate,2,common,pooled,0.55508872,0.5394568739310462,0.9156
all,discopatch,pixelate,3,common,pooled,0.64084992,0.6048667294297272,0.8334
all,discopatch,pixelate,4,common,pooled,0.71760132,0.6729274358437284,0.716
all,discopatch,pixelate,5,common,pooled,0.75392564,0.7045219210190076,0.644
all,discopatch,jpeg_compression,1,common,pooled,0.62883576,0.5686168233725188,0.8102
all,discopatch,jpeg_compression,2,common,pooled,0.64115944,0.5693962150005467,0.778
all,discopatch,jpeg_compression,3,common,pooled,0.64532272,0.5670212614525445,0.7492
all,discopatch,jpeg_compression,4,common,pooled,0.6306944,0.5449916745069083,0.7182
all,discopatch,jpeg_compression,5,common,pooled,0.59282902,0.513372911299588,0.7276
all,discopatch,speckle_noise,1,extra,pooled,0.80311188,0.7787589548742724,0.5826
all,discopatch,speckle_noise,2,extra,pooled,0.85970798,0.8375444096807408,0.4456
all,discopatch,speckle_noise,3,extra,pooled,0.9400061,0.9273678192715807,0.2216
all,discopatch,speckle_noise,4,extra,pooled,0.96080212,0.9519940742012576,0.1574
all,discopatch,speckle_noise,5,extra,pooled,0.97451528,0.9683112093762756,0.1108
all,discopatch,gaussian_blur,1,extra,pooled,0.55500612,0.5411557307995322,0.9256
all,discopatch,gaussian_blur,2,extra,pooled,0.71183368,0.6694278117635406,0.7492
all,discopatch,gaussian_blur,3,extra,pooled,0.800859,0.7515133341423316,0.5676
all,discopatch,gaussian_blur,4,extra,pooled,0.83957608,0.7883391293151127,0.4654
all,discopatch,gaussian_blur,5,extra,pooled,0.86684744,0.8110065490536374,0.3834
all,discopatch,spatter,1,extra,pooled,0.52196004,0.5150412451030446,0.9388
all,discopatch,spatter,2,extra,pooled,0.68447524,0.6280618228805638,0.7406
all,discopatch,spatter,3,extra,pooled,0.81429428,0.7613615625518397,0.5044
all,discopatch,spatter,4,extra,pooled,0.83246784,0.7702081977965498,0.4204
all,discopatch,spatter,5,extra,pooled,0.89244804,0.8385705570197944,0.2894
all,discopatch,saturate,1,extra,pooled,0.65345014,0.6197025716353306,0.8144
all,discopatch,saturate,2,extra,pooled,0.76392946,0.7220856009970624,0.6146
all,discopatch,saturate,3,extra,pooled,0.46883472,0.47278625479451714,0.9572
all,discopatch,saturate,4,extra,pooled,0.514555,0.4863572090166325,0.899
all,discopatch,saturate,5,extra,pooled,0.56279428,0.505034677916103,0.8132
all,cdf,gaussian_noise,1,common,pooled,0.84525292,0.7789782029552879,0.3982
all,cdf,gaussian_noise,2,common,pooled,0.93607464,0.8946708964767314,0.1792
all,cdf,gaussian_noise,3,common,pooled,0.98219916,0.9659626403559282,0.0562
all,cdf,gaussian_noise,4,common,pooled,0.99569508,0.9897975682020697,0.0136
all,cdf,gaussian_noise,5,common,pooled,0.99896424,0.9978271448872675,0.003
all,cdf,shot_noise,1,common,pooled,0.83442672,0.7693487885621378,0.4218
all,cdf,shot_noise,2,common,pooled,0.9384672,0.9004513960334644,0.1742
all,cdf,shot_noise,3,common,pooled,0.98186388,0.966758770615742,0.059
all,cdf,shot_noise,4,common,pooled,0.99692092,0.9934377593096637,0.01
all,cdf,shot_noise,5,common,pooled,0.9989256,0.9980773632483338,0.003
all,cdf,impulse_noise,1,common,pooled,0.99665568,0.9939140802111947,0.0098
all,cdf,impulse_noise,2,common,pooled,0.99786196,0.995706767697534,0.0058
all,cdf,impulse_noise,3,common,pooled,0.99776548,0.9952207592206386,0.006
all,cdf,impulse_noise,4,common,pooled,0.9977452,0.9945723742846265,0.0058
all,cdf,impulse_noise,5,common,pooled,0.99900948,0.9977288219731351,0.0026
all,cdf,defocus_blur,1,common,pooled,0.74945072,0.6835488935486587,0.6214
all,cdf,defocus_blur,2,common,pooled,0.83096596,0.7627934192222858,0.4282
all,cdf,defocus_blur,3,common,pooled,0.9076068,0.8539389119869514,0.2418
all,cdf,defocus_blur,4,common,pooled,0.94391228,0.9044377448440954,0.1488
all,cdf,defocus_blur,5,common,pooled,0.96436748,0.9355361397906655,0.093
all,cdf,glass_blur,1,common,pooled,0.66279504,0.6087955612909199,0.768
all,cdf,glass_blur,2,common,pooled,0.761021,0.6901161011421962,0.5832
all,cdf,glass_blur,3,common,pooled,0.8660444,0.7935066304301044,0.3342
all,cdf,glass_blur,4,common,pooled,0.8936216,0.8279635483220212,0.2706
all,cdf,glass_blur,5,common,pooled,0.93601256,0.8874518587884086,0.1602
all,cdf,motion_blur,1,common,pooled,0.7261004,0.6679402307242605,0.6646
all,cdf,motion_blur,2,common,pooled,0.83101104,0.7705721241432035,0.4448
all,cdf,motion_blur,3,common,pooled,0.90691952,0.8591073963603032,0.262
all,cdf,motion_blur,4,common,pooled,0.9502686,0.9170141228546921,0.1416
all,cdf,motion_blur,5,common,pooled,0.96585648,0.9398577718801746,0.0936
all,cdf,zoom_blur,1,common,pooled,0.75344416,0.6918940033378853,0.627
all,cdf,zoom_blur,2,common,pooled,0.82083868,0.7556261405158828,0.4718
all,cdf,zoom_blur,3,common,pooled,0.78432336,0.7233756614409207,0.56
all,cdf,zoom_blur,4,common,pooled,0.82428476,0.7623735455212726,0.4678
all,cdf,zoom_blur,5,common,pooled,0.79707412,0.7354203949750193,0.5288
all,cdf,snow,1,common,pooled,0.86458348,0.8223351528809024,0.3998
all,cdf,snow,2,common,pooled,0.94133956,0.9123230027285298,0.1812
all,cdf,snow,3,common,pooled,0.94114108,0.9105291147751429,0.1812
all,cdf,snow,4,common,pooled,0.95932868,0.9338467863617231,0.1238
all,cdf,snow,5,common,pooled,0.95475076,0.9281015237703647,0.1326
all,cdf,frost,1,common,pooled,0.60211568,0.5568241413429647,0.8188
all,cdf,frost,2,common,pooled,0.71025496,0.6294273068590317,0.6394
all,cdf,frost,3,common,pooled,0.77228688,0.6831199606628867,0.5386
all,cdf,frost,4,common,pooled,0.77641988,0.6863219742544076,0.5328
all,cdf,frost,5,common,pooled,0.80647148,0.716715020539392,0.4788
all,cdf,fog,1,common,pooled,0.6254978,0.5712761526577462,0.7822
all,cdf,fog,2,common,pooled,0.6637824,0.6002556843613753,0.7312
all,cdf,fog,3,common,pooled,0.6907012,0.6238697840215033,0.6996
all,cdf,fog,4,common,pooled,0.68181668,0.6162097951649104,0.711
all,cdf,fog,5,common,pooled,0.70006972,0.6296045537539632,0.6814
all,cdf,brightness,1,common,pooled,0.51509008,0.5105125886920923,0.9348
all,cdf,brightness,2,common,pooled,0.56924124,0.5484050635525787,0.8796
all,cdf,brightness,3,common,pooled,0.63288684,0.5951856978710792,0.7984
all,cdf,brightness,4,common,pooled,0.69943984,0.6478984720887159,0.6974
all,cdf,brightness,5,common,pooled,0.7590312,0.7001850156408111,0.5872
all,cdf,contrast,1,common,pooled,0.7071428,0.6575043351564928,0.6992
all,cdf,contrast,2,common,pooled,0.774442,0.7208138924833496,0.5792
all,cdf,contrast,3,common,pooled,0.851625,0.8027101129368887,0.416
all,cdf,contrast,4,common,pooled,0.938397,0.9092667973778277,0.1946
all,cdf,contrast,5,common,pooled,0.9813,0.9691114737510218,0.0618
all,cdf,elastic_transform,1,common,pooled,0.53956596,0.5205900918187754,0.9214
all,cdf,elastic_transform,2,common,pooled,0.57710672,0.5445578893176839,0.8864
all,cdf,elastic_transform,3,common,pooled,0.63976236,0.589368574182459,0.8164
all,cdf,elastic_transform,4,common,pooled,0.69111976,0.6310052053340559,0.7588
all,cdf,elastic_transform,5,common,pooled,0.7577084,0.6918329961720446,0.6418
all,cdf,pixelate,1,common,pooled,0.7077634,0.6572836563411435,0.6966
all,cdf,pixelate,2,common,pooled,0.76984288,0.7107736820072592,0.5822
all,cdf,pixelate,3,common,pooled,0.92044652,0.8839742747716313,0.2396
all,cdf,pixelate,4,common,pooled,0.97054972,0.9544182222096457,0.093
all,cdf,pixelate,5,common,pooled,0.98778756,0.9816527700848441,0.0412
all,cdf,jpeg_compression,1,common,pooled,0.79946664,0.7277352009242555,0.501
all,cdf,jpeg_compression,2,common,pooled,0.88633208,0.8281632868946929,0.315
all,cdf,jpeg_compression,3,common,pooled,0.91725676,0.8686856567332977,0.2346
all,cdf,jpeg_compression,4,common,pooled,0.96421544,0.9367046304794934,0.1046
all,cdf,jpeg_compression,5,common,pooled,0.98258532,0.9657305246825784,0.0528
all,cdf,speckle_noise,1,extra,pooled,0.74651036,0.6867137040484115,0.6164
all,cdf,speckle_noise,2,extra,pooled,0.82872152,0.7710161899928025,0.448
all,cdf,speckle_noise,3,extra,pooled,0.9536692,0.92887964676158,0.145
all,cdf,speckle_noise,4,extra,pooled,0.9795718,0.9672768196453712,0.0696
all,cdf,speckle_noise,5,extra,pooled,0.99228188,0.987241770350492,0.0272
all,cdf,gaussian_blur,1,extra,pooled,0.640134,0.5920502585491935,0.8038
all,cdf,gaussian_blur,2,extra,pooled,0.82068868,0.7509325356102524,0.4516
all,cdf,gaussian_blur,3,extra,pooled,0.90869836,0.8542233073889579,0.2358
all,cdf,gaussian_blur,4,extra,pooled,0.94953652,0.9118588871516611,0.1322
all,cdf,gaussian_blur,5,extra,pooled,0.98092732,0.9619351798735497,0.0498
all,cdf,spatter,1,extra,pooled,0.51262388,0.5058934371326994,0.9376
all,cdf,spatter,2,extra,pooled,0.82164168,0.7786006628401285,0.5034
all,cdf,spatter,3,extra,pooled,0.91566908,0.8866156912810335,0.2698
all,cdf,spatter,4,extra,pooled,0.9842124,0.9774036606754704,0.0578
all,cdf,spatter,5,extra,pooled,0.9952864,0.9926061378164509,0.0156
all,cdf,saturate,1,extra,pooled,0.51035672,0.5001297516653733,0.9234
all,cdf,saturate,2,extra,pooled,0.56472288,0.5340302047475125,0.8668
all,cdf,saturate,3,extra,pooled,0.56585748,0.551882328627912,0.9204
all,cdf,saturate,4,extra,pooled,0.74521528,0.6904979687305852,0.6474
all,cdf,saturate,5,extra,pooled,0.85916084,0.8060789245624151,0.392
all,cdf_sum,gaussian_noise,1,common,pooled,0.76944308,0.7076598859423409,0.5946
all,cdf_sum,gaussian_noise,2,common,pooled,0.88286938,0.8311877832128223,0.332
all,cdf_sum,gaussian_noise,3,common,pooled,0.96150464,0.937647924322001,0.1218
all,cdf_sum,gaussian_noise,4,common,pooled,0.99089576,0.9830827841629018,0.0292
all,cdf_sum,gaussian_noise,5,common,pooled,0.99821772,0.9962928316500483,0.0042
all,cdf_sum,shot_noise,1,common,pooled,0.76035616,0.6993910588170263,0.6084
all,cdf_sum,shot_noise,2,common,pooled,0.88949556,0.8400008480033385,0.3132
all,cdf_sum,shot_noise,3,common,pooled,0.96223972,0.9388534819437663,0.1164
all,cdf_sum,shot_noise,4,common,pooled,0.9939952,0.9885140639839203,0.0204
all,cdf_sum,shot_noise,5,common,pooled,0.99819356,0.9965199195216623,0.0042
all,cdf_sum,impulse_noise,1,common,pooled,0.99698792,0.9958948835729442,0.0108
all,cdf_sum,impulse_noise,2,common,pooled,0.99834976,0.997739156246491,0.005
all,cdf_sum,impulse_noise,3,common,pooled,0.99813704,0.9972892445842263,0.0064
all,cdf_sum,impulse_noise,4,common,pooled,0.99705892,0.994631059753555,0.008
all,cdf_sum,impulse_noise,5,common,pooled,0.99850432,0.9968305799183488,0.0032
all,cdf_sum,defocus_blur,1,common,pooled,0.72093958,0.6630156432781809,0.6872
all,cdf_sum,defocus_blur,2,common,pooled,0.8055102,0.7413650578302253,0.516
all,cdf_sum,defocus_blur,3,common,pooled,0.8930926,0.8412862087179849,0.292
all,cdf_sum,defocus_blur,4,common,pooled,0.93779492,0.9018746715220403,0.1764
all,cdf_sum,defocus_blur,5,common,pooled,0.96390344,0.9403797952035803,0.1092
all,cdf_sum,glass_blur,1,common,pooled,0.65017104,0.6037558905423552,0.7994
all,cdf_sum,glass_blur,2,common,pooled,0.74874544,0.6850800492058562,0.6296
all,cdf_sum,glass_blur,3,common,pooled,0.8746929,0.8145940875359166,0.3492
all,cdf_sum,glass_blur,4,common,pooled,0.90185244,0.8479229054987322,0.2796
all,cdf_sum,glass_blur,5,common,pooled,0.94117924,0.9027751871352091,0.1684
all,cdf_sum,motion_blur,1,common,pooled,0.70696836,0.6563536892034405,0.7198
all,cdf_sum,motion_blur,2,common,pooled,0.82077224,0.7660133011673483,0.4928
all,cdf_sum,motion_blur,3,common,pooled,0.90986004,0.8697449747135844,0.2702
all,cdf_sum,motion_blur,4,common,pooled,0.95861912,0.9357763485765298,0.131
all,cdf_sum,motion_blur,5,common,pooled,0.97447204,0.9587595185090713,0.0838
all,cdf_sum,zoom_blur,1,common,pooled,0.76857516,0.7107743713553953,0.6032
all,cdf_sum,zoom_blur,2,common,pooled,0.84581946,0.7885806005218567,0.4272
all,cdf_sum,zoom_blur,3,common,pooled,0.8155596,0.7585334555279664,0.5058
all,cdf_sum,zoom_blur,4,common,pooled,0.85858808,0.8044481978626619,0.3964
all,cdf_sum,zoom_blur,5,common,pooled,0.8326209,0.7757105224184438,0.4576
all,cdf_sum,snow,1,common,pooled,0.84330004,0.8179012046202789,0.5162
all,cdf_sum,snow,2,common,pooled,0.9137544,0.8911926935894189,0.2968
all,cdf_sum,snow,3,common,pooled,0.92230312,0.9014033562877592,0.2786
all,cdf_sum,snow,4,common,pooled,0.9431222,0.9241744550555488,0.2082
all,cdf_sum,snow,5,common,pooled,0.930626,0.9071135729704627,0.2338
all,cdf_sum,frost,1,common,pooled,0.56351054,0.5310766971731922,0.8708
all,cdf_sum,frost,2,common,pooled,0.6634098,0.5985269987661739,0.7416
all,cdf_sum,frost,3,common,pooled,0.7269726,0.652356987129604,0.6504
all,cdf_sum,frost,4,common,pooled,0.73351452,0.6581894687026955,0.641
all,cdf_sum,frost,5,common,pooled,0.76580846,0.6892531539466814,0.5926
all,cdf_sum,fog,1,common,pooled,0.5781592,0.5433955586442267,0.8654
all,cdf_sum,fog,2,common,pooled,0.60421696,0.561848283439419,0.8348
all,cdf_sum,fog,3,common,pooled,0.62557014,0.5796612101545788,0.8138
all,cdf_sum,fog,4,common,pooled,0.62228756,0.5795509490401278,0.8238
all,cdf_sum,fog,5,common,pooled,0.64092098,0.5946694958310905,0.7952
all,cdf_sum,brightness,1,common,pooled,0.50553554,0.5022633781668785,0.9364
all,cdf_sum,brightness,2,common,pooled,0.54025392,0.5251428328034854,0.914
all,cdf_sum,brightness,3,common,pooled,0.58457026,0.556176320472663,0.8698
all,cdf_sum,brightness,4,common,pooled,0.63474436,0.5937336980964125,0.8082
all,cdf_sum,brightness,5,common,pooled,0.6848922,0.6347585201955822,0.7378
all,cdf_sum,contrast,1,common,pooled,0.64110052,0.6049902081964735,0.8126
all,cdf_sum,contrast,2,common,pooled,0.69516276,0.6520799211922194,0.7402
all,cdf_sum,contrast,3,common,pooled,0.76889544,0.7227215443341416,0.616
all,cdf_sum,contrast,4,common,pooled,0.88154156,0.8451740188998669,0.3676
all,cdf_sum,contrast,5,common,pooled,0.96002352,0.9425978067590232,0.1374
all,cdf_sum,elastic_transform,1,common,pooled,0.55519864,0.5357511651363751,0.9226
all,cdf_sum,elastic_transform,2,common,pooled,0.60269304,0.5719691545244017,0.8898
all,cdf_sum,elastic_transform,3,common,pooled,0.6800594,0.6391073111067511,0.807
all,cdf_sum,elastic_transform,4,common,pooled,0.74065386,0.6990665862133206,0.7326
all,cdf_sum,elastic_transform,5,common,pooled,0.81498364,0.7788419462300404,0.5924
all,cdf_sum,pixelate,1,common,pooled,0.71577038,0.6681200802006626,0.6938
all,cdf_sum,pixelate,2,common,pooled,0.78484256,0.7300455137485644,0.567
all,cdf_sum,pixelate,3,common,pooled,0.92930088,0.8993805760601925,0.2156
all,cdf_sum,pixelate,4,common,pooled,0.9740326,0.9628996643999723,0.0874
all,cdf_sum,pixelate,5,common,pooled,0.98949992,0.9857068221553961,0.0364
all,cdf_sum,jpeg_compression,1,common,pooled,0.80691528,0.7428573980526554,0.5142
all,cdf_sum,jpeg_compression,2,common,pooled,0.89878324,0.8511073405392877,0.295
all,cdf_sum,jpeg_compression,3,common,pooled,0.92861764,0.8900888506971205,0.22
all,cdf_sum,jpeg_compression,4,common,pooled,0.97325252,0.9544937318542059,0.0916
all,cdf_sum,jpeg_compression,5,common,pooled,0.98874836,0.9790693936010036,0.0352
all,cdf_sum,speckle_noise,1,extra,pooled,0.68113444,0.6311286142625538,0.742
all,cdf_sum,speckle_noise,2,extra,pooled,0.7624856,0.7052066240630341,0.6086
all,cdf_sum,speckle_noise,3,extra,pooled,0.9205618,0.8841507909412096,0.2382
all,cdf_sum,speckle_noise,4,extra,pooled,0.9627124,0.9424001295439303,0.1188
all,cdf_sum,speckle_noise,5,extra,pooled,0.98564748,0.9765048695497587,0.0446
all,cdf_sum,gaussian_blur,1,extra,pooled,0.61729528,0.5793686419309627,0.8444
all,cdf_sum,gaussian_blur,2,extra,pooled,0.7917841,0.7274320172522271,0.5468
all,cdf_sum,gaussian_blur,3,extra,pooled,0.89314604,0.8403479300259667,0.2896
all,cdf_sum,gaussian_blur,4,extra,pooled,0.94274464,0.9079313969181797,0.162
all,cdf_sum,gaussian_blur,5,extra,pooled,0.98210052,0.9687892144240813,0.052
all,cdf_sum,spatter,1,extra,pooled,0.5392008,0.5315435487774509,0.9232
all,cdf_sum,spatter,2,extra,pooled,0.86739208,0.8531607654184385,0.4726
all,cdf_sum,spatter,3,extra,pooled,0.92201408,0.9081440867724069,0.2922
all,cdf_sum,spatter,4,extra,pooled,0.99354056,0.9922392522554926,0.0278
all,cdf_sum,spatter,5,extra,pooled,0.99840476,0.9980748114106784,0.0064
all,cdf_sum,saturate,1,extra,pooled,0.49995792,0.49595263714935434,0.9418
all,cdf_sum,saturate,2,extra,pooled,0.53080616,0.5151269970402925,0.9208
all,cdf_sum,saturate,3,extra,pooled,0.5329525,0.5251474840763608,0.9332
all,cdf_sum,saturate,4,extra,pooled,0.660179,0.6163433553394674,0.7814
all,cdf_sum,saturate,5,extra,pooled,0.76832132,0.7157018294174133,0.606
all,niqe,gaussian_noise,1,common,pooled,0.90817796,0.8322344322168671,0.2476
all,niqe,gaussian_noise,2,common,pooled,0.96426592,0.9170075553685123,0.0818
all,niqe,gaussian_noise,3,common,pooled,0.98870584,0.9709827736404169,0.0224
all,niqe,gaussian_noise,4,common,pooled,0.99809716,0.9937867472405383,0.0036
all,niqe,gaussian_noise,5,common,pooled,0.9996714,0.9982347484545296,0.0006
all,niqe,shot_noise,1,common,pooled,0.87233196,0.7926183893103548,0.3526
all,niqe,shot_noise,2,common,pooled,0.94791736,0.8961376571019813,0.1338
all,niqe,shot_noise,3,common,pooled,0.97899272,0.954574125848686,0.0494
all,niqe,shot_noise,4,common,pooled,0.99561688,0.9910534337359912,0.0114
all,niqe,shot_noise,5,common,pooled,0.99883696,0.9971510189019192,0.0034
all,niqe,impulse_noise,1,common,pooled,0.99256792,0.9915147635805528,0.037
all,niqe,impulse_noise,2,common,pooled,0.99735756,0.9969336189550839,0.0164
all,niqe,impulse_noise,3,common,pooled,0.99828636,0.9979564090324953,0.0098
all,niqe,impulse_noise,4,common,pooled,0.99884564,0.9982381035542639,0.0052
all,niqe,impulse_noise,5,common,pooled,0.99836588,0.9959151563037658,0.0034
all,niqe,defocus_blur,1,common,pooled,0.99664308,0.9927278601261218,0.0102
all,niqe,defocus_blur,2,common,pooled,0.99894704,0.9968872071585195,0.003
all,niqe,defocus_blur,3,common,pooled,0.99933336,0.9979608945023801,0.0018
all,niqe,defocus_blur,4,common,pooled,0.99959392,0.9984387971997838,0.0008
all,niqe,defocus_blur,5,common,pooled,0.9996888,0.9985949428330534,0.0006
all,niqe,glass_blur,1,common,pooled,0.97707688,0.9431058668417998,0.0392
all,niqe,glass_blur,2,common,pooled,0.99281472,0.980019273839895,0.0112
all,niqe,glass_blur,3,common,pooled,0.9918252,0.976401424716649,0.0124
all,niqe,glass_blur,4,common,pooled,0.99402596,0.9827453960356395,0.0094
all,niqe,glass_blur,5,common,pooled,0.99881132,0.9956190326222348,0.0022
all,niqe,motion_blur,1,common,pooled,0.96728712,0.9379987485234332,0.081
all,niqe,motion_blur,2,common,pooled,0.97955056,0.9617718093394317,0.0526
all,niqe,motion_blur,3,common,pooled,0.98531692,0.9738250672880167,0.0392
all,niqe,motion_blur,4,common,pooled,0.9882202,0.9798669348429724,0.0344
all,niqe,motion_blur,5,common,pooled,0.989299,0.9819898941662544,0.0326
all,niqe,zoom_blur,1,common,pooled,0.89074968,0.8643519910427897,0.3812
all,niqe,zoom_blur,2,common,pooled,0.91364116,0.8903317743325051,0.3134
all,niqe,zoom_blur,3,common,pooled,0.88500624,0.8477850509103588,0.3526
all,niqe,zoom_blur,4,common,pooled,0.90094336,0.8657880596815095,0.3088
all,niqe,zoom_blur,5,common,pooled,0.8489078,0.8014753523860055,0.4244
all,niqe,snow,1,common,pooled,0.88394832,0.8552316219143781,0.394
all,niqe,snow,2,common,pooled,0.96664672,0.948734965930976,0.1028
all,niqe,snow,3,common,pooled,0.94271492,0.9127030512837387,0.187
all,niqe,snow,4,common,pooled,0.96533456,0.9437628039066984,0.101
all,niqe,snow,5,common,pooled,0.98349704,0.9749152750150264,0.052
all,niqe,frost,1,common,pooled,0.48434476,0.4851270808132756,0.9396
all,niqe,frost,2,common,pooled,0.61054812,0.5711516810535122,0.8614
all,niqe,frost,3,common,pooled,0.69365208,0.6410580175743044,0.7562
all,niqe,frost,4,common,pooled,0.70476792,0.6500223781716439,0.7464
all,niqe,frost,5,common,pooled,0.74596104,0.6882560959780726,0.669
all,niqe,fog,1,common,pooled,0.64233188,0.637474033947227,0.9014
all,niqe,fog,2,common,pooled,0.68285664,0.6783014255748424,0.8644
all,niqe,fog,3,common,pooled,0.72626292,0.7227052454425629,0.8304
all,niqe,fog,4,common,pooled,0.73597068,0.731335084674638,0.8224
all,niqe,fog,5,common,pooled,0.7664138,0.753309907170753,0.7704
all,niqe,brightness,1,common,pooled,0.47555184,0.4820928863998553,0.956
all,niqe,brightness,2,common,pooled,0.45766528,0.4720646041678619,0.962
all,niqe,brightness,3,common,pooled,0.45129052,0.4704446499420417,0.9598
all,niqe,brightness,4,common,pooled,0.45246004,0.4737932034297545,0.959
all,niqe,brightness,5,common,pooled,0.4662618,0.4851895389550251,0.9534
all,niqe,contrast,1,common,pooled,0.63007572,0.6234460129550974,0.9094
all,niqe,contrast,2,common,pooled,0.69107956,0.6830237861545335,0.8606
all,niqe,contrast,3,common,pooled,0.7844356,0.7737421724689383,0.7256
all,niqe,contrast,4,common,pooled,0.92209096,0.9097283197635819,0.3154
all,niqe,contrast,5,common,pooled,0.98408704,0.9797981419162485,0.0612
all,niqe,elastic_transform,1,common,pooled,0.56310628,0.5397329306382004,0.8938
all,niqe,elastic_transform,2,common,pooled,0.54337116,0.5260749099626125,0.9032
all,niqe,elastic_transform,3,common,pooled,0.51842808,0.5082888705194883,0.9124
all,niqe,elastic_transform,4,common,pooled,0.50548344,0.4989652936649249,0.9226
all,niqe,elastic_transform,5,common,pooled,0.49610328,0.49085191127826655,0.927
all,niqe,pixelate,1,common,pooled,0.953812,0.9058455568230802,0.1034
all,niqe,pixelate,2,common,pooled,0.94437524,0.9085873721313978,0.1556
all,niqe,pixelate,3,common,pooled,0.97264312,0.9543064824197576,0.07
all,niqe,pixelate,4,common,pooled,0.99530988,0.9921813265728802,0.0128
all,niqe,pixelate,5,common,pooled,0.99513348,0.9906150335335396,0.0102
all,niqe,jpeg_compression,1,common,pooled,0.89777392,0.8679800989569859,0.3178
all,niqe,jpeg_compression,2,common,pooled,0.94943844,0.9310044423451755,0.1672
all,niqe,jpeg_compression,3,common,pooled,0.9647246,0.9513724641748545,0.1162
all,niqe,jpeg_compression,4,common,pooled,0.9862794,0.9813390782613355,0.0466
all,niqe,jpeg_compression,5,common,pooled,0.99461304,0.9928299335801609,0.021
all,niqe,speckle_noise,1,extra,pooled,0.7497072,0.6741376354365934,0.6426
all,niqe,speckle_noise,2,extra,pooled,0.81876736,0.7445181432356613,0.4984
all,niqe,speckle_noise,3,extra,pooled,0.92531284,0.8766170259789741,0.223
all,niqe,speckle_noise,4,extra,pooled,0.95481816,0.9227707505346667,0.1306
all,niqe,speckle_noise,5,extra,pooled,0.97552672,0.9598971674980454,0.0656
all,niqe,gaussian_blur,1,extra,pooled,0.98480292,0.962055443669006,0.0268
all,niqe,gaussian_blur,2,extra,pooled,0.99900508,0.9965086764031399,0.0018
all,niqe,gaussian_blur,3,extra,pooled,0.99960652,0.9983224378462829,0.0006
all,niqe,gaussian_blur,4,extra,pooled,0.9997396,0.9986291771555736,0.0004
all,niqe,gaussian_blur,5,extra,pooled,0.99979152,0.9986907220642859,0.0002
all,niqe,spatter,1,extra,pooled,0.49965064,0.49975850012241896,0.9486
all,niqe,spatter,2,extra,pooled,0.69928852,0.6617048738800761,0.786
all,niqe,spatter,3,extra,pooled,0.8529068,0.821238135247406,0.49
all,niqe,spatter,4,extra,pooled,0.74680836,0.6771231192686527,0.628
all,niqe,spatter,5,extra,pooled,0.884572,0.8331394969671151,0.3338
all,niqe,saturate,1,extra,pooled,0.47156726,0.47423361688741883,0.9562
all,niqe,saturate,2,extra,pooled,0.45985566,0.46542412997837324,0.958
all,niqe,saturate,3,extra,pooled,0.44994158,0.4593745454280428,0.9596
all,niqe,saturate,4,extra,pooled,0.39359844,0.42347878103138836,0.9738
all,niqe,saturate,5,extra,pooled,0.4353184,0.44261878363601664,0.9534
all,niqe_default,gaussian_noise,1,common,pooled,0.99247712,0.9873540947742655,0.0254
all,niqe_default,gaussian_noise,2,common,pooled,0.99788296,0.9960071969643856,0.007
all,niqe_default,gaussian_noise,3,common,pooled,0.9995818,0.9989124817761766,0.0018
all,niqe_default,gaussian_noise,4,common,pooled,0.99985928,0.9997592767276121,0.0002
all,niqe_default,gaussian_noise,5,common,pooled,0.99998456,0.9999839364674591,0.0002
all,niqe_default,shot_noise,1,common,pooled,0.98652856,0.9792084893750914,0.0454
all,niqe_default,shot_noise,2,common,pooled,0.99617552,0.9937769475651461,0.0134
all,niqe_default,shot_noise,3,common,pooled,0.99882648,0.9978412294975741,0.0034
all,niqe_default,shot_noise,4,common,pooled,0.9997498,0.9994443598324995,0.0006
all,niqe_default,shot_noise,5,common,pooled,0.99987716,0.9998145223384629,0.0002
all,niqe_default,impulse_noise,1,common,pooled,0.99834144,0.9977286119205563,0.0062
all,niqe_default,impulse_noise,2,common,pooled,0.99939848,0.9991467801320452,0.0024
all,niqe_default,impulse_noise,3,common,pooled,0.99962148,0.9994428260097555,0.0018
all,niqe_default,impulse_noise,4,common,pooled,0.99981372,0.9996203394484431,0.0002
all,niqe_default,impulse_noise,5,common,pooled,0.9998028,0.9991713341331379,0.0002
all,niqe_default,defocus_blur,1,common,pooled,0.9677492,0.9291145999444658,0.063
all,niqe_default,defocus_blur,2,common,pooled,0.98808904,0.9706481207427176,0.0246
all,niqe_default,defocus_blur,3,common,pooled,0.99518748,0.9878874332934046,0.0106
all,niqe_default,defocus_blur,4,common,pooled,0.9975272,0.9939129077737353,0.0052
all,niqe_default,defocus_blur,5,common,pooled,0.99851964,0.9965825409380037,0.0032
all,niqe_default,glass_blur,1,common,pooled,0.8188144,0.7181163358762781,0.3816
all,niqe_default,glass_blur,2,common,pooled,0.93670692,0.8645368542590796,0.116
all,niqe_default,glass_blur,3,common,pooled,0.94007576,0.8664989394242046,0.105
all,niqe_default,glass_blur,4,common,pooled,0.95619032,0.8969792829672674,0.0716
all,niqe_default,glass_blur,5,common,pooled,0.9872528,0.9652570918348835,0.0216
all,niqe_default,motion_blur,1,common,pooled,0.89696172,0.8406280705459889,0.2728
all,niqe_default,motion_blur,2,common,pooled,0.94055388,0.8994911386759428,0.1648
all,niqe_default,motion_blur,3,common,pooled,0.96389592,0.9366542777569463,0.0982
all,niqe_default,motion_blur,4,common,pooled,0.9751784,0.956363098721095,0.0672
all,niqe_default,motion_blur,5,common,pooled,0.97929848,0.9635798840645495,0.0574
all,niqe_default,zoom_blur,1,common,pooled,0.74624304,0.70195403420556,0.678
all,niqe_default,zoom_blur,2,common,pooled,0.79706384,0.7522383495802392,0.5752
all,niqe_default,zoom_blur,3,common,pooled,0.74453636,0.6993581477606281,0.6718
all,niqe_default,zoom_blur,4,common,pooled,0.77604116,0.7285651671833663,0.614
all,niqe_default,zoom_blur,5,common,pooled,0.67442844,0.6370485510007708,0.7882
all,niqe_default,snow,1,common,pooled,0.8543228,0.8140040326561576,0.4504
all,niqe_default,snow,2,common,pooled,0.95684816,0.935065502617557,0.1322
all,niqe_default,snow,3,common,pooled,0.91676848,0.8751738070063442,0.2448
all,niqe_default,snow,4,common,pooled,0.94477944,0.9119417800576318,0.1506
all,niqe_default,snow,5,common,pooled,0.97905616,0.9681587138786123,0.0628
all,niqe_default,frost,1,common,pooled,0.31863092,0.4062053488489108,0.9904
all,niqe_default,frost,2,common,pooled,0.29576644,0.38439268868003573,0.986
all,niqe_default,frost,3,common,pooled,0.32360604,0.3940843590978078,0.9786
all,niqe_default,frost,4,common,pooled,0.31668048,0.38710111147311277,0.9792
all,niqe_default,frost,5,common,pooled,0.33696904,0.3935342559057368,0.9742
all,niqe_default,fog,1,common,pooled,0.61687156,0.5932950009508581,0.87
all,niqe_default,fog,2,common,pooled,0.6535632,0.6261990063165627,0.8314
all,niqe_default,fog,3,common,pooled,0.69269452,0.6647045985810136,0.7898
all,niqe_default,fog,4,common,pooled,0.69535512,0.6661714489564667,0.7828
all,niqe_default,fog,5,common,pooled,0.71104972,0.673416095015382,0.7622
all,niqe_default,brightness,1,common,pooled,0.49106204,0.4958189845107098,0.955
all,niqe_default,brightness,2,common,pooled,0.48739124,0.49439337564946434,0.958
all,niqe_default,brightness,3,common,pooled,0.49070944,0.498934986150595,0.9558
all,niqe_default,brightness,4,common,pooled,0.4978316,0.5049970541705449,0.9518
all,niqe_default,brightness,5,common,pooled,0.51061844,0.5157447663651806,0.9462
all,niqe_default,contrast,1,common,pooled,0.61046372,0.5856912719980808,0.8774
all,niqe_default,contrast,2,common,pooled,0.66790312,0.6356599079927225,0.8106
all,niqe_default,contrast,3,common,pooled,0.76131204,0.7245606377546151,0.6662
all,niqe_default,contrast,4,common,pooled,0.90937952,0.8834347776077369,0.2934
all,niqe_default,contrast,5,common,pooled,0.98079124,0.9743755345124214,0.0672
all,niqe_default,elastic_transform,1,common,pooled,0.30065132,0.38420576729634254,0.9892
all,niqe_default,elastic_transform,2,common,pooled,0.29952388,0.38325458070387064,0.9874
all,niqe_default,elastic_transform,3,common,pooled,0.3076426,0.38463348943051456,0.9848
all,niqe_default,elastic_transform,4,common,pooled,0.32808388,0.3917744896162148,0.9796
all,niqe_default,elastic_transform,5,common,pooled,0.36813168,0.4073095363726295,0.9652
all,niqe_default,pixelate,1,common,pooled,0.9259898,0.8577077082401265,0.1666
all,niqe_default,pixelate,2,common,pooled,0.92388428,0.8800986131654579,0.2128
all,niqe_default,pixelate,3,common,pooled,0.9729862,0.9533271189125495,0.0642
all,niqe_default,pixelate,4,common,pooled,0.99731844,0.9956035131786066,0.0074
all,niqe_default,pixelate,5,common,pooled,0.99381824,0.9890947494988115,0.016
all,niqe_default,jpeg_compression,1,common,pooled,0.73929556,0.7002224475637506,0.6718
all,niqe_default,jpeg_compression,2,common,pooled,0.84548884,0.8107414478512373,0.4712
all,niqe_default,jpeg_compression,3,common,pooled,0.88507548,0.8548106574900395,0.3558
all,niqe_default,jpeg_compression,4,common,pooled,0.95406236,0.938755346640865,0.1544
all,niqe_default,jpeg_compression,5,common,pooled,0.98197316,0.9755309809603039,0.063
all,niqe_default,speckle_noise,1,extra,pooled,0.9493462,0.9328867277099895,0.1888
all,niqe_default,speckle_noise,2,extra,pooled,0.97212288,0.9613956513776671,0.105
all,niqe_default,speckle_noise,3,extra,pooled,0.99278048,0.9892916739214097,0.0274
all,niqe_default,speckle_noise,4,extra,pooled,0.99629236,0.994421949524217,0.0134
all,niqe_default,speckle_noise,5,extra,pooled,0.99822028,0.997357387431761,0.0064
all,niqe_default,gaussian_blur,1,extra,pooled,0.87375616,0.7861813720445456,0.2806
all,niqe_default,gaussian_blur,2,extra,pooled,0.98523216,0.9613638887693998,0.0242
all,niqe_default,gaussian_blur,3,extra,pooled,0.99619424,0.9875410322528526,0.0064
all,niqe_default,gaussian_blur,4,extra,pooled,0.99785228,0.9932600100615566,0.0032
all,niqe_default,gaussian_blur,5,extra,pooled,0.99935184,0.9979997818485492,0.0018
all,niqe_default,spatter,1,extra,pooled,0.49504496,0.4967294945866799,0.9516
all,niqe_default,spatter,2,extra,pooled,0.70100684,0.6477337735316319,0.7342
all,niqe_default,spatter,3,extra,pooled,0.85655892,0.8046146352019563,0.4258
all,niqe_default,spatter,4,extra,pooled,0.83706088,0.7681613106208764,0.4256
all,niqe_default,spatter,5,extra,pooled,0.9241656,0.8792473123916807,0.2176
all,niqe_default,saturate,1,extra,pooled,0.4804647,0.4830184535501728,0.953
all,niqe_default,saturate,2,extra,pooled,0.47098606,0.476028446854193,0.9582
all,niqe_default,saturate,3,extra,pooled,0.4594331,0.4665806086094594,0.9558
all,niqe_default,saturate,4,extra,pooled,0.42474736,0.4420612269462266,0.9584
all,niqe_default,saturate,5,extra,pooled,0.50399756,0.4866728410518367,0.9268
all,arniqa,gaussian_noise,1,common,pooled,0.9672126,0.9316562098266195,0.0678
all,arniqa,gaussian_noise,2,common,pooled,0.99453464,0.9907003623242343,0.0204
all,arniqa,gaussian_noise,3,common,pooled,0.99960332,0.9994925479583555,0.0014
all,arniqa,gaussian_noise,4,common,pooled,0.9999876,0.9999874626758132,0.0
all,arniqa,gaussian_noise,5,common,pooled,0.99999904,0.9999990393023117,0.0
all,arniqa,shot_noise,1,common,pooled,0.97746556,0.9594820224649891,0.0582
all,arniqa,shot_noise,2,common,pooled,0.99624192,0.9938798286733971,0.0134
all,arniqa,shot_noise,3,common,pooled,0.99963632,0.9995495783701237,0.0014
all,arniqa,shot_noise,4,common,pooled,0.9999938,0.9999937655144291,0.0
all,arniqa,shot_noise,5,common,pooled,0.99999776,0.9999977540892873,0.0
all,arniqa,impulse_noise,1,common,pooled,0.9941078,0.9898739394222347,0.0204
all,arniqa,impulse_noise,2,common,pooled,0.9991394,0.9986074516848292,0.0022
all,arniqa,impulse_noise,3,common,pooled,0.999798,0.9997592371470772,0.0006
all,arniqa,impulse_noise,4,common,pooled,0.99999156,0.9999914858684514,0.0
all,arniqa,impulse_noise,5,common,pooled,0.99999864,0.9999986384673507,0.0
all,arniqa,defocus_blur,1,common,pooled,0.99195028,0.987410115246883,0.0282
all,arniqa,defocus_blur,2,common,pooled,0.99845916,0.9979112036363864,0.0062
all,arniqa,defocus_blur,3,common,pooled,0.9997464,0.9997222415908074,0.001
all,arniqa,defocus_blur,4,common,pooled,0.99978048,0.9997710455558112,0.001
all,arniqa,defocus_blur,5,common,pooled,0.9994618,0.9994427576748645,0.0018
all,arniqa,glass_blur,1,common,pooled,0.95733844,0.9248828936502751,0.0978
all,arniqa,glass_blur,2,common,pooled,0.98549896,0.976695464191111,0.0422
all,arniqa,glass_blur,3,common,pooled,0.99098944,0.985974613887528,0.0306
all,arniqa,glass_blur,4,common,pooled,0.9938882,0.9910469957774172,0.0246
all,arniqa,glass_blur,5,common,pooled,0.9973078,0.9962353685061714,0.0102
all,arniqa,motion_blur,1,common,pooled,0.95370104,0.9364950974570817,0.1562
all,arniqa,motion_blur,2,common,pooled,0.9913687,0.9889710083564328,0.036
all,arniqa,motion_blur,3,common,pooled,0.99776908,0.9974290367649236,0.0074
all,arniqa,motion_blur,4,common,pooled,0.99902816,0.9989302052069401,0.0026
all,arniqa,motion_blur,5,common,pooled,0.99907328,0.9990052834513655,0.0026
all,arniqa,zoom_blur,1,common,pooled,0.94703558,0.9365476789435415,0.1902
all,arniqa,zoom_blur,2,common,pooled,0.95773012,0.9509698218122636,0.1544
all,arniqa,zoom_blur,3,common,pooled,0.92860718,0.914286529701879,0.2738
all,arniqa,zoom_blur,4,common,pooled,0.93378026,0.922099990105778,0.2624
all,arniqa,zoom_blur,5,common,pooled,0.90115382,0.8793946607993253,0.378
all,arniqa,snow,1,common,pooled,0.9369156,0.9179268017533578,0.209
all,arniqa,snow,2,common,pooled,0.98855792,0.9857035294390437,0.0468
all,arniqa,snow,3,common,pooled,0.99201512,0.9903036475792979,0.036
all,arniqa,snow,4,common,pooled,0.99759372,0.9972027314418269,0.0098
all,arniqa,snow,5,common,pooled,0.99833776,0.9980393205409379,0.0066
all,arniqa,frost,1,common,pooled,0.92668096,0.9090976123016088,0.2616
all,arniqa,frost,2,common,pooled,0.94631906,0.9384491734445195,0.2094
all,arniqa,frost,3,common,pooled,0.94974314,0.9447407468789509,0.1984
all,arniqa,frost,4,common,pooled,0.94338964,0.93749528016063,0.2204
all,arniqa,frost,5,common,pooled,0.94368156,0.9386550267865915,0.2284
all,arniqa,fog,1,common,pooled,0.96839282,0.9563207226692099,0.0936
all,arniqa,fog,2,common,pooled,0.97734452,0.9694486596902485,0.0712
all,arniqa,fog,3,common,pooled,0.97783258,0.9701329298432884,0.0706
all,arniqa,fog,4,common,pooled,0.97610184,0.9672912614708916,0.0756
all,arniqa,fog,5,common,pooled,0.98129328,0.9751592622480526,0.0664
all,arniqa,brightness,1,common,pooled,0.63383554,0.60602034822137,0.8788
all,arniqa,brightness,2,common,pooled,0.80266262,0.7659547263491903,0.6398
all,arniqa,brightness,3,common,pooled,0.90563148,0.8835658254824535,0.3358
all,arniqa,brightness,4,common,pooled,0.95957988,0.9524509375055406,0.144
all,arniqa,brightness,5,common,pooled,0.98361496,0.9821363655252295,0.0692
all,arniqa,contrast,1,common,pooled,0.96079856,0.9512911031817464,0.135
all,arniqa,contrast,2,common,pooled,0.98162702,0.9774139671234634,0.0688
all,arniqa,contrast,3,common,pooled,0.99212438,0.990486245636779,0.0382
all,arniqa,contrast,4,common,pooled,0.99659636,0.9959711301316426,0.019
all,arniqa,contrast,5,common,pooled,0.9971052,0.9966222525221013,0.0148
all,arniqa,elastic_transform,1,common,pooled,0.4277311,0.4659505556360892,0.9706
all,arniqa,elastic_transform,2,common,pooled,0.44073084,0.47177758143622694,0.9668
all,arniqa,elastic_transform,3,common,pooled,0.46036622,0.48093857250660377,0.9608
all,arniqa,elastic_transform,4,common,pooled,0.4788076,0.4902529476541001,0.9512
all,arniqa,elastic_transform,5,common,pooled,0.50294558,0.5027436913216765,0.9416
all,arniqa,pixelate,1,common,pooled,0.901572,0.8467238085986845,0.2546
all,arniqa,pixelate,2,common,pooled,0.90859888,0.8577150820706412,0.245
all,arniqa,pixelate,3,common,pooled,0.9787845,0.9703233103248992,0.0664
all,arniqa,pixelate,4,common,pooled,0.99859612,0.9983331870894516,0.0058
all,arniqa,pixelate,5,common,pooled,0.99820844,0.9978042044849237,0.0066
all,arniqa,jpeg_compression,1,common,pooled,0.60473886,0.5625907664329993,0.8822
all,arniqa,jpeg_compression,2,common,pooled,0.79470076,0.7375969666800231,0.6106
all,arniqa,jpeg_compression,3,common,pooled,0.88266982,0.8431899277986112,0.3898
all,arniqa,jpeg_compression,4,common,pooled,0.98003386,0.9753918008719512,0.0746
all,arniqa,jpeg_compression,5,common,pooled,0.99768072,0.9974506431650608,0.0106
all,arniqa,speckle_noise,1,extra,pooled,0.96727292,0.94430152109569,0.0868
all,arniqa,speckle_noise,2,extra,pooled,0.98685452,0.9794548587789621,0.0458
all,arniqa,speckle_noise,3,extra,pooled,0.99908728,0.9988269396825099,0.0026
all,arniqa,speckle_noise,4,extra,pooled,0.99979284,0.9997714988218749,0.0006
all,arniqa,speckle_noise,5,extra,pooled,0.99996068,0.9999595494670965,0.0002
all,arniqa,gaussian_blur,1,extra,pooled,0.92410114,0.8707045577060983,0.2108
all,arniqa,gaussian_blur,2,extra,pooled,0.99643376,0.9948053985452999,0.0158
all,arniqa,gaussian_blur,3,extra,pooled,0.99938456,0.9992611706560606,0.0018
all,arniqa,gaussian_blur,4,extra,pooled,0.99978372,0.9997682084903233,0.001
all,arniqa,gaussian_blur,5,extra,pooled,0.99979132,0.9997841661400904,0.0008
all,arniqa,spatter,1,extra,pooled,0.52740732,0.518683213373548,0.938
all,arniqa,spatter,2,extra,pooled,0.67838462,0.6480154345462534,0.8118
all,arniqa,spatter,3,extra,pooled,0.76101338,0.7207495598705682,0.6544
all,arniqa,spatter,4,extra,pooled,0.76482466,0.6776499143287644,0.6112
all,arniqa,spatter,5,extra,pooled,0.79759808,0.7095175568627061,0.5258
all,arniqa,saturate,1,extra,pooled,0.96418274,0.9458848236277074,0.0994
all,arniqa,saturate,2,extra,pooled,0.98193468,0.9684416966146675,0.0462
all,arniqa,saturate,3,extra,pooled,0.77596616,0.7336323348784085,0.69
all,arniqa,saturate,4,extra,pooled,0.98174816,0.9795606729267914,0.0712
all,arniqa,saturate,5,extra,pooled,0.9940296,0.9942769075963319,0.0346
all,arniqa_proto,gaussian_noise,1,common,pooled,0.99934244,0.9990521682139538,0.0016
all,arniqa_proto,gaussian_noise,2,common,pooled,0.99996504,0.9999640797349243,0.0004
all,arniqa_proto,gaussian_noise,3,common,pooled,0.99999816,0.9999981581459669,0.0
all,arniqa_proto,gaussian_noise,4,common,pooled,0.99999984,0.999999840047984,0.0
all,arniqa_proto,gaussian_noise,5,common,pooled,1.0,1.0,0.0
all,arniqa_proto,shot_noise,1,common,pooled,0.99923224,0.9989619727174928,0.002
all,arniqa_proto,shot_noise,2,common,pooled,0.99994384,0.9999421539382828,0.0004
all,arniqa_proto,shot_noise,3,common,pooled,0.9999932,0.9999931778440362,0.0
all,arniqa_proto,shot_noise,4,common,pooled,0.999999,0.9999989999592525,0.0
all,arniqa_proto,shot_noise,5,common,pooled,0.99999976,0.999999760047984,0.0
all,arniqa_proto,impulse_noise,1,common,pooled,0.9998118,0.9997867988073943,0.001
all,arniqa_proto,impulse_noise,2,common,pooled,0.99999288,0.9999928346787061,0.0
all,arniqa_proto,impulse_noise,3,common,pooled,0.99999908,0.9999990793590513,0.0
all,arniqa_proto,impulse_noise,4,common,pooled,0.99999992,0.9999999200319872,0.0
all,arniqa_proto,impulse_noise,5,common,pooled,0.99999996,0.9999999600079984,0.0
all,arniqa_proto,defocus_blur,1,common,pooled,0.99988212,0.9998740281836681,0.0008
all,arniqa_proto,defocus_blur,2,common,pooled,0.99996208,0.9999613721697718,0.0002
all,arniqa_proto,defocus_blur,3,common,pooled,0.9999386,0.9999363904071396,0.0004
all,arniqa_proto,defocus_blur,4,common,pooled,0.9998668,0.999856872947487,0.0008
all,arniqa_proto,defocus_blur,5,common,pooled,0.99974868,0.9997161799286108,0.0012
all,arniqa_proto,glass_blur,1,common,pooled,0.99820548,0.9956459111010912,0.0052
all,arniqa_proto,glass_blur,2,common,pooled,0.99960612,0.9994906349831588,0.0012
all,arniqa_proto,glass_blur,3,common,pooled,0.99955188,0.9993842291523718,0.0012
all,arniqa_proto,glass_blur,4,common,pooled,0.9995882,0.9994523246758521,0.0012
all,arniqa_proto,glass_blur,5,common,pooled,0.99984864,0.9998333371617727,0.0008
all,arniqa_proto,motion_blur,1,common,pooled,0.98897428,0.9861975281521542,0.051
all,arniqa_proto,motion_blur,2,common,pooled,0.9974252,0.9967029359613845,0.0102
all,arniqa_proto,motion_blur,3,common,pooled,0.99878316,0.9983831071476711,0.0042
all,arniqa_proto,motion_blur,4,common,pooled,0.99902112,0.9986835424732806,0.0034
all,arniqa_proto,motion_blur,5,common,pooled,0.99898658,0.998629796281054,0.0034
all,arniqa_proto,zoom_blur,1,common,pooled,0.97819594,0.965785529983856,0.0834
all,arniqa_proto,zoom_blur,2,common,pooled,0.985251,0.9759635192405456,0.0556
all,arniqa_proto,zoom_blur,3,common,pooled,0.96437182,0.9428925166781448,0.1204
all,arniqa_proto,zoom_blur,4,common,pooled,0.97111812,0.9531495436597166,0.1054
all,arniqa_proto,zoom_blur,5,common,pooled,0.95649782,0.9306485123414253,0.1346
all,arniqa_proto,snow,1,common,pooled,0.90925652,0.8517234069148479,0.2328
all,arniqa_proto,snow,2,common,pooled,0.97456146,0.9488117982168047,0.0746
all,arniqa_proto,snow,3,common,pooled,0.97956952,0.959338164986907,0.0586
all,arniqa_proto,snow,4,common,pooled,0.9895862,0.9769430855527732,0.023
all,arniqa_proto,snow,5,common,pooled,0.99022308,0.977898457287551,0.02
all,arniqa_proto,frost,1,common,pooled,0.88015926,0.820210560271876,0.3338
all,arniqa_proto,frost,2,common,pooled,0.91385966,0.8685851074048556,0.2474
all,arniqa_proto,frost,3,common,pooled,0.92720356,0.8916250418812934,0.2274
all,arniqa_proto,frost,4,common,pooled,0.92180782,0.8819170206682664,0.231
all,arniqa_proto,frost,5,common,pooled,0.928216,0.8933330823248774,0.223
all,arniqa_proto,fog,1,common,pooled,0.98234132,0.9696922326280661,0.0612
all,arniqa_proto,fog,2,common,pooled,0.98897,0.9811198671338984,0.036
all,arniqa_proto,fog,3,common,pooled,0.98981976,0.983486760326808,0.0326
all,arniqa_proto,fog,4,common,pooled,0.98689424,0.978051970733161,0.0482
all,arniqa_proto,fog,5,common,pooled,0.98674084,0.9771656226507184,0.0456
all,arniqa_proto,brightness,1,common,pooled,0.60050834,0.5703083591243836,0.9014
all,arniqa_proto,brightness,2,common,pooled,0.73346928,0.675625548971423,0.6934
all,arniqa_proto,brightness,3,common,pooled,0.83393658,0.7770116062960509,0.4614
all,arniqa_proto,brightness,4,common,pooled,0.90317086,0.8623085815028626,0.2788
all,arniqa_proto,brightness,5,common,pooled,0.94438822,0.9193722655409664,0.1744
all,arniqa_proto,contrast,1,common,pooled,0.97441192,0.9630997322528747,0.1104
all,arniqa_proto,contrast,2,common,pooled,0.98832452,0.9843286644522118,0.054
all,arniqa_proto,contrast,3,common,pooled,0.9952904,0.9942464372167197,0.0168
all,arniqa_proto,contrast,4,common,pooled,0.9983514,0.9980972290915447,0.0074
all,arniqa_proto,contrast,5,common,pooled,0.999077,0.9989563059098211,0.0038
all,arniqa_proto,elastic_transform,1,common,pooled,0.57121316,0.5341355287238442,0.8608
all,arniqa_proto,elastic_transform,2,common,pooled,0.56268646,0.5252582410852489,0.864
all,arniqa_proto,elastic_transform,3,common,pooled,0.55963704,0.519455284111964,0.8662
all,arniqa_proto,elastic_transform,4,common,pooled,0.56241476,0.5189977388016347,0.8542
all,arniqa_proto,elastic_transform,5,common,pooled,0.5714149,0.5225318793655978,0.845
all,arniqa_proto,pixelate,1,common,pooled,0.98988256,0.9742450926298171,0.0162
all,arniqa_proto,pixelate,2,common,pooled,0.99358508,0.9828680181129472,0.0102
all,arniqa_proto,pixelate,3,common,pooled,0.9985722,0.9967528467425653,0.0034
all,arniqa_proto,pixelate,4,common,pooled,0.9999254,0.999921283935977,0.0004
all,arniqa_proto,pixelate,5,common,pooled,0.99999968,0.9999996803036516,0.0
all,arniqa_proto,jpeg_compression,1,common,pooled,0.99116148,0.9870514668568945,0.032
all,arniqa_proto,jpeg_compression,2,common,pooled,0.9945788,0.9925013567017904,0.0178
all,arniqa_proto,jpeg_compression,3,common,pooled,0.99604716,0.9946853592049439,0.0142
all,arniqa_proto,jpeg_compression,4,common,pooled,0.99836828,0.9979922069481257,0.007
all,arniqa_proto,jpeg_compression,5,common,pooled,0.9993996,0.999315072028487,0.002
all,arniqa_proto,speckle_noise,1,extra,pooled,0.99665724,0.9952598919718226,0.0132
all,arniqa_proto,speckle_noise,2,extra,pooled,0.99892712,0.9986544006190635,0.0042
all,arniqa_proto,speckle_noise,3,extra,pooled,0.9998872,0.9998821145741743,0.0008
all,arniqa_proto,speckle_noise,4,extra,pooled,0.9999556,0.9999547013227575,0.0004
all,arniqa_proto,speckle_noise,5,extra,pooled,0.99998116,0.9999809914868738,0.0
all,arniqa_proto,gaussian_blur,1,extra,pooled,0.99838044,0.9969431565297473,0.0048
all,arniqa_proto,gaussian_blur,2,extra,pooled,0.99996612,0.9999656145844557,0.0002
all,arniqa_proto,gaussian_blur,3,extra,pooled,0.99997764,0.9999774418757439,0.0
all,arniqa_proto,gaussian_blur,4,extra,pooled,0.99996872,0.9999683191428287,0.0
all,arniqa_proto,gaussian_blur,5,extra,pooled,0.99989428,0.9998904452983517,0.0008
all,arniqa_proto,spatter,1,extra,pooled,0.50589666,0.5000064160609965,0.9454
all,arniqa_proto,spatter,2,extra,pooled,0.61969662,0.5627277464393629,0.822
all,arniqa_proto,spatter,3,extra,pooled,0.71109508,0.6244790955064935,0.6494
all,arniqa_proto,spatter,4,extra,pooled,0.61945226,0.5237557461734155,0.665
all,arniqa_proto,spatter,5,extra,pooled,0.66102234,0.5502992302005552,0.5942
all,arniqa_proto,saturate,1,extra,pooled,0.8807902,0.798935461970719,0.269
all,arniqa_proto,saturate,2,extra,pooled,0.94058052,0.8776885368863145,0.1132
all,arniqa_proto,saturate,3,extra,pooled,0.7272482,0.6660299439647083,0.7084
all,arniqa_proto,saturate,4,extra,pooled,0.95750968,0.9376566398789025,0.1342
all,arniqa_proto,saturate,5,extra,pooled,0.98198432,0.977453056415414,0.094
all,clipiqa,gaussian_noise,1,common,pooled,0.80038882,0.7512972469334438,0.5692
all,clipiqa,gaussian_noise,2,common,pooled,0.8122957,0.7470412020805929,0.5102
all,clipiqa,gaussian_noise,3,common,pooled,0.80063158,0.7099486579197115,0.4882
all,clipiqa,gaussian_noise,4,common,pooled,0.73564076,0.6204251382955301,0.525
all,clipiqa,gaussian_noise,5,common,pooled,0.64941396,0.5345687641164871,0.5668
all,clipiqa,shot_noise,1,common,pooled,0.77987192,0.7216923330632619,0.584
all,clipiqa,shot_noise,2,common,pooled,0.77716408,0.6985112008654091,0.5526
all,clipiqa,shot_noise,3,common,pooled,0.72985464,0.6344242924493622,0.591
all,clipiqa,shot_noise,4,common,pooled,0.67457728,0.571738152395624,0.6178
all,clipiqa,shot_noise,5,common,pooled,0.68070396,0.5671843625113624,0.572
all,clipiqa,impulse_noise,1,common,pooled,0.62446434,0.5433899796642514,0.7608
all,clipiqa,impulse_noise,2,common,pooled,0.6749664,0.5758673144376176,0.6662
all,clipiqa,impulse_noise,3,common,pooled,0.69765074,0.5900129758028995,0.6196
all,clipiqa,impulse_noise,4,common,pooled,0.71010756,0.5875882963341037,0.5366
all,clipiqa,impulse_noise,5,common,pooled,0.68402976,0.5587541289263297,0.5144
all,clipiqa,defocus_blur,1,common,pooled,0.90063356,0.8595363640637432,0.3036
all,clipiqa,defocus_blur,2,common,pooled,0.91086298,0.8593533586743878,0.258
all,clipiqa,defocus_blur,3,common,pooled,0.9492321,0.913394025660106,0.1454
all,clipiqa,defocus_blur,4,common,pooled,0.96817336,0.9452946758187933,0.0912
all,clipiqa,defocus_blur,5,common,pooled,0.97852726,0.9633924877672557,0.0598
all,clipiqa,glass_blur,1,common,pooled,0.93940448,0.9232116096170058,0.2312
all,clipiqa,glass_blur,2,common,pooled,0.94250314,0.9207889830848623,0.1974
all,clipiqa,glass_blur,3,common,pooled,0.90882792,0.8462988814702763,0.2388
all,clipiqa,glass_blur,4,common,pooled,0.91324412,0.8468644797714162,0.2186
all,clipiqa,glass_blur,5,common,pooled,0.91177652,0.8368057593790854,0.2132
all,clipiqa,motion_blur,1,common,pooled,0.92768524,0.912494440792362,0.2678
all,clipiqa,motion_blur,2,common,pooled,0.967823,0.9602428037281225,0.1258
all,clipiqa,motion_blur,3,common,pooled,0.98442078,0.9801783039153538,0.0614
all,clipiqa,motion_blur,4,common,pooled,0.9906926,0.9876266349644939,0.0358
all,clipiqa,motion_blur,5,common,pooled,0.99231204,0.9893787572473993,0.0298
all,clipiqa,zoom_blur,1,common,pooled,0.95654788,0.9405283321427966,0.144
all,clipiqa,zoom_blur,2,common,pooled,0.96837312,0.9555993361194784,0.107
all,clipiqa,zoom_blur,3,common,pooled,0.93829008,0.9113790675478448,0.1974
all,clipiqa,zoom_blur,4,common,pooled,0.9487536,0.9250849771632922,0.164
all,clipiqa,zoom_blur,5,common,pooled,0.91938342,0.8820392121227344,0.2396
all,clipiqa,snow,1,common,pooled,0.69402956,0.6440486389628098,0.7542
all,clipiqa,snow,2,common,pooled,0.86863432,0.8234583797265844,0.3932
all,clipiqa,snow,3,common,pooled,0.85990454,0.8257183615834734,0.4578
all,clipiqa,snow,4,common,pooled,0.92627886,0.9086246614924907,0.2664
all,clipiqa,snow,5,common,pooled,0.92252048,0.8994356976157367,0.2722
all,clipiqa,frost,1,common,pooled,0.7438281,0.7041752502146299,0.6974
all,clipiqa,frost,2,common,pooled,0.77660852,0.732341279891991,0.6236
all,clipiqa,frost,3,common,pooled,0.8004055,0.7574794779807053,0.5796
all,clipiqa,frost,4,common,pooled,0.78506694,0.7372655773020672,0.5924
all,clipiqa,frost,5,common,pooled,0.7982994,0.7501264786393245,0.5734
all,clipiqa,fog,1,common,pooled,0.6213828,0.5898621679204893,0.8368
all,clipiqa,fog,2,common,pooled,0.65614528,0.61928369393781,0.7914
all,clipiqa,fog,3,common,pooled,0.6794356,0.6383817873602534,0.7574
all,clipiqa,fog,4,common,pooled,0.66178646,0.6168242943296599,0.7772
all,clipiqa,fog,5,common,pooled,0.65820828,0.6043830635586462,0.7772
all,clipiqa,brightness,1,common,pooled,0.6021416,0.5789319953725629,0.8858
all,clipiqa,brightness,2,common,pooled,0.67380976,0.642898858798771,0.8144
all,clipiqa,brightness,3,common,pooled,0.71469132,0.6800892987034783,0.75
all,clipiqa,brightness,4,common,pooled,0.74663324,0.7109785358108046,0.6954
all,clipiqa,brightness,5,common,pooled,0.77211404,0.7375340203623901,0.642
all,clipiqa,contrast,1,common,pooled,0.61675794,0.583541515307324,0.8368
all,clipiqa,contrast,2,common,pooled,0.67284998,0.6293673545838384,0.7542
all,clipiqa,contrast,3,common,pooled,0.75721162,0.7050853538666573,0.6236
all,clipiqa,contrast,4,common,pooled,0.88256822,0.8429129681524239,0.3472
all,clipiqa,contrast,5,common,pooled,0.95551092,0.936801477869852,0.1564
all,clipiqa,elastic_transform,1,common,pooled,0.57711484,0.5518796400481625,0.9032
all,clipiqa,elastic_transform,2,common,pooled,0.54598024,0.5235370869187004,0.9182
all,clipiqa,elastic_transform,3,common,pooled,0.50748718,0.48669074255976347,0.9236
all,clipiqa,elastic_transform,4,common,pooled,0.49173668,0.47094393325273554,0.9292
all,clipiqa,elastic_transform,5,common,pooled,0.4904884,0.4625311487310343,0.9118
all,clipiqa,pixelate,1,common,pooled,0.84233998,0.7926163547572138,0.4632
all,clipiqa,pixelate,2,common,pooled,0.91294964,0.8847947941145371,0.279
all,clipiqa,pixelate,3,common,pooled,0.94761888,0.9229543877571262,0.168
all,clipiqa,pixelate,4,common,pooled,0.97608888,0.9655497602273014,0.0796
all,clipiqa,pixelate,5,common,pooled,0.98723154,0.9819966306253922,0.0442
all,clipiqa,jpeg_compression,1,common,pooled,0.69545404,0.6337064659513847,0.7176
all,clipiqa,jpeg_compression,2,common,pooled,0.7840711,0.7215253637257208,0.5746
all,clipiqa,jpeg_compression,3,common,pooled,0.8389129,0.7853264278331689,0.4646
all,clipiqa,jpeg_compression,4,common,pooled,0.92152952,0.8891993954465618,0.2502
all,clipiqa,jpeg_compression,5,common,pooled,0.96034658,0.9392085965213209,0.1252
all,clipiqa,speckle_noise,1,extra,pooled,0.73959714,0.680919037492707,0.6518
all,clipiqa,speckle_noise,2,extra,pooled,0.74504854,0.675249847317056,0.6196
all,clipiqa,speckle_noise,3,extra,pooled,0.66914494,0.5817208922810999,0.6744
all,clipiqa,speckle_noise,4,extra,pooled,0.61890812,0.5355923808029465,0.7206
all,clipiqa,speckle_noise,5,extra,pooled,0.59112542,0.5113097972614349,0.7304
all,clipiqa,gaussian_blur,1,extra,pooled,0.80959274,0.7451974031573596,0.5144
all,clipiqa,gaussian_blur,2,extra,pooled,0.87775038,0.8162682538336159,0.3402
all,clipiqa,gaussian_blur,3,extra,pooled,0.92920658,0.8798436421894328,0.1978
all,clipiqa,gaussian_blur,4,extra,pooled,0.96132214,0.9291023403830037,0.0998
all,clipiqa,gaussian_blur,5,extra,pooled,0.98511742,0.9712936092088647,0.0372
all,clipiqa,spatter,1,extra,pooled,0.50845658,0.5060101485640494,0.9484
all,clipiqa,spatter,2,extra,pooled,0.49669064,0.4782384685111141,0.9388
all,clipiqa,spatter,3,extra,pooled,0.52618196,0.49159899440191424,0.9078
all,clipiqa,spatter,4,extra,pooled,0.533229,0.503483333479478,0.9182
all,clipiqa,spatter,5,extra,pooled,0.62961082,0.5642790187552293,0.8094
all,clipiqa,saturate,1,extra,pooled,0.46013566,0.46824300698067056,0.9524
all,clipiqa,saturate,2,extra,pooled,0.38714498,0.4217433472529792,0.9734
all,clipiqa,saturate,3,extra,pooled,0.5912207,0.5740497087609049,0.9032
all,clipiqa,saturate,4,extra,pooled,0.6514559,0.6233849936828205,0.832
all,clipiqa,saturate,5,extra,pooled,0.70126746,0.6498331417798815,0.7574
untouched,two_axis,gaussian_noise,1,common,pooled,0.9744671001753641,0.9408438712422251,0.07095709570957096
untouched,two_axis,gaussian_noise,2,common,pooled,0.9926050822904072,0.9787785986258304,0.019471947194719473
untouched,two_axis,gaussian_noise,3,common,pooled,0.9979071768562995,0.9938397053551173,0.0049504950495049506
untouched,two_axis,gaussian_noise,4,common,pooled,0.9995659466936793,0.9994315814826598,0.0019801980198019802
untouched,two_axis,gaussian_noise,5,common,pooled,0.9999619862976397,0.9999601756433889,0.00033003300330033004
untouched,two_axis,shot_noise,1,common,pooled,0.9673843522966158,0.9361288064094713,0.09504950495049505
untouched,two_axis,shot_noise,2,common,pooled,0.9916257665370497,0.9809089338553503,0.023762376237623763
untouched,two_axis,shot_noise,3,common,pooled,0.9975093945038068,0.9950530008880771,0.007260726072607261
untouched,two_axis,shot_noise,4,common,pooled,0.9996290124061911,0.9995762167585921,0.0019801980198019802
untouched,two_axis,shot_noise,5,common,pooled,0.9999163480704506,0.9999130776331598,0.0006600660066006601
untouched,two_axis,impulse_noise,1,common,pooled,0.9990643618817328,0.9987571447543048,0.0029702970297029703
untouched,two_axis,impulse_noise,2,common,pooled,0.9991633717827229,0.9987829222526339,0.0023102310231023103
untouched,two_axis,impulse_noise,3,common,pooled,0.9991401714428869,0.9985648254548052,0.0023102310231023103
untouched,two_axis,impulse_noise,4,common,pooled,0.9997146249278394,0.9996313074338682,0.0013201320132013201
untouched,two_axis,impulse_noise,5,common,pooled,0.9999693929789019,0.9999680550682575,0.00033003300330033004
untouched,two_axis,defocus_blur,1,common,pooled,0.9167978084937206,0.8700213293100824,0.23465346534653464
untouched,two_axis,defocus_blur,2,common,pooled,0.969453430491564,0.9441456780808027,0.08118811881188119
untouched,two_axis,defocus_blur,3,common,pooled,0.9912145868052151,0.9806050156219763,0.021122112211221122
untouched,two_axis,defocus_blur,4,common,pooled,0.9960027883976517,0.9901601251987557,0.00891089108910891
untouched,two_axis,defocus_blur,5,common,pooled,0.9976290995436178,0.9939496514781366,0.0042904290429042905
untouched,two_axis,glass_blur,1,common,pooled,0.8386306353407618,0.7697203152854397,0.41914191419141916
untouched,two_axis,glass_blur,2,common,pooled,0.923560870938579,0.8732872043995744,0.20627062706270627
untouched,two_axis,glass_blur,3,common,pooled,0.9602872267424762,0.9227178085565874,0.09768976897689768
untouched,two_axis,glass_blur,4,common,pooled,0.9747510592643422,0.9471342450872374,0.060396039603960394
untouched,two_axis,glass_blur,5,common,pooled,0.9912615320938034,0.9789615615878919,0.01881188118811881
untouched,two_axis,motion_blur,1,common,pooled,0.8394387260508229,0.7770195638113399,0.4207920792079208
untouched,two_axis,motion_blur,2,common,pooled,0.9219787820366195,0.8772766567779811,0.22178217821782178
untouched,two_axis,motion_blur,3,common,pooled,0.9622495615898223,0.9348226781038406,0.10858085808580858
untouched,two_axis,motion_blur,4,common,pooled,0.980841420775741,0.9645880627136226,0.055115511551155114
untouched,two_axis,motion_blur,5,common,pooled,0.9874113648988662,0.9756282200627987,0.03597359735973597
untouched,two_axis,zoom_blur,1,common,pooled,0.855675478438933,0.8055647974952593,0.41485148514851483
untouched,two_axis,zoom_blur,2,common,pooled,0.8986158219782374,0.8571140781712289,0.3174917491749175
untouched,two_axis,zoom_blur,3,common,pooled,0.8912923569584681,0.8477643780507699,0.33993399339933994
untouched,two_axis,zoom_blur,4,common,pooled,0.9140905575706085,0.8756201993137959,0.2778877887788779
untouched,two_axis,zoom_blur,5,common,pooled,0.9084493894934048,0.8680873236180606,0.2973597359735974
untouched,two_axis,snow,1,common,pooled,0.897425960417824,0.8588526673626891,0.33993399339933994
untouched,two_axis,snow,2,common,pooled,0.9579703514905946,0.9290945891639372,0.12937293729372937
untouched,two_axis,snow,3,common,pooled,0.9516047446328791,0.918316143187738,0.15016501650165018
untouched,two_axis,snow,4,common,pooled,0.9627677025128255,0.9321069028831979,0.10792079207920792
untouched,two_axis,snow,5,common,pooled,0.9589002167543487,0.9271846207886516,0.11848184818481848
untouched,two_axis,frost,1,common,pooled,0.5766455358407128,0.5348765161680744,0.8458745874587459
untouched,two_axis,frost,2,common,pooled,0.6950598525199054,0.6127638397867043,0.6580858085808581
untouched,two_axis,frost,3,common,pooled,0.7591793832848631,0.6653392285149513,0.5293729372937294
untouched,two_axis,frost,4,common,pooled,0.7738893790369136,0.6815228444607642,0.5118811881188119
untouched,two_axis,frost,5,common,pooled,0.8033045779825507,0.709830325683857,0.45841584158415843
untouched,two_axis,fog,1,common,pooled,0.8436715354703788,0.7753813543250694,0.3924092409240924
untouched,two_axis,fog,2,common,pooled,0.8851384940474245,0.8246985176314804,0.30033003300330036
untouched,two_axis,fog,3,common,pooled,0.9093208726813276,0.8550567462633674,0.2306930693069307
untouched,two_axis,fog,4,common,pooled,0.9011792961474365,0.8434419760427383,0.2613861386138614
untouched,two_axis,fog,5,common,pooled,0.9161233648117287,0.8634779167796731,0.2141914191419142
untouched,two_axis,brightness,1,common,pooled,0.5041842303042186,0.5023947240143015,0.9435643564356435
untouched,two_axis,brightness,2,common,pooled,0.537051269483384,0.522959796819362,0.9151815181518151
untouched,two_axis,brightness,3,common,pooled,0.585177379124051,0.5543446724550267,0.8603960396039604
untouched,two_axis,brightness,4,common,pooled,0.6489380126131425,0.5997033523389446,0.767986798679868
untouched,two_axis,brightness,5,common,pooled,0.7167965014323214,0.6540418926517162,0.6498349834983498
untouched,two_axis,contrast,1,common,pooled,0.8605698787700552,0.7972958228849726,0.36171617161716174
untouched,two_axis,contrast,2,common,pooled,0.9193256652397913,0.8714017888779166,0.21584158415841584
untouched,two_axis,contrast,3,common,pooled,0.9635982311102398,0.9371421287579815,0.09702970297029703
untouched,two_axis,contrast,4,common,pooled,0.9911519567798364,0.9840859210041661,0.023762376237623763
untouched,two_axis,contrast,5,common,pooled,0.9980645688331209,0.9969530197329738,0.0049504950495049506
untouched,two_axis,elastic_transform,1,common,pooled,0.5455507629970918,0.5202075432822614,0.9052805280528052
untouched,two_axis,elastic_transform,2,common,pooled,0.5684304371031162,0.5334269453784318,0.8778877887788779
untouched,two_axis,elastic_transform,3,common,pooled,0.6093969000860482,0.5596168342679391,0.8333333333333334
untouched,two_axis,elastic_transform,4,common,pooled,0.6483385071180385,0.5882073702545805,0.7858085808580858
untouched,two_axis,elastic_transform,5,common,pooled,0.7038972214053089,0.6333017062990772,0.6943894389438944
untouched,two_axis,pixelate,1,common,pooled,0.8271345946475835,0.762635436322348,0.4518151815181518
untouched,two_axis,pixelate,2,common,pooled,0.8891213279743816,0.8371994654096462,0.3207920792079208
untouched,two_axis,pixelate,3,common,pooled,0.969490899585008,0.9575364611288214,0.10396039603960396
untouched,two_axis,pixelate,4,common,pooled,0.9909159232754958,0.9880339415507787,0.03828382838283828
untouched,two_axis,pixelate,5,common,pooled,0.9972918777026217,0.996796870012316,0.011881188118811881
untouched,two_axis,jpeg_compression,1,common,pooled,0.9428063697458855,0.9141011195230815,0.23894389438943894
untouched,two_axis,jpeg_compression,2,common,pooled,0.9786981668463877,0.9653962194121279,0.08877887788778878
untouched,two_axis,jpeg_compression,3,common,pooled,0.9868039081135836,0.9775080851974481,0.058745874587458745
untouched,two_axis,jpeg_compression,4,common,pooled,0.9953404350336024,0.9924379612927386,0.01881188118811881
untouched,two_axis,jpeg_compression,5,common,pooled,0.9976708165866092,0.9967020623241543,0.00957095709570957
untouched,two_axis,speckle_noise,1,extra,pooled,0.9173311984663813,0.8752053565609516,0.2742574257425743
untouched,two_axis,speckle_noise,2,extra,pooled,0.9578584888191789,0.9337107620559164,0.14620462046204621
untouched,two_axis,speckle_noise,3,extra,pooled,0.9919610277859469,0.9878423032853832,0.028712871287128714
untouched,two_axis,speckle_noise,4,extra,pooled,0.9964596063566753,0.9951816069581271,0.01155115511551155
untouched,two_axis,speckle_noise,5,extra,pooled,0.9986318334803778,0.9983698536552045,0.0049504950495049506
untouched,two_axis,gaussian_blur,1,extra,pooled,0.7771727172717272,0.7097138967379312,0.5742574257425742
untouched,two_axis,gaussian_blur,2,extra,pooled,0.9696453506736812,0.9434139967132292,0.07623762376237624
untouched,two_axis,gaussian_blur,3,extra,pooled,0.9928511365988084,0.9829902948801565,0.015841584158415842
untouched,two_axis,gaussian_blur,4,extra,pooled,0.9969209990305962,0.9918371167170831,0.006270627062706271
untouched,two_axis,gaussian_blur,5,extra,pooled,0.998706880589049,0.9969034313399471,0.0023102310231023103
untouched,two_axis,spatter,1,extra,pooled,0.5320267076212571,0.5248838252533652,0.9356435643564357
untouched,two_axis,spatter,2,extra,pooled,0.8692480040083216,0.8463839180379497,0.466006600660066
untouched,two_axis,spatter,3,extra,pooled,0.9414676121077454,0.9197860790397322,0.22178217821782178
untouched,two_axis,spatter,4,extra,pooled,0.9935198074262872,0.991613007933137,0.025082508250825083
untouched,two_axis,spatter,5,extra,pooled,0.9972383971070374,0.9963549500906365,0.01023102310231023
untouched,two_axis,saturate,1,extra,pooled,0.5924287923841889,0.5589102463890174,0.8547854785478548
untouched,two_axis,saturate,2,extra,pooled,0.7079538498404296,0.6447319987742925,0.6765676567656765
untouched,two_axis,saturate,3,extra,pooled,0.535893594309926,0.5241824511636087,0.9316831683168317
untouched,two_axis,saturate,4,extra,pooled,0.7640845668725288,0.7049256609664543,0.6105610561056105
untouched,two_axis,saturate,5,extra,pooled,0.8713503033471665,0.8394926376927886,0.4145214521452145
untouched,peak_share,gaussian_noise,1,common,pooled,0.9734242830223616,0.9485193269931523,0.06666666666666667
untouched,peak_share,gaussian_noise,2,common,pooled,0.9905648683680249,0.9791048748924259,0.022442244224422443
untouched,peak_share,gaussian_noise,3,common,pooled,0.9963918570074829,0.9915800455458308,0.007260726072607261
untouched,peak_share,gaussian_noise,4,common,pooled,0.9983880665294252,0.9968536376257107,0.0036303630363036304
untouched,peak_share,gaussian_noise,5,common,pooled,0.9995148623773269,0.9993400026652962,0.0013201320132013201
untouched,peak_share,shot_noise,1,common,pooled,0.9606633336600987,0.933736532593026,0.11353135313531353
untouched,peak_share,shot_noise,2,common,pooled,0.9870828568005315,0.9752956495811774,0.03663366336633663
untouched,peak_share,shot_noise,3,common,pooled,0.9949315426592165,0.9895873484217964,0.013201320132013201
untouched,peak_share,shot_noise,4,common,pooled,0.9981291594505985,0.9966240338564469,0.0046204620462046205
untouched,peak_share,shot_noise,5,common,pooled,0.9989980285157228,0.9984978671316543,0.0026402640264026403
untouched,peak_share,impulse_noise,1,common,pooled,0.987635308085264,0.969988111518774,0.032013201320132016
untouched,peak_share,impulse_noise,2,common,pooled,0.9934335413739394,0.9797841912603096,0.013201320132013201
untouched,peak_share,impulse_noise,3,common,pooled,0.9951196505789193,0.9833321262934687,0.009240924092409241
untouched,peak_share,impulse_noise,4,common,pooled,0.9976415166269103,0.9918329931454791,0.0036303630363036304
untouched,peak_share,impulse_noise,5,common,pooled,0.9992564999074165,0.9986810352329147,0.0016501650165016502
untouched,peak_share,defocus_blur,1,common,pooled,0.9375633107865242,0.906877439561439,0.20033003300330032
untouched,peak_share,defocus_blur,2,common,pooled,0.9825437593264277,0.9678900659457641,0.05115511551155116
untouched,peak_share,defocus_blur,3,common,pooled,0.9952807458963718,0.9894582410025261,0.011881188118811881
untouched,peak_share,defocus_blur,4,common,pooled,0.9976662418717119,0.9947633957925369,0.0046204620462046205
untouched,peak_share,defocus_blur,5,common,pooled,0.998572471108497,0.9971019583333747,0.0026402640264026403
untouched,peak_share,glass_blur,1,common,pooled,0.8296985045039157,0.7748456134590244,0.4633663366336634
untouched,peak_share,glass_blur,2,common,pooled,0.9236487708176758,0.8851943435195262,0.23102310231023102
untouched,peak_share,glass_blur,3,common,pooled,0.9659472382881853,0.9374163469874275,0.09174917491749175
untouched,peak_share,glass_blur,4,common,pooled,0.9799057826574736,0.9599414249589088,0.05115511551155116
untouched,peak_share,glass_blur,5,common,pooled,0.9942236599897614,0.9863270006858719,0.01287128712871287
untouched,peak_share,motion_blur,1,common,pooled,0.8270836192530144,0.7807803184167917,0.4933993399339934
untouched,peak_share,motion_blur,2,common,pooled,0.9318716030018843,0.9005384387367363,0.21947194719471946
untouched,peak_share,motion_blur,3,common,pooled,0.9748363450206406,0.9579493464383595,0.07953795379537953
untouched,peak_share,motion_blur,4,common,pooled,0.9896124562951345,0.9800846608759198,0.029042904290429043
untouched,peak_share,motion_blur,5,common,pooled,0.9934461763007983,0.9867860704994161,0.018481848184818482
untouched,peak_share,zoom_blur,1,common,pooled,0.8651513468178501,0.8297306053775557,0.4145214521452145
untouched,peak_share,zoom_blur,2,common,pooled,0.9121081811151412,0.8833524932646314,0.2986798679867987
untouched,peak_share,zoom_blur,3,common,pooled,0.9086304174971953,0.8764928227354425,0.29042904290429045
untouched,peak_share,zoom_blur,4,common,pooled,0.930454530601575,0.9028263025436518,0.232013201320132
untouched,peak_share,zoom_blur,5,common,pooled,0.9276527355705868,0.897657197315276,0.23564356435643563
untouched,peak_share,snow,1,common,pooled,0.7951604962476446,0.7280506618343787,0.5095709570957095
untouched,peak_share,snow,2,common,pooled,0.9255486934832097,0.882729195900914,0.22244224422442244
untouched,peak_share,snow,3,common,pooled,0.8848239279373482,0.8265857483153436,0.30825082508250823
untouched,peak_share,snow,4,common,pooled,0.91333888834428,0.8609728563506635,0.24026402640264027
untouched,peak_share,snow,5,common,pooled,0.9375258416930802,0.9009650150765872,0.18745874587458747
untouched,peak_share,frost,1,common,pooled,0.5728489581631431,0.5301705398162606,0.862046204620462
untouched,peak_share,frost,2,common,pooled,0.6881822043590498,0.6057904647393694,0.664026402640264
untouched,peak_share,frost,3,common,pooled,0.758586739862105,0.6648142020024125,0.5161716171617162
untouched,peak_share,frost,4,common,pooled,0.7743127580084741,0.6815741655672211,0.49405940594059405
untouched,peak_share,frost,5,common,pooled,0.8069168600028319,0.7141868144124701,0.43498349834983496
untouched,peak_share,fog,1,common,pooled,0.8479828774956704,0.7919779118321509,0.3943894389438944
untouched,peak_share,fog,2,common,pooled,0.9002332015379756,0.8522728745932652,0.26897689768976896
untouched,peak_share,fog,3,common,pooled,0.9281954928166084,0.8872205708018495,0.1957095709570957
untouched,peak_share,fog,4,common,pooled,0.922723480268819,0.8771809087154254,0.2099009900990099
untouched,peak_share,fog,5,common,pooled,0.9389234170941847,0.8979456913902719,0.16105610561056105
untouched,peak_share,brightness,1,common,pooled,0.519209881384178,0.5112392063312954,0.9353135313531353
untouched,peak_share,brightness,2,common,pooled,0.5694455881231687,0.5437978448594215,0.9013201320132013
untouched,peak_share,brightness,3,common,pooled,0.6360751124617412,0.5914790151687151,0.8392739273927393
untouched,peak_share,brightness,4,common,pooled,0.718254419501356,0.6569713088396281,0.6914191419141914
untouched,peak_share,brightness,5,common,pooled,0.7970773017895849,0.7295583029761838,0.505940594059406
untouched,peak_share,contrast,1,common,pooled,0.8721575226829613,0.8217224282046125,0.3485148514851485
untouched,peak_share,contrast,2,common,pooled,0.9382957008572145,0.9040710534401127,0.17623762376237623
untouched,peak_share,contrast,3,common,pooled,0.9776982648759925,0.9615572442915684,0.060396039603960394
untouched,peak_share,contrast,4,common,pooled,0.9953495844633968,0.9916122545718332,0.01221122112211221
untouched,peak_share,contrast,5,common,pooled,0.9989660055114422,0.9985789591644906,0.0033003300330033004
untouched,peak_share,elastic_transform,1,common,pooled,0.5063196418651766,0.5017983243816295,0.9254125412541254
untouched,peak_share,elastic_transform,2,common,pooled,0.5329026566022939,0.5155591464988215,0.9089108910891089
untouched,peak_share,elastic_transform,3,common,pooled,0.5820704941781307,0.5429700504034549,0.8547854785478548
untouched,peak_share,elastic_transform,4,common,pooled,0.6234392053066693,0.5685405356471188,0.807920792079208
untouched,peak_share,elastic_transform,5,common,pooled,0.677856092539947,0.605988841932577,0.7174917491749175
untouched,peak_share,pixelate,1,common,pooled,0.7867313662059275,0.7244139406361434,0.5366336633663367
untouched,peak_share,pixelate,2,common,pooled,0.8750219477393284,0.8159367040352927,0.32244224422442247
untouched,peak_share,pixelate,3,common,pooled,0.9617645328889325,0.9306737041644283,0.09801980198019802
untouched,peak_share,pixelate,4,common,pooled,0.9849392761058284,0.9670871076447065,0.03399339933993399
untouched,peak_share,pixelate,5,common,pooled,0.9938008256271171,0.9860141328548061,0.014521452145214522
untouched,peak_share,jpeg_compression,1,common,pooled,0.8554336720800793,0.7909983496605513,0.38712871287128714
untouched,peak_share,jpeg_compression,2,common,pooled,0.9142041629905565,0.8623893324696823,0.25412541254125415
untouched,peak_share,jpeg_compression,3,common,pooled,0.9356296223681774,0.890717262891008,0.19042904290429044
untouched,peak_share,jpeg_compression,4,common,pooled,0.9656994412312518,0.9349565160034501,0.10033003300330033
untouched,peak_share,jpeg_compression,5,common,pooled,0.9789606683440621,0.957197000613086,0.058085808580858087
untouched,peak_share,speckle_noise,1,extra,pooled,0.9022806042980536,0.8639743788341634,0.2986798679867987
untouched,peak_share,speckle_noise,2,extra,pooled,0.9431626528989533,0.9165784607045979,0.19339933993399339
untouched,peak_share,speckle_noise,3,extra,pooled,0.984677210295287,0.9747151306519162,0.05148514851485148
untouched,peak_share,speckle_noise,4,extra,pooled,0.9918448082432005,0.9859539210834652,0.026072607260726074
untouched,peak_share,speckle_noise,5,extra,pooled,0.9957415939613763,0.9926277937396728,0.013201320132013201
untouched,peak_share,gaussian_blur,1,extra,pooled,0.7778343081832936,0.7271652619654254,0.5986798679867987
untouched,peak_share,gaussian_blur,2,extra,pooled,0.9834645840821706,0.9685313141183831,0.04719471947194719
untouched,peak_share,gaussian_blur,3,extra,pooled,0.9963054820333519,0.9910077547507621,0.007260726072607261
untouched,peak_share,gaussian_blur,4,extra,pooled,0.9981610735330959,0.995793796593328,0.0036303630363036304
untouched,peak_share,gaussian_blur,5,extra,pooled,0.9993386269320002,0.9989135367704283,0.0013201320132013201
untouched,peak_share,spatter,1,extra,pooled,0.5112689387750656,0.5036470222749554,0.9422442244224423
untouched,peak_share,spatter,2,extra,pooled,0.6679545578320208,0.5943914917771906,0.7257425742574257
untouched,peak_share,spatter,3,extra,pooled,0.8340139855569716,0.752395054047976,0.3943894389438944
untouched,peak_share,spatter,4,extra,pooled,0.8862183446067379,0.8118874701846894,0.2749174917491749
untouched,peak_share,spatter,5,extra,pooled,0.9407714929908833,0.8846564542715795,0.1363036303630363
untouched,peak_share,saturate,1,extra,pooled,0.5918241675652713,0.5603599454518384,0.861056105610561
untouched,peak_share,saturate,2,extra,pooled,0.7309915694539751,0.665148435750508,0.6363036303630363
untouched,peak_share,saturate,3,extra,pooled,0.5949314881983248,0.5531009041249847,0.8719471947194719
untouched,peak_share,saturate,4,extra,pooled,0.7804904747900533,0.6941262833313329,0.5092409240924093
untouched,peak_share,saturate,5,extra,pooled,0.8846157784095241,0.8100048354061256,0.2749174917491749
untouched,level,gaussian_noise,1,common,pooled,0.9848716356784193,0.9629099306837834,0.042244224422442245
untouched,level,gaussian_noise,2,common,pooled,0.9956886579747084,0.988189946405256,0.01221122112211221
untouched,level,gaussian_noise,3,common,pooled,0.9990930083107321,0.9970823945863815,0.0026402640264026403
untouched,level,gaussian_noise,4,common,pooled,0.9997602631550284,0.9996439607589372,0.0006600660066006601
untouched,level,gaussian_noise,5,common,pooled,0.9999666699343202,0.9999648826244448,0.00033003300330033004
untouched,level,shot_noise,1,common,pooled,0.9805929701881079,0.9608639078356032,0.0537953795379538
untouched,level,shot_noise,2,common,pooled,0.9950989554400985,0.9897667767233576,0.013861386138613862
untouched,level,shot_noise,3,common,pooled,0.9987634109945648,0.9974336755089828,0.0039603960396039604
untouched,level,shot_noise,4,common,pooled,0.9998134169852629,0.9997763810859628,0.0006600660066006601
untouched,level,shot_noise,5,common,pooled,0.9999489156836475,0.9999460977838324,0.00033003300330033004
untouched,level,impulse_noise,1,common,pooled,0.9995395876221286,0.9993450573126167,0.0016501650165016502
untouched,level,impulse_noise,2,common,pooled,0.9996113670773018,0.9993559523767431,0.0009900990099009901
untouched,level,impulse_noise,3,common,pooled,0.9996137633565336,0.9992121545803909,0.0009900990099009901
untouched,level,impulse_noise,4,common,pooled,0.999817556013027,0.9997405820335996,0.00033003300330033004
untouched,level,impulse_noise,5,common,pooled,0.9999710268056509,0.9999696910577021,0.00033003300330033004
untouched,level,defocus_blur,1,common,pooled,0.8064337918940409,0.7108377189735796,0.4521452145214521
untouched,level,defocus_blur,2,common,pooled,0.8821600278839765,0.7937213816298028,0.26435643564356437
untouched,level,defocus_blur,3,common,pooled,0.9308417475410907,0.8596024160853608,0.15214521452145213
untouched,level,defocus_blur,4,common,pooled,0.950983999390038,0.8905277940522249,0.10231023102310231
untouched,level,defocus_blur,5,common,pooled,0.963270485464388,0.9113903100412339,0.0745874587458746
untouched,level,glass_blur,1,common,pooled,0.7026915661863216,0.6111052853316877,0.6287128712871287
untouched,level,glass_blur,2,common,pooled,0.7972503785031968,0.6923063476696744,0.43432343234323434
untouched,level,glass_blur,3,common,pooled,0.8885123462841333,0.7901943921896293,0.21848184818481847
untouched,level,glass_blur,4,common,pooled,0.9056906185668072,0.8124755777048819,0.18943894389438945
untouched,level,glass_blur,5,common,pooled,0.9382064939167184,0.8628700049668284,0.12607260726072608
untouched,level,motion_blur,1,common,pooled,0.8449414545414937,0.7745649647372836,0.4033003300330033
untouched,level,motion_blur,2,common,pooled,0.9117658399503317,0.8555953273791415,0.2316831683168317
untouched,level,motion_blur,3,common,pooled,0.9475754011044669,0.9035929886817743,0.13696369636963696
untouched,level,motion_blur,4,common,pooled,0.9659513773159494,0.9326644697721278,0.08316831683168317
untouched,level,motion_blur,5,common,pooled,0.9727998344388894,0.9450617970212314,0.066006600660066
untouched,level,zoom_blur,1,common,pooled,0.7886237732684159,0.6790336017201632,0.4372937293729373
untouched,level,zoom_blur,2,common,pooled,0.8346588025139148,0.7277715523165591,0.35016501650165016
untouched,level,zoom_blur,3,common,pooled,0.7956446535742683,0.6865861178475877,0.4273927392739274
untouched,level,zoom_blur,4,common,pooled,0.8232909627596423,0.7148513058863235,0.3759075907590759
untouched,level,zoom_blur,5,common,pooled,0.7991489941073315,0.6913294391726763,0.4260726072607261
untouched,level,snow,1,common,pooled,0.9357590214466991,0.9089189650573603,0.21914191419141915
untouched,level,snow,2,common,pooled,0.9748840527617119,0.9568717553147131,0.0768976897689769
untouched,level,snow,3,common,pooled,0.9716875251881624,0.9507272184914917,0.0858085808580858
untouched,level,snow,4,common,pooled,0.9783614896143079,0.9592198556710814,0.06006600660066007
untouched,level,snow,5,common,pooled,0.9753576446753586,0.9544465613640536,0.06996699669966996
untouched,level,frost,1,common,pooled,0.5971829559193543,0.5428129144912692,0.7930693069306931
untouched,level,frost,2,common,pooled,0.6839760807763945,0.5903927614056116,0.6448844884488449
untouched,level,frost,3,common,pooled,0.7359192453898855,0.6301484088609379,0.5376237623762377
untouched,level,frost,4,common,pooled,0.7347789432408587,0.6291259622237755,0.5557755775577558
untouched,level,frost,5,common,pooled,0.7562467731921707,0.6474394573932475,0.5085808580858086
untouched,level,fog,1,common,pooled,0.7379517258656558,0.6449038421895477,0.5722772277227722
untouched,level,fog,2,common,pooled,0.7896536287292095,0.6923205369675711,0.46897689768976897
untouched,level,fog,3,common,pooled,0.819270550817458,0.7190332796876332,0.402970297029703
untouched,level,fog,4,common,pooled,0.8241642976178806,0.7207407510144401,0.3910891089108911
untouched,level,fog,5,common,pooled,0.8683381803526887,0.7730536404300568,0.29273927392739274
untouched,level,brightness,1,common,pooled,0.5264611312616411,0.5177052994013335,0.932013201320132
untouched,level,brightness,2,common,pooled,0.585734514045464,0.5568743596259725,0.8801980198019802
untouched,level,brightness,3,common,pooled,0.6515359060658541,0.603647308201035,0.7894389438943894
untouched,level,brightness,4,common,pooled,0.7263657157794987,0.6622830566461155,0.6462046204620462
untouched,level,brightness,5,common,pooled,0.7930287880273176,0.7213595304210374,0.5046204620462046
untouched,level,contrast,1,common,pooled,0.7604598677689551,0.6685073910274761,0.528052805280528
untouched,level,contrast,2,common,pooled,0.8368332080732825,0.7460125181780927,0.38382838283828385
untouched,level,contrast,3,common,pooled,0.8996177934625146,0.8235685219368767,0.23003300330033002
untouched,level,contrast,4,common,pooled,0.9460591009596009,0.8925232450085456,0.12178217821782178
untouched,level,contrast,5,common,pooled,0.9662052739927458,0.9314277221308181,0.07590759075907591
untouched,level,elastic_transform,1,common,pooled,0.5094024550969949,0.49258171253640315,0.926072607260726
untouched,level,elastic_transform,2,common,pooled,0.552072236926663,0.5198797358295107,0.897029702970297
untouched,level,elastic_transform,3,common,pooled,0.6217681273077803,0.5693163296972173,0.8346534653465346
untouched,level,elastic_transform,4,common,pooled,0.6778298423901796,0.6151092562756678,0.768976897689769
untouched,level,elastic_transform,5,common,pooled,0.7499286562319598,0.6806671892942697,0.6346534653465347
untouched,level,pixelate,1,common,pooled,0.8218855449901425,0.7704860195906251,0.5135313531353135
untouched,level,pixelate,2,common,pooled,0.8858435447505146,0.8480034930570665,0.37491749174917494
untouched,level,pixelate,3,common,pooled,0.9752733392151096,0.9681372561809709,0.09636963696369637
untouched,level,pixelate,4,common,pooled,0.9932729906654032,0.9916999083883866,0.030693069306930693
untouched,level,pixelate,5,common,pooled,0.99796686599353,0.9977095218750911,0.010561056105610561
untouched,level,jpeg_compression,1,common,pooled,0.9657849448311168,0.9465294481586234,0.14521452145214522
untouched,level,jpeg_compression,2,common,pooled,0.987638575738762,0.9802135661643527,0.050165016501650166
untouched,level,jpeg_compression,3,common,pooled,0.9924133799518565,0.9875502565092048,0.033003300330033
untouched,level,jpeg_compression,4,common,pooled,0.997461795684519,0.9959687207580282,0.01155115511551155
untouched,level,jpeg_compression,5,common,pooled,0.9987475084142078,0.9981471776530391,0.005280528052805281
untouched,level,speckle_noise,1,extra,pooled,0.9474347830822686,0.919130666139494,0.18118811881188118
untouched,level,speckle_noise,2,extra,pooled,0.9741918548290472,0.9594575135191928,0.08613861386138613
untouched,level,speckle_noise,3,extra,pooled,0.995358189284275,0.9932245035689821,0.016831683168316833
untouched,level,speckle_noise,4,extra,pooled,0.9980684900173186,0.9973995291216268,0.007260726072607261
untouched,level,speckle_noise,5,extra,pooled,0.9992745809234389,0.9991195210340409,0.0026402640264026403
untouched,level,gaussian_blur,1,extra,pooled,0.6922241828143211,0.6118652464454469,0.6924092409240924
untouched,level,gaussian_blur,2,extra,pooled,0.8754538226099837,0.7870626208863718,0.2848184818481848
untouched,level,gaussian_blur,3,extra,pooled,0.9362011349649817,0.8690558920462201,0.1419141914191419
untouched,level,gaussian_blur,4,extra,pooled,0.9592438649805575,0.9065187797086416,0.0858085808580858
untouched,level,gaussian_blur,5,extra,pooled,0.9789131784465576,0.9435309724637142,0.03927392739273927
untouched,level,spatter,1,extra,pooled,0.5770954917273906,0.5685932405882548,0.9181518151815181
untouched,level,spatter,2,extra,pooled,0.9153429402346175,0.8981020342978505,0.32244224422442247
untouched,level,spatter,3,extra,pooled,0.9644130749708634,0.9506025503097565,0.13894389438943894
untouched,level,spatter,4,extra,pooled,0.9963188794126937,0.9952958107524245,0.01419141914191419
untouched,level,spatter,5,extra,pooled,0.9985091875524186,0.9980622070501565,0.005940594059405941
untouched,level,saturate,1,extra,pooled,0.5609314446296115,0.5258617981718089,0.8597359735973598
untouched,level,saturate,2,extra,pooled,0.6873957346229672,0.6109939038426639,0.6587458745874587
untouched,level,saturate,3,extra,pooled,0.6055785925127166,0.5762070235380488,0.8785478547854786
untouched,level,saturate,4,extra,pooled,0.8446394144364932,0.7910486225113296,0.428052805280528
untouched,level,saturate,5,extra,pooled,0.9184386062368614,0.8942546122077633,0.27755775577557756
untouched,global_level,gaussian_noise,1,common,pooled,0.9568682808874946,0.919715870657846,0.12343234323432344
untouched,global_level,gaussian_noise,2,common,pooled,0.9892542125499678,0.9774740129903835,0.0297029702970297
untouched,global_level,gaussian_noise,3,common,pooled,0.9982575782330708,0.9962277214843444,0.006600660066006601
untouched,global_level,gaussian_noise,4,common,pooled,0.9997623326689105,0.9996840914323448,0.0009900990099009901
untouched,global_level,gaussian_noise,5,common,pooled,0.999982899280027,0.999982449240944,0.00033003300330033004
untouched,global_level,shot_noise,1,common,pooled,0.946910760382969,0.9136433343631675,0.166006600660066
untouched,global_level,shot_noise,2,common,pooled,0.9881375464279101,0.979511597439287,0.04026402640264026
untouched,global_level,shot_noise,3,common,pooled,0.9976026315502837,0.9963163299208886,0.009240924092409241
untouched,global_level,shot_noise,4,common,pooled,0.9997921772375258,0.9997607875176021,0.0006600660066006601
untouched,global_level,shot_noise,5,common,pooled,0.9999577383480922,0.9999563413216678,0.00033003300330033004
untouched,global_level,impulse_noise,1,common,pooled,0.9995758585759567,0.9994430404142935,0.0013201320132013201
untouched,global_level,impulse_noise,2,common,pooled,0.999692949492969,0.9995913100626396,0.0013201320132013201
untouched,global_level,impulse_noise,3,common,pooled,0.9997165855199381,0.9996057359308301,0.0009900990099009901
untouched,global_level,impulse_noise,4,common,pooled,0.9999382413488873,0.9999322683036321,0.00033003300330033004
untouched,global_level,impulse_noise,5,common,pooled,0.999989434587023,0.9999892671731985,0.0
untouched,global_level,defocus_blur,1,common,pooled,0.7776700541341263,0.6747868505750076,0.47062706270627064
untouched,global_level,defocus_blur,2,common,pooled,0.8644769031358581,0.7660339107119599,0.29075907590759076
untouched,global_level,defocus_blur,3,common,pooled,0.9307784639850124,0.858523058202884,0.14257425742574256
untouched,global_level,defocus_blur,4,common,pooled,0.9563469812327767,0.901295289683747,0.08778877887788779
untouched,global_level,defocus_blur,5,common,pooled,0.9701394198825823,0.9263012978899778,0.061386138613861385
untouched,global_level,glass_blur,1,common,pooled,0.7053898855232058,0.6102459729235589,0.6033003300330033
untouched,global_level,glass_blur,2,common,pooled,0.819490899585008,0.7104767312292135,0.3722772277227723
untouched,global_level,glass_blur,3,common,pooled,0.9117461251075603,0.8183072301770513,0.16765676567656765
untouched,global_level,glass_blur,4,common,pooled,0.9311772266335544,0.8485864388922829,0.12838283828382838
untouched,global_level,glass_blur,5,common,pooled,0.95479332091625,0.8929467636557501,0.0858085808580858
untouched,global_level,motion_blur,1,common,pooled,0.7649784879478047,0.6840622027544407,0.5419141914191419
untouched,global_level,motion_blur,2,common,pooled,0.860185711640471,0.7836877830795876,0.335973597359736
untouched,global_level,motion_blur,3,common,pooled,0.9191880970275246,0.8579369825981472,0.19075907590759075
untouched,global_level,motion_blur,4,common,pooled,0.9505350237994097,0.9047139190735785,0.11683168316831684
untouched,global_level,motion_blur,5,common,pooled,0.9622139441666939,0.9238777643070315,0.08745874587458746
untouched,global_level,zoom_blur,1,common,pooled,0.7632463048285026,0.6614701321884093,0.5033003300330033
untouched,global_level,zoom_blur,2,common,pooled,0.8209702752453463,0.71778450474376,0.3976897689768977
untouched,global_level,zoom_blur,3,common,pooled,0.7898438061627945,0.6891405675789684,0.46765676567656767
untouched,global_level,zoom_blur,4,common,pooled,0.8232542561186812,0.7223600295908343,0.4
untouched,global_level,zoom_blur,5,common,pooled,0.8043101438856757,0.7048001340188021,0.4518151815181518
untouched,global_level,snow,1,common,pooled,0.8776971756581599,0.8300016048445052,0.3574257425742574
untouched,global_level,snow,2,common,pooled,0.944982300210219,0.9117786008756715,0.15742574257425743
untouched,global_level,snow,3,common,pooled,0.9314920105871973,0.8886191555058915,0.18877887788778877
untouched,global_level,snow,4,common,pooled,0.9455767953032927,0.9060755362349606,0.14455445544554454
untouched,global_level,snow,5,common,pooled,0.9388257142545938,0.8991336406240493,0.16633663366336635
untouched,global_level,frost,1,common,pooled,0.5181297040595149,0.500161065911847,0.9082508250825082
untouched,global_level,frost,2,common,pooled,0.5880713219836835,0.5276678950260606,0.7993399339933993
untouched,global_level,frost,3,common,pooled,0.640023200339836,0.5573689479591171,0.7194719471947195
untouched,global_level,frost,4,common,pooled,0.6448588918297771,0.5599869695015268,0.7151815181518152
untouched,global_level,frost,5,common,pooled,0.673789388839874,0.5804805339305148,0.6686468646864686
untouched,global_level,fog,1,common,pooled,0.6432951017874065,0.5732971423624256,0.7297029702970297
untouched,global_level,fog,2,common,pooled,0.6881939679116427,0.6065154064286251,0.6537953795379537
untouched,global_level,fog,3,common,pooled,0.7240841311853957,0.6357523647589496,0.5904290429042904
untouched,global_level,fog,4,common,pooled,0.7409117842477317,0.6556305659783065,0.5795379537953795
untouched,global_level,fog,5,common,pooled,0.7906498273589735,0.7124657140829409,0.5118811881188119
untouched,global_level,brightness,1,common,pooled,0.5028266291975733,0.5036623676261657,0.9399339933993399
untouched,global_level,brightness,2,common,pooled,0.5303464801925737,0.5224543904614032,0.9277227722772278
untouched,global_level,brightness,3,common,pooled,0.5681433192824233,0.5482188409614707,0.8897689768976897
untouched,global_level,brightness,4,common,pooled,0.6179023842978357,0.5832656530961142,0.8270627062706271
untouched,global_level,brightness,5,common,pooled,0.6731074295548367,0.6249828854003315,0.7475247524752475
untouched,global_level,contrast,1,common,pooled,0.6661037588907406,0.5942105904175149,0.7033003300330033
untouched,global_level,contrast,2,common,pooled,0.7383981962552691,0.6526612729649657,0.573927392739274
untouched,global_level,contrast,3,common,pooled,0.8183813133788627,0.7298727404426761,0.4075907590759076
untouched,global_level,contrast,4,common,pooled,0.9019953381476762,0.8311111553410837,0.22343234323432343
untouched,global_level,contrast,5,common,pooled,0.9503551939352352,0.9063428072540505,0.11815181518151815
untouched,global_level,elastic_transform,1,common,pooled,0.4832565434761298,0.4727993636332843,0.9392739273927393
untouched,global_level,elastic_transform,2,common,pooled,0.5068903920094979,0.48423465604099525,0.9224422442244224
untouched,global_level,elastic_transform,3,common,pooled,0.5495917611563137,0.5079112410907596,0.8702970297029703
untouched,global_level,elastic_transform,4,common,pooled,0.587966430306397,0.5320255070613579,0.8336633663366336
untouched,global_level,elastic_transform,5,common,pooled,0.6428586522018539,0.571121063898965,0.765016501650165
untouched,global_level,pixelate,1,common,pooled,0.7226946159962531,0.6598252526507308,0.640924092409241
untouched,global_level,pixelate,2,common,pooled,0.8066593689071877,0.7428207772775426,0.4848184818481848
untouched,global_level,pixelate,3,common,pooled,0.9609675522007647,0.946264534647633,0.12343234323432344
untouched,global_level,pixelate,4,common,pooled,0.9917369756777658,0.9891946791071813,0.031023102310231022
untouched,global_level,pixelate,5,common,pooled,0.9978749360084523,0.997546676825939,0.010561056105610561
untouched,global_level,jpeg_compression,1,common,pooled,0.9321642758335239,0.899736384793065,0.24356435643564356
untouched,global_level,jpeg_compression,2,common,pooled,0.9712126262131163,0.9582726774861492,0.12013201320132014
untouched,global_level,jpeg_compression,3,common,pooled,0.9813311331133113,0.9732820188445404,0.0858085808580858
untouched,global_level,jpeg_compression,4,common,pooled,0.9938703177248418,0.9918008782249554,0.025412541254125412
untouched,global_level,jpeg_compression,5,common,pooled,0.9973315252317311,0.9965681917313843,0.01287128712871287
untouched,global_level,speckle_noise,1,extra,pooled,0.8773558147893997,0.8372406188149029,0.401980198019802
untouched,global_level,speckle_noise,2,extra,pooled,0.935851822806043,0.9127145588025483,0.23267326732673269
untouched,global_level,speckle_noise,3,extra,pooled,0.9894618174688756,0.9864093439148023,0.044884488448844885
untouched,global_level,speckle_noise,4,extra,pooled,0.996097005740178,0.9952915524826546,0.0165016501650165
untouched,global_level,speckle_noise,5,extra,pooled,0.9987705998322605,0.9986183256285278,0.005940594059405941
untouched,global_level,gaussian_blur,1,extra,pooled,0.6594085547168578,0.5770307619962144,0.6854785478547855
untouched,global_level,gaussian_blur,2,extra,pooled,0.8567498829090829,0.755396478472961,0.3
untouched,global_level,gaussian_blur,3,extra,pooled,0.931516735831999,0.8587390280388217,0.13993399339933993
untouched,global_level,gaussian_blur,4,extra,pooled,0.9602632639501574,0.9082690109942633,0.0858085808580858
untouched,global_level,gaussian_blur,5,extra,pooled,0.9813803657593482,0.948724126441889,0.03993399339933994
untouched,global_level,spatter,1,extra,pooled,0.5215623740591881,0.5117959747189738,0.933993399339934
untouched,global_level,spatter,2,extra,pooled,0.8552370682612815,0.8151113670933767,0.4514851485148515
untouched,global_level,spatter,3,extra,pooled,0.9354051345728632,0.9068315872161283,0.21485148514851485
untouched,global_level,spatter,4,extra,pooled,0.9924163208400048,0.9910707580797101,0.030033003300330034
untouched,global_level,spatter,5,extra,pooled,0.9973046215512641,0.9968376479090526,0.01089108910891089
untouched,global_level,saturate,1,extra,pooled,0.5384682874228017,0.5211591559846699,0.9118811881188119
untouched,global_level,saturate,2,extra,pooled,0.6229479136032415,0.576942038126538,0.8036303630363036
untouched,global_level,saturate,3,extra,pooled,0.5504392270910259,0.5367828004186224,0.9217821782178218
untouched,global_level,saturate,4,extra,pooled,0.7158024812382229,0.6668664170920873,0.6881188118811881
untouched,global_level,saturate,5,extra,pooled,0.8262115914561753,0.7935630631551123,0.5115511551155115
untouched,means_knn,gaussian_noise,1,common,pooled,0.9783721639490681,0.9555178369575679,0.07986798679867987
untouched,means_knn,gaussian_noise,2,common,pooled,0.995609471838273,0.9882147241555989,0.016831683168316833
untouched,means_knn,gaussian_noise,3,common,pooled,0.9990217734644752,0.9956884958874096,0.0026402640264026403
untouched,means_knn,gaussian_noise,4,common,pooled,0.9996083172673703,0.9988239319576879,0.0006600660066006601
untouched,means_knn,gaussian_noise,5,common,pooled,0.9999374788964045,0.9999316476613442,0.00033003300330033004
untouched,means_knn,shot_noise,1,common,pooled,0.9739545142633075,0.9538893460502273,0.09075907590759076
untouched,means_knn,shot_noise,2,common,pooled,0.9951894694419937,0.9895668881292101,0.016831683168316833
untouched,means_knn,shot_noise,3,common,pooled,0.998759816575717,0.9960453879563521,0.0026402640264026403
untouched,means_knn,shot_noise,4,common,pooled,0.9996685510135171,0.9995351757151171,0.0006600660066006601
untouched,means_knn,shot_noise,5,common,pooled,0.9998849785968695,0.9998737715722192,0.00033003300330033004
untouched,means_knn,impulse_noise,1,common,pooled,0.9997463211667701,0.9996667587977197,0.0006600660066006601
untouched,means_knn,impulse_noise,2,common,pooled,0.9997455587142873,0.9996249692968374,0.0006600660066006601
untouched,means_knn,impulse_noise,3,common,pooled,0.9996701848402662,0.9993652345591053,0.0006600660066006601
untouched,means_knn,impulse_noise,4,common,pooled,0.9996734524937643,0.9991864127739574,0.0006600660066006601
untouched,means_knn,impulse_noise,5,common,pooled,0.9999412911588188,0.999935710891323,0.00033003300330033004
untouched,means_knn,defocus_blur,1,common,pooled,0.6953100458560707,0.6177272107441345,0.6815181518151815
untouched,means_knn,defocus_blur,2,common,pooled,0.8071422191724122,0.7173920753057507,0.467986798679868
untouched,means_knn,defocus_blur,3,common,pooled,0.8886141881514884,0.8101821593819456,0.2722772277227723
untouched,means_knn,defocus_blur,4,common,pooled,0.920154777854023,0.8521421939014066,0.18712871287128713
untouched,means_knn,defocus_blur,5,common,pooled,0.9370787177727674,0.8766242360985205,0.1495049504950495
untouched,means_knn,glass_blur,1,common,pooled,0.6462551601694823,0.5713393446435979,0.7270627062706271
untouched,means_knn,glass_blur,2,common,pooled,0.7147148972322975,0.6218484375951225,0.6049504950495049
untouched,means_knn,glass_blur,3,common,pooled,0.8537909137448398,0.7534342524550539,0.3214521452145215
untouched,means_knn,glass_blur,4,common,pooled,0.8662611508675621,0.7658673290853184,0.2877887788778878
untouched,means_knn,glass_blur,5,common,pooled,0.8784371902536788,0.7800827576546032,0.25643564356435644
untouched,means_knn,motion_blur,1,common,pooled,0.832836323236284,0.7912513366188387,0.5079207920792079
untouched,means_knn,motion_blur,2,common,pooled,0.8982562711716716,0.8661411394200924,0.3465346534653465
untouched,means_knn,motion_blur,3,common,pooled,0.9378381204457079,0.9128032447410978,0.21353135313531355
untouched,means_knn,motion_blur,4,common,pooled,0.9589132873683408,0.9400653737130894,0.15016501650165018
untouched,means_knn,motion_blur,5,common,pooled,0.9670561709636311,0.9507973622817105,0.11749174917491749
untouched,means_knn,zoom_blur,1,common,pooled,0.7121266978182966,0.6332198185016674,0.6508250825082508
untouched,means_knn,zoom_blur,2,common,pooled,0.7738020237667331,0.6897423836249174,0.5376237623762377
untouched,means_knn,zoom_blur,3,common,pooled,0.7376968488928101,0.648965491791359,0.5798679867986799
untouched,means_knn,zoom_blur,4,common,pooled,0.7726932000130706,0.6811303749124378,0.5227722772277228
untouched,means_knn,zoom_blur,5,common,pooled,0.7362320687514295,0.6426718957413207,0.5706270627062706
untouched,means_knn,snow,1,common,pooled,0.9288866015314403,0.9133324092746555,0.2755775577557756
untouched,means_knn,snow,2,common,pooled,0.9770115130324913,0.9663037131369985,0.08052805280528053
untouched,means_knn,snow,3,common,pooled,0.9664630918537398,0.9517878845807202,0.11683168316831684
untouched,means_knn,snow,4,common,pooled,0.972580139202039,0.95852934937082,0.08943894389438944
untouched,means_knn,snow,5,common,pooled,0.9744139463451296,0.960679549806164,0.08448844884488449
untouched,means_knn,frost,1,common,pooled,0.6593259920051411,0.5944418006979445,0.7518151815181519
untouched,means_knn,frost,2,common,pooled,0.7480684900173186,0.6642688671941881,0.5712871287128712
untouched,means_knn,frost,3,common,pooled,0.7939277195046237,0.7072149905448771,0.46897689768976897
untouched,means_knn,frost,4,common,pooled,0.7913892973455762,0.7042070288614362,0.4752475247524752
untouched,means_knn,frost,5,common,pooled,0.8070938579006416,0.7198076940987318,0.43597359735973595
untouched,means_knn,fog,1,common,pooled,0.6084091973553791,0.5495821555018379,0.7712871287128713
untouched,means_knn,fog,2,common,pooled,0.6370572601814637,0.566903976404378,0.7287128712871287
untouched,means_knn,fog,3,common,pooled,0.647638575738762,0.5716209193356097,0.7046204620462047
untouched,means_knn,fog,4,common,pooled,0.6481336252437125,0.5688096461027912,0.6937293729372938
untouched,means_knn,fog,5,common,pooled,0.6814375496955636,0.5890684589494724,0.6132013201320132
untouched,means_knn,brightness,1,common,pooled,0.5411764641810716,0.5268082899631464,0.9188118811881189
untouched,means_knn,brightness,2,common,pooled,0.6330385909878117,0.5894277727968281,0.8194719471947195
untouched,means_knn,brightness,3,common,pooled,0.7327109542637432,0.6685902381111842,0.6567656765676567
untouched,means_knn,brightness,4,common,pooled,0.8245096885926216,0.7551849817847209,0.45841584158415843
untouched,means_knn,brightness,5,common,pooled,0.8875035127275104,0.825954005392532,0.2966996699669967
untouched,means_knn,contrast,1,common,pooled,0.676744981428836,0.6034627611145692,0.6933993399339934
untouched,means_knn,contrast,2,common,pooled,0.7383079000969404,0.6518671187649241,0.5742574257425742
untouched,means_knn,contrast,3,common,pooled,0.7953528521168949,0.7022139005293657,0.45907590759075906
untouched,means_knn,contrast,4,common,pooled,0.8459177204849198,0.7507228983613456,0.33828382838283827
untouched,means_knn,contrast,5,common,pooled,0.8843104706510255,0.7981505267895577,0.25874587458745874
untouched,means_knn,elastic_transform,1,common,pooled,0.5251436133712382,0.5051964784750268,0.9112211221122112
untouched,means_knn,elastic_transform,2,common,pooled,0.579670075918483,0.5421950766747785,0.866996699669967
untouched,means_knn,elastic_transform,3,common,pooled,0.664083804420046,0.6094998314011876,0.7627062706270628
untouched,means_knn,elastic_transform,4,common,pooled,0.7297212691566186,0.6689320696237679,0.6712871287128713
untouched,means_knn,elastic_transform,5,common,pooled,0.8096315176072063,0.7496551490520987,0.5178217821782178
untouched,means_knn,pixelate,1,common,pooled,0.8097587382500626,0.7735104215324066,0.574917491749175
untouched,means_knn,pixelate,2,common,pooled,0.8745006480846105,0.8499865189360296,0.43795379537953794
untouched,means_knn,pixelate,3,common,pooled,0.9652087485976321,0.9575719487405014,0.15181518151815182
untouched,means_knn,pixelate,4,common,pooled,0.9883407944754872,0.9858266615054392,0.053465346534653464
untouched,means_knn,pixelate,5,common,pooled,0.9957430099445588,0.9951570006358829,0.021122112211221122
untouched,means_knn,jpeg_compression,1,common,pooled,0.9253092834035879,0.8990727046082861,0.3231023102310231
untouched,means_knn,jpeg_compression,2,common,pooled,0.966389460728251,0.9533810467958022,0.15214521452145213
untouched,means_knn,jpeg_compression,3,common,pooled,0.9771870949471185,0.9672817800246454,0.10726072607260725
untouched,means_knn,jpeg_compression,4,common,pooled,0.9899175462100666,0.984314320132077,0.044884488448844885
untouched,means_knn,jpeg_compression,5,common,pooled,0.9936898343299676,0.9895270353258286,0.0297029702970297
untouched,means_knn,speckle_noise,1,extra,pooled,0.935606639871908,0.9050779483933491,0.21188118811881188
untouched,means_knn,speckle_noise,2,extra,pooled,0.9720549183631234,0.9582603843133729,0.11023102310231023
untouched,means_knn,speckle_noise,3,extra,pooled,0.9962784694311015,0.993053143031908,0.015181518151815182
untouched,means_knn,speckle_noise,4,extra,pooled,0.9983903538868738,0.9972841837963242,0.005280528052805281
untouched,means_knn,speckle_noise,5,extra,pooled,0.9992855820235489,0.9989865509458719,0.0019801980198019802
untouched,means_knn,gaussian_blur,1,extra,pooled,0.5804084566872529,0.5374861668278427,0.8577557755775578
untouched,means_knn,gaussian_blur,2,extra,pooled,0.805694212985655,0.7163490309819759,0.467986798679868
untouched,means_knn,gaussian_blur,3,extra,pooled,0.9037684758574868,0.8319241421830734,0.2462046204620462
untouched,means_knn,gaussian_blur,4,extra,pooled,0.9432307290134954,0.8902511148170907,0.14224422442244225
untouched,means_knn,gaussian_blur,5,extra,pooled,0.9727316494025641,0.9409611101977083,0.06567656765676567
untouched,means_knn,spatter,1,extra,pooled,0.5174335849426527,0.5074338423655473,0.9409240924092409
untouched,means_knn,spatter,2,extra,pooled,0.833915193499548,0.8080256679789646,0.5561056105610561
untouched,means_knn,spatter,3,extra,pooled,0.9387164657059766,0.9271845382680859,0.25676567656765675
untouched,means_knn,spatter,4,extra,pooled,0.9895317452537333,0.9843402254950796,0.04026402640264026
untouched,means_knn,spatter,5,extra,pooled,0.996189044647039,0.9931920411345755,0.01287128712871287
untouched,means_knn,saturate,1,extra,pooled,0.4702155017481946,0.4742295164294717,0.9475247524752475
untouched,means_knn,saturate,2,extra,pooled,0.5399347013909311,0.5155157941355131,0.8910891089108911
untouched,means_knn,saturate,3,extra,pooled,0.6276914572645383,0.5956378512507792,0.8613861386138614
untouched,means_knn,saturate,4,extra,pooled,0.8816845843000142,0.8364873150938065,0.35544554455445543
untouched,means_knn,saturate,5,extra,pooled,0.9488351904497381,0.9296885684129315,0.18085808580858087
untouched,means_own,gaussian_noise,1,common,pooled,0.9104759881928787,0.8537971679811373,0.24224422442244226
untouched,means_own,gaussian_noise,2,common,pooled,0.9726494134561972,0.9476570744111561,0.07953795379537953
untouched,means_own,gaussian_noise,3,common,pooled,0.9940329379472601,0.988490152052923,0.01749174917491749
untouched,means_own,gaussian_noise,4,common,pooled,0.9991474692023657,0.9984527498676781,0.0039603960396039604
untouched,means_own,gaussian_noise,5,common,pooled,0.9999252796566785,0.9999168517098492,0.00033003300330033004
untouched,means_own,shot_noise,1,common,pooled,0.8979251489505387,0.8479143715194674,0.2943894389438944
untouched,means_own,shot_noise,2,common,pooled,0.9711909507782461,0.9521883616200207,0.08844884488448845
untouched,means_own,shot_noise,3,common,pooled,0.9928821793070396,0.9883514768593276,0.023762376237623763
untouched,means_own,shot_noise,4,common,pooled,0.9992354780032459,0.9989343296913319,0.0039603960396039604
untouched,means_own,shot_noise,5,common,pooled,0.9998521931401061,0.9998311309234371,0.00033003300330033004
untouched,means_own,impulse_noise,1,common,pooled,0.9995552723589191,0.9994635607569768,0.0026402640264026403
untouched,means_own,impulse_noise,2,common,pooled,0.999627705344792,0.9994912775997324,0.0009900990099009901
untouched,means_own,impulse_noise,3,common,pooled,0.9995403500746114,0.9992716806544717,0.0016501650165016502
untouched,means_own,impulse_noise,4,common,pooled,0.9996656101253689,0.9994114086907838,0.00033003300330033004
untouched,means_own,impulse_noise,5,common,pooled,0.9999472818568985,0.9999426338354105,0.00033003300330033004
untouched,means_own,defocus_blur,1,common,pooled,0.7103154374843424,0.6170048189824215,0.6052805280528053
untouched,means_own,defocus_blur,2,common,pooled,0.7977003343898746,0.6936817166301409,0.4250825082508251
untouched,means_own,defocus_blur,3,common,pooled,0.8846466032741888,0.791701039360926,0.2462046204620462
untouched,means_own,defocus_blur,4,common,pooled,0.9247153329194305,0.8476198331206982,0.15445544554455445
untouched,means_own,defocus_blur,5,common,pooled,0.9475075428334913,0.8844988203591936,0.10528052805280529
untouched,means_own,glass_blur,1,common,pooled,0.6452218192116241,0.5689034585813667,0.7135313531353136
untouched,means_own,glass_blur,2,common,pooled,0.7602724133799519,0.6564214449059036,0.501980198019802
untouched,means_own,glass_blur,3,common,pooled,0.8921478286442506,0.7929789965733488,0.21089108910891088
untouched,means_own,glass_blur,4,common,pooled,0.9128374124541166,0.8211811630263136,0.16633663366336635
untouched,means_own,glass_blur,5,common,pooled,0.9355340979642519,0.8579469281057479,0.11914191419141915
untouched,means_own,motion_blur,1,common,pooled,0.702921826836149,0.633338506216921,0.6778877887788779
untouched,means_own,motion_blur,2,common,pooled,0.8053821520765938,0.7307958557186144,0.4643564356435644
untouched,means_own,motion_blur,3,common,pooled,0.8832363929462254,0.818665534362792,0.2874587458745875
untouched,means_own,motion_blur,4,common,pooled,0.929800019605921,0.8804479737676941,0.17557755775577558
untouched,means_own,motion_blur,5,common,pooled,0.9472062651809735,0.9066048083439481,0.13036303630363036
untouched,means_own,zoom_blur,1,common,pooled,0.7047648923308173,0.6106204838828686,0.6072607260726073
untouched,means_own,zoom_blur,2,common,pooled,0.7721797427267479,0.669415632553848,0.4887788778877888
untouched,means_own,zoom_blur,3,common,pooled,0.73176311690575,0.6331022860329375,0.565016501650165
untouched,means_own,zoom_blur,4,common,pooled,0.7716476598154866,0.6682063183405326,0.49372937293729374
untouched,means_own,zoom_blur,5,common,pooled,0.7428547310176562,0.6423707403435461,0.5458745874587458
untouched,means_own,snow,1,common,pooled,0.852608241022122,0.8191846569739669,0.4547854785478548
untouched,means_own,snow,2,common,pooled,0.9160638935180647,0.8800010363699892,0.2537953795379538
untouched,means_own,snow,3,common,pooled,0.9177656874598351,0.885266055169496,0.2613861386138614
untouched,means_own,snow,4,common,pooled,0.9351536341752987,0.9033905276340954,0.19933993399339933
untouched,means_own,snow,5,common,pooled,0.914229215000708,0.8731808764338391,0.24752475247524752
untouched,means_own,frost,1,common,pooled,0.475945495539653,0.4773548599656925,0.9409240924092409
untouched,means_own,frost,2,common,pooled,0.5242127678114346,0.4915995649382979,0.8693069306930693
untouched,means_own,frost,3,common,pooled,0.5693465782221786,0.513755497959625,0.8085808580858086
untouched,means_own,frost,4,common,pooled,0.5725961507041794,0.5144689255325849,0.80990099009901
untouched,means_own,frost,5,common,pooled,0.5999728784759664,0.5309921924884342,0.7752475247524753
untouched,means_own,fog,1,common,pooled,0.6184889281007309,0.5591669818642369,0.7709570957095709
untouched,means_own,fog,2,common,pooled,0.654271585574399,0.5839795571112003,0.7201320132013201
untouched,means_own,fog,3,common,pooled,0.6830290058708841,0.6053366867658501,0.6815181518151815
untouched,means_own,fog,4,common,pooled,0.6974211678593601,0.6204854383618348,0.6676567656765676
untouched,means_own,fog,5,common,pooled,0.7362696467666568,0.6575369762935945,0.6069306930693069
untouched,means_own,brightness,1,common,pooled,0.4966103541047174,0.49999751181734114,0.9511551155115512
untouched,means_own,brightness,2,common,pooled,0.5151564661416637,0.5128536633389521,0.9442244224422442
untouched,means_own,brightness,3,common,pooled,0.5430931608012286,0.5317252012868225,0.9181518151815181
untouched,means_own,brightness,4,common,pooled,0.5820337875371696,0.5576232698165912,0.8719471947194719
untouched,means_own,brightness,5,common,pooled,0.6279561916587698,0.5902191309718874,0.80990099009901
untouched,means_own,contrast,1,common,pooled,0.6426156477033842,0.5807717359548189,0.7481848184818481
untouched,means_own,contrast,2,common,pooled,0.7037085688766896,0.6267846531032699,0.6564356435643565
untouched,means_own,contrast,3,common,pooled,0.7744753782308924,0.6878942242474396,0.5102310231023103
untouched,means_own,contrast,4,common,pooled,0.8598340032023004,0.7783975236550644,0.3250825082508251
untouched,means_own,contrast,5,common,pooled,0.9237796948011633,0.8665622007604834,0.18778877887788778
untouched,means_own,elastic_transform,1,common,pooled,0.49759282858978965,0.48380617043668667,0.933003300330033
untouched,means_own,elastic_transform,2,common,pooled,0.5363926194599657,0.50523213935766,0.8986798679867987
untouched,means_own,elastic_transform,3,common,pooled,0.5978918188848588,0.5441547336065728,0.8326732673267326
untouched,means_own,elastic_transform,4,common,pooled,0.6480229607119128,0.5810818569510956,0.763036303630363
untouched,means_own,elastic_transform,5,common,pooled,0.7139557124029234,0.6364884784232793,0.6693069306930693
untouched,means_own,pixelate,1,common,pooled,0.7039803287259419,0.6512434464678496,0.7036303630363037
untouched,means_own,pixelate,2,common,pooled,0.7858045507521049,0.7288828235052187,0.5514851485148515
untouched,means_own,pixelate,3,common,pooled,0.9531811696021087,0.9382756677004631,0.15346534653465346
untouched,means_own,pixelate,4,common,pooled,0.9898277946606542,0.9869924457026107,0.038943894389438946
untouched,means_own,pixelate,5,common,pooled,0.9975725691381019,0.9972317321476654,0.01221122112211221
untouched,means_own,jpeg_compression,1,common,pooled,0.8908416386193074,0.8466712230167811,0.36204620462046205
untouched,means_own,jpeg_compression,2,common,pooled,0.953200448757747,0.9342814174038805,0.1900990099009901
untouched,means_own,jpeg_compression,3,common,pooled,0.9696441525340653,0.9575558662829047,0.131023102310231
untouched,means_own,jpeg_compression,4,common,pooled,0.9899681948392859,0.9867892371696053,0.04356435643564356
untouched,means_own,jpeg_compression,5,common,pooled,0.9959183740156193,0.9948038693588016,0.01749174917491749
untouched,means_own,speckle_noise,1,extra,pooled,0.8141259571501704,0.7653516481726237,0.5389438943894389
untouched,means_own,speckle_noise,2,extra,pooled,0.8895844633968347,0.8535292789379622,0.36402640264026404
untouched,means_own,speckle_noise,3,extra,pooled,0.9772453681011666,0.9691149762860308,0.08778877887788779
untouched,means_own,speckle_noise,4,extra,pooled,0.9907511246174122,0.9880966721659675,0.03564356435643564
untouched,means_own,speckle_noise,5,extra,pooled,0.9968285244366021,0.9961924753918261,0.01353135313531353
untouched,means_own,gaussian_blur,1,extra,pooled,0.6108329248766461,0.5466177291777206,0.7808580858085808
untouched,means_own,gaussian_blur,2,extra,pooled,0.7879938785957804,0.683414855064931,0.44521452145214524
untouched,means_own,gaussian_blur,3,extra,pooled,0.8849701009704931,0.7920650769026651,0.24257425742574257
untouched,means_own,gaussian_blur,4,extra,pooled,0.9306906730276988,0.8574999665819736,0.14323432343234324
untouched,means_own,gaussian_blur,5,extra,pooled,0.9679905020204991,0.9222388463731519,0.06501650165016502
untouched,means_own,spatter,1,extra,pooled,0.5417184589746104,0.5353821124930913,0.9366336633663367
untouched,means_own,spatter,2,extra,pooled,0.868436863488329,0.8488289044677819,0.47095709570957095
untouched,means_own,spatter,3,extra,pooled,0.9219200731954383,0.900829696309639,0.27887788778877887
untouched,means_own,spatter,4,extra,pooled,0.9940265115620472,0.9932931011662223,0.025082508250825083
untouched,means_own,spatter,5,extra,pooled,0.9976044832205992,0.9972797871008171,0.01023102310231023
untouched,means_own,saturate,1,extra,pooled,0.5187599799583918,0.508563992672058,0.9303630363036304
untouched,means_own,saturate,2,extra,pooled,0.5692707142001329,0.5395053142676095,0.8696369636963697
untouched,means_own,saturate,3,extra,pooled,0.5316693897112483,0.5234574697578687,0.9316831683168317
untouched,means_own,saturate,4,extra,pooled,0.6585629949133527,0.6169014829846977,0.7765676567656765
untouched,means_own,saturate,5,extra,pooled,0.7758046596738882,0.7369073810369507,0.6089108910891089
untouched,saod_top3,gaussian_noise,1,common,pooled,0.5723414915749001,0.5518607988365002,0.9013201320132013
untouched,saod_top3,gaussian_noise,2,common,pooled,0.618867758062935,0.5897586911895725,0.8534653465346534
untouched,saod_top3,gaussian_noise,3,common,pooled,0.6862257512880001,0.6516853044617026,0.765016501650165
untouched,saod_top3,gaussian_noise,4,common,pooled,0.7719304207648487,0.744167009897611,0.6452145214521452
untouched,saod_top3,gaussian_noise,5,common,pooled,0.8833856702501933,0.869329697312832,0.4531353135313531
untouched,saod_top3,shot_noise,1,common,pooled,0.5722911152501389,0.5556746834448603,0.903960396039604
untouched,saod_top3,shot_noise,2,common,pooled,0.6225237177183065,0.5980278179705443,0.8485148514851485
untouched,saod_top3,shot_noise,3,common,pooled,0.6819558540012417,0.6529254223966205,0.7726072607260726
untouched,saod_top3,shot_noise,4,common,pooled,0.7810673790151292,0.7566456466874901,0.6303630363036303
untouched,saod_top3,shot_noise,5,common,pooled,0.8526912394209718,0.8373801742056679,0.5191419141914192
untouched,saod_top3,impulse_noise,1,common,pooled,0.7415765338910129,0.7353086690397536,0.759075907590759
untouched,saod_top3,impulse_noise,2,common,pooled,0.7796677341001427,0.7653937636570542,0.6884488448844884
untouched,saod_top3,impulse_noise,3,common,pooled,0.8036274221481554,0.7864681283051274,0.6386138613861386
untouched,saod_top3,impulse_noise,4,common,pooled,0.813489200405189,0.791916230418992,0.5963696369636964
untouched,saod_top3,impulse_noise,5,common,pooled,0.8832547462667059,0.8671297454607458,0.44620462046204623
untouched,saod_top3,defocus_blur,1,common,pooled,0.5616769597751854,0.5433228372751213,0.9013201320132013
untouched,saod_top3,defocus_blur,2,common,pooled,0.5908013920203902,0.5646410671297128,0.8689768976897689
untouched,saod_top3,defocus_blur,3,common,pooled,0.6575246980143559,0.6259699949709444,0.800990099009901
untouched,saod_top3,defocus_blur,4,common,pooled,0.7295447069459421,0.6982304713885719,0.69009900990099
untouched,saod_top3,defocus_blur,5,common,pooled,0.7911180276443486,0.762546531956268,0.593069306930693
untouched,saod_top3,glass_blur,1,common,pooled,0.6008456687252883,0.5809644407355832,0.8755775577557756
untouched,saod_top3,glass_blur,2,common,pooled,0.6715535513947435,0.6510381268032163,0.8016501650165017
untouched,saod_top3,glass_blur,3,common,pooled,0.8721858423466109,0.8686590740573124,0.5224422442244224
untouched,saod_top3,glass_blur,4,common,pooled,0.9008926140138767,0.8985282061558786,0.45115511551155113
untouched,saod_top3,glass_blur,5,common,pooled,0.9214421244104608,0.9168512892883289,0.3831683168316832
untouched,saod_top3,motion_blur,1,common,pooled,0.5620834014094479,0.5452392908168864,0.9
untouched,saod_top3,motion_blur,2,common,pooled,0.6226357982332886,0.5952420387579959,0.8504950495049505
untouched,saod_top3,motion_blur,3,common,pooled,0.708565772418826,0.677744070605236,0.7495049504950495
untouched,saod_top3,motion_blur,4,common,pooled,0.7942468603295973,0.763603190685846,0.6092409240924093
untouched,saod_top3,motion_blur,5,common,pooled,0.8399795771656373,0.8120506214306205,0.5095709570957095
untouched,saod_top3,zoom_blur,1,common,pooled,0.7166001699179819,0.6809558828657302,0.7108910891089109
untouched,saod_top3,zoom_blur,2,common,pooled,0.7792994150900239,0.7436690256087566,0.6231023102310231
untouched,saod_top3,zoom_blur,3,common,pooled,0.8075627117167162,0.773476046867311,0.5683168316831683
untouched,saod_top3,zoom_blur,4,common,pooled,0.8429232972802231,0.8093171567888635,0.49306930693069306
untouched,saod_top3,zoom_blur,5,common,pooled,0.8478951409992485,0.814082090224937,0.48217821782178216
untouched,saod_top3,snow,1,common,pooled,0.5970362382772931,0.5845769622994818,0.9006600660066006
untouched,saod_top3,snow,2,common,pooled,0.6464828611574028,0.6326581893805803,0.857095709570957
untouched,saod_top3,snow,3,common,pooled,0.6702201309239835,0.6651621296949276,0.835973597359736
untouched,saod_top3,snow,4,common,pooled,0.7202398457667549,0.720372585597428,0.7785478547854785
untouched,saod_top3,snow,5,common,pooled,0.6942330272631223,0.6848843486547443,0.7986798679867987
untouched,saod_top3,frost,1,common,pooled,0.5465532246293936,0.5367333137716894,0.9287128712871288
untouched,saod_top3,frost,2,common,pooled,0.584732215795837,0.5756110716443948,0.906930693069307
untouched,saod_top3,frost,3,common,pooled,0.6140883246740516,0.606070795474729,0.8808580858085808
untouched,saod_top3,frost,4,common,pooled,0.6163537343833393,0.6076443499007387,0.8825082508250826
untouched,saod_top3,frost,5,common,pooled,0.6371933579496564,0.6296011343722869,0.8673267326732673
untouched,saod_top3,fog,1,common,pooled,0.5088167282074743,0.5066127272722544,0.9481848184818482
untouched,saod_top3,fog,2,common,pooled,0.5126128701979109,0.510280694856466,0.9462046204620462
untouched,saod_top3,fog,3,common,pooled,0.5184921412933372,0.5146245165400484,0.9435643564356435
untouched,saod_top3,fog,4,common,pooled,0.5229061965602501,0.5191380805869322,0.9429042904290429
untouched,saod_top3,fog,5,common,pooled,0.5365340543955386,0.5312891639695826,0.9396039603960396
untouched,saod_top3,brightness,1,common,pooled,0.5050015249049657,0.5035652144554552,0.9462046204620462
untouched,saod_top3,brightness,2,common,pooled,0.5149272402487773,0.5114829941723692,0.9422442244224423
untouched,saod_top3,brightness,3,common,pooled,0.5252144669912536,0.5195949223988179,0.9402640264026403
untouched,saod_top3,brightness,4,common,pooled,0.5378386105937326,0.5303345782585313,0.935973597359736
untouched,saod_top3,brightness,5,common,pooled,0.55281818775937,0.5435605789464621,0.9240924092409241
untouched,saod_top3,contrast,1,common,pooled,0.5095675805204283,0.5079441792851838,0.9458745874587459
untouched,saod_top3,contrast,2,common,pooled,0.5174277031663562,0.514504291581696,0.9442244224422442
untouched,saod_top3,contrast,3,common,pooled,0.5338021326885164,0.529151433845014,0.9389438943894389
untouched,saod_top3,contrast,4,common,pooled,0.5914957683887201,0.581125260347956,0.9006600660066006
untouched,saod_top3,contrast,5,common,pooled,0.7142383644305025,0.7147686489545139,0.7881188118811882
untouched,saod_top3,elastic_transform,1,common,pooled,0.5642425034582667,0.5581651096129894,0.9198019801980198
untouched,saod_top3,elastic_transform,2,common,pooled,0.6037151586445774,0.5984638772672954,0.8953795379537954
untouched,saod_top3,elastic_transform,3,common,pooled,0.660799485889183,0.6571141864993694,0.8679867986798679
untouched,saod_top3,elastic_transform,4,common,pooled,0.7075283468940954,0.7037734771197323,0.828052805280528
untouched,saod_top3,elastic_transform,5,common,pooled,0.7655992331906458,0.7594904391741071,0.7739273927392739
untouched,saod_top3,pixelate,1,common,pooled,0.6709104227254409,0.6607818252494652,0.8485148514851485
untouched,saod_top3,pixelate,2,common,pooled,0.7505124769902732,0.7450550975419021,0.7534653465346535
untouched,saod_top3,pixelate,3,common,pooled,0.9435462209587295,0.9403734813075075,0.27095709570957094
untouched,saod_top3,pixelate,4,common,pooled,0.9839492860177107,0.9812682949978145,0.0834983498349835
untouched,saod_top3,pixelate,5,common,pooled,0.994265649337211,0.9930579281904648,0.016831683168316833
untouched,saod_top3,jpeg_compression,1,common,pooled,0.6506959012732957,0.6154495626541653,0.8102310231023102
untouched,saod_top3,jpeg_compression,2,common,pooled,0.7106365389014149,0.6768758781869385,0.735973597359736
untouched,saod_top3,jpeg_compression,3,common,pooled,0.7469312376782232,0.7174853389398149,0.694059405940594
untouched,saod_top3,jpeg_compression,4,common,pooled,0.8413269940855471,0.8208732517639448,0.5409240924092409
untouched,saod_top3,jpeg_compression,5,common,pooled,0.924412094674814,0.9104192252910871,0.332013201320132
untouched,saod_top3,speckle_noise,1,extra,pooled,0.5605472775000272,0.5482022724084188,0.9158415841584159
untouched,saod_top3,speckle_noise,2,extra,pooled,0.5884272783714015,0.5723940418376463,0.8924092409240925
untouched,saod_top3,speckle_noise,3,extra,pooled,0.6591732836650002,0.6386722308665724,0.8214521452145215
untouched,saod_top3,speckle_noise,4,extra,pooled,0.7022641571087802,0.6798980751613724,0.7636963696369637
untouched,saod_top3,speckle_noise,5,extra,pooled,0.7507916435207878,0.7298476296967886,0.6907590759075908
untouched,saod_top3,gaussian_blur,1,extra,pooled,0.5314553584071279,0.5203395973402927,0.9211221122112211
untouched,saod_top3,gaussian_blur,2,extra,pooled,0.5806339792395081,0.5566375715590339,0.8818481848184818
untouched,saod_top3,gaussian_blur,3,extra,pooled,0.6387199512030411,0.6075974785810132,0.8211221122112211
untouched,saod_top3,gaussian_blur,4,extra,pooled,0.7021774009084076,0.6714850404372092,0.7382838283828382
untouched,saod_top3,gaussian_blur,5,extra,pooled,0.816385158317812,0.7931340928452075,0.5683168316831683
untouched,saod_top3,spatter,1,extra,pooled,0.5026862834798331,0.4981259961751634,0.9442244224422442
untouched,saod_top3,spatter,2,extra,pooled,0.5936509492533412,0.5857385074170375,0.9013201320132013
untouched,saod_top3,spatter,3,extra,pooled,0.6242138570292672,0.6139228664275864,0.8805280528052806
untouched,saod_top3,spatter,4,extra,pooled,0.7460508229040725,0.7375628468649189,0.7531353135313531
untouched,saod_top3,spatter,5,extra,pooled,0.8414583537561677,0.835280320182005,0.6085808580858085
untouched,saod_top3,saturate,1,extra,pooled,0.5037458745874588,0.5027302921434484,0.9458745874587459
untouched,saod_top3,saturate,2,extra,pooled,0.5154135760110664,0.5117945586407218,0.9402640264026403
untouched,saod_top3,saturate,3,extra,pooled,0.5074988290908299,0.505599812789095,0.9445544554455445
untouched,saod_top3,saturate,4,extra,pooled,0.5360771275147317,0.5251709414958743,0.934983498349835
untouched,saod_top3,saturate,5,extra,pooled,0.5642594952564564,0.5499236692315814,0.9161716171617161
untouched,saod_min,gaussian_noise,1,common,pooled,0.5889776056813603,0.5758519359769819,0.9052805280528052
untouched,saod_min,gaussian_noise,2,common,pooled,0.6511739589800564,0.6315196245360692,0.8686468646864687
untouched,saod_min,gaussian_noise,3,common,pooled,0.7383576773518936,0.7136552031942286,0.7785478547854785
untouched,saod_min,gaussian_noise,4,common,pooled,0.8339097474103846,0.8100788306221672,0.598019801980198
untouched,saod_min,gaussian_noise,5,common,pooled,0.9248992473504776,0.9099005358732845,0.32838283828382836
untouched,saod_min,shot_noise,1,common,pooled,0.5853824788419436,0.574493412178017,0.9095709570957096
untouched,saod_min,shot_noise,2,common,pooled,0.6514488775610234,0.6341388535560117,0.86006600660066
untouched,saod_min,shot_noise,3,common,pooled,0.7287027415612849,0.7073394551075962,0.7914191419141914
untouched,saod_min,shot_noise,4,common,pooled,0.8390209565511006,0.8170438290518427,0.5891089108910891
untouched,saod_min,shot_noise,5,common,pooled,0.9040244965090568,0.8860310655492621,0.401980198019802
untouched,saod_min,impulse_noise,1,common,pooled,0.7869150627934081,0.7832439825905019,0.7504950495049505
untouched,saod_min,impulse_noise,2,common,pooled,0.8388441764968576,0.8233333906388468,0.6260726072607261
untouched,saod_min,impulse_noise,3,common,pooled,0.8618658301473712,0.8423496869668949,0.5577557755775577
untouched,saod_min,impulse_noise,4,common,pooled,0.8733336600986832,0.8514636960501426,0.49636963696369635
untouched,saod_min,impulse_noise,5,common,pooled,0.9268807524316788,0.9090805287370279,0.3085808580858086
untouched,saod_min,defocus_blur,1,common,pooled,0.5818531952205122,0.5642208104472383,0.9033003300330033
untouched,saod_min,defocus_blur,2,common,pooled,0.6130491564007886,0.5927492953337199,0.8795379537953796
untouched,saod_min,defocus_blur,3,common,pooled,0.6850521190732934,0.663320579653407,0.8353135313531354
untouched,saod_min,defocus_blur,4,common,pooled,0.7602542234421462,0.7387541851368641,0.7564356435643564
untouched,saod_min,defocus_blur,5,common,pooled,0.8227977104641158,0.8016545114803428,0.6303630363036303
untouched,saod_min,glass_blur,1,common,pooled,0.6204137393937413,0.6034615527625335,0.8795379537953796
untouched,saod_min,glass_blur,2,common,pooled,0.6978536962607151,0.6818265952808141,0.8214521452145215
untouched,saod_min,glass_blur,3,common,pooled,0.8915683647572678,0.8863210455685371,0.4874587458745875
untouched,saod_min,glass_blur,4,common,pooled,0.917049635656635,0.911930950059638,0.39075907590759074
untouched,saod_min,glass_blur,5,common,pooled,0.9328308771471207,0.9261992470787841,0.3184818481848185
untouched,saod_min,motion_blur,1,common,pooled,0.5749270768661024,0.5616876360856246,0.9161716171617161
untouched,saod_min,motion_blur,2,common,pooled,0.6471112309250727,0.6283265840026525,0.8729372937293729
untouched,saod_min,motion_blur,3,common,pooled,0.7412069622803864,0.72056824582116,0.7917491749174917
untouched,saod_min,motion_blur,4,common,pooled,0.8326627563746474,0.8104632469477444,0.6396039603960396
untouched,saod_min,motion_blur,5,common,pooled,0.8764779052162642,0.8535660820252038,0.5075907590759076
untouched,saod_min,zoom_blur,1,common,pooled,0.7412709538280561,0.7124693310704631,0.759075907590759
untouched,saod_min,zoom_blur,2,common,pooled,0.8070027448289383,0.7797975637802964,0.6534653465346535
untouched,saod_min,zoom_blur,3,common,pooled,0.8405036543258286,0.8120281646459777,0.5666666666666667
untouched,saod_min,zoom_blur,4,common,pooled,0.8730537311156858,0.8440730576966313,0.4957095709570957
untouched,saod_min,zoom_blur,5,common,pooled,0.8837721791981178,0.8548272558680469,0.4666666666666667
untouched,saod_min,snow,1,common,pooled,0.6180552560206516,0.6115161804111214,0.8973597359735973
untouched,saod_min,snow,2,common,pooled,0.6735241642976179,0.6670885523621255,0.8541254125412542
untouched,saod_min,snow,3,common,pooled,0.7059404306767311,0.7011652393145703,0.8353135313531354
untouched,saod_min,snow,4,common,pooled,0.7621700486880372,0.7602191811186432,0.7567656765676568
untouched,saod_min,snow,5,common,pooled,0.7361324053197399,0.7287448777282262,0.8056105610561056
untouched,saod_min,frost,1,common,pooled,0.5494496182291496,0.5449571829498967,0.9273927392739274
untouched,saod_min,frost,2,common,pooled,0.5988445577230991,0.5935764093249043,0.9033003300330033
untouched,saod_min,frost,3,common,pooled,0.6349590454094914,0.6298785839530185,0.8808580858085808
untouched,saod_min,frost,4,common,pooled,0.6362824995370824,0.631595478321369,0.8821782178217822
untouched,saod_min,frost,5,common,pooled,0.6603878160093237,0.6560628303692903,0.866996699669967
untouched,saod_min,fog,1,common,pooled,0.5040529250944896,0.5054490401197737,0.9498349834983498
untouched,saod_min,fog,2,common,pooled,0.5079619100523913,0.5094121069035313,0.9481848184818482
untouched,saod_min,fog,3,common,pooled,0.5141013952880437,0.5138879383276134,0.9471947194719472
untouched,saod_min,fog,4,common,pooled,0.5159574224749207,0.5183852726686605,0.9491749174917492
untouched,saod_min,fog,5,common,pooled,0.5310418913178446,0.5318537522085053,0.9415841584158415
untouched,saod_min,brightness,1,common,pooled,0.5032155888856212,0.5044866530278227,0.9508250825082508
untouched,saod_min,brightness,2,common,pooled,0.5132747334139355,0.5148054632930944,0.9485148514851485
untouched,saod_min,brightness,3,common,pooled,0.5230154995697589,0.523784156026838,0.9471947194719472
untouched,saod_min,brightness,4,common,pooled,0.5355529414327571,0.5354885521135738,0.9445544554455445
untouched,saod_min,brightness,5,common,pooled,0.553800117635526,0.5523671787463927,0.9389438943894389
untouched,saod_min,contrast,1,common,pooled,0.5044073021163502,0.506214240244691,0.9524752475247524
untouched,saod_min,contrast,2,common,pooled,0.511800422616519,0.5128408820734264,0.9501650165016502
untouched,saod_min,contrast,3,common,pooled,0.5308854796370727,0.5296143434798806,0.9405940594059405
untouched,saod_min,contrast,4,common,pooled,0.5996566785391411,0.5929432676836701,0.9161716171617161
untouched,saod_min,contrast,5,common,pooled,0.7396286311799497,0.737627621448738,0.8118811881188119
untouched,saod_min,elastic_transform,1,common,pooled,0.5785135444237494,0.5730813949641336,0.9158415841584159
untouched,saod_min,elastic_transform,2,common,pooled,0.6207250923112113,0.6153374540040982,0.8828382838283828
untouched,saod_min,elastic_transform,3,common,pooled,0.6815942881416854,0.6784580065510969,0.8488448844884489
untouched,saod_min,elastic_transform,4,common,pooled,0.7273709004563823,0.7252026670385991,0.8254125412541254
untouched,saod_min,elastic_transform,5,common,pooled,0.7883890468254746,0.7817867666092181,0.7564356435643564
untouched,saod_min,pixelate,1,common,pooled,0.6756231959829646,0.6791663140972042,0.8782178217821782
untouched,saod_min,pixelate,2,common,pooled,0.7530269908178937,0.7594410459874423,0.8293729372937294
untouched,saod_min,pixelate,3,common,pooled,0.9395223779803723,0.9395049344003296,0.33828382838283827
untouched,saod_min,pixelate,4,common,pooled,0.9826404818699692,0.9801464713991831,0.062046204620462043
untouched,saod_min,pixelate,5,common,pooled,0.9935453495844634,0.9924150536417795,0.01914191419141914
untouched,saod_min,jpeg_compression,1,common,pooled,0.7033541918548291,0.6751590048563196,0.7924092409240924
untouched,saod_min,jpeg_compression,2,common,pooled,0.7687405374200786,0.7409979638884818,0.7231023102310231
untouched,saod_min,jpeg_compression,3,common,pooled,0.8047094511431341,0.7791147453228424,0.66996699669967
untouched,saod_min,jpeg_compression,4,common,pooled,0.8853407073380606,0.8637674652350156,0.46105610561056104
untouched,saod_min,jpeg_compression,5,common,pooled,0.9456838654162446,0.9302574701153556,0.24554455445544554
untouched,saod_min,speckle_noise,1,extra,pooled,0.5622755938960232,0.5573978864773006,0.9244224422442244
untouched,saod_min,speckle_noise,2,extra,pooled,0.5959220228953589,0.5884892763712966,0.9135313531353135
untouched,saod_min,speckle_noise,3,extra,pooled,0.6964885250901328,0.6821614220159316,0.836963696369637
untouched,saod_min,speckle_noise,4,extra,pooled,0.7480320556808157,0.7307003587903412,0.7775577557755775
untouched,saod_min,speckle_noise,5,extra,pooled,0.8097587927109543,0.788644101408084,0.6603960396039604
untouched,saod_min,gaussian_blur,1,extra,pooled,0.5509845984598459,0.5361541128101066,0.9201320132013201
untouched,saod_min,gaussian_blur,2,extra,pooled,0.6016788659063926,0.5832629871838,0.8927392739273927
untouched,saod_min,gaussian_blur,3,extra,pooled,0.665337657528129,0.6441760291964987,0.8458745874587459
untouched,saod_min,gaussian_blur,4,extra,pooled,0.7348839983008202,0.7138780657054506,0.7858085808580858
untouched,saod_min,gaussian_blur,5,extra,pooled,0.8497011186267142,0.8309186941822816,0.5805280528052805
untouched,saod_min,spatter,1,extra,pooled,0.5141635896262894,0.5100450047359062,0.9438943894389439
untouched,saod_min,spatter,2,extra,pooled,0.6266299055648139,0.6200399263520436,0.8914191419141915
untouched,saod_min,spatter,3,extra,pooled,0.6530414774150682,0.6468761606034913,0.8762376237623762
untouched,saod_min,spatter,4,extra,pooled,0.7935848881917895,0.7891679084109929,0.7643564356435644
untouched,saod_min,spatter,5,extra,pooled,0.8761824548791513,0.8687007221786974,0.5570957095709571
untouched,saod_min,saturate,1,extra,pooled,0.5022630678909475,0.5031861215432115,0.9485148514851485
untouched,saod_min,saturate,2,extra,pooled,0.5149153133135096,0.5133658218874307,0.9438943894389439
untouched,saod_min,saturate,3,extra,pooled,0.5081655937871015,0.5076366246549674,0.9485148514851485
untouched,saod_min,saturate,4,extra,pooled,0.5390076680935421,0.5341082669513653,0.9267326732673268
untouched,saod_min,saturate,5,extra,pooled,0.5735975775795401,0.5655853387067222,0.9165016501650165
untouched,knn,gaussian_noise,1,common,pooled,0.6126587807295582,0.5900578739620951,0.8828382838283828
untouched,knn,gaussian_noise,2,common,pooled,0.6833993943948851,0.6570481068972844,0.8188118811881188
untouched,knn,gaussian_noise,3,common,pooled,0.768208345587034,0.7426977854805534,0.7267326732673267
untouched,knn,gaussian_noise,4,common,pooled,0.8345388796305373,0.8153726251027084,0.6636963696369637
untouched,knn,gaussian_noise,5,common,pooled,0.8537831258373362,0.8427664224576422,0.6735973597359736
untouched,knn,shot_noise,1,common,pooled,0.6129265649337211,0.591304542997761,0.8861386138613861
untouched,knn,shot_noise,2,common,pooled,0.6933867050071344,0.6699657280531516,0.808910891089109
untouched,knn,shot_noise,3,common,pooled,0.7718332625341742,0.7521265820231657,0.7336633663366336
untouched,knn,shot_noise,4,common,pooled,0.8423102854839939,0.8328675252305869,0.6808580858085809
untouched,knn,shot_noise,5,common,pooled,0.8563081506170419,0.8544994095985203,0.6996699669966997
untouched,knn,impulse_noise,1,common,pooled,0.9395007570063937,0.9376096278753724,0.2881188118811881
untouched,knn,impulse_noise,2,common,pooled,0.9620318269450707,0.9602822140211495,0.17755775577557756
untouched,knn,impulse_noise,3,common,pooled,0.952403359147796,0.949888484758008,0.2207920792079208
untouched,knn,impulse_noise,4,common,pooled,0.8945096885926216,0.8974625658502067,0.564026402640264
untouched,knn,impulse_noise,5,common,pooled,0.8672720539380671,0.8668390840906052,0.668976897689769
untouched,knn,defocus_blur,1,common,pooled,0.614866788659064,0.5857398747376652,0.8221122112211221
untouched,knn,defocus_blur,2,common,pooled,0.6877312681763226,0.6526077836165907,0.7445544554455445
untouched,knn,defocus_blur,3,common,pooled,0.7656824494330621,0.7323666162212502,0.6392739273927392
untouched,knn,defocus_blur,4,common,pooled,0.8268460063828165,0.7949466359167554,0.5382838283828383
untouched,knn,defocus_blur,5,common,pooled,0.8761031598209326,0.8438650064644752,0.42013201320132015
untouched,knn,glass_blur,1,common,pooled,0.5986427801195962,0.5867982768211898,0.9148514851485149
untouched,knn,glass_blur,2,common,pooled,0.6809923863673496,0.677590011250754,0.8752475247524752
untouched,knn,glass_blur,3,common,pooled,0.787744883399231,0.8207702900249338,0.8947194719471947
untouched,knn,glass_blur,4,common,pooled,0.7933998300820181,0.8244307971533615,0.8960396039603961
untouched,knn,glass_blur,5,common,pooled,0.836758052042828,0.8585908725861897,0.801980198019802
untouched,knn,motion_blur,1,common,pooled,0.5900778790750362,0.573887933219327,0.8937293729372937
untouched,knn,motion_blur,2,common,pooled,0.685744916075766,0.6648864838961854,0.8026402640264027
untouched,knn,motion_blur,3,common,pooled,0.7978917644239671,0.7746704319042264,0.6445544554455446
untouched,knn,motion_blur,4,common,pooled,0.8733035976865013,0.8473579990700733,0.4623762376237624
untouched,knn,motion_blur,5,common,pooled,0.8995944842008954,0.8739403418196497,0.36633663366336633
untouched,knn,zoom_blur,1,common,pooled,0.7855204827413435,0.7585218475578673,0.6445544554455446
untouched,knn,zoom_blur,2,common,pooled,0.8527862736768727,0.827891692605695,0.5178217821782178
untouched,knn,zoom_blur,3,common,pooled,0.8619013386487163,0.8434901045985536,0.5168316831683168
untouched,knn,zoom_blur,4,common,pooled,0.8937765360694485,0.8765666936329728,0.4145214521452145
untouched,knn,zoom_blur,5,common,pooled,0.8923016262022242,0.8776537016812992,0.43234323432343236
untouched,knn,snow,1,common,pooled,0.734546504155366,0.7402249000201722,0.7653465346534654
untouched,knn,snow,2,common,pooled,0.7577423781982159,0.7517820905040129,0.7148514851485148
untouched,knn,snow,3,common,pooled,0.8215034473744404,0.8295081668924168,0.6455445544554456
untouched,knn,snow,4,common,pooled,0.8503000795129018,0.8573606686113628,0.5891089108910891
untouched,knn,snow,5,common,pooled,0.8112571752224728,0.8079692621308313,0.6422442244224422
untouched,knn,frost,1,common,pooled,0.5794701499852956,0.5536969418666948,0.8765676567656766
untouched,knn,frost,2,common,pooled,0.6608268252567832,0.6270017741243494,0.7957095709570957
untouched,knn,frost,3,common,pooled,0.7140229171431994,0.6830147624689309,0.7382838283828382
untouched,knn,frost,4,common,pooled,0.7193508806326178,0.6904911127774626,0.7247524752475247
untouched,knn,frost,5,common,pooled,0.7467685629949133,0.7183776712633901,0.6933993399339934
untouched,knn,fog,1,common,pooled,0.524883290309229,0.5181886737829495,0.933993399339934
untouched,knn,fog,2,common,pooled,0.5341803635809126,0.5252058550250557,0.9293729372937294
untouched,knn,fog,3,common,pooled,0.5456766221176573,0.5342105009749883,0.9168316831683169
untouched,knn,fog,4,common,pooled,0.5552835778627367,0.5407528702314786,0.9155115511551155
untouched,knn,fog,5,common,pooled,0.5985857595660556,0.5695334573103987,0.8425742574257425
untouched,knn,brightness,1,common,pooled,0.5055843109063382,0.5058999712621363,0.9491749174917492
untouched,knn,brightness,2,common,pooled,0.5220897188728774,0.5206446108144798,0.9402640264026403
untouched,knn,brightness,3,common,pooled,0.5422629589691642,0.5372516605283073,0.9316831683168317
untouched,knn,brightness,4,common,pooled,0.5694348593275169,0.5601864414365814,0.9184818481848185
untouched,knn,brightness,5,common,pooled,0.6015336731692972,0.5885019691579564,0.899009900990099
untouched,knn,contrast,1,common,pooled,0.5377421603546493,0.5297983303009572,0.9264026402640264
untouched,knn,contrast,2,common,pooled,0.5580799268045616,0.5466317071763762,0.9135313531353135
untouched,knn,contrast,3,common,pooled,0.5955166704789291,0.5789707039351759,0.8722772277227723
untouched,knn,contrast,4,common,pooled,0.691570869958283,0.6664183441214997,0.7716171617161716
untouched,knn,contrast,5,common,pooled,0.8040618566807176,0.7712165590392344,0.6016501650165017
untouched,knn,elastic_transform,1,common,pooled,0.6082607369647856,0.6216743326930536,0.9405940594059405
untouched,knn,elastic_transform,2,common,pooled,0.66693646592382,0.695432700282312,0.9343234323432343
untouched,knn,elastic_transform,3,common,pooled,0.7467893670555175,0.7832418183515738,0.9036303630363036
untouched,knn,elastic_transform,4,common,pooled,0.8044917164983825,0.8368443499893092,0.8244224422442245
untouched,knn,elastic_transform,5,common,pooled,0.8765181518151816,0.8975150714026937,0.6617161716171617
untouched,knn,pixelate,1,common,pooled,0.6789658421287673,0.6864835888252498,0.8135313531353136
untouched,knn,pixelate,2,common,pooled,0.731409393414589,0.7435312430829686,0.7448844884488449
untouched,knn,pixelate,3,common,pooled,0.8295477567558736,0.8348349877189859,0.5943894389438944
untouched,knn,pixelate,4,common,pooled,0.8791175157119673,0.8657098615012571,0.4735973597359736
untouched,knn,pixelate,5,common,pooled,0.886050768443181,0.8542380021781012,0.39636963696369637
untouched,knn,jpeg_compression,1,common,pooled,0.7526682569247024,0.7314283230318922,0.6755775577557755
untouched,knn,jpeg_compression,2,common,pooled,0.8437886808482828,0.8344799141678646,0.5521452145214522
untouched,knn,jpeg_compression,3,common,pooled,0.870075972943829,0.8615379522201695,0.504950495049505
untouched,knn,jpeg_compression,4,common,pooled,0.935450064808461,0.9336028299014778,0.31551155115511553
untouched,knn,jpeg_compression,5,common,pooled,0.9721844263634284,0.9716563277630933,0.14686468646864687
untouched,knn,speckle_noise,1,extra,pooled,0.5857945299480443,0.5680634527230899,0.907920792079208
untouched,knn,speckle_noise,2,extra,pooled,0.6304862813013975,0.6103866790161689,0.8828382838283828
untouched,knn,speckle_noise,3,extra,pooled,0.7419851539609407,0.725988196258341,0.7808580858085808
untouched,knn,speckle_noise,4,extra,pooled,0.7875146772102953,0.7756467448216429,0.7287128712871287
untouched,knn,speckle_noise,5,extra,pooled,0.8264876537158666,0.8183623439491299,0.697029702970297
untouched,knn,gaussian_blur,1,extra,pooled,0.543274951257502,0.5288402033439052,0.906930693069307
untouched,knn,gaussian_blur,2,extra,pooled,0.6696310819200731,0.6333047542099307,0.7653465346534654
untouched,knn,gaussian_blur,3,extra,pooled,0.7622048491977911,0.7296432261939598,0.6448844884488449
untouched,knn,gaussian_blur,4,extra,pooled,0.8256209630864076,0.7950809538240604,0.5396039603960396
untouched,knn,gaussian_blur,5,extra,pooled,0.9099868204642246,0.8792146846471817,0.3118811881188119
untouched,knn,spatter,1,extra,pooled,0.6172025618403425,0.6093694978591278,0.8613861386138614
untouched,knn,spatter,2,extra,pooled,0.8847390234072913,0.900158597604179,0.5531353135313531
untouched,knn,spatter,3,extra,pooled,0.8649249528913288,0.876654440599145,0.568976897689769
untouched,knn,spatter,4,extra,pooled,0.9896451328301147,0.9903660245241572,0.056105610561056105
untouched,knn,spatter,5,extra,pooled,0.995196113670773,0.9953391088227312,0.02178217821782178
untouched,knn,saturate,1,extra,pooled,0.4974249256608829,0.4974741746905004,0.9481848184818482
untouched,knn,saturate,2,extra,pooled,0.5083293032273525,0.5052755452815978,0.9382838283828383
untouched,knn,saturate,3,extra,pooled,0.5101216656319097,0.5092105975887933,0.9429042904290429
untouched,knn,saturate,4,extra,pooled,0.5852444749425437,0.5685835691619144,0.8924092409240925
untouched,knn,saturate,5,extra,pooled,0.6722242372752126,0.6529528193318094,0.8016501650165017
untouched,discopatch,gaussian_noise,1,common,pooled,0.8755566992342798,0.8659924659774153,0.4613861386138614
untouched,discopatch,gaussian_noise,2,common,pooled,0.9493745166595867,0.9427244480315078,0.21683168316831683
untouched,discopatch,gaussian_noise,3,common,pooled,0.9857149081244758,0.981661797894487,0.062376237623762376
untouched,discopatch,gaussian_noise,4,common,pooled,0.9963832521866048,0.9936961509211785,0.01221122112211221
untouched,discopatch,gaussian_noise,5,common,pooled,0.9987325316690084,0.9970293977366411,0.0019801980198019802
untouched,discopatch,shot_noise,1,common,pooled,0.865633107865242,0.8487608373706148,0.4561056105610561
untouched,discopatch,shot_noise,2,common,pooled,0.9396414294894836,0.9290837944996221,0.23894389438943894
untouched,discopatch,shot_noise,3,common,pooled,0.9729830408783453,0.9669475151634077,0.12475247524752475
untouched,discopatch,shot_noise,4,common,pooled,0.9886026969033537,0.9850003019451189,0.04785478547854786
untouched,discopatch,shot_noise,5,common,pooled,0.9918655033820214,0.9888066229310718,0.034323432343234324
untouched,discopatch,impulse_noise,1,common,pooled,0.9206004313302617,0.9074535436893357,0.29141914191419144
untouched,discopatch,impulse_noise,2,common,pooled,0.9763372327331743,0.9706243306473219,0.10594059405940594
untouched,discopatch,impulse_noise,3,common,pooled,0.9905412323410558,0.986841054860515,0.039603960396039604
untouched,discopatch,impulse_noise,4,common,pooled,0.9979063054820334,0.9956847248407718,0.0049504950495049506
untouched,discopatch,impulse_noise,5,common,pooled,0.99889259222952,0.9972371565817926,0.0016501650165016502
untouched,discopatch,defocus_blur,1,common,pooled,0.657235347297106,0.6225869004558187,0.8306930693069307
untouched,discopatch,defocus_blur,2,common,pooled,0.7248282848086789,0.6804393484834301,0.7257425742574257
untouched,discopatch,defocus_blur,3,common,pooled,0.7947608622248363,0.7411418078066643,0.5636963696369637
untouched,discopatch,defocus_blur,4,common,pooled,0.8264598242002418,0.7686183229102276,0.4867986798679868
untouched,discopatch,defocus_blur,5,common,pooled,0.8452656057684976,0.7840703328233808,0.4521452145214521
untouched,discopatch,glass_blur,1,common,pooled,0.676018799899792,0.6385615230275916,0.804950495049505
untouched,discopatch,glass_blur,2,common,pooled,0.774767615375399,0.7331155317092041,0.6224422442244224
untouched,discopatch,glass_blur,3,common,pooled,0.8797649467917089,0.8476830424869017,0.3957095709570957
untouched,discopatch,glass_blur,4,common,pooled,0.9092695705214086,0.8838884681711416,0.3095709570957096
untouched,discopatch,glass_blur,5,common,pooled,0.9339640993802351,0.9140940477828267,0.24224422442244226
untouched,discopatch,motion_blur,1,common,pooled,0.5819115772963435,0.5608009392964911,0.9115511551155115
untouched,discopatch,motion_blur,2,common,pooled,0.6611258155518522,0.6238516869107074,0.8343234323432344
untouched,discopatch,motion_blur,3,common,pooled,0.7433660098683136,0.6956619482399042,0.69009900990099
untouched,discopatch,motion_blur,4,common,pooled,0.7992310122101319,0.7479156493954946,0.568976897689769
untouched,discopatch,motion_blur,5,common,pooled,0.8292129856550011,0.7785424192309677,0.5026402640264026
untouched,discopatch,zoom_blur,1,common,pooled,0.7446553170168502,0.6914453630674544,0.6828382838283829
untouched,discopatch,zoom_blur,2,common,pooled,0.7848169569432191,0.7287917167140125,0.602970297029703
untouched,discopatch,zoom_blur,3,common,pooled,0.8170750144321363,0.7647651215934277,0.5316831683168317
untouched,discopatch,zoom_blur,4,common,pooled,0.8337273034234116,0.7821337445203509,0.49075907590759077
untouched,discopatch,zoom_blur,5,common,pooled,0.8503263296626692,0.8030930649021885,0.466006600660066
untouched,discopatch,snow,1,common,pooled,0.7504352514459367,0.6887956107375114,0.6171617161716172
untouched,discopatch,snow,2,common,pooled,0.8349809931488198,0.7779497256280486,0.43498349834983496
untouched,discopatch,snow,3,common,pooled,0.8297517672559335,0.758653074951758,0.4171617161716172
untouched,discopatch,snow,4,common,pooled,0.8604319837924387,0.7906048917849238,0.36072607260726075
untouched,discopatch,snow,5,common,pooled,0.8371071463582002,0.7641065796132982,0.41056105610561056
untouched,discopatch,frost,1,common,pooled,0.6533804964654881,0.6012018694644485,0.7983498349834983
untouched,discopatch,frost,2,common,pooled,0.7739485235652278,0.7157468053566174,0.5993399339933994
untouched,discopatch,frost,3,common,pooled,0.8273826095480835,0.7715310701955678,0.4752475247524752
untouched,discopatch,frost,4,common,pooled,0.8418211722162315,0.7903720279687521,0.46732673267326735
untouched,discopatch,frost,5,common,pooled,0.8664808461044124,0.819220375040746,0.40264026402640263
untouched,discopatch,fog,1,common,pooled,0.6010602990992169,0.5835762271164973,0.9006600660066006
untouched,discopatch,fog,2,common,pooled,0.652031935866854,0.6297569822629572,0.8498349834983498
untouched,discopatch,fog,3,common,pooled,0.7200430241043906,0.6927131751611161,0.7541254125412541
untouched,discopatch,fog,4,common,pooled,0.7512652354344346,0.7276818516538416,0.7287128712871287
untouched,discopatch,fog,5,common,pooled,0.8364579725299263,0.817426356512891,0.5392739273927393
untouched,discopatch,brightness,1,common,pooled,0.4905468962737858,0.490109355671143,0.9481848184818482
untouched,discopatch,brightness,2,common,pooled,0.4896992669563986,0.4833684827935424,0.9419141914191419
untouched,discopatch,brightness,3,common,pooled,0.496152610310536,0.48252636640267627,0.9333333333333333
untouched,discopatch,brightness,4,common,pooled,0.5074050474354366,0.48508288206192307,0.9161716171617161
untouched,discopatch,brightness,5,common,pooled,0.5175035127275104,0.4878819907026254,0.9006600660066006
untouched,discopatch,contrast,1,common,pooled,0.5421247372261979,0.5240813004250766,0.928052805280528
untouched,discopatch,contrast,2,common,pooled,0.5641536232831204,0.5365488136364058,0.9102310231023102
untouched,discopatch,contrast,3,common,pooled,0.6026606323998737,0.5617157221775949,0.8702970297029703
untouched,discopatch,contrast,4,common,pooled,0.6878062063632105,0.6341281606358846,0.7112211221122112
untouched,discopatch,contrast,5,common,pooled,0.7745308194185755,0.727027052964129,0.5706270627062706
untouched,discopatch,elastic_transform,1,common,pooled,0.608148111840887,0.5703676464507093,0.8584158415841584
untouched,discopatch,elastic_transform,2,common,pooled,0.6400813645721007,0.5930778897010921,0.8194719471947195
untouched,discopatch,elastic_transform,3,common,pooled,0.6748048666252764,0.6190221521018927,0.762046204620462
untouched,discopatch,elastic_transform,4,common,pooled,0.6960106307660469,0.6359061211355995,0.7191419141914192
untouched,discopatch,elastic_transform,5,common,pooled,0.7176850853402172,0.6519788944597275,0.6683168316831684
untouched,discopatch,pixelate,1,common,pooled,0.5478139942707142,0.533558271404686,0.9247524752475248
untouched,discopatch,pixelate,2,common,pooled,0.555522770098792,0.5395547684378985,0.9174917491749175
untouched,discopatch,pixelate,3,common,pooled,0.6406808700672048,0.6041968591802784,0.8382838283828383
untouched,discopatch,pixelate,4,common,pooled,0.7162917578886602,0.6706868212025267,0.7234323432343235
untouched,discopatch,pixelate,5,common,pooled,0.7522342036183817,0.7016287750982093,0.6518151815181518
untouched,discopatch,jpeg_compression,1,common,pooled,0.6276627563746474,0.5671632047799731,0.8148514851485148
untouched,discopatch,jpeg_compression,2,common,pooled,0.6401387663518827,0.5681816402335944,0.7693069306930693
untouched,discopatch,jpeg_compression,3,common,pooled,0.6439669313466,0.5655428540936351,0.7442244224422442
untouched,discopatch,jpeg_compression,4,common,pooled,0.6285840168175233,0.5429930582841443,0.7174917491749175
untouched,discopatch,jpeg_compression,5,common,pooled,0.5896982321994576,0.5113566917846717,0.7313531353135313
untouched,discopatch,speckle_noise,1,extra,pooled,0.7993128124693657,0.7712968841089389,0.5815181518151815
untouched,discopatch,speckle_noise,2,extra,pooled,0.8559269243756059,0.8303176382148806,0.45544554455445546
untouched,discopatch,speckle_noise,3,extra,pooled,0.9370207713840691,0.9217501289690863,0.22343234323432343
untouched,discopatch,speckle_noise,4,extra,pooled,0.958297988214663,0.9470850766325545,0.16369636963696368
untouched,discopatch,speckle_noise,5,extra,pooled,0.9726042109161411,0.9642251661088327,0.11617161716171617
untouched,discopatch,gaussian_blur,1,extra,pooled,0.5557238397107037,0.542179872376106,0.9277227722772278
untouched,discopatch,gaussian_blur,2,extra,pooled,0.7113870099881275,0.6685675858791686,0.7442244224422442
untouched,discopatch,gaussian_blur,3,extra,pooled,0.7992661939461273,0.7483142542841137,0.5613861386138614
untouched,discopatch,gaussian_blur,4,extra,pooled,0.8375364071060571,0.7837696479160937,0.467986798679868
untouched,discopatch,gaussian_blur,5,extra,pooled,0.8644118768312474,0.8043422575456113,0.3937293729372937
untouched,discopatch,spatter,1,extra,pooled,0.5217276084044048,0.5150736527468032,0.9396039603960396
untouched,discopatch,spatter,2,extra,pooled,0.6808413118539577,0.624926956068294,0.7455445544554455
untouched,discopatch,spatter,3,extra,pooled,0.8095169318912089,0.7543666258534749,0.5168316831683168
untouched,discopatch,spatter,4,extra,pooled,0.8284344672090972,0.763068643414603,0.43597359735973595
untouched,discopatch,spatter,5,extra,pooled,0.8881900467274451,0.8301037853877269,0.2973597359735974
untouched,discopatch,saturate,1,extra,pooled,0.6493660207604919,0.6150310875826944,0.8270627062706271
untouched,discopatch,saturate,2,extra,pooled,0.7595577230990426,0.7153152230908395,0.6191419141914192
untouched,discopatch,saturate,3,extra,pooled,0.4686756200372513,0.47242800939310964,0.9554455445544554
untouched,discopatch,saturate,4,extra,pooled,0.5104768595671448,0.48318569638458403,0.904950495049505
untouched,discopatch,saturate,5,extra,pooled,0.5573117014671765,0.5006006562595475,0.8158415841584158
untouched,cdf,gaussian_noise,1,common,pooled,0.8474673506954656,0.781940539597872,0.39933993399339934
untouched,cdf,gaussian_noise,2,common,pooled,0.9376723414915749,0.895738248849931,0.1726072607260726
untouched,cdf,gaussian_noise,3,common,pooled,0.9822039233626333,0.9643850656254949,0.05577557755775578
untouched,cdf,gaussian_noise,4,common,pooled,0.9953759435349475,0.9876869869519984,0.01419141914191419
untouched,cdf,gaussian_noise,5,common,pooled,0.9986678865906392,0.9968348445959626,0.0029702970297029703
untouched,cdf,shot_noise,1,common,pooled,0.8363770436449586,0.7726568303731476,0.42244224422442245
untouched,cdf,shot_noise,2,common,pooled,0.9397888006622445,0.901574912180918,0.16996699669966997
untouched,cdf,shot_noise,3,common,pooled,0.9818657212255879,0.9652168085900029,0.058085808580858087
untouched,cdf,shot_noise,4,common,pooled,0.9965710333409579,0.9917600464513513,0.010561056105610561
untouched,cdf,shot_noise,5,common,pooled,0.9986416364408718,0.997359407837717,0.0029702970297029703
untouched,cdf,impulse_noise,1,common,pooled,0.996334455227701,0.9926824588964605,0.010561056105610561
untouched,cdf,impulse_noise,2,common,pooled,0.9975531810606804,0.9944985524627108,0.006270627062706271
untouched,cdf,impulse_noise,3,common,pooled,0.9974494875230098,0.993891512071628,0.006600660066006601
untouched,cdf,impulse_noise,4,common,pooled,0.9974053742007865,0.9930658154758276,0.006270627062706271
untouched,cdf,impulse_noise,5,common,pooled,0.9987102571643303,0.9966905523624447,0.0029702970297029703
untouched,cdf,defocus_blur,1,common,pooled,0.7496793342700606,0.6837962368524376,0.6283828382838283
untouched,cdf,defocus_blur,2,common,pooled,0.8325238266400897,0.7638914449480416,0.4303630363036304
untouched,cdf,defocus_blur,3,common,pooled,0.9097282401507477,0.8551105874903396,0.23927392739273928
untouched,cdf,defocus_blur,4,common,pooled,0.9455711313705628,0.904889046480801,0.14521452145214522
untouched,cdf,defocus_blur,5,common,pooled,0.9653227897047131,0.9349848082329566,0.0900990099009901
untouched,cdf,glass_blur,1,common,pooled,0.6628195492816609,0.6091069037916674,0.7762376237623763
untouched,cdf,glass_blur,2,common,pooled,0.7625996362012439,0.6916038754502111,0.5861386138613861
untouched,cdf,glass_blur,3,common,pooled,0.8689081680445272,0.7956416253011948,0.33135313531353133
untouched,cdf,glass_blur,4,common,pooled,0.8964699539260856,0.830018890506133,0.26798679867986797
untouched,cdf,glass_blur,5,common,pooled,0.9382039887157032,0.8883070498274777,0.1551155115511551
untouched,cdf,motion_blur,1,common,pooled,0.7286238821901992,0.6707622087822545,0.665016501650165
untouched,cdf,motion_blur,2,common,pooled,0.8339894781557363,0.7733873473958044,0.4402640264026403
untouched,cdf,motion_blur,3,common,pooled,0.9091603219727913,0.8607894567935033,0.2597359735973597
untouched,cdf,motion_blur,4,common,pooled,0.951822152512281,0.917781860968386,0.13597359735973596
untouched,cdf,motion_blur,5,common,pooled,0.9668225337385223,0.939915314469046,0.0900990099009901
untouched,cdf,zoom_blur,1,common,pooled,0.7536294916620375,0.6917598841583507,0.6310231023102311
untouched,cdf,zoom_blur,2,common,pooled,0.8218746528118158,0.7560900197706951,0.4735973597359736
untouched,cdf,zoom_blur,3,common,pooled,0.7847780718665927,0.7232277055444747,0.5564356435643565
untouched,cdf,zoom_blur,4,common,pooled,0.8251546144713481,0.7623946983791251,0.4666666666666667
untouched,cdf,zoom_blur,5,common,pooled,0.797252448017079,0.7344951107623623,0.524092409240924
untouched,cdf,snow,1,common,pooled,0.8656129573353375,0.8227932231897777,0.4013201320132013
untouched,cdf,snow,2,common,pooled,0.9428954677645982,0.912216508890032,0.17656765676567657
untouched,cdf,snow,3,common,pooled,0.9421515319848817,0.9103176981633404,0.18151815181518152
untouched,cdf,snow,4,common,pooled,0.960207713840691,0.9333058744079122,0.12178217821782178
untouched,cdf,snow,5,common,pooled,0.9558887472905706,0.9280723440619971,0.1297029702970297
untouched,cdf,frost,1,common,pooled,0.6036256793996231,0.5594427276614051,0.8250825082508251
untouched,cdf,frost,2,common,pooled,0.7131025280745896,0.6331162637023878,0.6478547854785478
untouched,cdf,frost,3,common,pooled,0.7753689725408185,0.6880621921347216,0.5343234323432343
untouched,cdf,frost,4,common,pooled,0.7799461926390658,0.6915541228525712,0.5257425742574258
untouched,cdf,frost,5,common,pooled,0.8087038307791176,0.7211003595227484,0.4782178217821782
untouched,cdf,fog,1,common,pooled,0.6255237503948414,0.5717885677294612,0.7828382838283828
untouched,cdf,fog,2,common,pooled,0.6638628021217964,0.6006246533554609,0.7244224422442245
untouched,cdf,fog,3,common,pooled,0.6910737509394503,0.6245088239206056,0.7046204620462047
untouched,cdf,fog,4,common,pooled,0.6827266390005338,0.6173041311142797,0.7138613861386138
untouched,cdf,fog,5,common,pooled,0.7013267762419806,0.631156147390252,0.6864686468646864
untouched,cdf,brightness,1,common,pooled,0.5149658530209457,0.5113995764648737,0.9316831683168317
untouched,cdf,brightness,2,common,pooled,0.5698013266673202,0.5500708018149584,0.8808580858085808
untouched,cdf,brightness,3,common,pooled,0.6340102822163405,0.5976601352605346,0.7993399339933993
untouched,cdf,brightness,4,common,pooled,0.7012759097691947,0.6509942001258795,0.6993399339933993
untouched,cdf,brightness,5,common,pooled,0.761499635112026,0.7037859595637768,0.5861386138613861
untouched,cdf,contrast,1,common,pooled,0.7067356141554749,0.6567976811673013,0.7019801980198019
untouched,cdf,contrast,2,common,pooled,0.7747494254375933,0.7202350106836786,0.5765676567656766
untouched,cdf,contrast,3,common,pooled,0.8529076670043242,0.8027029347540825,0.40957095709570956
untouched,cdf,contrast,4,common,pooled,0.9397473014628196,0.908694701191272,0.18811881188118812
untouched,cdf,contrast,5,common,pooled,0.9813672951453561,0.9674711886426088,0.060396039603960394
untouched,cdf,elastic_transform,1,common,pooled,0.5395612630569988,0.5208109767168938,0.9174917491749175
untouched,cdf,elastic_transform,2,common,pooled,0.5774792231698417,0.545101020105987,0.8867986798679868
untouched,cdf,elastic_transform,3,common,pooled,0.6404909104771863,0.5905181755290853,0.8191419141914191
untouched,cdf,elastic_transform,4,common,pooled,0.6925684845712294,0.6328676491136678,0.763036303630363
untouched,cdf,elastic_transform,5,common,pooled,0.7594653029659402,0.6941235240697005,0.643894389438944
untouched,cdf,pixelate,1,common,pooled,0.7103230620091712,0.661760286324516,0.7042904290429043
untouched,cdf,pixelate,2,common,pooled,0.7723927937348191,0.715093366423017,0.5874587458745875
untouched,cdf,pixelate,3,common,pooled,0.9230015575815007,0.886613285196103,0.23531353135313532
untouched,cdf,pixelate,4,common,pooled,0.9715494123669792,0.9543093278997818,0.08712871287128712
untouched,cdf,pixelate,5,common,pooled,0.9879474779161085,0.9809763717501938,0.03762376237623762
untouched,cdf,jpeg_compression,1,common,pooled,0.8009611258155519,0.7303618356360555,0.501980198019802
untouched,cdf,jpeg_compression,2,common,pooled,0.8880202376673311,0.8300531806859472,0.3174917491749175
untouched,cdf,jpeg_compression,3,common,pooled,0.9185383785903343,0.8696876464791297,0.23366336633663368
untouched,cdf,jpeg_compression,4,common,pooled,0.964744850722696,0.9362197757300027,0.09966996699669967
untouched,cdf,jpeg_compression,5,common,pooled,0.9824860307812959,0.9641645716604632,0.05247524752475247
untouched,cdf,speckle_noise,1,extra,pooled,0.7480225250247797,0.6900718865974842,0.6250825082508251
untouched,cdf,speckle_noise,2,extra,pooled,0.8304381923340849,0.774317614834606,0.4534653465346535
untouched,cdf,speckle_noise,3,extra,pooled,0.9544342057968173,0.9290422507124457,0.14257425742574256
untouched,cdf,speckle_noise,4,extra,pooled,0.9796163774793321,0.96599918733593,0.06732673267326733
untouched,cdf,speckle_noise,5,extra,pooled,0.9919795444891024,0.9858683503651731,0.02574257425742574
untouched,cdf,gaussian_blur,1,extra,pooled,0.6384981864523086,0.5910909128663828,0.805940594059406
untouched,cdf,gaussian_blur,2,extra,pooled,0.8221869315644436,0.7519456089851895,0.4570957095709571
untouched,cdf,gaussian_blur,3,extra,pooled,0.9109045954100361,0.8555750154185819,0.23366336633663368
untouched,cdf,gaussian_blur,4,extra,pooled,0.9511230925072706,0.9121914929780025,0.12871287128712872
untouched,cdf,gaussian_blur,5,extra,pooled,0.9812084871853523,0.9605489037655731,0.048184818481848184
untouched,cdf,spatter,1,extra,pooled,0.5129304316570271,0.5065905073220391,0.936963696369637
untouched,cdf,spatter,2,extra,pooled,0.8215841584158415,0.7794611815298731,0.5108910891089109
untouched,cdf,spatter,3,extra,pooled,0.9160348114019323,0.8860853889012257,0.27524752475247527
untouched,cdf,spatter,4,extra,pooled,0.9842469692513806,0.9765678071528987,0.057755775577557754
untouched,cdf,spatter,5,extra,pooled,0.9949845875676676,0.9916656488547815,0.016831683168316833
untouched,cdf,saturate,1,extra,pooled,0.5116063239987365,0.5014394450795632,0.9184818481848185
untouched,cdf,saturate,2,extra,pooled,0.566276454378111,0.5361237096363751,0.8699669966996699
untouched,cdf,saturate,3,extra,pooled,0.5661156858260084,0.5523805675141469,0.9155115511551155
untouched,cdf,saturate,4,extra,pooled,0.7456411680772037,0.6918937678674177,0.6656765676567656
untouched,cdf,saturate,5,extra,pooled,0.8619617902384298,0.8086745479835765,0.3818481848184819
untouched,cdf_sum,gaussian_noise,1,common,pooled,0.773044037076975,0.7116741933297038,0.5983498349834984
untouched,cdf_sum,gaussian_noise,2,common,pooled,0.8865577448833992,0.8343051196048239,0.32475247524752476
untouched,cdf_sum,gaussian_noise,3,common,pooled,0.9630023200339836,0.937292397949995,0.11782178217821782
untouched,cdf_sum,gaussian_noise,4,common,pooled,0.9907456785282489,0.9806886784229392,0.026402640264026403
untouched,cdf_sum,gaussian_noise,5,common,pooled,0.9977247328693265,0.9947124429329542,0.0046204620462046205
untouched,cdf_sum,shot_noise,1,common,pooled,0.7639405722750493,0.7039400538094633,0.6178217821782178
untouched,cdf_sum,shot_noise,2,common,pooled,0.893072138897058,0.8434092722232407,0.3023102310231023
untouched,cdf_sum,shot_noise,3,common,pooled,0.9636905967824505,0.9388558186776765,0.11221122112211221
untouched,cdf_sum,shot_noise,4,common,pooled,0.99364724591271,0.986306510870395,0.02013201320132013
untouched,cdf_sum,shot_noise,5,common,pooled,0.9977108998028515,0.9951514014358207,0.0046204620462046205
untouched,cdf_sum,impulse_noise,1,common,pooled,0.9966776677667767,0.9951250098640958,0.01089108910891089
untouched,cdf_sum,impulse_noise,2,common,pooled,0.9980628260845886,0.9971465534833482,0.0046204620462046205
untouched,cdf_sum,impulse_noise,3,common,pooled,0.9978530427300156,0.996587537530992,0.006270627062706271
untouched,cdf_sum,impulse_noise,4,common,pooled,0.9966418325000816,0.9931167711097949,0.007920792079207921
untouched,cdf_sum,impulse_noise,5,common,pooled,0.9980400614318857,0.9954489488377579,0.0039603960396039604
untouched,cdf_sum,defocus_blur,1,common,pooled,0.722020934766744,0.6643651974179545,0.6943894389438944
untouched,cdf_sum,defocus_blur,2,common,pooled,0.8083315361239094,0.7438046033895356,0.5108910891089109
untouched,cdf_sum,defocus_blur,3,common,pooled,0.8963999172194447,0.8438496028547359,0.27953795379537955
untouched,cdf_sum,defocus_blur,4,common,pooled,0.9402289535884282,0.9030431232434055,0.16864686468646864
untouched,cdf_sum,defocus_blur,5,common,pooled,0.9653550305525602,0.9400409081602871,0.10594059405940594
untouched,cdf_sum,glass_blur,1,common,pooled,0.6510800684028799,0.6052817683389173,0.8003300330033003
untouched,cdf_sum,glass_blur,2,common,pooled,0.7514533433541374,0.6880926578317502,0.636963696369637
untouched,cdf_sum,glass_blur,3,common,pooled,0.8784517857726367,0.8178800669892753,0.3465346534653465
untouched,cdf_sum,glass_blur,4,common,pooled,0.9055128582165147,0.8509267446025408,0.2702970297029703
untouched,cdf_sum,glass_blur,5,common,pooled,0.9437993007221515,0.9042644790054463,0.15775577557755777
untouched,cdf_sum,motion_blur,1,common,pooled,0.7107331525231732,0.6605321557331132,0.7207920792079208
untouched,cdf_sum,motion_blur,2,common,pooled,0.8251824984478646,0.7705303188524149,0.4881188118811881
untouched,cdf_sum,motion_blur,3,common,pooled,0.9129476412987834,0.8717279440253005,0.2617161716171617
untouched,cdf_sum,motion_blur,4,common,pooled,0.9602672940561383,0.9360405971353685,0.1254125412541254
untouched,cdf_sum,motion_blur,5,common,pooled,0.9754650415536603,0.9579774276409085,0.07920792079207921
untouched,cdf_sum,zoom_blur,1,common,pooled,0.770682177128604,0.7128760419689917,0.6036303630363037
untouched,cdf_sum,zoom_blur,2,common,pooled,0.8488641636440872,0.7910936877514667,0.4231023102310231
untouched,cdf_sum,zoom_blur,3,common,pooled,0.8182196734524938,0.7607518070742812,0.5072607260726073
untouched,cdf_sum,zoom_blur,4,common,pooled,0.861479266738555,0.8064964902635253,0.3943894389438944
untouched,cdf_sum,zoom_blur,5,common,pooled,0.8348095502619569,0.7771600081030064,0.45445544554455447
untouched,cdf_sum,snow,1,common,pooled,0.8457560805585509,0.8187545041498874,0.5118811881188119
untouched,cdf_sum,snow,2,common,pooled,0.9169491008506792,0.8920626091485807,0.2887788778877888
untouched,cdf_sum,snow,3,common,pooled,0.9245170952738838,0.9015297883019258,0.26897689768976896
untouched,cdf_sum,snow,4,common,pooled,0.9453817163894608,0.9239908548024036,0.20033003300330032
untouched,cdf_sum,snow,5,common,pooled,0.9330956660022438,0.9076917891146056,0.22013201320132014
untouched,cdf_sum,frost,1,common,pooled,0.5650431874870655,0.5332035718888051,0.8726072607260726
untouched,cdf_sum,frost,2,common,pooled,0.6665117798908604,0.6017823819462732,0.7468646864686469
untouched,cdf_sum,frost,3,common,pooled,0.7308319445805966,0.657498542512394,0.6557755775577557
untouched,cdf_sum,frost,4,common,pooled,0.7376694006034267,0.6636820415540077,0.642904290429043
untouched,cdf_sum,frost,5,common,pooled,0.7689812001002081,0.6946076570266639,0.600990099009901
untouched,cdf_sum,fog,1,common,pooled,0.5777103551939352,0.5440389520955626,0.8636963696369637
untouched,cdf_sum,fog,2,common,pooled,0.6039571283861059,0.5623395912303353,0.833993399339934
untouched,cdf_sum,fog,3,common,pooled,0.6257252556938863,0.5804390392098868,0.8198019801980198
untouched,cdf_sum,fog,4,common,pooled,0.6233661187900968,0.5808373047501617,0.8237623762376237
untouched,cdf_sum,fog,5,common,pooled,0.6426721781089,0.596650749769277,0.7940594059405941
untouched,cdf_sum,brightness,1,common,pooled,0.5054301865830148,0.5027444651765325,0.9356435643564357
untouched,cdf_sum,brightness,2,common,pooled,0.5414245880033548,0.5267009752471195,0.9135313531353135
untouched,cdf_sum,brightness,3,common,pooled,0.5867469964818264,0.5587396312068713,0.8732673267326733
untouched,cdf_sum,brightness,4,common,pooled,0.6379910466294154,0.5973954388756719,0.8174917491749175
untouched,cdf_sum,brightness,5,common,pooled,0.6889213475803025,0.6393140301711941,0.7396039603960396
untouched,cdf_sum,contrast,1,common,pooled,0.6412099031685347,0.6049173328342599,0.8148514851485148
untouched,cdf_sum,contrast,2,common,pooled,0.6960243549107386,0.6522980982158646,0.7386138613861386
untouched,cdf_sum,contrast,3,common,pooled,0.7707888115544228,0.7230549580495391,0.6171617161716172
untouched,cdf_sum,contrast,4,common,pooled,0.8843463059177205,0.84548687906404,0.3567656765676568
untouched,cdf_sum,contrast,5,common,pooled,0.9611174285745406,0.9415577488502991,0.13135313531353135
untouched,cdf_sum,elastic_transform,1,common,pooled,0.5560085612521648,0.5374920491580988,0.9204620462046205
untouched,cdf_sum,elastic_transform,2,common,pooled,0.6040353342264919,0.5744578881460654,0.8848184818481848
untouched,cdf_sum,elastic_transform,3,common,pooled,0.681511398664619,0.6421494508132597,0.8082508250825082
untouched,cdf_sum,elastic_transform,4,common,pooled,0.7427606225969131,0.702549776091833,0.7333333333333333
untouched,cdf_sum,elastic_transform,5,common,pooled,0.8174432789813635,0.7818117139356175,0.596039603960396
untouched,cdf_sum,pixelate,1,common,pooled,0.7215408620069927,0.6754858751164894,0.699009900990099
untouched,cdf_sum,pixelate,2,common,pooled,0.7903436482262087,0.7369358684182826,0.568976897689769
untouched,cdf_sum,pixelate,3,common,pooled,0.9327975470814408,0.9024730415552561,0.20693069306930692
untouched,cdf_sum,pixelate,4,common,pooled,0.9754300776612315,0.9634201153265731,0.08283828382838283
untouched,cdf_sum,pixelate,5,common,pooled,0.9898222396497075,0.9854359798639197,0.033003300330033
untouched,cdf_sum,jpeg_compression,1,common,pooled,0.8111040311951987,0.7479947027713018,0.5161716171617162
untouched,cdf_sum,jpeg_compression,2,common,pooled,0.9022000021784357,0.8541872923646695,0.29174917491749175
untouched,cdf_sum,jpeg_compression,3,common,pooled,0.9309247459399406,0.8915582596958486,0.21287128712871287
untouched,cdf_sum,jpeg_compression,4,common,pooled,0.9741023211232014,0.9534626093241909,0.0891089108910891
untouched,cdf_sum,jpeg_compression,5,common,pooled,0.988764718055964,0.9768045978798591,0.03234323432343234
untouched,cdf_sum,speckle_noise,1,extra,pooled,0.6841141935975775,0.6351539004303987,0.7471947194719472
untouched,cdf_sum,speckle_noise,2,extra,pooled,0.7663022143798538,0.7102152249215922,0.6194719471947194
untouched,cdf_sum,speckle_noise,3,extra,pooled,0.9233874674596172,0.8865946415251916,0.23597359735973597
untouched,cdf_sum,speckle_noise,4,extra,pooled,0.9640860917774946,0.9423113061509341,0.11716171617161716
untouched,cdf_sum,speckle_noise,5,extra,pooled,0.9858708841181147,0.9749117663590009,0.041254125412541254
untouched,cdf_sum,gaussian_blur,1,extra,pooled,0.6162294546286312,0.579376442929874,0.8465346534653465
untouched,cdf_sum,gaussian_blur,2,extra,pooled,0.7943750612685031,0.7297564969759858,0.5429042904290429
untouched,cdf_sum,gaussian_blur,3,extra,pooled,0.8965152653879249,0.8430967325219721,0.27821782178217824
untouched,cdf_sum,gaussian_blur,4,extra,pooled,0.9451243342155998,0.909085959153547,0.15346534653465346
untouched,cdf_sum,gaussian_blur,5,extra,pooled,0.9827475519829211,0.9672462966452557,0.04884488448844884
untouched,cdf_sum,spatter,1,extra,pooled,0.5403209924952891,0.5325052099872789,0.925082508250825
untouched,cdf_sum,spatter,2,extra,pooled,0.868965896589659,0.8545588242857693,0.48052805280528055
untouched,cdf_sum,spatter,3,extra,pooled,0.9236600986831356,0.9086754638449963,0.2933993399339934
untouched,cdf_sum,spatter,4,extra,pooled,0.9934929037458201,0.9918487342230623,0.02574257425742574
untouched,cdf_sum,spatter,5,extra,pooled,0.9981539936171835,0.9976825793014656,0.006270627062706271
untouched,cdf_sum,saturate,1,extra,pooled,0.5004796370726181,0.4966053179437204,0.9409240924092409
untouched,cdf_sum,saturate,2,extra,pooled,0.5318053240967661,0.516459199421822,0.9204620462046205
untouched,cdf_sum,saturate,3,extra,pooled,0.5336286747486629,0.5259435425643406,0.933993399339934
untouched,cdf_sum,saturate,4,extra,pooled,0.6625054188587176,0.6186903510268825,0.7877887788778878
untouched,cdf_sum,saturate,5,extra,pooled,0.7729561371978783,0.719937872365467,0.6036303630363037
untouched,niqe,gaussian_noise,1,common,pooled,0.9109688592621639,0.835652538707446,0.24422442244224424
untouched,niqe,gaussian_noise,2,common,pooled,0.9655364942434838,0.9170131399623757,0.07491749174917492
untouched,niqe,gaussian_noise,3,common,pooled,0.9882815410253897,0.9704430737525708,0.02277227722772277
untouched,niqe,gaussian_noise,4,common,pooled,0.9980939777146032,0.9929859173888379,0.0033003300330033004
untouched,niqe,gaussian_noise,5,common,pooled,0.99950429696435,0.9973004283230431,0.0006600660066006601
untouched,niqe,shot_noise,1,common,pooled,0.8752702894051781,0.7966821392058244,0.34917491749174917
untouched,niqe,shot_noise,2,common,pooled,0.9500412813558584,0.8976662435196056,0.12706270627062707
untouched,niqe,shot_noise,3,common,pooled,0.979056301669771,0.95357664875867,0.046534653465346534
untouched,niqe,shot_noise,4,common,pooled,0.9955486934832097,0.9903802535584083,0.01287128712871287
untouched,niqe,shot_noise,5,common,pooled,0.9987466370399416,0.9963153044626453,0.0033003300330033004
untouched,niqe,impulse_noise,1,common,pooled,0.9924202420242024,0.9911140083696038,0.0372937293729373
untouched,niqe,impulse_noise,2,common,pooled,0.9971631321547997,0.9965818908384488,0.017161716171617162
untouched,niqe,impulse_noise,3,common,pooled,0.9981021468483482,0.9976322898402027,0.01155115511551155
untouched,niqe,impulse_noise,4,common,pooled,0.9987133069742617,0.9977728963195444,0.0049504950495049506
untouched,niqe,impulse_noise,5,common,pooled,0.9983315361239095,0.9949246633785991,0.0033003300330033004
untouched,niqe,defocus_blur,1,common,pooled,0.996550338202137,0.9919412439623616,0.01155115511551155
untouched,niqe,defocus_blur,2,common,pooled,0.9988044745068566,0.9958906948580988,0.0029702970297029703
untouched,niqe,defocus_blur,3,common,pooled,0.9991630450173731,0.9970488132894331,0.0016501650165016502
untouched,niqe,defocus_blur,4,common,pooled,0.9994219520961998,0.9975184824027599,0.0009900990099009901
untouched,niqe,defocus_blur,5,common,pooled,0.9995259723992201,0.9976781357047786,0.0006600660066006601
untouched,niqe,glass_blur,1,common,pooled,0.9768261281573702,0.941216724677387,0.037953795379537955
untouched,niqe,glass_blur,2,common,pooled,0.9923297280223072,0.9793311343127591,0.01221122112211221
untouched,niqe,glass_blur,3,common,pooled,0.9911342025291638,0.9751024521993371,0.01287128712871287
untouched,niqe,glass_blur,4,common,pooled,0.9937376509928221,0.9823750269132816,0.010561056105610561
untouched,niqe,glass_blur,5,common,pooled,0.9986999095949199,0.9946766235331356,0.0019801980198019802
untouched,niqe,motion_blur,1,common,pooled,0.9680398435883192,0.9375738073673525,0.0768976897689769
untouched,niqe,motion_blur,2,common,pooled,0.9795729176878084,0.9609710826619793,0.049174917491749175
untouched,niqe,motion_blur,3,common,pooled,0.9849756559814398,0.9726385433297493,0.037953795379537955
untouched,niqe,motion_blur,4,common,pooled,0.9880227428683462,0.9789769510922879,0.03399339933993399
untouched,niqe,motion_blur,5,common,pooled,0.9892063958871135,0.9811822722002499,0.03135313531353135
untouched,niqe,zoom_blur,1,common,pooled,0.8902984456861528,0.8635605209348541,0.38415841584158417
untouched,niqe,zoom_blur,2,common,pooled,0.9135011818013484,0.8896841383325333,0.3201320132013201
untouched,niqe,zoom_blur,3,common,pooled,0.8854074219303119,0.8477630809019526,0.35247524752475246
untouched,niqe,zoom_blur,4,common,pooled,0.9013937631386901,0.8658760973202302,0.31584158415841584
untouched,niqe,zoom_blur,5,common,pooled,0.8499620952194229,0.8024557804083263,0.43564356435643564
untouched,niqe,snow,1,common,pooled,0.8841358690324478,0.8557432651711548,0.403960396039604
untouched,niqe,snow,2,common,pooled,0.9675755100262502,0.9486002237760205,0.09735973597359736
untouched,niqe,snow,3,common,pooled,0.9442755067585966,0.9132979677572606,0.18085808580858087
untouched,niqe,snow,4,common,pooled,0.9658130466511998,0.9434787239482585,0.09900990099009901
untouched,niqe,snow,5,common,pooled,0.9837745754773497,0.9747626922728582,0.04686468646864687
untouched,niqe,frost,1,common,pooled,0.4846412661068087,0.4867931605527302,0.9419141914191419
untouched,niqe,frost,2,common,pooled,0.6121631866156912,0.5714394426574866,0.8544554455445544
untouched,niqe,frost,3,common,pooled,0.6918614732760405,0.6418032866688406,0.7580858085808581
untouched,niqe,frost,4,common,pooled,0.7042902111993378,0.6524985644826824,0.7501650165016501
untouched,niqe,frost,5,common,pooled,0.7474364169090176,0.6901349563647806,0.6594059405940594
untouched,niqe,fog,1,common,pooled,0.6424384319620081,0.6370051371280068,0.903960396039604
untouched,niqe,fog,2,common,pooled,0.6826043198379244,0.6774283353827598,0.8735973597359736
untouched,niqe,fog,3,common,pooled,0.7262728054983716,0.7217745351971003,0.8244224422442245
untouched,niqe,fog,4,common,pooled,0.736103105360041,0.7308132468069337,0.8227722772277227
untouched,niqe,fog,5,common,pooled,0.7666656863706173,0.7532226587488136,0.7696369636963697
untouched,niqe,brightness,1,common,pooled,0.4744730908734438,0.4832162075501695,0.9580858085808581
untouched,niqe,brightness,2,common,pooled,0.4563200775523097,0.47352616437108863,0.9636963696369637
untouched,niqe,brightness,3,common,pooled,0.4492767593591042,0.4718000336337738,0.9610561056105611
untouched,niqe,brightness,4,common,pooled,0.4507616900303892,0.4757699892481227,0.9607260726072607
untouched,niqe,brightness,5,common,pooled,0.466378459628141,0.4888561233007753,0.9574257425742574
untouched,niqe,contrast,1,common,pooled,0.6294844731997953,0.6231315324310787,0.9122112211221122
untouched,niqe,contrast,2,common,pooled,0.6906846823296191,0.6825097382512524,0.8584158415841584
untouched,niqe,contrast,3,common,pooled,0.7842681000773345,0.7731030848666712,0.7287128712871287
untouched,niqe,contrast,4,common,pooled,0.9229504732651483,0.9096078456370386,0.3231023102310231
untouched,niqe,contrast,5,common,pooled,0.9842898844339879,0.9793490214060833,0.056105610561056105
untouched,niqe,elastic_transform,1,common,pooled,0.563118975263863,0.5398891320510237,0.8927392739273927
untouched,niqe,elastic_transform,2,common,pooled,0.5436770904813254,0.5265233023567761,0.901980198019802
untouched,niqe,elastic_transform,3,common,pooled,0.5182220697317257,0.5083350300295802,0.9102310231023102
untouched,niqe,elastic_transform,4,common,pooled,0.5048897166944417,0.49865949037661594,0.9224422442244224
untouched,niqe,elastic_transform,5,common,pooled,0.49505876330207277,0.4906624497242891,0.9287128712871288
untouched,niqe,pixelate,1,common,pooled,0.9560262065810542,0.9079196765851514,0.1
untouched,niqe,pixelate,2,common,pooled,0.9456058774194251,0.9091864589105678,0.1537953795379538
untouched,niqe,pixelate,3,common,pooled,0.9730726835059743,0.9542434836715491,0.06435643564356436
untouched,niqe,pixelate,4,common,pooled,0.9951545055495649,0.9918934798568065,0.01353135313531353
untouched,niqe,pixelate,5,common,pooled,0.9949937369974621,0.9903746274472413,0.01155115511551155
untouched,niqe,jpeg_compression,1,common,pooled,0.8992020390157828,0.8693616365821386,0.31815181518151814
untouched,niqe,jpeg_compression,2,common,pooled,0.9508376085133265,0.9317756273745188,0.16006600660066006
untouched,niqe,jpeg_compression,3,common,pooled,0.9657888660153144,0.9517203730030587,0.11188118811881188
untouched,niqe,jpeg_compression,4,common,pooled,0.9863866287618861,0.9809265276456675,0.04422442244224423
untouched,niqe,jpeg_compression,5,common,pooled,0.9944739622477099,0.9922684681510396,0.02178217821782178
untouched,niqe,speckle_noise,1,extra,pooled,0.7519084185646288,0.6775424179103495,0.6247524752475248
untouched,niqe,speckle_noise,2,extra,pooled,0.8212724242721302,0.7481255923499326,0.49075907590759077
untouched,niqe,speckle_noise,3,extra,pooled,0.9273007003670664,0.878265011427178,0.22508250825082507
untouched,niqe,speckle_noise,4,extra,pooled,0.9562371880752432,0.9231278089527345,0.12574257425742574
untouched,niqe,speckle_noise,5,extra,pooled,0.976094173773813,0.9594151977096006,0.059735973597359736
untouched,niqe,gaussian_blur,1,extra,pooled,0.9842923896350031,0.9606594788360671,0.02706270627062706
untouched,niqe,gaussian_blur,2,extra,pooled,0.9988849677046913,0.9955224012096437,0.0016501650165016502
untouched,niqe,gaussian_blur,3,extra,pooled,0.9994169416941694,0.9974100832413069,0.0006600660066006601
untouched,niqe,gaussian_blur,4,extra,pooled,0.9995749872016905,0.9977389884833746,0.0006600660066006601
untouched,niqe,gaussian_blur,5,extra,pooled,0.9996550447123921,0.9978356615918309,0.00033003300330033004
untouched,niqe,spatter,1,extra,pooled,0.49965940158372274,0.4995243956057581,0.9488448844884488
untouched,niqe,spatter,2,extra,pooled,0.6980211090415972,0.6623444105011398,0.7917491749174917
untouched,niqe,spatter,3,extra,pooled,0.8518191027023494,0.8200507632268422,0.49075907590759077
untouched,niqe,spatter,4,extra,pooled,0.7443788735309175,0.6757149854681447,0.6283828382838283
untouched,niqe,spatter,5,extra,pooled,0.8841066779945321,0.832201853132294,0.33564356435643566
untouched,niqe,saturate,1,extra,pooled,0.47229982899280026,0.47546793069373283,0.9564356435643564
untouched,niqe,saturate,2,extra,pooled,0.4610939559302465,0.46723640355301443,0.9594059405940594
untouched,niqe,saturate,3,extra,pooled,0.4493997865133048,0.46061140923853955,0.9610561056105611
untouched,niqe,saturate,4,extra,pooled,0.3949502772059384,0.4260106371211171,0.9726072607260726
untouched,niqe,saturate,5,extra,pooled,0.4373659445152436,0.44561908717423476,0.9488448844884488
untouched,niqe_default,gaussian_noise,1,common,pooled,0.9922554433661188,0.9860181511583777,0.026072607260726074
untouched,niqe_default,gaussian_noise,2,common,pooled,0.9976738663965407,0.9949013116621591,0.006930693069306931
untouched,niqe_default,gaussian_noise,3,common,pooled,0.9994267446546635,0.9982979170669037,0.0019801980198019802
untouched,niqe_default,gaussian_noise,4,common,pooled,0.9997688679759065,0.999606682399752,0.00033003300330033004
untouched,niqe_default,gaussian_noise,5,common,pooled,0.9999740766155824,0.9999730157571594,0.00033003300330033004
untouched,niqe_default,shot_noise,1,common,pooled,0.9863193150998268,0.977713686124243,0.04521452145214522
untouched,niqe_default,shot_noise,2,common,pooled,0.9959176115631365,0.9927120053834564,0.013861386138613862
untouched,niqe_default,shot_noise,3,common,pooled,0.9986184361010358,0.9970495876680951,0.0036303630363036304
untouched,niqe_default,shot_noise,4,common,pooled,0.9996182291496476,0.9991048473996494,0.0009900990099009901
untouched,niqe_default,shot_noise,5,common,pooled,0.9998005642148373,0.9996994756363442,0.00033003300330033004
untouched,niqe_default,impulse_noise,1,common,pooled,0.9981374375061268,0.9972704320588686,0.006600660066006601
untouched,niqe_default,impulse_noise,2,common,pooled,0.9992218627803374,0.9988291797713428,0.0029702970297029703
untouched,niqe_default,impulse_noise,3,common,pooled,0.9994800074066813,0.9991819685969198,0.0019801980198019802
untouched,niqe_default,impulse_noise,4,common,pooled,0.999692949492969,0.9993646136915081,0.0006600660066006601
untouched,niqe_default,impulse_noise,5,common,pooled,0.9996748684769468,0.9986481377441203,0.00033003300330033004
untouched,niqe_default,defocus_blur,1,common,pooled,0.9674209500157936,0.9268920951560001,0.06105610561056106
untouched,niqe_default,defocus_blur,2,common,pooled,0.9874280299317061,0.9685900230856187,0.026072607260726074
untouched,niqe_default,defocus_blur,3,common,pooled,0.9948297007918614,0.986246853693158,0.01155115511551155
untouched,niqe_default,defocus_blur,4,common,pooled,0.9972263067890947,0.9925409902828906,0.005280528052805281
untouched,niqe_default,defocus_blur,5,common,pooled,0.9982487555686261,0.9953637375326638,0.0033003300330033004
untouched,niqe_default,glass_blur,1,common,pooled,0.8184172575673409,0.7179604522929786,0.3891089108910891
untouched,niqe_default,glass_blur,2,common,pooled,0.937368558638042,0.8637484665659305,0.11518151815181518
untouched,niqe_default,glass_blur,3,common,pooled,0.9406675816096461,0.8659240484440189,0.1033003300330033
untouched,niqe_default,glass_blur,4,common,pooled,0.9563888071975515,0.8953724647187861,0.06963696369636964
untouched,niqe_default,glass_blur,5,common,pooled,0.9865460902525897,0.962810340710823,0.02277227722772277
untouched,niqe_default,motion_blur,1,common,pooled,0.8975789955233147,0.8397083380186368,0.27623762376237626
untouched,niqe_default,motion_blur,2,common,pooled,0.9411303902667495,0.8985933735147227,0.16501650165016502
untouched,niqe_default,motion_blur,3,common,pooled,0.9636200154668932,0.934739442219032,0.09570957095709572
untouched,niqe_default,motion_blur,4,common,pooled,0.9750797852062434,0.9549534984049773,0.06732673267326733
untouched,niqe_default,motion_blur,5,common,pooled,0.9792114062891437,0.9621046645220722,0.056105610561056105
untouched,niqe_default,zoom_blur,1,common,pooled,0.7451896872855602,0.700126492997281,0.6808580858085809
untouched,niqe_default,zoom_blur,2,common,pooled,0.7965969567253756,0.7503670519824639,0.5792079207920792
untouched,niqe_default,zoom_blur,3,common,pooled,0.7444851811913865,0.6979104464777988,0.6745874587458746
untouched,niqe_default,zoom_blur,4,common,pooled,0.7755979261292466,0.7265664834029074,0.6145214521452145
untouched,niqe_default,zoom_blur,5,common,pooled,0.6757686065636267,0.6356330565074245,0.7854785478547854
untouched,niqe_default,snow,1,common,pooled,0.854933830016665,0.8137203770962979,0.4495049504950495
untouched,niqe_default,snow,2,common,pooled,0.9579813525907046,0.9349080523575158,0.11914191419141915
untouched,niqe_default,snow,3,common,pooled,0.9179276541515538,0.8748304363789238,0.23234323432343235
untouched,niqe_default,snow,4,common,pooled,0.945661209685325,0.9116176498200483,0.14323432343234324
untouched,niqe_default,snow,5,common,pooled,0.9792736006273894,0.9677786900208011,0.0594059405940594
untouched,niqe_default,frost,1,common,pooled,0.3227989630646233,0.4087877068755967,0.9910891089108911
untouched,niqe_default,frost,2,common,pooled,0.29778376847585747,0.3838429282294145,0.9858085808580858
untouched,niqe_default,frost,3,common,pooled,0.3255354050256511,0.3960829386456964,0.9775577557755776
untouched,niqe_default,frost,4,common,pooled,0.32063098389046824,0.38972033249761406,0.9778877887788779
untouched,niqe_default,frost,5,common,pooled,0.33996470934222134,0.39511201228420245,0.972937293729373
untouched,niqe_default,fog,1,common,pooled,0.616431395614809,0.5914352601464807,0.8683168316831683
untouched,niqe_default,fog,2,common,pooled,0.6531335707828209,0.6240224610551122,0.8323432343234324
untouched,niqe_default,fog,3,common,pooled,0.6933028352340185,0.6631035001230263,0.7920792079207921
untouched,niqe_default,fog,4,common,pooled,0.6955815878617565,0.6642982525122791,0.7821782178217822
untouched,niqe_default,fog,5,common,pooled,0.7110404208737705,0.6722364141686317,0.7627062706270628
untouched,niqe_default,brightness,1,common,pooled,0.4905793549651995,0.4969527109611438,0.9537953795379538
untouched,niqe_default,brightness,2,common,pooled,0.48703841671295844,0.4955639853706554,0.9570957095709571
untouched,niqe_default,brightness,3,common,pooled,0.4902605409055757,0.5004385769910881,0.9554455445544554
untouched,niqe_default,brightness,4,common,pooled,0.49777799562134434,0.5071009482349742,0.9508250825082508
untouched,niqe_default,brightness,5,common,pooled,0.512670544282151,0.5197951749392082,0.9458745874587459
untouched,niqe_default,contrast,1,common,pooled,0.6098564410896535,0.5846261462152954,0.8732673267326733
untouched,niqe_default,contrast,2,common,pooled,0.6677050180265551,0.6343769741056904,0.8102310231023102
untouched,niqe_default,contrast,3,common,pooled,0.7612691566186321,0.7231399693037168,0.6587458745874587
untouched,niqe_default,contrast,4,common,pooled,0.9097749675957695,0.8823211915238892,0.2943894389438944
untouched,niqe_default,contrast,5,common,pooled,0.980691980089098,0.9735033038019888,0.066006600660066
untouched,niqe_default,elastic_transform,1,common,pooled,0.29985644108965354,0.38363669840771475,0.9897689768976897
untouched,niqe_default,elastic_transform,2,common,pooled,0.29990382206537486,0.38342561021226196,0.9881188118811881
untouched,niqe_default,elastic_transform,3,common,pooled,0.3080845015194589,0.3846472285804411,0.9844884488448845
untouched,niqe_default,elastic_transform,4,common,pooled,0.32818133298478364,0.39119253916798463,0.9792079207920792
untouched,niqe_default,elastic_transform,5,common,pooled,0.3698349834983498,0.4075638799977264,0.9630363036303631
untouched,niqe_default,pixelate,1,common,pooled,0.9275500223289656,0.8582663648174755,0.16666666666666666
untouched,niqe_default,pixelate,2,common,pooled,0.924273219401148,0.8788204550477355,0.21254125412541255
untouched,niqe_default,pixelate,3,common,pooled,0.9727771787079698,0.9522065280454923,0.061386138613861385
untouched,niqe_default,pixelate,4,common,pooled,0.997089174263961,0.9950124967761091,0.007920792079207921
untouched,niqe_default,pixelate,5,common,pooled,0.9935644653574268,0.9883405227751902,0.016831683168316833
untouched,niqe_default,jpeg_compression,1,common,pooled,0.7391819974076616,0.699517658948088,0.6742574257425743
untouched,niqe_default,jpeg_compression,2,common,pooled,0.8460743500092583,0.8101065734748345,0.46864686468646866
untouched,niqe_default,jpeg_compression,3,common,pooled,0.8858618436101036,0.8541332116851494,0.35346534653465345
untouched,niqe_default,jpeg_compression,4,common,pooled,0.9545848446230761,0.9381761997953445,0.14884488448844885
untouched,niqe_default,jpeg_compression,5,common,pooled,0.9818912089228725,0.9747295691141099,0.0594059405940594
untouched,niqe_default,speckle_noise,1,extra,pooled,0.9499386770360204,0.9318025895499478,0.1788778877887789
untouched,niqe_default,speckle_noise,2,extra,pooled,0.9720355302857019,0.9599867592444605,0.10165016501650165
untouched,niqe_default,speckle_noise,3,extra,pooled,0.992481564988182,0.9881581309288776,0.02706270627062706
untouched,niqe_default,speckle_noise,4,extra,pooled,0.996014334106678,0.9935261182077052,0.01419141914191419
untouched,niqe_default,speckle_noise,5,extra,pooled,0.9980098900979207,0.9967956279563279,0.006600660066006601
untouched,niqe_default,gaussian_blur,1,extra,pooled,0.8739168273262969,0.7862274971765245,0.2881188118811881
untouched,niqe_default,gaussian_blur,2,extra,pooled,0.9844941127776144,0.9589224257525829,0.024752475247524754
untouched,niqe_default,gaussian_blur,3,extra,pooled,0.9959830735548802,0.9859053605781258,0.006600660066006601
untouched,niqe_default,gaussian_blur,4,extra,pooled,0.99753150562581,0.9918292136657029,0.0033003300330033004
untouched,niqe_default,gaussian_blur,5,extra,pooled,0.9991008506791274,0.9968835467714985,0.0019801980198019802
untouched,niqe_default,spatter,1,extra,pooled,0.4941071136816652,0.49587034764430143,0.9504950495049505
untouched,niqe_default,spatter,2,extra,pooled,0.7010660174928384,0.6474666338541388,0.7326732673267327
untouched,niqe_default,spatter,3,extra,pooled,0.8571413477981461,0.8032662110910553,0.42112211221122114
untouched,niqe_default,spatter,4,extra,pooled,0.8367929070134736,0.7662089432942676,0.4264026402640264
untouched,niqe_default,spatter,5,extra,pooled,0.9241991525885261,0.8771050936853608,0.21584158415841584
untouched,niqe_default,saturate,1,extra,pooled,0.48173768366935704,0.4845937068941424,0.9514851485148514
untouched,niqe_default,saturate,2,extra,pooled,0.4727175440316309,0.47812234185180325,0.9570957095709571
untouched,niqe_default,saturate,3,extra,pooled,0.4597517127950419,0.4684612938636897,0.9544554455445544
untouched,niqe_default,saturate,4,extra,pooled,0.4255041444738533,0.4451013925358438,0.9570957095709571
untouched,niqe_default,saturate,5,extra,pooled,0.5063749741310765,0.49030430404052994,0.9277227722772278
untouched,arniqa,gaussian_noise,1,common,pooled,0.9666840941519894,0.9333170071732799,0.07095709570957096
untouched,arniqa,gaussian_noise,2,common,pooled,0.9950337112919213,0.9922280163608481,0.021122112211221122
untouched,arniqa,gaussian_noise,3,common,pooled,0.9997129911010904,0.9996038504067262,0.0006600660066006601
untouched,arniqa,gaussian_noise,4,common,pooled,0.9999882364474071,0.999988039662635,0.0
untouched,arniqa,gaussian_noise,5,common,pooled,0.999998801860384,0.9999988002752805,0.0
untouched,arniqa,shot_noise,1,common,pooled,0.9774306440545044,0.9618157392459026,0.061386138613861385
untouched,arniqa,shot_noise,2,common,pooled,0.9967338714069427,0.9951038509898965,0.01287128712871287
untouched,arniqa,shot_noise,3,common,pooled,0.9997343397706108,0.9996487820169342,0.0006600660066006601
untouched,arniqa,shot_noise,4,common,pooled,0.999993900380137,0.9999938484688982,0.0
untouched,arniqa,shot_noise,5,common,pooled,0.999997168033635,0.9999971572267479,0.0
untouched,arniqa,impulse_noise,1,common,pooled,0.99453996884837,0.9914413710728831,0.021122112211221122
untouched,arniqa,impulse_noise,2,common,pooled,0.9993946127285996,0.9989752651249696,0.0023102310231023103
untouched,arniqa,impulse_noise,3,common,pooled,0.9998359637943992,0.9997905944300263,0.00033003300330033004
untouched,arniqa,impulse_noise,4,common,pooled,0.9999899791959393,0.9999898358374104,0.0
untouched,arniqa,impulse_noise,5,common,pooled,0.9999984750950343,0.9999984723193076,0.0
untouched,arniqa,defocus_blur,1,common,pooled,0.9925656526048644,0.9891548713602014,0.027722772277227723
untouched,arniqa,defocus_blur,2,common,pooled,0.998785086429435,0.99834341201185,0.0049504950495049506
untouched,arniqa,defocus_blur,3,common,pooled,0.9998050300079513,0.9997822619539999,0.0006600660066006601
untouched,arniqa,defocus_blur,4,common,pooled,0.9998166846387609,0.9998083127797824,0.0006600660066006601
untouched,arniqa,defocus_blur,5,common,pooled,0.9995045148079165,0.9994903709211009,0.0013201320132013201
untouched,arniqa,glass_blur,1,common,pooled,0.9565876983737978,0.9259709582067471,0.10297029702970296
untouched,arniqa,glass_blur,2,common,pooled,0.9859552985001471,0.9785446110370956,0.04257425742574258
untouched,arniqa,glass_blur,3,common,pooled,0.991583504885142,0.9876607850206884,0.02838283828382838
untouched,arniqa,glass_blur,4,common,pooled,0.9944574061366532,0.9922759557189605,0.025082508250825083
untouched,arniqa,glass_blur,5,common,pooled,0.9977471707566796,0.9969589431013388,0.008580858085808581
untouched,arniqa,motion_blur,1,common,pooled,0.9538724961605072,0.9392161553132159,0.15577557755775578
untouched,arniqa,motion_blur,2,common,pooled,0.9923025520373819,0.9905747333435562,0.034323432343234324
untouched,arniqa,motion_blur,3,common,pooled,0.9981510527290353,0.9978612919530059,0.005610561056105611
untouched,arniqa,motion_blur,4,common,pooled,0.9992666296332604,0.999180252091957,0.0023102310231023103
untouched,arniqa,motion_blur,5,common,pooled,0.9992942957662103,0.9992333305335521,0.0023102310231023103
untouched,arniqa,zoom_blur,1,common,pooled,0.9458285135444238,0.935952024545951,0.20132013201320131
untouched,arniqa,zoom_blur,2,common,pooled,0.9567872430807437,0.9506722645326079,0.16402640264026402
untouched,arniqa,zoom_blur,3,common,pooled,0.9272179198117831,0.91381792690992,0.26897689768976896
untouched,arniqa,zoom_blur,4,common,pooled,0.9325294361119281,0.9216645821338183,0.2607260726072607
untouched,arniqa,zoom_blur,5,common,pooled,0.8984576675489331,0.87790148047499,0.3798679867986799
untouched,arniqa,snow,1,common,pooled,0.9367638248973412,0.9193924254300718,0.21254125412541255
untouched,arniqa,snow,2,common,pooled,0.9888619852084218,0.986660897203559,0.046534653465346534
untouched,arniqa,snow,3,common,pooled,0.9924193706499362,0.9911597387456009,0.03498349834983498
untouched,arniqa,snow,4,common,pooled,0.9979142567722119,0.997638306281432,0.007920792079207921
untouched,arniqa,snow,5,common,pooled,0.9985890272195537,0.9983661207638791,0.005610561056105611
untouched,arniqa,frost,1,common,pooled,0.9243199468461698,0.9080909434343628,0.2607260726072607
untouched,arniqa,frost,2,common,pooled,0.9443787101482426,0.9379154565774823,0.22013201320132014
untouched,arniqa,frost,3,common,pooled,0.9488634011916043,0.9448266380011644,0.20132013201320131
untouched,arniqa,frost,4,common,pooled,0.9411110021893279,0.9360425166988355,0.21782178217821782
untouched,arniqa,frost,5,common,pooled,0.9429819516605126,0.9393251030388348,0.22805280528052804
untouched,arniqa,fog,1,common,pooled,0.9687180450718339,0.9585155699856651,0.09801980198019802
untouched,arniqa,fog,2,common,pooled,0.977763617945953,0.9711273778548398,0.07392739273927393
untouched,arniqa,fog,3,common,pooled,0.9783608360836084,0.9718437040996283,0.07260726072607261
untouched,arniqa,fog,4,common,pooled,0.9761578930170245,0.9687116141705331,0.07854785478547854
untouched,arniqa,fog,5,common,pooled,0.981793288239715,0.9767779572911076,0.06897689768976897
untouched,arniqa,brightness,1,common,pooled,0.632838719515516,0.606392640389875,0.8745874587458746
untouched,arniqa,brightness,2,common,pooled,0.7998606890392009,0.7653361103625497,0.6425742574257426
untouched,arniqa,brightness,3,common,pooled,0.9035326601967127,0.8835136937300321,0.3475247524752475
untouched,arniqa,brightness,4,common,pooled,0.9590733479288522,0.9531278778174985,0.15115511551155114
untouched,arniqa,brightness,5,common,pooled,0.9838204315481053,0.9828307637951559,0.07260726072607261
untouched,arniqa,contrast,1,common,pooled,0.962194011480356,0.9540345750485479,0.12706270627062707
untouched,arniqa,contrast,2,common,pooled,0.9827382391704517,0.9793349044978636,0.06897689768976897
untouched,arniqa,contrast,3,common,pooled,0.9929328279362589,0.9916516315825322,0.036963696369636964
untouched,arniqa,contrast,4,common,pooled,0.9971044233136185,0.9966054871528258,0.016831683168316833
untouched,arniqa,contrast,5,common,pooled,0.9975676676578549,0.9971801578879369,0.011221122112211221
untouched,arniqa,elastic_transform,1,common,pooled,0.42813161019072205,0.467185973039922,0.9702970297029703
untouched,arniqa,elastic_transform,2,common,pooled,0.44154581794813147,0.47350324697434093,0.9630363036303631
untouched,arniqa,elastic_transform,3,common,pooled,0.46029599494602924,0.48171163787317905,0.9551155115511551
untouched,arniqa,elastic_transform,4,common,pooled,0.47929342439194417,0.4913677134618317,0.9455445544554455
untouched,arniqa,elastic_transform,5,common,pooled,0.5020245291855918,0.502815462460585,0.931023102310231
untouched,arniqa,pixelate,1,common,pooled,0.8986135346207889,0.8467308802386568,0.2590759075907591
untouched,arniqa,pixelate,2,common,pooled,0.9058663094032176,0.8576504557583955,0.25412541254125415
untouched,arniqa,pixelate,3,common,pooled,0.9788132971713013,0.9716913001228328,0.0702970297029703
untouched,arniqa,pixelate,4,common,pooled,0.9988654707054864,0.998669933191762,0.0046204620462046205
untouched,arniqa,pixelate,5,common,pooled,0.9985723621867137,0.9982696413536419,0.005610561056105611
untouched,arniqa,jpeg_compression,1,common,pooled,0.6000000544608917,0.5568012647460875,0.8834983498349835
untouched,arniqa,jpeg_compression,2,common,pooled,0.7890301059808951,0.7304688907155247,0.6270627062706271
untouched,arniqa,jpeg_compression,3,common,pooled,0.8781087366162359,0.8382912760570658,0.4033003300330033
untouched,arniqa,jpeg_compression,4,common,pooled,0.9796315176072062,0.975649461478853,0.07821782178217822
untouched,arniqa,jpeg_compression,5,common,pooled,0.99788985829276,0.9977216657078036,0.00825082508250825
untouched,arniqa,speckle_noise,1,extra,pooled,0.9669072748859044,0.9462744780288721,0.0924092409240924
untouched,arniqa,speckle_noise,2,extra,pooled,0.9872349116099729,0.9814527063846266,0.045874587458745876
untouched,arniqa,speckle_noise,3,extra,pooled,0.9993018113692558,0.9990782441458768,0.0023102310231023103
untouched,arniqa,speckle_noise,4,extra,pooled,0.9998396671350304,0.9998168287691734,0.00033003300330033004
untouched,arniqa,speckle_noise,5,extra,pooled,0.9999639468897384,0.9999624132691465,0.00033003300330033004
untouched,arniqa,gaussian_blur,1,extra,pooled,0.9226041564552495,0.8714723489858079,0.21254125412541255
untouched,arniqa,gaussian_blur,2,extra,pooled,0.9969337428792384,0.9957116900467983,0.014521452145214522
untouched,arniqa,gaussian_blur,3,extra,pooled,0.9995260813210034,0.999409381530762,0.0013201320132013201
untouched,arniqa,gaussian_blur,4,extra,pooled,0.9998291017220534,0.9998149706951834,0.0006600660066006601
untouched,arniqa,gaussian_blur,5,extra,pooled,0.9998204969011752,0.9998144739764467,0.0006600660066006601
untouched,arniqa,spatter,1,extra,pooled,0.5278129595137732,0.5194132532503771,0.9372937293729373
untouched,arniqa,spatter,2,extra,pooled,0.6776862290189415,0.6485065389072668,0.805940594059406
untouched,arniqa,spatter,3,extra,pooled,0.7603724035769913,0.7220171824400916,0.6501650165016502
untouched,arniqa,spatter,4,extra,pooled,0.7619828121426004,0.6748571687441899,0.6049504950495049
untouched,arniqa,spatter,5,extra,pooled,0.7936839525536712,0.7062416563986156,0.5323432343234323
untouched,arniqa,saturate,1,extra,pooled,0.9641425132612271,0.9474439418246601,0.10396039603960396
untouched,arniqa,saturate,2,extra,pooled,0.9820593296953458,0.9705037204149811,0.0462046204620462
untouched,arniqa,saturate,3,extra,pooled,0.7728044636146782,0.7309082601699854,0.6851485148514852
untouched,arniqa,saturate,4,extra,pooled,0.9821636223028244,0.980428823263187,0.07128712871287128
untouched,arniqa,saturate,5,extra,pooled,0.9942868346240564,0.994533263663614,0.03399339933993399
untouched,arniqa_proto,gaussian_noise,1,common,pooled,0.9993062771623697,0.9990505020765184,0.0016501650165016502
untouched,arniqa_proto,gaussian_noise,2,common,pooled,0.9999725517106166,0.999972055239045,0.00033003300330033004
untouched,arniqa_proto,gaussian_noise,3,common,pooled,0.9999984750950343,0.9999984754888822,0.0
untouched,arniqa_proto,gaussian_noise,4,common,pooled,0.9999997821564335,0.9999997821923694,0.0
untouched,arniqa_proto,gaussian_noise,5,common,pooled,1.0,1.0,0.0
untouched,arniqa_proto,shot_noise,1,common,pooled,0.9991860275136425,0.9989406567560177,0.0019801980198019802
untouched,arniqa_proto,shot_noise,2,common,pooled,0.9999484799965145,0.9999473387987089,0.00033003300330033004
untouched,arniqa_proto,shot_noise,3,common,pooled,0.999993900380137,0.9999938902807588,0.0
untouched,arniqa_proto,shot_noise,4,common,pooled,0.9999989107821673,0.9999989113562652,0.0
untouched,arniqa_proto,shot_noise,5,common,pooled,0.9999996732346502,0.9999996732346265,0.0
untouched,arniqa_proto,impulse_noise,1,common,pooled,0.9998188630744262,0.9998012080008959,0.0013201320132013201
untouched,arniqa_proto,impulse_noise,2,common,pooled,0.9999945539108366,0.9999945371412468,0.0
untouched,arniqa_proto,impulse_noise,3,common,pooled,0.9999994553910837,0.9999994552111666,0.0
untouched,arniqa_proto,impulse_noise,4,common,pooled,0.9999998910782167,0.9999998911141527,0.0
untouched,arniqa_proto,impulse_noise,5,common,pooled,1.0,1.0,0.0
untouched,arniqa_proto,defocus_blur,1,common,pooled,0.9998848696750863,0.9998789551797981,0.0009900990099009901
untouched,arniqa_proto,defocus_blur,2,common,pooled,0.9999642736550883,0.9999637294205973,0.00033003300330033004
untouched,arniqa_proto,defocus_blur,3,common,pooled,0.9999375878181878,0.9999357422183385,0.00033003300330033004
untouched,arniqa_proto,defocus_blur,4,common,pooled,0.9998573124639196,0.999848465812561,0.0013201320132013201
untouched,arniqa_proto,defocus_blur,5,common,pooled,0.9997339040834776,0.9997046695230709,0.0013201320132013201
untouched,arniqa_proto,glass_blur,1,common,pooled,0.9980876602511737,0.995449175134125,0.005940594059405941
untouched,arniqa_proto,glass_blur,2,common,pooled,0.9995965537147774,0.9995055705948178,0.0013201320132013201
untouched,arniqa_proto,glass_blur,3,common,pooled,0.999530002505201,0.9993937775184626,0.0013201320132013201
untouched,arniqa_proto,glass_blur,4,common,pooled,0.999570739252143,0.9994600635561861,0.0013201320132013201
untouched,arniqa_proto,glass_blur,5,common,pooled,0.9998475095034256,0.9998359288338629,0.0009900990099009901
untouched,arniqa_proto,motion_blur,1,common,pooled,0.9886590639261946,0.9856342577809537,0.05247524752475247
untouched,arniqa_proto,motion_blur,2,common,pooled,0.9973954623185091,0.9966551102100774,0.011221122112211221
untouched,arniqa_proto,motion_blur,3,common,pooled,0.9987171192366762,0.9983311911284833,0.0042904290429042905
untouched,arniqa_proto,motion_blur,4,common,pooled,0.9989689463995904,0.9986419040120732,0.0033003300330033004
untouched,arniqa_proto,motion_blur,5,common,pooled,0.998935561873019,0.9985868836844861,0.0033003300330033004
untouched,arniqa_proto,zoom_blur,1,common,pooled,0.9766781034539097,0.9633432591618296,0.0867986798679868
untouched,arniqa_proto,zoom_blur,2,common,pooled,0.9839516822969425,0.9740064450491516,0.057755775577557754
untouched,arniqa_proto,zoom_blur,3,common,pooled,0.9625630929429576,0.9393020022605892,0.12079207920792079
untouched,arniqa_proto,zoom_blur,4,common,pooled,0.969376858477927,0.9498579974254984,0.10858085808580858
untouched,arniqa_proto,zoom_blur,5,common,pooled,0.9546280865710334,0.9265460991374022,0.13762376237623763
untouched,arniqa_proto,snow,1,common,pooled,0.9094628522258167,0.8490820036957691,0.22310231023102312
untouched,arniqa_proto,snow,2,common,pooled,0.9735526473439423,0.9457212857195217,0.0745874587458746
untouched,arniqa_proto,snow,3,common,pooled,0.978273154048078,0.9567299067400741,0.058745874587458745
untouched,arniqa_proto,snow,4,common,pooled,0.9886108115762071,0.9749865244104619,0.024092409240924092
untouched,arniqa_proto,snow,5,common,pooled,0.9892529054885687,0.9759500796425609,0.020792079207920793
untouched,arniqa_proto,frost,1,common,pooled,0.8804120511061007,0.816418687199609,0.3264026402640264
untouched,arniqa_proto,frost,2,common,pooled,0.9134223224302628,0.8656704523376105,0.2429042904290429
untouched,arniqa_proto,frost,3,common,pooled,0.9266229345706848,0.8890483327304065,0.22706270627062705
untouched,arniqa_proto,frost,4,common,pooled,0.921119607010206,0.8781978496650994,0.22772277227722773
untouched,arniqa_proto,frost,5,common,pooled,0.9290148024703461,0.8913192723860057,0.21023102310231023
untouched,arniqa_proto,fog,1,common,pooled,0.9815717413325491,0.9681372106620073,0.060396039603960394
untouched,arniqa_proto,fog,2,common,pooled,0.9882721737520287,0.9798592010414579,0.036963696369636964
untouched,arniqa_proto,fog,3,common,pooled,0.9892733827838229,0.982436384382346,0.03333333333333333
untouched,arniqa_proto,fog,4,common,pooled,0.9860133538106286,0.9765579345854005,0.049174917491749175
untouched,arniqa_proto,fog,5,common,pooled,0.9858897275866201,0.9756333535907216,0.048184818481848184
untouched,arniqa_proto,brightness,1,common,pooled,0.602826955962923,0.5719763760558321,0.897029702970297
untouched,arniqa_proto,brightness,2,common,pooled,0.7360701565206026,0.6766280066928745,0.6914191419141914
untouched,arniqa_proto,brightness,3,common,pooled,0.8348823644740712,0.7761280514245359,0.4471947194719472
untouched,arniqa_proto,brightness,4,common,pooled,0.903036902700171,0.8603900786015015,0.2759075907590759
untouched,arniqa_proto,brightness,5,common,pooled,0.9437664608044963,0.9172404183795809,0.1712871287128713
untouched,arniqa_proto,contrast,1,common,pooled,0.9744720016556111,0.9624971824795238,0.10726072607260725
untouched,arniqa_proto,contrast,2,common,pooled,0.9882134649108475,0.9840181851558594,0.053465346534653464
untouched,arniqa_proto,contrast,3,common,pooled,0.9952067880055332,0.9941474640459007,0.01782178217821782
untouched,arniqa_proto,contrast,4,common,pooled,0.9983045235216591,0.9980491747778307,0.007590759075907591
untouched,arniqa_proto,contrast,5,common,pooled,0.999059569323269,0.9989431747249264,0.0033003300330033004
untouched,arniqa_proto,elastic_transform,1,common,pooled,0.5720067749349192,0.5346287426825758,0.8617161716171617
untouched,arniqa_proto,elastic_transform,2,common,pooled,0.5640222636124999,0.5261715741416408,0.8617161716171617
untouched,arniqa_proto,elastic_transform,3,common,pooled,0.561565206025553,0.5206418859019569,0.8617161716171617
untouched,arniqa_proto,elastic_transform,4,common,pooled,0.5652283545186202,0.5206726288374188,0.8475247524752475
untouched,arniqa_proto,elastic_transform,5,common,pooled,0.5749988018603841,0.524397762636192,0.835973597359736
untouched,arniqa_proto,pixelate,1,common,pooled,0.9887944537027961,0.9722313102357798,0.01782178217821782
untouched,arniqa_proto,pixelate,2,common,pooled,0.9927425415808908,0.9816472813370148,0.01155115511551155
untouched,arniqa_proto,pixelate,3,common,pooled,0.9984881656482479,0.9965733926744235,0.0033003300330033004
untouched,arniqa_proto,pixelate,4,common,pooled,0.9999313792765415,0.999928783803267,0.00033003300330033004
untouched,arniqa_proto,pixelate,5,common,pooled,0.999999564312867,0.9999995648872732,0.0
untouched,arniqa_proto,jpeg_compression,1,common,pooled,0.9905682449433062,0.9862209045481072,0.03399339933993399
untouched,arniqa_proto,jpeg_compression,2,common,pooled,0.994193815421146,0.9919606035883871,0.019471947194719473
untouched,arniqa_proto,jpeg_compression,3,common,pooled,0.9957808058033526,0.9943289240564417,0.01485148514851485
untouched,arniqa_proto,jpeg_compression,4,common,pooled,0.9982607369647856,0.9978512697911115,0.007920792079207921
untouched,arniqa_proto,jpeg_compression,5,common,pooled,0.9993765317125772,0.9992930114864731,0.0016501650165016502
untouched,arniqa_proto,speckle_noise,1,extra,pooled,0.9964100469452886,0.9949763678674397,0.01419141914191419
untouched,arniqa_proto,speckle_noise,2,extra,pooled,0.9988589353984904,0.9986018714344532,0.0042904290429042905
untouched,arniqa_proto,speckle_noise,3,extra,pooled,0.9998928209652649,0.9998893441321838,0.0009900990099009901
untouched,arniqa_proto,speckle_noise,4,extra,pooled,0.9999595900184077,0.9999590597999273,0.00033003300330033004
untouched,arniqa_proto,speckle_noise,5,extra,pooled,0.9999819189839776,0.9999818244382347,0.0
untouched,arniqa_proto,gaussian_blur,1,extra,pooled,0.9982850265224542,0.9968045288886245,0.0049504950495049506
untouched,arniqa_proto,gaussian_blur,2,extra,pooled,0.9999699375878182,0.9999695920420625,0.0
untouched,arniqa_proto,gaussian_blur,3,extra,pooled,0.9999789780958294,0.9999788359798526,0.0
untouched,arniqa_proto,gaussian_blur,4,extra,pooled,0.9999672145432364,0.9999668530313008,0.0
untouched,arniqa_proto,gaussian_blur,5,extra,pooled,0.9998836715354704,0.999880178994423,0.0009900990099009901
untouched,arniqa_proto,spatter,1,extra,pooled,0.5063888071975514,0.5003551095523412,0.9471947194719472
untouched,arniqa_proto,spatter,2,extra,pooled,0.622841224716531,0.564504860905641,0.8211221122112211
untouched,arniqa_proto,spatter,3,extra,pooled,0.7150200960690128,0.6275483502396216,0.6478547854785478
untouched,arniqa_proto,spatter,4,extra,pooled,0.6250703634719907,0.5277855546728657,0.662046204620462
untouched,arniqa_proto,spatter,5,extra,pooled,0.6656748249082334,0.553854271170358,0.5887788778877888
untouched,arniqa_proto,saturate,1,extra,pooled,0.8807758498622139,0.7963837392418478,0.2603960396039604
untouched,arniqa_proto,saturate,2,extra,pooled,0.9391365225631474,0.8731714109642331,0.11254125412541253
untouched,arniqa_proto,saturate,3,extra,pooled,0.7278316940604952,0.6653552020488297,0.7092409240924092
untouched,arniqa_proto,saturate,4,extra,pooled,0.9566860547440883,0.935200378573518,0.13366336633663367
untouched,arniqa_proto,saturate,5,extra,pooled,0.9816307769390801,0.9768589550551982,0.09669966996699669
untouched,clipiqa,gaussian_noise,1,common,pooled,0.8023383873040769,0.750593973500703,0.568976897689769
untouched,clipiqa,gaussian_noise,2,common,pooled,0.8146064111361632,0.7473988746777054,0.5092409240924093
untouched,clipiqa,gaussian_noise,3,common,pooled,0.8046754675467547,0.714303714791423,0.48316831683168315
untouched,clipiqa,gaussian_noise,4,common,pooled,0.740992930976266,0.6262466540046604,0.5227722772277228
untouched,clipiqa,gaussian_noise,5,common,pooled,0.6562843512073979,0.539937208947979,0.5623762376237624
untouched,clipiqa,shot_noise,1,common,pooled,0.7826262131163612,0.7218681909309073,0.5742574257425742
untouched,clipiqa,shot_noise,2,common,pooled,0.7805708590661047,0.6999070786034081,0.5415841584158416
untouched,clipiqa,shot_noise,3,common,pooled,0.7343810519665828,0.6381438323276101,0.5884488448844885
untouched,clipiqa,shot_noise,4,common,pooled,0.6793061137796949,0.5763232296999977,0.6168316831683168
untouched,clipiqa,shot_noise,5,common,pooled,0.6857434456316919,0.5721215113181259,0.568976897689769
untouched,clipiqa,impulse_noise,1,common,pooled,0.6280367937783877,0.5462278153364968,0.7587458745874588
untouched,clipiqa,impulse_noise,2,common,pooled,0.6791733381258918,0.5790967860783727,0.6554455445544555
untouched,clipiqa,impulse_noise,3,common,pooled,0.7020139093117232,0.5940496556128139,0.6168316831683168
untouched,clipiqa,impulse_noise,4,common,pooled,0.7156979707871777,0.5926727952973854,0.5346534653465347
untouched,clipiqa,impulse_noise,5,common,pooled,0.6895781459334053,0.5635159255530795,0.5108910891089109
untouched,clipiqa,defocus_blur,1,common,pooled,0.9021323072901349,0.859726327641717,0.29273927392739274
untouched,clipiqa,defocus_blur,2,common,pooled,0.911865721225588,0.8592666509567362,0.24719471947194718
untouched,clipiqa,defocus_blur,3,common,pooled,0.9494698232199458,0.9128953078415123,0.14323432343234324
untouched,clipiqa,defocus_blur,4,common,pooled,0.9681623261336034,0.9442026301321992,0.0933993399339934
untouched,clipiqa,defocus_blur,5,common,pooled,0.9785039048459301,0.9626526266268157,0.06072607260726073
untouched,clipiqa,glass_blur,1,common,pooled,0.9398449498415188,0.9223155322969951,0.22112211221122113
untouched,clipiqa,glass_blur,2,common,pooled,0.9423643651493863,0.919362783712135,0.19273927392739273
untouched,clipiqa,glass_blur,3,common,pooled,0.9095648574758466,0.8463112456707017,0.22937293729372937
untouched,clipiqa,glass_blur,4,common,pooled,0.9144665555664477,0.8472411056763367,0.21221122112211221
untouched,clipiqa,glass_blur,5,common,pooled,0.9123211232014291,0.8375682197025892,0.2075907590759076
untouched,clipiqa,motion_blur,1,common,pooled,0.9291079305950397,0.9126999522618089,0.2594059405940594
untouched,clipiqa,motion_blur,2,common,pooled,0.9685884281497457,0.9602432196971409,0.12145214521452145
untouched,clipiqa,motion_blur,3,common,pooled,0.984558703395092,0.979772991124546,0.059735973597359736
untouched,clipiqa,motion_blur,4,common,pooled,0.9907586946813494,0.9872664526042813,0.03498349834983498
untouched,clipiqa,motion_blur,5,common,pooled,0.9922369811238549,0.9888516127694933,0.029042904290429043
untouched,clipiqa,zoom_blur,1,common,pooled,0.957176311690575,0.9402636115781503,0.13993399339933993
untouched,clipiqa,zoom_blur,2,common,pooled,0.9687524643553465,0.9552226869209107,0.10594059405940594
untouched,clipiqa,zoom_blur,3,common,pooled,0.9394358396235664,0.9119050054869864,0.18712871287128713
untouched,clipiqa,zoom_blur,4,common,pooled,0.9496652288991275,0.9252022800851937,0.1603960396039604
untouched,clipiqa,zoom_blur,5,common,pooled,0.9210483177030574,0.8831475058623528,0.22937293729372937
untouched,clipiqa,snow,1,common,pooled,0.695611541352155,0.6447377123875592,0.7491749174917491
untouched,clipiqa,snow,2,common,pooled,0.8698541537322049,0.8242441281673818,0.3798679867986799
untouched,clipiqa,snow,3,common,pooled,0.8624541166987986,0.8265090938910329,0.44521452145214524
untouched,clipiqa,snow,4,common,pooled,0.9268220435904977,0.9077073922502402,0.25544554455445545
untouched,clipiqa,snow,5,common,pooled,0.9239525536712087,0.8993432265375508,0.2594059405940594
untouched,clipiqa,frost,1,common,pooled,0.7453939700900784,0.7033452367977804,0.6782178217821783
untouched,clipiqa,frost,2,common,pooled,0.777775817185679,0.7336765790090294,0.6168316831683168
untouched,clipiqa,frost,3,common,pooled,0.8009779542310667,0.758996603953448,0.5759075907590759
untouched,clipiqa,frost,4,common,pooled,0.7867743358494266,0.7382164133128393,0.5884488448844885
untouched,clipiqa,frost,5,common,pooled,0.7995366467339803,0.7498211209132495,0.5623762376237624
untouched,clipiqa,fog,1,common,pooled,0.6222486357546646,0.589440289343545,0.8382838283828383
untouched,clipiqa,fog,2,common,pooled,0.6578851746560794,0.6192402808474542,0.7907590759075908
untouched,clipiqa,fog,3,common,pooled,0.681071136816652,0.6375368079856261,0.7554455445544555
untouched,clipiqa,fog,4,common,pooled,0.6627764162554869,0.6161168654141624,0.7752475247524753
untouched,clipiqa,fog,5,common,pooled,0.6583129104989707,0.603725212279424,0.7834983498349835
untouched,clipiqa,brightness,1,common,pooled,0.6031642867257023,0.5792445888337624,0.8778877887788779
untouched,clipiqa,brightness,2,common,pooled,0.6759291572721629,0.6433504714871381,0.810891089108911
untouched,clipiqa,brightness,3,common,pooled,0.7170752867365945,0.6802815909378893,0.7412541254125412
untouched,clipiqa,brightness,4,common,pooled,0.7491438203226263,0.7106705627067933,0.6782178217821783
untouched,clipiqa,brightness,5,common,pooled,0.7746250912219935,0.7377230873891428,0.6316831683168317
untouched,clipiqa,contrast,1,common,pooled,0.6186261695476478,0.5835814072805845,0.8333333333333334
untouched,clipiqa,contrast,2,common,pooled,0.6750581097713731,0.6291149077614427,0.7491749174917491
untouched,clipiqa,contrast,3,common,pooled,0.7604441830321647,0.7051637298181195,0.6135313531353135
untouched,clipiqa,contrast,4,common,pooled,0.8856802165365051,0.8439205486794421,0.33828382838283827
untouched,clipiqa,contrast,5,common,pooled,0.9564212114280735,0.9370713592117916,0.14884488448844885
untouched,clipiqa,elastic_transform,1,common,pooled,0.5776502303695716,0.5523060223820084,0.9042904290429042
untouched,clipiqa,elastic_transform,2,common,pooled,0.5463509024169744,0.5236613638624215,0.9181518151815181
untouched,clipiqa,elastic_transform,3,common,pooled,0.5060337221840996,0.48570747533818937,0.9297029702970298
untouched,clipiqa,elastic_transform,4,common,pooled,0.4909794791360324,0.4706916127094738,0.9297029702970298
untouched,clipiqa,elastic_transform,5,common,pooled,0.49085530830310753,0.4627320370201629,0.9145214521452145
untouched,clipiqa,pixelate,1,common,pooled,0.8445773834809224,0.7932841282405354,0.4617161716171617
untouched,clipiqa,pixelate,2,common,pooled,0.9141965929266194,0.8847893231339324,0.2712871287128713
untouched,clipiqa,pixelate,3,common,pooled,0.9484044047969153,0.9227245891551936,0.16105610561056105
untouched,clipiqa,pixelate,4,common,pooled,0.9767843021925955,0.9656545399018768,0.07656765676567656
untouched,clipiqa,pixelate,5,common,pooled,0.9876454922719995,0.9819012985054855,0.041254125412541254
untouched,clipiqa,jpeg_compression,1,common,pooled,0.6984466119879315,0.6348988364374875,0.7145214521452146
untouched,clipiqa,jpeg_compression,2,common,pooled,0.7861457482381902,0.7217610071124707,0.5742574257425742
untouched,clipiqa,jpeg_compression,3,common,pooled,0.841025498589463,0.7853559798754256,0.45874587458745875
untouched,clipiqa,jpeg_compression,4,common,pooled,0.9226838327397097,0.8888634076246481,0.24554455445544554
untouched,clipiqa,jpeg_compression,5,common,pooled,0.9607643586140793,0.9387978578723255,0.12409240924092409
untouched,clipiqa,speckle_noise,1,extra,pooled,0.7427070875404372,0.6819258971566278,0.6462046204620462
untouched,clipiqa,speckle_noise,2,extra,pooled,0.7486835713274298,0.6777032782410923,0.6168316831683168
untouched,clipiqa,speckle_noise,3,extra,pooled,0.6744474397934843,0.5855049874303613,0.6752475247524753
untouched,clipiqa,speckle_noise,4,extra,pooled,0.6252078227624742,0.5404191729623838,0.7056105610561056
untouched,clipiqa,speckle_noise,5,extra,pooled,0.597124573843523,0.5156986535535419,0.7346534653465346
untouched,clipiqa,gaussian_blur,1,extra,pooled,0.812238614950604,0.7469521304916364,0.5161716171617162
untouched,clipiqa,gaussian_blur,2,extra,pooled,0.8782249561589822,0.8152369786790483,0.3346534653465347
untouched,clipiqa,gaussian_blur,3,extra,pooled,0.9288303978912743,0.8783063649817321,0.19273927392739273
untouched,clipiqa,gaussian_blur,4,extra,pooled,0.9611363809648291,0.9278206420033666,0.10363036303630363
untouched,clipiqa,gaussian_blur,5,extra,pooled,0.9850314783953643,0.9706996347082677,0.036303630363036306
untouched,clipiqa,spatter,1,extra,pooled,0.5089303880883138,0.5066461615907496,0.9514851485148514
untouched,clipiqa,spatter,2,extra,pooled,0.49862540709516495,0.4796318407316773,0.9372937293729373
untouched,clipiqa,spatter,3,extra,pooled,0.529268317920901,0.49416195806880764,0.907920792079208
untouched,clipiqa,spatter,4,extra,pooled,0.5320685880469235,0.5031035433666179,0.9181518151815181
untouched,clipiqa,spatter,5,extra,pooled,0.6312701913755732,0.5653653507585287,0.810891089108911
untouched,clipiqa,saturate,1,extra,pooled,0.4588111731965276,0.4677196233647878,0.9557755775577558
untouched,clipiqa,saturate,2,extra,pooled,0.38441688723327777,0.42056112343718816,0.9752475247524752
untouched,clipiqa,saturate,3,extra,pooled,0.5909344944395429,0.5722991429596308,0.8986798679867987
untouched,clipiqa,saturate,4,extra,pooled,0.6528594146543367,0.6221687788708983,0.8333333333333334
untouched,clipiqa,saturate,5,extra,pooled,0.7042804626997353,0.6508719416796975,0.7554455445544555
held_out,two_axis,gaussian_noise,1,common,pooled,0.9731399305555556,0.9386831866940804,0.07375
held_out,two_axis,gaussian_noise,2,common,pooled,0.9924211805555555,0.9793218088035064,0.021041666666666667
held_out,two_axis,gaussian_noise,3,common,pooled,0.9981552951388889,0.9952654188991282,0.005
held_out,two_axis,gaussian_noise,4,common,pooled,0.9996760416666667,0.999587520632358,0.0016666666666666668
held_out,two_axis,gaussian_noise,5,common,pooled,0.9999760416666666,0.9999749067315952,0.00020833333333333335
held_out,two_axis,shot_noise,1,common,pooled,0.9663327256944444,0.9342613844333043,0.0975
held_out,two_axis,shot_noise,2,common,pooled,0.9914309895833333,0.9817866168772497,0.025416666666666667
held_out,two_axis,shot_noise,3,common,pooled,0.9977059895833333,0.9959230494295466,0.006875
held_out,two_axis,shot_noise,4,common,pooled,0.9997125434027778,0.9996765570788235,0.0016666666666666668
held_out,two_axis,shot_noise,5,common,pooled,0.9999398003472222,0.9999375951679652,0.0004166666666666667
held_out,two_axis,impulse_noise,1,common,pooled,0.9992216145833334,0.9990132091499904,0.002916666666666667
held_out,two_axis,impulse_noise,2,common,pooled,0.9993326822916667,0.9990751854473401,0.0020833333333333333
held_out,two_axis,impulse_noise,3,common,pooled,0.9993348524305555,0.9989514362766079,0.0020833333333333333
held_out,two_axis,impulse_noise,4,common,pooled,0.9998016927083333,0.9997469629031084,0.0008333333333333334
held_out,two_axis,impulse_noise,5,common,pooled,0.9999799045138889,0.9999789891344241,0.00020833333333333335
held_out,two_axis,defocus_blur,1,common,pooled,0.9157687065972222,0.8679147053347503,0.23270833333333332
held_out,two_axis,defocus_blur,2,common,pooled,0.96845234375,0.9431806460530741,0.08520833333333333
held_out,two_axis,defocus_blur,3,common,pooled,0.9909520399305556,0.9814261269969415,0.022708333333333334
held_out,two_axis,defocus_blur,4,common,pooled,0.9961148003472222,0.9913049493826456,0.009375
held_out,two_axis,defocus_blur,5,common,pooled,0.9978508246527777,0.9950891568314606,0.004375
held_out,two_axis,glass_blur,1,common,pooled,0.8372623697916667,0.7667670769551167,0.418125
held_out,two_axis,glass_blur,2,common,pooled,0.9221041666666666,0.8705120947236283,0.20541666666666666
held_out,two_axis,glass_blur,3,common,pooled,0.9587002604166667,0.9201844466855845,0.09916666666666667
held_out,two_axis,glass_blur,4,common,pooled,0.97349375,0.9455459233049213,0.0625
held_out,two_axis,glass_blur,5,common,pooled,0.9909018229166666,0.9796110461341466,0.020416666666666666
held_out,two_axis,motion_blur,1,common,pooled,0.8377440972222222,0.773664196637454,0.4275
held_out,two_axis,motion_blur,2,common,pooled,0.9202332465277778,0.8742917719002749,0.22354166666666667
held_out,two_axis,motion_blur,3,common,pooled,0.9609605034722222,0.9334484950711581,0.10958333333333334
held_out,two_axis,motion_blur,4,common,pooled,0.9799278211805555,0.9642565992512434,0.05583333333333333
held_out,two_axis,motion_blur,5,common,pooled,0.986744921875,0.9757984809224732,0.036458333333333336
held_out,two_axis,zoom_blur,1,common,pooled,0.8543486545138889,0.803561846751436,0.41520833333333335
held_out,two_axis,zoom_blur,2,common,pooled,0.8972003472222222,0.8553388719298206,0.32
held_out,two_axis,zoom_blur,3,common,pooled,0.8900994357638888,0.8459341842690626,0.3410416666666667
held_out,two_axis,zoom_blur,4,common,pooled,0.9127064670138889,0.8738773113060765,0.27666666666666667
held_out,two_axis,zoom_blur,5,common,pooled,0.9070452690972223,0.8663284860950587,0.29520833333333335
held_out,two_axis,snow,1,common,pooled,0.8987438802083333,0.8589502354556445,0.325
held_out,two_axis,snow,2,common,pooled,0.9575726996527778,0.929031148529966,0.12979166666666667
held_out,two_axis,snow,3,common,pooled,0.9510550347222222,0.9172975538803733,0.14916666666666667
held_out,two_axis,snow,4,common,pooled,0.9621312934027778,0.9309242434173868,0.10583333333333333
held_out,two_axis,snow,5,common,pooled,0.9580651475694445,0.9258019877383512,0.11708333333333333
held_out,two_axis,frost,1,common,pooled,0.5764170572916667,0.5340230606789621,0.8460416666666667
held_out,two_axis,frost,2,common,pooled,0.6951100260416667,0.6117727804304862,0.6535416666666667
held_out,two_axis,frost,3,common,pooled,0.7589045572916666,0.6632214637865841,0.52625
held_out,two_axis,frost,4,common,pooled,0.7730174479166667,0.6784450095856476,0.5102083333333334
held_out,two_axis,frost,5,common,pooled,0.8025837673611111,0.7073265331659456,0.4533333333333333
held_out,two_axis,fog,1,common,pooled,0.8428434895833333,0.7738265063825501,0.3910416666666667
held_out,two_axis,fog,2,common,pooled,0.8843736979166666,0.8230460575078851,0.2972916666666667
held_out,two_axis,fog,3,common,pooled,0.9081189670138888,0.853071217787731,0.23104166666666667
held_out,two_axis,fog,4,common,pooled,0.9001607204861111,0.8412804220431065,0.25625
held_out,two_axis,fog,5,common,pooled,0.9146430555555556,0.8610407818053952,0.215
held_out,two_axis,brightness,1,common,pooled,0.5044410590277778,0.5016913193993184,0.9458333333333333
held_out,two_axis,brightness,2,common,pooled,0.5367406684027778,0.5211507078780087,0.9179166666666667
held_out,two_axis,brightness,3,common,pooled,0.5855506510416667,0.552688143871323,0.8639583333333334
held_out,two_axis,brightness,4,common,pooled,0.64911484375,0.5978911771809522,0.768125
held_out,two_axis,brightness,5,common,pooled,0.7163119791666667,0.651875350580244,0.6552083333333333
held_out,two_axis,contrast,1,common,pooled,0.8591780815972222,0.795185536145721,0.3620833333333333
held_out,two_axis,contrast,2,common,pooled,0.9178980034722222,0.8694686245080808,0.21541666666666667
held_out,two_axis,contrast,3,common,pooled,0.9624293402777778,0.936084483637237,0.09770833333333333
held_out,two_axis,contrast,4,common,pooled,0.990856640625,0.9844518561189776,0.025
held_out,two_axis,contrast,5,common,pooled,0.9982606336805555,0.9974175062121089,0.005
held_out,two_axis,elastic_transform,1,common,pooled,0.5442035590277777,0.5194093068553873,0.9008333333333334
held_out,two_axis,elastic_transform,2,common,pooled,0.5672921006944445,0.532538149843842,0.875625
held_out,two_axis,elastic_transform,3,common,pooled,0.60875,0.5587591095836449,0.8304166666666667
held_out,two_axis,elastic_transform,4,common,pooled,0.6480295138888889,0.5870923674612964,0.7810416666666666
held_out,two_axis,elastic_transform,5,common,pooled,0.7038858506944444,0.6322239067718644,0.695
held_out,two_axis,pixelate,1,common,pooled,0.8261288194444445,0.7589367747814248,0.4502083333333333
held_out,two_axis,pixelate,2,common,pooled,0.8881529079861111,0.8342082490226206,0.31979166666666664
held_out,two_axis,pixelate,3,common,pooled,0.9684468315972222,0.9567128544082831,0.10479166666666667
held_out,two_axis,pixelate,4,common,pooled,0.9905180555555556,0.9879055716554284,0.040625
held_out,two_axis,pixelate,5,common,pooled,0.9971821614583334,0.9967719641643775,0.01375
held_out,two_axis,jpeg_compression,1,common,pooled,0.9421745659722223,0.9121295958082677,0.233125
held_out,two_axis,jpeg_compression,2,common,pooled,0.9783857204861112,0.965829408862399,0.090625
held_out,two_axis,jpeg_compression,3,common,pooled,0.9866852430555556,0.9786024361152068,0.06041666666666667
held_out,two_axis,jpeg_compression,4,common,pooled,0.9955013888888888,0.9932743771960403,0.019166666666666665
held_out,two_axis,jpeg_compression,5,common,pooled,0.997853515625,0.9971396586682981,0.009791666666666667
held_out,two_axis,speckle_noise,1,extra,pooled,0.9169043836805556,0.8728644017729694,0.26645833333333335
held_out,two_axis,speckle_noise,2,extra,pooled,0.9571322048611111,0.9325049133703174,0.14770833333333333
held_out,two_axis,speckle_noise,3,extra,pooled,0.9918253038194444,0.9882996047024615,0.030208333333333334
held_out,two_axis,speckle_noise,4,extra,pooled,0.9965337673611111,0.9955471561159009,0.013541666666666667
held_out,two_axis,speckle_noise,5,extra,pooled,0.9987177517361111,0.9985314374655122,0.005
held_out,two_axis,gaussian_blur,1,extra,pooled,0.776280859375,0.7078655963613201,0.565625
held_out,two_axis,gaussian_blur,2,extra,pooled,0.9686819444444444,0.9423757397007794,0.080625
held_out,two_axis,gaussian_blur,3,extra,pooled,0.9926892795138889,0.9839130702730526,0.017291666666666667
held_out,two_axis,gaussian_blur,4,extra,pooled,0.9970773871527778,0.9930319437616495,0.0060416666666666665
held_out,two_axis,gaussian_blur,5,extra,pooled,0.9989836371527778,0.9977782154968656,0.0020833333333333333
held_out,two_axis,spatter,1,extra,pooled,0.5316602864583333,0.523980126761272,0.9375
held_out,two_axis,spatter,2,extra,pooled,0.8706741319444444,0.8473641829685546,0.456875
held_out,two_axis,spatter,3,extra,pooled,0.9419981336805555,0.9205654588730615,0.218125
held_out,two_axis,spatter,4,extra,pooled,0.9932809027777778,0.9916879029812194,0.027083333333333334
held_out,two_axis,spatter,5,extra,pooled,0.9972724826388889,0.9965741011850774,0.010833333333333334
held_out,two_axis,saturate,1,extra,pooled,0.5914234157986111,0.5581994735853693,0.8620833333333333
held_out,two_axis,saturate,2,extra,pooled,0.7059095703125,0.6427005526214525,0.6770833333333334
held_out,two_axis,saturate,3,extra,pooled,0.5372569661458333,0.5239428981346206,0.933125
held_out,two_axis,saturate,4,extra,pooled,0.7635138454861111,0.7020359140774943,0.6154166666666666
held_out,two_axis,saturate,5,extra,pooled,0.8691401909722222,0.8362066561518307,0.42125
held_out,peak_share,gaussian_noise,1,common,pooled,0.9724194878472222,0.946675103324059,0.06895833333333333
held_out,peak_share,gaussian_noise,2,common,pooled,0.9899525607638889,0.9782725888215307,0.023541666666666666
held_out,peak_share,gaussian_noise,3,common,pooled,0.9961314670138889,0.9913797492228662,0.008125
held_out,peak_share,gaussian_noise,4,common,pooled,0.9983244357638889,0.9969116521264072,0.00375
held_out,peak_share,gaussian_noise,5,common,pooled,0.9995594618055555,0.9994260359878465,0.00125
held_out,peak_share,shot_noise,1,common,pooled,0.9599157986111111,0.9320113613133649,0.11395833333333333
held_out,peak_share,shot_noise,2,common,pooled,0.9864187065972222,0.9742936818700731,0.03895833333333333
held_out,peak_share,shot_noise,3,common,pooled,0.9945756510416667,0.9891383033739107,0.014583333333333334
held_out,peak_share,shot_noise,4,common,pooled,0.9980374565972222,0.9966190476467802,0.004791666666666666
held_out,peak_share,shot_noise,5,common,pooled,0.9989989583333333,0.9985683004557081,0.002916666666666667
held_out,peak_share,impulse_noise,1,common,pooled,0.9870420138888889,0.9684403167531064,0.031875
held_out,peak_share,impulse_noise,2,common,pooled,0.9929826388888889,0.9786619028481771,0.014791666666666667
held_out,peak_share,impulse_noise,3,common,pooled,0.9947707465277777,0.9824397320178428,0.009583333333333333
held_out,peak_share,impulse_noise,4,common,pooled,0.9974621961805555,0.9920108118153653,0.00375
held_out,peak_share,impulse_noise,5,common,pooled,0.99930078125,0.9988486250101077,0.0016666666666666668
held_out,peak_share,defocus_blur,1,common,pooled,0.9373016493055556,0.9053033868084513,0.19645833333333335
held_out,peak_share,defocus_blur,2,common,pooled,0.9819348524305556,0.9666058301810863,0.05229166666666667
held_out,peak_share,defocus_blur,3,common,pooled,0.9949700954861112,0.9890908824365895,0.012083333333333333
held_out,peak_share,defocus_blur,4,common,pooled,0.9975266493055556,0.9947273483704953,0.004791666666666666
held_out,peak_share,defocus_blur,5,common,pooled,0.998536328125,0.9971944608056144,0.002916666666666667
held_out,peak_share,glass_blur,1,common,pooled,0.829706640625,0.773735227608931,0.45916666666666667
held_out,peak_share,glass_blur,2,common,pooled,0.9231595052083333,0.8833606239325122,0.22895833333333335
held_out,peak_share,glass_blur,3,common,pooled,0.9649532118055556,0.9351316897363662,0.09166666666666666
held_out,peak_share,glass_blur,4,common,pooled,0.9789954861111111,0.9579686503697669,0.05354166666666667
held_out,peak_share,glass_blur,5,common,pooled,0.9937884982638889,0.9856862677043959,0.014166666666666666
held_out,peak_share,motion_blur,1,common,pooled,0.8271825520833334,0.7795444915454133,0.49125
held_out,peak_share,motion_blur,2,common,pooled,0.9314051215277778,0.8987765083379233,0.21645833333333334
held_out,peak_share,motion_blur,3,common,pooled,0.9742014756944445,0.9565158720626211,0.07875
held_out,peak_share,motion_blur,4,common,pooled,0.9889794704861111,0.9791334758864124,0.030625
held_out,peak_share,motion_blur,5,common,pooled,0.9929484375,0.986100293836042,0.019166666666666665
held_out,peak_share,zoom_blur,1,common,pooled,0.865848046875,0.8291963027777901,0.41125
held_out,peak_share,zoom_blur,2,common,pooled,0.9124446180555555,0.882494371847715,0.28854166666666664
held_out,peak_share,zoom_blur,3,common,pooled,0.9091121527777778,0.8756200587206644,0.28729166666666667
held_out,peak_share,zoom_blur,4,common,pooled,0.930640625,0.9019257481784135,0.22541666666666665
held_out,peak_share,zoom_blur,5,common,pooled,0.9278332465277778,0.896729504761075,0.23020833333333332
held_out,peak_share,snow,1,common,pooled,0.7970549479166666,0.7273351642526372,0.500625
held_out,peak_share,snow,2,common,pooled,0.9260680555555556,0.8811470164276866,0.21395833333333333
held_out,peak_share,snow,3,common,pooled,0.8861016493055556,0.8250139911046092,0.299375
held_out,peak_share,snow,4,common,pooled,0.9142536458333334,0.8592065305481693,0.22645833333333334
held_out,peak_share,snow,5,common,pooled,0.9376557725694444,0.8990276862874166,0.17791666666666667
held_out,peak_share,frost,1,common,pooled,0.5720951388888889,0.5295698819127486,0.856875
held_out,peak_share,frost,2,common,pooled,0.6876374131944445,0.6049091858727457,0.6585416666666667
held_out,peak_share,frost,3,common,pooled,0.7597244791666666,0.6645529011321956,0.5085416666666667
held_out,peak_share,frost,4,common,pooled,0.7750345486111111,0.6806796287593457,0.4952083333333333
held_out,peak_share,frost,5,common,pooled,0.8093973090277777,0.715237164029389,0.42354166666666665
held_out,peak_share,fog,1,common,pooled,0.8485867621527777,0.7918464167224915,0.3983333333333333
held_out,peak_share,fog,2,common,pooled,0.9004560763888889,0.8515636822446111,0.2683333333333333
held_out,peak_share,fog,3,common,pooled,0.9276883246527777,0.8856977370028798,0.195625
held_out,peak_share,fog,4,common,pooled,0.9224367621527778,0.8757132019929055,0.2075
held_out,peak_share,fog,5,common,pooled,0.9383071614583334,0.8958974134121613,0.15791666666666668
held_out,peak_share,brightness,1,common,pooled,0.5187628472222222,0.5102305177089858,0.93375
held_out,peak_share,brightness,2,common,pooled,0.5688904513888889,0.5425972606415832,0.8983333333333333
held_out,peak_share,brightness,3,common,pooled,0.6370308159722222,0.5910365976398675,0.830625
held_out,peak_share,brightness,4,common,pooled,0.7192697482638889,0.6563972092919709,0.6839583333333333
held_out,peak_share,brightness,5,common,pooled,0.7977723524305556,0.7284783119809137,0.50375
held_out,peak_share,contrast,1,common,pooled,0.8726259548611112,0.8213072540577252,0.34729166666666667
held_out,peak_share,contrast,2,common,pooled,0.9379479166666667,0.9026982919444786,0.17125
held_out,peak_share,contrast,3,common,pooled,0.9769515625,0.9602567453045407,0.06166666666666667
held_out,peak_share,contrast,4,common,pooled,0.9950375868055555,0.9912506169726698,0.013125
held_out,peak_share,contrast,5,common,pooled,0.9989426649305555,0.9985797028524892,0.0035416666666666665
held_out,peak_share,elastic_transform,1,common,pooled,0.5064546440972222,0.501333438343094,0.9260416666666667
held_out,peak_share,elastic_transform,2,common,pooled,0.5328643229166666,0.5147024160135814,0.9077083333333333
held_out,peak_share,elastic_transform,3,common,pooled,0.5820971788194444,0.5418333506695553,0.8547916666666666
held_out,peak_share,elastic_transform,4,common,pooled,0.62336015625,0.5671922771694611,0.8029166666666666
held_out,peak_share,elastic_transform,5,common,pooled,0.6788039930555556,0.6050193713128876,0.7070833333333333
held_out,peak_share,pixelate,1,common,pooled,0.7869944444444444,0.7218329850221109,0.5304166666666666
held_out,peak_share,pixelate,2,common,pooled,0.8753034288194445,0.8132010799321031,0.320625
held_out,peak_share,pixelate,3,common,pooled,0.9605552951388889,0.9271645065894847,0.09854166666666667
held_out,peak_share,pixelate,4,common,pooled,0.9840783854166667,0.9648078720027317,0.035208333333333335
held_out,peak_share,pixelate,5,common,pooled,0.9933243055555555,0.9851647902152436,0.016041666666666666
held_out,peak_share,jpeg_compression,1,common,pooled,0.8554408854166666,0.7892056832284617,0.38416666666666666
held_out,peak_share,jpeg_compression,2,common,pooled,0.9139545572916666,0.8602033021301599,0.24854166666666666
held_out,peak_share,jpeg_compression,3,common,pooled,0.935050390625,0.8884342295671978,0.18395833333333333
held_out,peak_share,jpeg_compression,4,common,pooled,0.9649436631944445,0.9327774201556096,0.09958333333333333
held_out,peak_share,jpeg_compression,5,common,pooled,0.9781699652777778,0.9554022178949324,0.05979166666666667
held_out,peak_share,speckle_noise,1,extra,pooled,0.9027493923611111,0.862643046397472,0.2991666666666667
held_out,peak_share,speckle_noise,2,extra,pooled,0.9430023003472222,0.9151655416521753,0.188125
held_out,peak_share,speckle_noise,3,extra,pooled,0.9841006076388888,0.9736534283980569,0.05395833333333333
held_out,peak_share,speckle_noise,4,extra,pooled,0.9913788194444444,0.9852714565886775,0.02666666666666667
held_out,peak_share,speckle_noise,5,extra,pooled,0.9954603732638889,0.9922901653556102,0.014375
held_out,peak_share,gaussian_blur,1,extra,pooled,0.7778647569444445,0.7266617699794377,0.6008333333333333
held_out,peak_share,gaussian_blur,2,extra,pooled,0.9827950954861111,0.9671540829769147,0.04791666666666667
held_out,peak_share,gaussian_blur,3,extra,pooled,0.9960592013888889,0.9907513001283753,0.008125
held_out,peak_share,gaussian_blur,4,extra,pooled,0.998060546875,0.9958262890951289,0.00375
held_out,peak_share,gaussian_blur,5,extra,pooled,0.9993864149305556,0.9990507784911463,0.00125
held_out,peak_share,spatter,1,extra,pooled,0.5116364149305556,0.5037586225801428,0.940625
held_out,peak_share,spatter,2,extra,pooled,0.6699944878472223,0.5950235927371232,0.7225
held_out,peak_share,spatter,3,extra,pooled,0.8363642795138889,0.7528182317241575,0.393125
held_out,peak_share,spatter,4,extra,pooled,0.8868147135416666,0.8101214104170282,0.27229166666666665
held_out,peak_share,spatter,5,extra,pooled,0.9403095486111112,0.881949952255079,0.13520833333333335
held_out,peak_share,saturate,1,extra,pooled,0.5923996310763889,0.5605057156492632,0.85875
held_out,peak_share,saturate,2,extra,pooled,0.7311407335069444,0.6644417120624808,0.63125
held_out,peak_share,saturate,3,extra,pooled,0.5962093098958333,0.5536654265285574,0.8708333333333333
held_out,peak_share,saturate,4,extra,pooled,0.7818186631944445,0.6937420465694765,0.5020833333333333
held_out,peak_share,saturate,5,extra,pooled,0.8842398003472223,0.8074889431690158,0.27666666666666667
held_out,level,gaussian_noise,1,common,pooled,0.9851445746527778,0.9648983354046249,0.0425
held_out,level,gaussian_noise,2,common,pooled,0.9961378472222222,0.9901783907794719,0.011458333333333333
held_out,level,gaussian_noise,3,common,pooled,0.9993151041666667,0.9979920244898416,0.0022916666666666667
held_out,level,gaussian_noise,4,common,pooled,0.9998438368055556,0.9997696385558057,0.0004166666666666667
held_out,level,gaussian_noise,5,common,pooled,0.9999790798611111,0.999977960684614,0.00020833333333333335
held_out,level,shot_noise,1,common,pooled,0.9810114149305555,0.9628541888976968,0.05458333333333333
held_out,level,shot_noise,2,common,pooled,0.9955304253472222,0.9913591687119787,0.013958333333333333
held_out,level,shot_noise,3,common,pooled,0.9990040798611111,0.998134603140709,0.0033333333333333335
held_out,level,shot_noise,4,common,pooled,0.999872265625,0.9998478906345674,0.0004166666666666667
held_out,level,shot_noise,5,common,pooled,0.9999663194444445,0.999964423964911,0.00020833333333333335
held_out,level,impulse_noise,1,common,pooled,0.9996638888888889,0.9995396222009619,0.00125
held_out,level,impulse_noise,2,common,pooled,0.9997267795138889,0.9995603601090384,0.0008333333333333334
held_out,level,impulse_noise,3,common,pooled,0.9997342013888889,0.9994722903866147,0.0008333333333333334
held_out,level,impulse_noise,4,common,pooled,0.9998827690972222,0.9998326821157397,0.00020833333333333335
held_out,level,impulse_noise,5,common,pooled,0.9999810329861111,0.9999801198471828,0.00020833333333333335
held_out,level,defocus_blur,1,common,pooled,0.8076508680555555,0.7121774304990621,0.45
held_out,level,defocus_blur,2,common,pooled,0.8834775173611111,0.7948187772411947,0.2633333333333333
held_out,level,defocus_blur,3,common,pooled,0.93138125,0.8600756004450348,0.146875
held_out,level,defocus_blur,4,common,pooled,0.9507753472222222,0.8908815394014172,0.09854166666666667
held_out,level,defocus_blur,5,common,pooled,0.9631416232638889,0.9124004836046329,0.07583333333333334
held_out,level,glass_blur,1,common,pooled,0.704231640625,0.6121230441439862,0.6235416666666667
held_out,level,glass_blur,2,common,pooled,0.7980553819444445,0.6926304913804425,0.43604166666666666
held_out,level,glass_blur,3,common,pooled,0.8895626736111111,0.7900689134765603,0.21958333333333332
held_out,level,glass_blur,4,common,pooled,0.90645078125,0.8119413766248004,0.185625
held_out,level,glass_blur,5,common,pooled,0.9379501302083333,0.8625217449895788,0.12145833333333333
held_out,level,motion_blur,1,common,pooled,0.8445627604166667,0.7738951043956288,0.41020833333333334
held_out,level,motion_blur,2,common,pooled,0.9119170138888889,0.8558372255888212,0.23208333333333334
held_out,level,motion_blur,3,common,pooled,0.9477263454861111,0.9046886155456073,0.13270833333333334
held_out,level,motion_blur,4,common,pooled,0.96572734375,0.9337497245292872,0.08395833333333333
held_out,level,motion_blur,5,common,pooled,0.9727817708333333,0.946102840381526,0.06729166666666667
held_out,level,zoom_blur,1,common,pooled,0.7915300347222223,0.6816851895792481,0.43166666666666664
held_out,level,zoom_blur,2,common,pooled,0.8371491753472222,0.7300930275565995,0.34875
held_out,level,zoom_blur,3,common,pooled,0.7987888454861111,0.689869390632954,0.42604166666666665
held_out,level,zoom_blur,4,common,pooled,0.8259881510416667,0.717871152392169,0.3729166666666667
held_out,level,zoom_blur,5,common,pooled,0.8021396701388889,0.6948835317967276,0.423125
held_out,level,snow,1,common,pooled,0.9377432725694445,0.9123021940757314,0.21520833333333333
held_out,level,snow,2,common,pooled,0.9756396267361112,0.9596200469182292,0.07770833333333334
held_out,level,snow,3,common,pooled,0.9723842881944444,0.953199199784178,0.08479166666666667
held_out,level,snow,4,common,pooled,0.9789592447916666,0.9616418411552362,0.05979166666666667
held_out,level,snow,5,common,pooled,0.9759003038194445,0.9568374126604665,0.07
held_out,level,frost,1,common,pooled,0.5985939236111111,0.54251256016904,0.7883333333333333
held_out,level,frost,2,common,pooled,0.6849151475694445,0.5910538200770333,0.6402083333333334
held_out,level,frost,3,common,pooled,0.7367009548611111,0.630311892726127,0.5325
held_out,level,frost,4,common,pooled,0.7357939236111111,0.6290542606470508,0.539375
held_out,level,frost,5,common,pooled,0.7603025173611111,0.6499760190037699,0.4975
held_out,level,fog,1,common,pooled,0.7393483072916667,0.6470754894250017,0.568125
held_out,level,fog,2,common,pooled,0.7915308159722222,0.6951097973112863,0.4691666666666667
held_out,level,fog,3,common,pooled,0.8210930121527777,0.7216049972274678,0.40479166666666666
held_out,level,fog,4,common,pooled,0.8262686631944445,0.7231857596211797,0.39166666666666666
held_out,level,fog,5,common,pooled,0.8698851996527778,0.7747324271197868,0.29583333333333334
held_out,level,brightness,1,common,pooled,0.5268184027777778,0.5174227996717755,0.9345833333333333
held_out,level,brightness,2,common,pooled,0.5857233506944445,0.5563256409318152,0.8825
held_out,level,brightness,3,common,pooled,0.6520703125,0.603675221136825,0.8014583333333334
held_out,level,brightness,4,common,pooled,0.7265475694444444,0.6623112864877178,0.6575
held_out,level,brightness,5,common,pooled,0.7931765190972222,0.7219504792119822,0.5102083333333334
held_out,level,contrast,1,common,pooled,0.7623107204861111,0.6711502790713675,0.5277083333333333
held_out,level,contrast,2,common,pooled,0.8387058159722223,0.7489052552028752,0.38125
held_out,level,contrast,3,common,pooled,0.9013756076388889,0.8263993460796277,0.22875
held_out,level,contrast,4,common,pooled,0.9464465711805555,0.8949090361431558,0.11770833333333333
held_out,level,contrast,5,common,pooled,0.9662893229166667,0.9339963124166791,0.076875
held_out,level,elastic_transform,1,common,pooled,0.5107942708333333,0.4936361516700413,0.9245833333333333
held_out,level,elastic_transform,2,common,pooled,0.5540197048611111,0.521303606213946,0.8952083333333334
held_out,level,elastic_transform,3,common,pooled,0.62334609375,0.570683324175195,0.830625
held_out,level,elastic_transform,4,common,pooled,0.6793154947916666,0.6163281437744642,0.7670833333333333
held_out,level,elastic_transform,5,common,pooled,0.7518037760416667,0.6825552748091734,0.6352083333333334
held_out,level,pixelate,1,common,pooled,0.8215335503472222,0.7698930439519853,0.5097916666666666
held_out,level,pixelate,2,common,pooled,0.8856800347222222,0.8485410774893849,0.3745833333333333
held_out,level,pixelate,3,common,pooled,0.9748745225694444,0.9685475414531826,0.09791666666666667
held_out,level,pixelate,4,common,pooled,0.9932197048611111,0.9919608575714176,0.030416666666666668
held_out,level,pixelate,5,common,pooled,0.9979697482638888,0.9977794121792914,0.010625
held_out,level,jpeg_compression,1,common,pooled,0.966512890625,0.9485043501806952,0.13666666666666666
held_out,level,jpeg_compression,2,common,pooled,0.9881620659722222,0.9820955341420924,0.051458333333333335
held_out,level,jpeg_compression,3,common,pooled,0.9928924913194445,0.9893093409022795,0.0325
held_out,level,jpeg_compression,4,common,pooled,0.9978008680555556,0.9967718791818135,0.01
held_out,level,jpeg_compression,5,common,pooled,0.9989827690972222,0.9985737590047259,0.004791666666666666
held_out,level,speckle_noise,1,extra,pooled,0.9484045572916666,0.9209097729836254,0.17458333333333334
held_out,level,speckle_noise,2,extra,pooled,0.9747444444444444,0.9613753956816532,0.08604166666666667
held_out,level,speckle_noise,3,extra,pooled,0.9956703993055556,0.9940589048264911,0.016458333333333332
held_out,level,speckle_noise,4,extra,pooled,0.9982856770833334,0.9978266104239468,0.007291666666666667
held_out,level,speckle_noise,5,extra,pooled,0.9993889756944444,0.9992862637533882,0.0022916666666666667
held_out,level,gaussian_blur,1,extra,pooled,0.693215234375,0.6134357441778759,0.6872916666666666
held_out,level,gaussian_blur,2,extra,pooled,0.876557421875,0.7882069080202914,0.2841666666666667
held_out,level,gaussian_blur,3,extra,pooled,0.93649296875,0.8696118886626283,0.13583333333333333
held_out,level,gaussian_blur,4,extra,pooled,0.9590389322916667,0.9070751280583029,0.08520833333333333
held_out,level,gaussian_blur,5,extra,pooled,0.9792156684027777,0.9453998879619796,0.03895833333333333
held_out,level,spatter,1,extra,pooled,0.5775767361111112,0.569398147372248,0.916875
held_out,level,spatter,2,extra,pooled,0.9173563368055555,0.9015864351747424,0.321875
held_out,level,spatter,3,extra,pooled,0.9657553819444444,0.953480778834793,0.13291666666666666
held_out,level,spatter,4,extra,pooled,0.9965197048611111,0.9957628618907808,0.014583333333333334
held_out,level,spatter,5,extra,pooled,0.9986910590277778,0.9983752915578393,0.005625
held_out,level,saturate,1,extra,pooled,0.5609131727430555,0.5258843678104475,0.856875
held_out,level,saturate,2,extra,pooled,0.6871771484375,0.6108298386271264,0.6572916666666667
held_out,level,saturate,3,extra,pooled,0.6071820963541666,0.5778240500939416,0.87875
held_out,level,saturate,4,extra,pooled,0.84582265625,0.7924816728790415,0.433125
held_out,level,saturate,5,extra,pooled,0.9185681857638889,0.8951814799667863,0.2758333333333333
held_out,global_level,gaussian_noise,1,common,pooled,0.9570013454861112,0.9217364553243814,0.12604166666666666
held_out,global_level,gaussian_noise,2,common,pooled,0.9898523003472223,0.9795742895921645,0.031041666666666665
held_out,global_level,gaussian_noise,3,common,pooled,0.9984972222222223,0.9971229805147415,0.0060416666666666665
held_out,global_level,gaussian_noise,4,common,pooled,0.9998282552083333,0.9997777941889658,0.0008333333333333334
held_out,global_level,gaussian_noise,5,common,pooled,0.9999890625,0.9999887685349843,0.00020833333333333335
held_out,global_level,shot_noise,1,common,pooled,0.9474214409722223,0.9155039857373983,0.16270833333333334
held_out,global_level,shot_noise,2,common,pooled,0.9887302083333334,0.9812668512221371,0.04
held_out,global_level,shot_noise,3,common,pooled,0.9978973958333334,0.9969316656304085,0.007916666666666667
held_out,global_level,shot_noise,4,common,pooled,0.9998448350694444,0.9998240156744086,0.0004166666666666667
held_out,global_level,shot_noise,5,common,pooled,0.9999716145833333,0.9999707049435049,0.00020833333333333335
held_out,global_level,impulse_noise,1,common,pooled,0.999666015625,0.999577373706884,0.00125
held_out,global_level,impulse_noise,2,common,pooled,0.9997635850694444,0.9996972182390745,0.00125
held_out,global_level,impulse_noise,3,common,pooled,0.9997863715277778,0.9997144492655071,0.0010416666666666667
held_out,global_level,impulse_noise,4,common,pooled,0.9999578125,0.9999536883123141,0.00020833333333333335
held_out,global_level,impulse_noise,5,common,pooled,0.9999926215277778,0.9999924900876566,0.0
held_out,global_level,defocus_blur,1,common,pooled,0.7795147569444445,0.6758501573833512,0.4658333333333333
held_out,global_level,defocus_blur,2,common,pooled,0.8648427083333333,0.7664948852694031,0.284375
held_out,global_level,defocus_blur,3,common,pooled,0.9307508680555555,0.8590029356308293,0.14416666666666667
held_out,global_level,defocus_blur,4,common,pooled,0.9565304253472222,0.902349050740983,0.090625
held_out,global_level,defocus_blur,5,common,pooled,0.97032578125,0.9280688943631964,0.06125
held_out,global_level,glass_blur,1,common,pooled,0.7068406684027778,0.6106341286082444,0.6022916666666667
held_out,global_level,glass_blur,2,common,pooled,0.8199283420138889,0.7102173128263067,0.36791666666666667
held_out,global_level,glass_blur,3,common,pooled,0.9114378038194444,0.8181134777672219,0.1675
held_out,global_level,glass_blur,4,common,pooled,0.9312782552083333,0.8489556936303624,0.12875
held_out,global_level,glass_blur,5,common,pooled,0.9550304253472223,0.8936005498853837,0.085625
held_out,global_level,motion_blur,1,common,pooled,0.7649759982638888,0.6827895075499493,0.5391666666666667
held_out,global_level,motion_blur,2,common,pooled,0.859865234375,0.7829235081044463,0.3304166666666667
held_out,global_level,motion_blur,3,common,pooled,0.9190130642361111,0.8586270311600015,0.19145833333333334
held_out,global_level,motion_blur,4,common,pooled,0.95049140625,0.9059409577897759,0.1175
held_out,global_level,motion_blur,5,common,pooled,0.9624415798611111,0.9252664450494621,0.08958333333333333
held_out,global_level,zoom_blur,1,common,pooled,0.7653313368055555,0.6631205999667008,0.5066666666666667
held_out,global_level,zoom_blur,2,common,pooled,0.8224162760416667,0.7191391333337555,0.3935416666666667
held_out,global_level,zoom_blur,3,common,pooled,0.7913298177083333,0.6906912536003703,0.4689583333333333
held_out,global_level,zoom_blur,4,common,pooled,0.8243513888888889,0.7237380909027746,0.398125
held_out,global_level,zoom_blur,5,common,pooled,0.8057459635416667,0.7067146228802521,0.450625
held_out,global_level,snow,1,common,pooled,0.8798221788194445,0.8329374399247049,0.34041666666666665
held_out,global_level,snow,2,common,pooled,0.9455421006944444,0.914491577806257,0.156875
held_out,global_level,snow,3,common,pooled,0.9324616753472222,0.8911577349496307,0.18770833333333334
held_out,global_level,snow,4,common,pooled,0.9463490885416667,0.9085562415213904,0.14458333333333334
held_out,global_level,snow,5,common,pooled,0.9390802517361111,0.9009079561708603,0.16583333333333333
held_out,global_level,frost,1,common,pooled,0.5170473090277777,0.49901385794081743,0.9066666666666666
held_out,global_level,frost,2,common,pooled,0.5866629340277778,0.5269126867494814,0.7975
held_out,global_level,frost,3,common,pooled,0.64058359375,0.5572557309928433,0.7160416666666667
held_out,global_level,frost,4,common,pooled,0.644132421875,0.5585297707901913,0.715625
held_out,global_level,frost,5,common,pooled,0.6757647569444445,0.580997071167767,0.6720833333333334
held_out,global_level,fog,1,common,pooled,0.6450453125,0.5748019482747315,0.7258333333333333
held_out,global_level,fog,2,common,pooled,0.6902243923611111,0.608473535985286,0.6502083333333334
held_out,global_level,fog,3,common,pooled,0.7258566840277778,0.6373573580860143,0.5872916666666667
held_out,global_level,fog,4,common,pooled,0.7421231336805556,0.6574282022993541,0.571875
held_out,global_level,fog,5,common,pooled,0.7911155815972222,0.7136256026377644,0.5070833333333333
held_out,global_level,brightness,1,common,pooled,0.5030618489583333,0.5031284796717463,0.94375
held_out,global_level,brightness,2,common,pooled,0.5305779513888889,0.5217412749145316,0.9277083333333334
held_out,global_level,brightness,3,common,pooled,0.5687861111111111,0.5476798109652478,0.8941666666666667
held_out,global_level,brightness,4,common,pooled,0.6184981770833333,0.5825930727414805,0.83375
held_out,global_level,brightness,5,common,pooled,0.6735970486111111,0.6245678989017279,0.7535416666666667
held_out,global_level,contrast,1,common,pooled,0.6682361979166667,0.5960273593739264,0.700625
held_out,global_level,contrast,2,common,pooled,0.740567578125,0.6548480542167571,0.569375
held_out,global_level,contrast,3,common,pooled,0.8194882378472222,0.73162991787173,0.4008333333333333
held_out,global_level,contrast,4,common,pooled,0.9018205729166666,0.8327358827663185,0.22166666666666668
held_out,global_level,contrast,5,common,pooled,0.9505104166666667,0.909078969230615,0.11729166666666667
held_out,global_level,elastic_transform,1,common,pooled,0.48319405381944447,0.4730656396733251,0.9410416666666667
held_out,global_level,elastic_transform,2,common,pooled,0.5073340277777778,0.48489054761767114,0.916875
held_out,global_level,elastic_transform,3,common,pooled,0.5501274739583333,0.5085676993372816,0.86875
held_out,global_level,elastic_transform,4,common,pooled,0.5887460069444445,0.5327621907203419,0.8283333333333334
held_out,global_level,elastic_transform,5,common,pooled,0.6446083333333333,0.5723754937775039,0.7583333333333333
held_out,global_level,pixelate,1,common,pooled,0.7228230034722222,0.6586463615748427,0.639375
held_out,global_level,pixelate,2,common,pooled,0.8073951388888889,0.7425907496417183,0.48041666666666666
held_out,global_level,pixelate,3,common,pooled,0.9609722222222222,0.947060144444928,0.12416666666666666
held_out,global_level,pixelate,4,common,pooled,0.9919460503472223,0.9897470191786206,0.031875
held_out,global_level,pixelate,5,common,pooled,0.9979970486111112,0.9977311437132099,0.010625
held_out,global_level,jpeg_compression,1,common,pooled,0.932930859375,0.9015377198534344,0.23854166666666668
held_out,global_level,jpeg_compression,2,common,pooled,0.9720202256944445,0.9605138459998634,0.12
held_out,global_level,jpeg_compression,3,common,pooled,0.9821380208333333,0.9753277100541122,0.08354166666666667
held_out,global_level,jpeg_compression,4,common,pooled,0.9943459201388889,0.9927432270558824,0.026041666666666668
held_out,global_level,jpeg_compression,5,common,pooled,0.9976499565972222,0.9970913770783042,0.012083333333333333
held_out,global_level,speckle_noise,1,extra,pooled,0.879300390625,0.8389738375140359,0.37666666666666665
held_out,global_level,speckle_noise,2,extra,pooled,0.9370733072916667,0.9147720386649472,0.218125
held_out,global_level,speckle_noise,3,extra,pooled,0.9899391493055556,0.9873741836077874,0.043333333333333335
held_out,global_level,speckle_noise,4,extra,pooled,0.9963802517361111,0.9957577307319743,0.015625
held_out,global_level,speckle_noise,5,extra,pooled,0.998901171875,0.9987925457707381,0.005208333333333333
held_out,global_level,gaussian_blur,1,extra,pooled,0.6619369357638889,0.5788447167823196,0.6866666666666666
held_out,global_level,gaussian_blur,2,extra,pooled,0.857123046875,0.7558113230427335,0.29520833333333335
held_out,global_level,gaussian_blur,3,extra,pooled,0.9314828125,0.8592443970482864,0.14020833333333332
held_out,global_level,gaussian_blur,4,extra,pooled,0.9604329427083333,0.9093515336579988,0.08395833333333333
held_out,global_level,gaussian_blur,5,extra,pooled,0.9817544270833334,0.9514323840004636,0.04
held_out,global_level,spatter,1,extra,pooled,0.5218004774305556,0.512030511677791,0.9366666666666666
held_out,global_level,spatter,2,extra,pooled,0.8591016059027777,0.8195867928661811,0.43395833333333333
held_out,global_level,spatter,3,extra,pooled,0.9374633246527778,0.9104484616540671,0.20520833333333333
held_out,global_level,spatter,4,extra,pooled,0.9927375868055556,0.991655427190877,0.03145833333333333
held_out,global_level,spatter,5,extra,pooled,0.9975234809027778,0.9971661554428275,0.010625
held_out,global_level,saturate,1,extra,pooled,0.5374526692708333,0.5208163633088629,0.9095833333333333
held_out,global_level,saturate,2,extra,pooled,0.6221990234375,0.5765096568930428,0.8075
held_out,global_level,saturate,3,extra,pooled,0.5510821831597222,0.5371848756378179,0.9220833333333334
held_out,global_level,saturate,4,extra,pooled,0.7179453559027777,0.6678521393147587,0.6866666666666666
held_out,global_level,saturate,5,extra,pooled,0.8261271701388889,0.7940570342779931,0.5135416666666667
held_out,means_knn,gaussian_noise,1,common,pooled,0.9778772569444445,0.9548107833711637,0.07854166666666666
held_out,means_knn,gaussian_noise,2,common,pooled,0.9954560329861111,0.9892743883891878,0.017708333333333333
held_out,means_knn,gaussian_noise,3,common,pooled,0.9992140625,0.9970005143312658,0.0027083333333333334
held_out,means_knn,gaussian_noise,4,common,pooled,0.99975078125,0.9992399196777998,0.0004166666666666667
held_out,means_knn,gaussian_noise,5,common,pooled,0.9999598090277778,0.9999559727853461,0.00020833333333333335
held_out,means_knn,shot_noise,1,common,pooled,0.9736315538194444,0.953391237556969,0.08979166666666667
held_out,means_knn,shot_noise,2,common,pooled,0.9951788628472222,0.9908131543808684,0.018333333333333333
held_out,means_knn,shot_noise,3,common,pooled,0.9989769965277778,0.997140415946685,0.002916666666666667
held_out,means_knn,shot_noise,4,common,pooled,0.9997799913194444,0.9996945823968996,0.0004166666666666667
held_out,means_knn,shot_noise,5,common,pooled,0.9999236979166667,0.9999163693478593,0.00020833333333333335
held_out,means_knn,impulse_noise,1,common,pooled,0.9998342013888889,0.9997836278210591,0.0004166666666666667
held_out,means_knn,impulse_noise,2,common,pooled,0.9998379340277778,0.9997607194308842,0.0004166666666666667
held_out,means_knn,impulse_noise,3,common,pooled,0.999789453125,0.9995900410881202,0.0004166666666666667
held_out,means_knn,impulse_noise,4,common,pooled,0.9997921440972222,0.9994772736540858,0.0004166666666666667
held_out,means_knn,impulse_noise,5,common,pooled,0.9999620225694444,0.9999583589761104,0.00020833333333333335
held_out,means_knn,defocus_blur,1,common,pooled,0.6954605034722222,0.6181263394580774,0.6891666666666667
held_out,means_knn,defocus_blur,2,common,pooled,0.8076328559027778,0.7181463605560126,0.4633333333333333
held_out,means_knn,defocus_blur,3,common,pooled,0.889055078125,0.8098106683260947,0.273125
held_out,means_knn,defocus_blur,4,common,pooled,0.920630859375,0.8515365760035031,0.18875
held_out,means_knn,defocus_blur,5,common,pooled,0.9374130642361111,0.8758689733879025,0.14770833333333333
held_out,means_knn,glass_blur,1,common,pooled,0.6473263454861111,0.5725515359250406,0.7266666666666667
held_out,means_knn,glass_blur,2,common,pooled,0.7145313368055556,0.6221033575446173,0.6060416666666667
held_out,means_knn,glass_blur,3,common,pooled,0.8538761284722223,0.7537398902850999,0.32145833333333335
held_out,means_knn,glass_blur,4,common,pooled,0.8664248697916667,0.7661079761819086,0.29270833333333335
held_out,means_knn,glass_blur,5,common,pooled,0.8782958333333334,0.7800053598767772,0.26208333333333333
held_out,means_knn,motion_blur,1,common,pooled,0.8312482204861111,0.7889568782788154,0.509375
held_out,means_knn,motion_blur,2,common,pooled,0.8972861111111111,0.8645426600592995,0.34729166666666667
held_out,means_knn,motion_blur,3,common,pooled,0.9374931857638888,0.9124525297005368,0.21645833333333334
held_out,means_knn,motion_blur,4,common,pooled,0.9584518663194445,0.9398822599772615,0.145625
held_out,means_knn,motion_blur,5,common,pooled,0.9666947916666667,0.9507190743348876,0.11770833333333333
held_out,means_knn,zoom_blur,1,common,pooled,0.7129463975694444,0.6333453588862576,0.6575
held_out,means_knn,zoom_blur,2,common,pooled,0.7745357638888889,0.6899585091812775,0.5397916666666667
held_out,means_knn,zoom_blur,3,common,pooled,0.738870703125,0.6498267947810233,0.5835416666666666
held_out,means_knn,zoom_blur,4,common,pooled,0.7738625434027778,0.6820883887002043,0.5197916666666667
held_out,means_knn,zoom_blur,5,common,pooled,0.7384743489583333,0.6448349767067827,0.568125
held_out,means_knn,snow,1,common,pooled,0.9298918836805555,0.9153671460852962,0.2735416666666667
held_out,means_knn,snow,2,common,pooled,0.9776282118055556,0.9679476514124583,0.07645833333333334
held_out,means_knn,snow,3,common,pooled,0.9672148871527778,0.9534476579556529,0.11416666666666667
held_out,means_knn,snow,4,common,pooled,0.9733954427083333,0.9602167036861471,0.08541666666666667
held_out,means_knn,snow,5,common,pooled,0.974667578125,0.9619104646478255,0.08166666666666667
held_out,means_knn,frost,1,common,pooled,0.6597615017361111,0.5937737148976362,0.74375
held_out,means_knn,frost,2,common,pooled,0.7483348524305555,0.6630836979599669,0.5704166666666667
held_out,means_knn,frost,3,common,pooled,0.7936221788194444,0.7058109067866578,0.46770833333333334
held_out,means_knn,frost,4,common,pooled,0.7905146267361111,0.7028202195412747,0.47291666666666665
held_out,means_knn,frost,5,common,pooled,0.8089203993055556,0.7221806737810879,0.4297916666666667
held_out,means_knn,fog,1,common,pooled,0.6111867621527778,0.5510128739944402,0.7704166666666666
held_out,means_knn,fog,2,common,pooled,0.6407978732638889,0.5691490163295065,0.7229166666666667
held_out,means_knn,fog,3,common,pooled,0.6508907986111111,0.573441692378561,0.7008333333333333
held_out,means_knn,fog,4,common,pooled,0.6515890190972222,0.5705501754858626,0.684375
held_out,means_knn,fog,5,common,pooled,0.6838932725694444,0.590784358080565,0.60375
held_out,means_knn,brightness,1,common,pooled,0.5413786892361111,0.5265479973319064,0.9177083333333333
held_out,means_knn,brightness,2,common,pooled,0.6334377170138888,0.5896933867538818,0.820625
held_out,means_knn,brightness,3,common,pooled,0.7330582465277777,0.6694073101919622,0.6610416666666666
held_out,means_knn,brightness,4,common,pooled,0.825009765625,0.7563105526504884,0.45979166666666665
held_out,means_knn,brightness,5,common,pooled,0.8881261284722223,0.8270373011941549,0.2991666666666667
held_out,means_knn,contrast,1,common,pooled,0.6781621527777778,0.6047396378686447,0.6952083333333333
held_out,means_knn,contrast,2,common,pooled,0.7401977864583333,0.653817453347736,0.5722916666666666
held_out,means_knn,contrast,3,common,pooled,0.7972476996527778,0.7045386321173155,0.4583333333333333
held_out,means_knn,contrast,4,common,pooled,0.8474904079861111,0.753623994260572,0.33666666666666667
held_out,means_knn,contrast,5,common,pooled,0.8857108072916666,0.8010349529376263,0.259375
held_out,means_knn,elastic_transform,1,common,pooled,0.5249458767361111,0.5055048126517261,0.90875
held_out,means_knn,elastic_transform,2,common,pooled,0.5790997829861111,0.5424832179236805,0.863125
held_out,means_knn,elastic_transform,3,common,pooled,0.6632833333333333,0.6092603550914582,0.7683333333333333
held_out,means_knn,elastic_transform,4,common,pooled,0.7287319010416666,0.6684408869585904,0.67125
held_out,means_knn,elastic_transform,5,common,pooled,0.8089905381944444,0.7491152175472219,0.5154166666666666
held_out,means_knn,pixelate,1,common,pooled,0.8092705729166667,0.7718344978516034,0.5735416666666666
held_out,means_knn,pixelate,2,common,pooled,0.8733948350694445,0.8488128196433644,0.4422916666666667
held_out,means_knn,pixelate,3,common,pooled,0.9642813368055555,0.9576558917422718,0.15541666666666668
held_out,means_knn,pixelate,4,common,pooled,0.9878286458333333,0.9859861380242285,0.05479166666666667
held_out,means_knn,pixelate,5,common,pooled,0.9955637586805556,0.9951891047367475,0.022291666666666668
held_out,means_knn,jpeg_compression,1,common,pooled,0.9265858940972223,0.8992192796950673,0.3154166666666667
held_out,means_knn,jpeg_compression,2,common,pooled,0.96682109375,0.9541531392715664,0.15
held_out,means_knn,jpeg_compression,3,common,pooled,0.9775278645833333,0.9683888890542323,0.10395833333333333
held_out,means_knn,jpeg_compression,4,common,pooled,0.9902154513888889,0.9855903285946863,0.045625
held_out,means_knn,jpeg_compression,5,common,pooled,0.993792578125,0.9905714639537198,0.029375
held_out,means_knn,speckle_noise,1,extra,pooled,0.9359144097222222,0.9044506006854991,0.21583333333333332
held_out,means_knn,speckle_noise,2,extra,pooled,0.9719552951388889,0.9586054855471705,0.10666666666666667
held_out,means_knn,speckle_noise,3,extra,pooled,0.9963530381944444,0.9940607544818538,0.015208333333333334
held_out,means_knn,speckle_noise,4,extra,pooled,0.9985489149305555,0.9978144484044035,0.005625
held_out,means_knn,speckle_noise,5,extra,pooled,0.9994138020833333,0.999218929397791,0.001875
held_out,means_knn,gaussian_blur,1,extra,pooled,0.582065234375,0.5390539557869344,0.8539583333333334
held_out,means_knn,gaussian_blur,2,extra,pooled,0.8059490017361111,0.7171248451024946,0.46979166666666666
held_out,means_knn,gaussian_blur,3,extra,pooled,0.9042448784722222,0.8316856034130136,0.24666666666666667
held_out,means_knn,gaussian_blur,4,extra,pooled,0.9432484809027778,0.8891308695396897,0.14333333333333334
held_out,means_knn,gaussian_blur,5,extra,pooled,0.9722960503472222,0.9399228417698959,0.06354166666666666
held_out,means_knn,spatter,1,extra,pooled,0.5180878472222222,0.5076466134081882,0.9395833333333333
held_out,means_knn,spatter,2,extra,pooled,0.8363742621527778,0.8103443177264639,0.5570833333333334
held_out,means_knn,spatter,3,extra,pooled,0.9395969618055555,0.9290028053989627,0.2608333333333333
held_out,means_knn,spatter,4,extra,pooled,0.9895351128472222,0.9852941041868252,0.04145833333333333
held_out,means_knn,spatter,5,extra,pooled,0.9962817274305555,0.9941197277973096,0.013125
held_out,means_knn,saturate,1,extra,pooled,0.47029950086805555,0.4732390893847317,0.945625
held_out,means_knn,saturate,2,extra,pooled,0.5399502387152778,0.5135411386394504,0.880625
held_out,means_knn,saturate,3,extra,pooled,0.6273650824652778,0.5962721071628756,0.8614583333333333
held_out,means_knn,saturate,4,extra,pooled,0.8821473090277778,0.8364810221266481,0.3595833333333333
held_out,means_knn,saturate,5,extra,pooled,0.9482692708333333,0.9291731786047491,0.18041666666666667
held_out,means_own,gaussian_noise,1,common,pooled,0.9093947916666667,0.8531569512959092,0.238125
held_out,means_own,gaussian_noise,2,common,pooled,0.9725241319444444,0.9491117163687524,0.08208333333333333
held_out,means_own,gaussian_noise,3,common,pooled,0.9944286892361112,0.9897506497493277,0.017916666666666668
held_out,means_own,gaussian_noise,4,common,pooled,0.999288671875,0.9988180088383337,0.003125
held_out,means_own,gaussian_noise,5,common,pooled,0.9999490885416666,0.9999438087067386,0.00020833333333333335
held_out,means_own,shot_noise,1,common,pooled,0.8976872829861111,0.8472769616365214,0.28291666666666665
held_out,means_own,shot_noise,2,common,pooled,0.9712740885416666,0.9532769789103062,0.09208333333333334
held_out,means_own,shot_noise,3,common,pooled,0.993281640625,0.9894866483442295,0.022291666666666668
held_out,means_own,shot_noise,4,common,pooled,0.999376171875,0.9991675556502604,0.003125
held_out,means_own,shot_noise,5,common,pooled,0.9998913628472222,0.9998775152515308,0.00020833333333333335
held_out,means_own,impulse_noise,1,common,pooled,0.9996420138888888,0.9995790370640696,0.001875
held_out,means_own,impulse_noise,2,common,pooled,0.9996946180555556,0.9996016172125369,0.0008333333333333334
held_out,means_own,impulse_noise,3,common,pooled,0.9996198350694444,0.9994395981946312,0.0016666666666666668
held_out,means_own,impulse_noise,4,common,pooled,0.9997516927083333,0.9995843954699278,0.0004166666666666667
held_out,means_own,impulse_noise,5,common,pooled,0.9999647569444444,0.99996166795759,0.00020833333333333335
held_out,means_own,defocus_blur,1,common,pooled,0.7120359375,0.6175408393478456,0.605
held_out,means_own,defocus_blur,2,common,pooled,0.798290234375,0.6929876906203658,0.4270833333333333
held_out,means_own,defocus_blur,3,common,pooled,0.8832153211805556,0.789463309064095,0.243125
held_out,means_own,defocus_blur,4,common,pooled,0.9230465711805556,0.8458993386462866,0.15854166666666666
held_out,means_own,defocus_blur,5,common,pooled,0.9466682725694444,0.8841009266379122,0.111875
held_out,means_own,glass_blur,1,common,pooled,0.6460651475694444,0.568517881872909,0.7158333333333333
held_out,means_own,glass_blur,2,common,pooled,0.7602690538194444,0.6548179516312642,0.505
held_out,means_own,glass_blur,3,common,pooled,0.8902010850694444,0.7899013122414545,0.21020833333333333
held_out,means_own,glass_blur,4,common,pooled,0.9107236111111111,0.8183926797190746,0.16916666666666666
held_out,means_own,glass_blur,5,common,pooled,0.9341195746527777,0.8564075824104499,0.125625
held_out,means_own,motion_blur,1,common,pooled,0.7018822916666667,0.6311209776433458,0.6752083333333333
held_out,means_own,motion_blur,2,common,pooled,0.8044426649305556,0.7283950939346273,0.46708333333333335
held_out,means_own,motion_blur,3,common,pooled,0.8821006076388889,0.8171020671924234,0.28583333333333333
held_out,means_own,motion_blur,4,common,pooled,0.92837578125,0.8793622571116229,0.17645833333333333
held_out,means_own,motion_blur,5,common,pooled,0.9461952690972222,0.9055232821650394,0.13333333333333333
held_out,means_own,zoom_blur,1,common,pooled,0.7059971354166666,0.6105931465383878,0.6083333333333333
held_out,means_own,zoom_blur,2,common,pooled,0.7731049913194444,0.6689043658885627,0.4841666666666667
held_out,means_own,zoom_blur,3,common,pooled,0.7326879340277778,0.6329487972416941,0.5658333333333333
held_out,means_own,zoom_blur,4,common,pooled,0.7723267795138888,0.6676883823320211,0.49041666666666667
held_out,means_own,zoom_blur,5,common,pooled,0.7438998263888889,0.6425916760160812,0.5460416666666666
held_out,means_own,snow,1,common,pooled,0.8543487413194445,0.821119789324361,0.44375
held_out,means_own,snow,2,common,pooled,0.9156985677083334,0.881156298888346,0.24833333333333332
held_out,means_own,snow,3,common,pooled,0.9180418402777778,0.8864100116617938,0.246875
held_out,means_own,snow,4,common,pooled,0.9351375,0.9046606543410973,0.19208333333333333
held_out,means_own,snow,5,common,pooled,0.9137417100694445,0.8733663707857626,0.23979166666666665
held_out,means_own,frost,1,common,pooled,0.47468849826388887,0.47613308951688144,0.9391666666666667
held_out,means_own,frost,2,common,pooled,0.5223256944444444,0.4904274393050645,0.8702083333333334
held_out,means_own,frost,3,common,pooled,0.5687626736111111,0.5126802467289452,0.808125
held_out,means_own,frost,4,common,pooled,0.570662109375,0.5125915742609667,0.8154166666666667
held_out,means_own,frost,5,common,pooled,0.6007862847222222,0.5305430648386738,0.77875
held_out,means_own,fog,1,common,pooled,0.6200859809027778,0.5600076292578644,0.7754166666666666
held_out,means_own,fog,2,common,pooled,0.6560092881944445,0.5850343398617929,0.720625
held_out,means_own,fog,3,common,pooled,0.6845323784722223,0.6060526401328984,0.6802083333333333
held_out,means_own,fog,4,common,pooled,0.6982610677083333,0.6210541099469359,0.665625
held_out,means_own,fog,5,common,pooled,0.7362805989583333,0.6574562823371938,0.6058333333333333
held_out,means_own,brightness,1,common,pooled,0.4964794270833333,0.49924459843744406,0.9497916666666667
held_out,means_own,brightness,2,common,pooled,0.5146410590277778,0.5117885284893435,0.9414583333333333
held_out,means_own,brightness,3,common,pooled,0.5429103298611111,0.5306123710210228,0.9220833333333334
held_out,means_own,brightness,4,common,pooled,0.5817670138888889,0.556371013270416,0.8764583333333333
held_out,means_own,brightness,5,common,pooled,0.6274707465277778,0.5885551702755706,0.8241666666666667
held_out,means_own,contrast,1,common,pooled,0.6444690104166667,0.581512196633701,0.7535416666666667
held_out,means_own,contrast,2,common,pooled,0.7055810329861111,0.6276265980361015,0.6539583333333333
held_out,means_own,contrast,3,common,pooled,0.7755795572916667,0.6884845721342017,0.5072916666666667
held_out,means_own,contrast,4,common,pooled,0.8591534722222223,0.7780072764553995,0.3204166666666667
held_out,means_own,contrast,5,common,pooled,0.9224815538194444,0.8668446258912059,0.18625
held_out,means_own,elastic_transform,1,common,pooled,0.49726202256944446,0.48372210920071085,0.9325
held_out,means_own,elastic_transform,2,common,pooled,0.5364446180555555,0.5054809769455869,0.9004166666666666
held_out,means_own,elastic_transform,3,common,pooled,0.5980557725694444,0.5443304129316566,0.8358333333333333
held_out,means_own,elastic_transform,4,common,pooled,0.6479521701388888,0.5807596676476048,0.765
held_out,means_own,elastic_transform,5,common,pooled,0.7148042534722222,0.636478193682757,0.6647916666666667
held_out,means_own,pixelate,1,common,pooled,0.7028779947916667,0.6484966440236131,0.7010416666666667
held_out,means_own,pixelate,2,common,pooled,0.7852715277777778,0.7266530811881091,0.549375
held_out,means_own,pixelate,3,common,pooled,0.9523479600694444,0.9378155875288138,0.15479166666666666
held_out,means_own,pixelate,4,common,pooled,0.9898291666666666,0.9872898206596051,0.03979166666666667
held_out,means_own,pixelate,5,common,pooled,0.9976325954861112,0.9973468610137002,0.012708333333333334
held_out,means_own,jpeg_compression,1,common,pooled,0.8909372829861111,0.846614166647867,0.35375
held_out,means_own,jpeg_compression,2,common,pooled,0.9535040798611111,0.9356472800374827,0.1875
held_out,means_own,jpeg_compression,3,common,pooled,0.9700907986111111,0.9591559022828395,0.12854166666666667
held_out,means_own,jpeg_compression,4,common,pooled,0.9904270399305556,0.9877539091658945,0.043125
held_out,means_own,jpeg_compression,5,common,pooled,0.9962130208333333,0.9953329919577254,0.017916666666666668
held_out,means_own,speckle_noise,1,extra,pooled,0.8155567708333333,0.7648016920165326,0.529375
held_out,means_own,speckle_noise,2,extra,pooled,0.8903162760416666,0.8536050805102177,0.35291666666666666
held_out,means_own,speckle_noise,3,extra,pooled,0.9776271267361111,0.9702589036791012,0.088125
held_out,means_own,speckle_noise,4,extra,pooled,0.9910725260416666,0.9888009165151612,0.036041666666666666
held_out,means_own,speckle_noise,5,extra,pooled,0.9970509982638889,0.9965568997945308,0.013125
held_out,means_own,gaussian_blur,1,extra,pooled,0.6133901041666666,0.5482578058850094,0.7752083333333334
held_out,means_own,gaussian_blur,2,extra,pooled,0.7888486979166667,0.6832506341454083,0.443125
held_out,means_own,gaussian_blur,3,extra,pooled,0.8836000434027778,0.7900620050392951,0.24
held_out,means_own,gaussian_blur,4,extra,pooled,0.9291891493055555,0.8560849792736144,0.14645833333333333
held_out,means_own,gaussian_blur,5,extra,pooled,0.9679243923611112,0.9226591402709621,0.06604166666666667
held_out,means_own,spatter,1,extra,pooled,0.5421768663194444,0.5353506620640139,0.933125
held_out,means_own,spatter,2,extra,pooled,0.8713599826388889,0.8520864253554379,0.45770833333333333
held_out,means_own,spatter,3,extra,pooled,0.9236054253472222,0.9032163969152525,0.265625
held_out,means_own,spatter,4,extra,pooled,0.9942027777777778,0.9936144245751659,0.024166666666666666
held_out,means_own,spatter,5,extra,pooled,0.9977555555555555,0.9975068164810136,0.01
held_out,means_own,saturate,1,extra,pooled,0.5176730251736111,0.5079747147336242,0.9285416666666667
held_out,means_own,saturate,2,extra,pooled,0.5678743706597222,0.5383813369979068,0.8702083333333334
held_out,means_own,saturate,3,extra,pooled,0.5317934678819445,0.5235607311772503,0.9297916666666667
held_out,means_own,saturate,4,extra,pooled,0.6599073784722223,0.6165792705361817,0.776875
held_out,means_own,saturate,5,extra,pooled,0.7754578125,0.7362224839086559,0.6108333333333333
held_out,saod_top3,gaussian_noise,1,common,pooled,0.5729769965277778,0.5541557746663988,0.9016666666666666
held_out,saod_top3,gaussian_noise,2,common,pooled,0.6198171440972222,0.5918729173270026,0.845625
held_out,saod_top3,gaussian_noise,3,common,pooled,0.6879814236111111,0.6558089891147787,0.7608333333333334
held_out,saod_top3,gaussian_noise,4,common,pooled,0.7744733289930555,0.7493953424998707,0.6389583333333333
held_out,saod_top3,gaussian_noise,5,common,pooled,0.8871378689236111,0.8750910115747922,0.4477083333333333
held_out,saod_top3,shot_noise,1,common,pooled,0.5718203342013889,0.5552668233491915,0.904375
held_out,saod_top3,shot_noise,2,common,pooled,0.6230231770833333,0.5991006093354191,0.8460416666666667
held_out,saod_top3,shot_noise,3,common,pooled,0.6827885850694444,0.6557626915386627,0.7741666666666667
held_out,saod_top3,shot_noise,4,common,pooled,0.7846844184027778,0.7632004402221975,0.6275
held_out,saod_top3,shot_noise,5,common,pooled,0.8570853515625,0.8440545071489022,0.5116666666666667
held_out,saod_top3,impulse_noise,1,common,pooled,0.7441294053819445,0.740671319301194,0.7552083333333334
held_out,saod_top3,impulse_noise,2,common,pooled,0.7826052734375,0.7714205266714496,0.6835416666666667
held_out,saod_top3,impulse_noise,3,common,pooled,0.8062209418402778,0.7926076221625223,0.6391666666666667
held_out,saod_top3,impulse_noise,4,common,pooled,0.817445703125,0.7982807816067362,0.585625
held_out,saod_top3,impulse_noise,5,common,pooled,0.8866430772569445,0.8733407063378122,0.44916666666666666
held_out,saod_top3,defocus_blur,1,common,pooled,0.5621972873263889,0.5431785159717244,0.9022916666666667
held_out,saod_top3,defocus_blur,2,common,pooled,0.5921837673611111,0.566248021842756,0.8704166666666666
held_out,saod_top3,defocus_blur,3,common,pooled,0.6609925347222222,0.6295349542451033,0.7972916666666666
held_out,saod_top3,defocus_blur,4,common,pooled,0.7341211588541666,0.7048698799475479,0.683125
held_out,saod_top3,defocus_blur,5,common,pooled,0.7965398003472223,0.7709898258673004,0.5858333333333333
held_out,saod_top3,glass_blur,1,common,pooled,0.6028655381944444,0.5825071268286934,0.8741666666666666
held_out,saod_top3,glass_blur,2,common,pooled,0.6741001085069445,0.6536285195521593,0.7975
held_out,saod_top3,glass_blur,3,common,pooled,0.8759595052083333,0.8734014274776445,0.513125
held_out,saod_top3,glass_blur,4,common,pooled,0.9049065104166667,0.9031770411624853,0.44104166666666667
held_out,saod_top3,glass_blur,5,common,pooled,0.9241203776041667,0.9209821114151813,0.38104166666666667
held_out,saod_top3,motion_blur,1,common,pooled,0.5626509114583333,0.5465799811360524,0.9035416666666667
held_out,saod_top3,motion_blur,2,common,pooled,0.6240081163194444,0.5975631180138072,0.8472916666666667
held_out,saod_top3,motion_blur,3,common,pooled,0.7125068576388889,0.6831323328135622,0.7414583333333333
held_out,saod_top3,motion_blur,4,common,pooled,0.7999360460069445,0.7723511280654979,0.6
held_out,saod_top3,motion_blur,5,common,pooled,0.8461991970486111,0.8212917977747882,0.5047916666666666
held_out,saod_top3,zoom_blur,1,common,pooled,0.721435546875,0.6869109064567234,0.703125
held_out,saod_top3,zoom_blur,2,common,pooled,0.7841445746527778,0.7501976726213404,0.61125
held_out,saod_top3,zoom_blur,3,common,pooled,0.8109881727430556,0.77842731213813,0.5502083333333333
held_out,saod_top3,zoom_blur,4,common,pooled,0.8467362196180556,0.8156777554118508,0.4870833333333333
held_out,saod_top3,zoom_blur,5,common,pooled,0.8505516710069444,0.8186845717030694,0.478125
held_out,saod_top3,snow,1,common,pooled,0.597259375,0.5869339708538641,0.89625
held_out,saod_top3,snow,2,common,pooled,0.6471127170138888,0.6355452482572328,0.8533333333333334
held_out,saod_top3,snow,3,common,pooled,0.6713586371527778,0.6696115908861222,0.8335416666666666
held_out,saod_top3,snow,4,common,pooled,0.7209852430555556,0.7230476230871792,0.7725
held_out,saod_top3,snow,5,common,pooled,0.6959776909722222,0.6884623869205144,0.799375
held_out,saod_top3,frost,1,common,pooled,0.5458329210069445,0.5374963564896512,0.9272916666666666
held_out,saod_top3,frost,2,common,pooled,0.5851235677083333,0.5775876736831013,0.9052083333333333
held_out,saod_top3,frost,3,common,pooled,0.6132975477430556,0.6076056861254706,0.880625
held_out,saod_top3,frost,4,common,pooled,0.6165958116319444,0.6094365292481225,0.8827083333333333
held_out,saod_top3,frost,5,common,pooled,0.6374162109375,0.632488057827972,0.8633333333333333
held_out,saod_top3,fog,1,common,pooled,0.5079218967013889,0.5062639484382921,0.94875
held_out,saod_top3,fog,2,common,pooled,0.5116413411458334,0.5101529737932425,0.946875
held_out,saod_top3,fog,3,common,pooled,0.5177775607638889,0.5145425251877347,0.945
held_out,saod_top3,fog,4,common,pooled,0.5217193359375,0.5188979398780361,0.943125
held_out,saod_top3,fog,5,common,pooled,0.5362734157986111,0.5326343043462283,0.9408333333333333
held_out,saod_top3,brightness,1,common,pooled,0.5049617404513889,0.5036912127052696,0.945625
held_out,saod_top3,brightness,2,common,pooled,0.5147218532986111,0.5118318738599832,0.9439583333333333
held_out,saod_top3,brightness,3,common,pooled,0.5252163628472222,0.5207099385101059,0.9420833333333334
held_out,saod_top3,brightness,4,common,pooled,0.5376099392361111,0.531280287483128,0.9364583333333333
held_out,saod_top3,brightness,5,common,pooled,0.5529116970486111,0.5444771457072025,0.9247916666666667
held_out,saod_top3,contrast,1,common,pooled,0.5090656467013889,0.5080140979257011,0.9472916666666666
held_out,saod_top3,contrast,2,common,pooled,0.5166476345486111,0.5143748436628256,0.945625
held_out,saod_top3,contrast,3,common,pooled,0.5335123697916667,0.5294970158941177,0.9410416666666667
held_out,saod_top3,contrast,4,common,pooled,0.5914637369791667,0.5844803045822303,0.8989583333333333
held_out,saod_top3,contrast,5,common,pooled,0.7159579427083334,0.7181682560218953,0.7854166666666667
held_out,saod_top3,elastic_transform,1,common,pooled,0.5673081597222223,0.5608381085822125,0.9158333333333334
held_out,saod_top3,elastic_transform,2,common,pooled,0.6065184027777778,0.6015147154732233,0.891875
held_out,saod_top3,elastic_transform,3,common,pooled,0.6650548611111111,0.6617632894747897,0.86875
held_out,saod_top3,elastic_transform,4,common,pooled,0.7120432291666666,0.7096537559847932,0.8275
held_out,saod_top3,elastic_transform,5,common,pooled,0.7685496744791667,0.766142031583971,0.7741666666666667
held_out,saod_top3,pixelate,1,common,pooled,0.6704632595486111,0.6619746579912581,0.8435416666666666
held_out,saod_top3,pixelate,2,common,pooled,0.7513259765625,0.7459355422497065,0.7383333333333333
held_out,saod_top3,pixelate,3,common,pooled,0.9460122612847223,0.9442406737116527,0.25979166666666664
held_out,saod_top3,pixelate,4,common,pooled,0.9846717013888889,0.9827170204231305,0.08333333333333333
held_out,saod_top3,pixelate,5,common,pooled,0.994766015625,0.9938583676223551,0.015208333333333334
held_out,saod_top3,jpeg_compression,1,common,pooled,0.6518983940972222,0.6178702202040908,0.8089583333333333
held_out,saod_top3,jpeg_compression,2,common,pooled,0.7121656684027777,0.6801392245717197,0.734375
held_out,saod_top3,jpeg_compression,3,common,pooled,0.7484998046875,0.7206181954233546,0.6922916666666666
held_out,saod_top3,jpeg_compression,4,common,pooled,0.8436402560763889,0.8254959561602915,0.5447916666666667
held_out,saod_top3,jpeg_compression,5,common,pooled,0.9259267795138889,0.9147222416010119,0.35229166666666667
held_out,saod_top3,speckle_noise,1,extra,pooled,0.5597865668402778,0.5477489459081462,0.9185416666666667
held_out,saod_top3,speckle_noise,2,extra,pooled,0.5865411458333334,0.570922380652266,0.8935416666666667
held_out,saod_top3,speckle_noise,3,extra,pooled,0.6600493923611112,0.6405290695660049,0.8191666666666667
held_out,saod_top3,speckle_noise,4,extra,pooled,0.7029384982638889,0.6830480811109623,0.7660416666666666
held_out,saod_top3,speckle_noise,5,extra,pooled,0.7527794270833333,0.7341682970253489,0.689375
held_out,saod_top3,gaussian_blur,1,extra,pooled,0.5324565321180555,0.5213535772188462,0.9235416666666667
held_out,saod_top3,gaussian_blur,2,extra,pooled,0.5810180338541666,0.5569595528608997,0.8827083333333333
held_out,saod_top3,gaussian_blur,3,extra,pooled,0.6400249782986112,0.6097780639848629,0.8191666666666667
held_out,saod_top3,gaussian_blur,4,extra,pooled,0.7047994791666666,0.6759289750825024,0.7379166666666667
held_out,saod_top3,gaussian_blur,5,extra,pooled,0.8209591579861111,0.800419062209444,0.5595833333333333
held_out,saod_top3,spatter,1,extra,pooled,0.5029087456597222,0.49809480099243203,0.9439583333333333
held_out,saod_top3,spatter,2,extra,pooled,0.5939755425347222,0.5878410547257192,0.8958333333333334
held_out,saod_top3,spatter,3,extra,pooled,0.6244623263888889,0.6171915345697063,0.8775
held_out,saod_top3,spatter,4,extra,pooled,0.7479602647569444,0.7412976507838576,0.7460416666666667
held_out,saod_top3,spatter,5,extra,pooled,0.8421575954861111,0.838775411575455,0.5977083333333333
held_out,saod_top3,saturate,1,extra,pooled,0.5033521050347223,0.5029085876283537,0.9472916666666666
held_out,saod_top3,saturate,2,extra,pooled,0.5151835286458334,0.5120341689280941,0.9416666666666667
held_out,saod_top3,saturate,3,extra,pooled,0.5070084852430555,0.5049531946719711,0.94625
held_out,saod_top3,saturate,4,extra,pooled,0.5357727647569445,0.5265651585185198,0.93625
held_out,saod_top3,saturate,5,extra,pooled,0.5642194010416667,0.5515153541501578,0.916875
held_out,saod_min,gaussian_noise,1,common,pooled,0.5881879991319444,0.5741805426128667,0.9072916666666667
held_out,saod_min,gaussian_noise,2,common,pooled,0.6518555772569444,0.631523022276338,0.8733333333333333
held_out,saod_min,gaussian_noise,3,common,pooled,0.7394057942708333,0.715431558895637,0.7708333333333334
held_out,saod_min,gaussian_noise,4,common,pooled,0.8354370659722222,0.8136297536784738,0.5908333333333333
held_out,saod_min,gaussian_noise,5,common,pooled,0.9264106119791666,0.9133491192486265,0.319375
held_out,saod_min,shot_noise,1,common,pooled,0.5840509331597222,0.572374121015091,0.9141666666666667
held_out,saod_min,shot_noise,2,common,pooled,0.6523721354166667,0.6339953567859766,0.86375
held_out,saod_min,shot_noise,3,common,pooled,0.7299103732638889,0.708777474548701,0.780625
held_out,saod_min,shot_noise,4,common,pooled,0.841891015625,0.8213982108000288,0.5866666666666667
held_out,saod_min,shot_noise,5,common,pooled,0.9060904079861111,0.8902788180792801,0.39166666666666666
held_out,saod_min,impulse_noise,1,common,pooled,0.7872980251736111,0.7862641412688254,0.7627083333333333
held_out,saod_min,impulse_noise,2,common,pooled,0.8388260850694444,0.8270844790570544,0.6454166666666666
held_out,saod_min,impulse_noise,3,common,pooled,0.8610133897569444,0.8455966981646952,0.5620833333333334
held_out,saod_min,impulse_noise,4,common,pooled,0.8733213975694445,0.8540602298061064,0.5041666666666667
held_out,saod_min,impulse_noise,5,common,pooled,0.9275750434027777,0.9123289154456266,0.30625
held_out,saod_min,defocus_blur,1,common,pooled,0.5812330729166667,0.5629687230711042,0.905625
held_out,saod_min,defocus_blur,2,common,pooled,0.6134848958333333,0.5933817770691003,0.8839583333333333
held_out,saod_min,defocus_blur,3,common,pooled,0.6860731553819445,0.6652804347988852,0.833125
held_out,saod_min,defocus_blur,4,common,pooled,0.7618384548611111,0.742266224623541,0.75
held_out,saod_min,defocus_blur,5,common,pooled,0.8251127821180556,0.8065918706650492,0.6220833333333333
held_out,saod_min,glass_blur,1,common,pooled,0.6228374565972222,0.6046031166189083,0.8847916666666666
held_out,saod_min,glass_blur,2,common,pooled,0.7002095703125,0.6838104559724023,0.8208333333333333
held_out,saod_min,glass_blur,3,common,pooled,0.894651953125,0.8896976944928837,0.46458333333333335
held_out,saod_min,glass_blur,4,common,pooled,0.9194114149305556,0.9150058816462974,0.3725
held_out,saod_min,glass_blur,5,common,pooled,0.9358198350694444,0.9299596787666605,0.29083333333333333
held_out,saod_min,motion_blur,1,common,pooled,0.5752822699652778,0.5613965755077257,0.9204166666666667
held_out,saod_min,motion_blur,2,common,pooled,0.6463452256944444,0.6283652094220318,0.8810416666666666
held_out,saod_min,motion_blur,3,common,pooled,0.7415935329861111,0.7230195114293767,0.79
held_out,saod_min,motion_blur,4,common,pooled,0.8333092881944445,0.8140361100200515,0.6370833333333333
held_out,saod_min,motion_blur,5,common,pooled,0.8771359375,0.8575964198491624,0.5025
held_out,saod_min,zoom_blur,1,common,pooled,0.7417591362847222,0.7144160716718362,0.755
held_out,saod_min,zoom_blur,2,common,pooled,0.8089575954861111,0.7823509145350864,0.6491666666666667
held_out,saod_min,zoom_blur,3,common,pooled,0.8412501085069445,0.8140099427953672,0.5570833333333334
held_out,saod_min,zoom_blur,4,common,pooled,0.8741282335069445,0.8476638225876498,0.4847916666666667
held_out,saod_min,zoom_blur,5,common,pooled,0.8853950086805555,0.8581265987962312,0.44604166666666667
held_out,saod_min,snow,1,common,pooled,0.6187797309027778,0.6123064058004404,0.8979166666666667
held_out,saod_min,snow,2,common,pooled,0.6761983072916666,0.6696803808008737,0.8545833333333334
held_out,saod_min,snow,3,common,pooled,0.7076409288194444,0.7052174337424589,0.8379166666666666
held_out,saod_min,snow,4,common,pooled,0.7625420572916667,0.7619559749458937,0.7664583333333334
held_out,saod_min,snow,5,common,pooled,0.7343162543402778,0.7288239038055258,0.8116666666666666
held_out,saod_min,frost,1,common,pooled,0.5501008897569445,0.5452514098441958,0.9285416666666667
held_out,saod_min,frost,2,common,pooled,0.5977220486111111,0.5933587933107392,0.903125
held_out,saod_min,frost,3,common,pooled,0.6334487630208333,0.6284299021612045,0.886875
held_out,saod_min,frost,4,common,pooled,0.6366899088541667,0.63218636709639,0.8839583333333333
held_out,saod_min,frost,5,common,pooled,0.6599056423611112,0.6558383301967534,0.8702083333333334
held_out,saod_min,fog,1,common,pooled,0.5046956814236111,0.5052876232739543,0.9504166666666667
held_out,saod_min,fog,2,common,pooled,0.5081009331597223,0.5087945430999761,0.9485416666666666
held_out,saod_min,fog,3,common,pooled,0.5147490451388889,0.5139094150884091,0.9466666666666667
held_out,saod_min,fog,4,common,pooled,0.516376953125,0.5176610438108731,0.9477083333333334
held_out,saod_min,fog,5,common,pooled,0.5322176432291666,0.5327367108210406,0.9425
held_out,saod_min,brightness,1,common,pooled,0.5039659939236111,0.5048284665815718,0.9497916666666667
held_out,saod_min,brightness,2,common,pooled,0.514290234375,0.5148210009788884,0.94875
held_out,saod_min,brightness,3,common,pooled,0.5248663845486111,0.5246391723310142,0.946875
held_out,saod_min,brightness,4,common,pooled,0.5379680555555556,0.5369260851055111,0.9410416666666667
held_out,saod_min,brightness,5,common,pooled,0.5555286458333333,0.5532330046414542,0.9364583333333333
held_out,saod_min,contrast,1,common,pooled,0.5047887152777778,0.5060284245862928,0.9527083333333334
held_out,saod_min,contrast,2,common,pooled,0.5125150824652778,0.5127900791642084,0.94875
held_out,saod_min,contrast,3,common,pooled,0.5311064453125,0.5297555760112832,0.9416666666666667
held_out,saod_min,contrast,4,common,pooled,0.5994064670138889,0.5943742669124955,0.9172916666666666
held_out,saod_min,contrast,5,common,pooled,0.7395763671875,0.739632872010411,0.8045833333333333
held_out,saod_min,elastic_transform,1,common,pooled,0.5822434461805556,0.5752916826376127,0.9133333333333333
held_out,saod_min,elastic_transform,2,common,pooled,0.6238297526041666,0.6179126210963384,0.8839583333333333
held_out,saod_min,elastic_transform,3,common,pooled,0.6851088324652778,0.6817765882148256,0.8433333333333334
held_out,saod_min,elastic_transform,4,common,pooled,0.7301566840277778,0.7282841544316534,0.8129166666666666
held_out,saod_min,elastic_transform,5,common,pooled,0.7888954644097222,0.7848228450834226,0.7414583333333333
held_out,saod_min,pixelate,1,common,pooled,0.669691796875,0.6762134128761186,0.8889583333333333
held_out,saod_min,pixelate,2,common,pooled,0.7481929904513889,0.7566655082660205,0.839375
held_out,saod_min,pixelate,3,common,pooled,0.9403754123263889,0.9420834606714308,0.3283333333333333
held_out,saod_min,pixelate,4,common,pooled,0.9830374565972222,0.9814954912206105,0.06291666666666666
held_out,saod_min,pixelate,5,common,pooled,0.9939145399305556,0.9931594043388424,0.01875
held_out,saod_min,jpeg_compression,1,common,pooled,0.7010070095486111,0.6733281278070816,0.795625
held_out,saod_min,jpeg_compression,2,common,pooled,0.7696543402777778,0.743283141056322,0.725625
held_out,saod_min,jpeg_compression,3,common,pooled,0.8061593532986111,0.7817291336785277,0.6675
held_out,saod_min,jpeg_compression,4,common,pooled,0.8866445746527778,0.8677537885787014,0.46270833333333333
held_out,saod_min,jpeg_compression,5,common,pooled,0.9465405598958333,0.9335774380484292,0.24583333333333332
held_out,saod_min,speckle_noise,1,extra,pooled,0.5603054904513889,0.5550216679750313,0.9283333333333333
held_out,saod_min,speckle_noise,2,extra,pooled,0.5948201171875,0.5859507621401523,0.9152083333333333
held_out,saod_min,speckle_noise,3,extra,pooled,0.6966906684027778,0.6829861181787451,0.8389583333333334
held_out,saod_min,speckle_noise,4,extra,pooled,0.7497675347222222,0.7335425599057517,0.7683333333333333
held_out,saod_min,speckle_noise,5,extra,pooled,0.8106160373263889,0.7918593699446308,0.6641666666666667
held_out,saod_min,gaussian_blur,1,extra,pooled,0.5507106336805555,0.5353376382643035,0.9225
held_out,saod_min,gaussian_blur,2,extra,pooled,0.6018482855902778,0.5832135866048771,0.8960416666666666
held_out,saod_min,gaussian_blur,3,extra,pooled,0.6647108072916666,0.6448338674275244,0.846875
held_out,saod_min,gaussian_blur,4,extra,pooled,0.7334017795138889,0.7146983296733006,0.785
held_out,saod_min,gaussian_blur,5,extra,pooled,0.8505425347222222,0.8344263041206496,0.5733333333333334
held_out,saod_min,spatter,1,extra,pooled,0.5145229817708333,0.5099679606969495,0.9441666666666667
held_out,saod_min,spatter,2,extra,pooled,0.6276376953125,0.6213110788701978,0.8927083333333333
held_out,saod_min,spatter,3,extra,pooled,0.654765625,0.6490733702594649,0.8779166666666667
held_out,saod_min,spatter,4,extra,pooled,0.7934650390625,0.7911335332198287,0.754375
held_out,saod_min,spatter,5,extra,pooled,0.8748704644097223,0.8704357351308435,0.5647916666666667
held_out,saod_min,saturate,1,extra,pooled,0.5016965494791666,0.5025146836987641,0.9502083333333333
held_out,saod_min,saturate,2,extra,pooled,0.5134142578125,0.5119320120354441,0.9445833333333333
held_out,saod_min,saturate,3,extra,pooled,0.5085438802083333,0.507303872722416,0.9477083333333334
held_out,saod_min,saturate,4,extra,pooled,0.5405260199652778,0.5350546896160284,0.9314583333333334
held_out,saod_min,saturate,5,extra,pooled,0.5749959852430555,0.5676114842062676,0.9185416666666667
held_out,knn,gaussian_noise,1,common,pooled,0.6125169270833334,0.5878293656824666,0.8785416666666667
held_out,knn,gaussian_noise,2,common,pooled,0.6834825737847222,0.6542505518479227,0.8160416666666667
held_out,knn,gaussian_noise,3,common,pooled,0.7696821614583333,0.7413285739680286,0.72375
held_out,knn,gaussian_noise,4,common,pooled,0.8367265190972222,0.8151507488897753,0.6579166666666667
held_out,knn,gaussian_noise,5,common,pooled,0.8566483072916666,0.8424059975083404,0.661875
held_out,knn,shot_noise,1,common,pooled,0.6128735026041666,0.5890305790458672,0.8779166666666667
held_out,knn,shot_noise,2,common,pooled,0.6936810763888889,0.6671593801912942,0.801875
held_out,knn,shot_noise,3,common,pooled,0.7732792317708334,0.7506259198087484,0.7279166666666667
held_out,knn,shot_noise,4,common,pooled,0.8449988715277778,0.8328521711752487,0.6529166666666667
held_out,knn,shot_noise,5,common,pooled,0.8599408854166667,0.8552825258753117,0.68
held_out,knn,impulse_noise,1,common,pooled,0.9375209635416667,0.9348619430822708,0.296875
held_out,knn,impulse_noise,2,common,pooled,0.9600986545138889,0.9578071634342554,0.18625
held_out,knn,impulse_noise,3,common,pooled,0.950744921875,0.9475040114092461,0.23
held_out,knn,impulse_noise,4,common,pooled,0.8953306640625,0.8959111507333737,0.5495833333333333
held_out,knn,impulse_noise,5,common,pooled,0.8699474392361111,0.8657176784528369,0.6575
held_out,knn,defocus_blur,1,common,pooled,0.6163246310763889,0.5855473624616001,0.8220833333333334
held_out,knn,defocus_blur,2,common,pooled,0.6889752604166667,0.6518455216447493,0.7360416666666667
held_out,knn,defocus_blur,3,common,pooled,0.7669087239583333,0.7309252416586445,0.6316666666666667
held_out,knn,defocus_blur,4,common,pooled,0.8280707899305556,0.79289142458651,0.533125
held_out,knn,defocus_blur,5,common,pooled,0.876558203125,0.8408098554169298,0.4175
held_out,knn,glass_blur,1,common,pooled,0.6004790147569444,0.5856935226890407,0.90875
held_out,knn,glass_blur,2,common,pooled,0.6833795355902778,0.675748093939979,0.8702083333333334
held_out,knn,glass_blur,3,common,pooled,0.7899560980902778,0.8202344813203055,0.890625
held_out,knn,glass_blur,4,common,pooled,0.7958711588541667,0.8238416190732452,0.88875
held_out,knn,glass_blur,5,common,pooled,0.838908203125,0.85738060021822,0.7927083333333333
held_out,knn,motion_blur,1,common,pooled,0.5903215928819444,0.5715810506171075,0.889375
held_out,knn,motion_blur,2,common,pooled,0.6851799045138889,0.6604349861459987,0.798125
held_out,knn,motion_blur,3,common,pooled,0.7990291883680556,0.7726420891688799,0.6366666666666667
held_out,knn,motion_blur,4,common,pooled,0.8728366102430556,0.8447717728057403,0.4660416666666667
held_out,knn,motion_blur,5,common,pooled,0.9001572699652778,0.8714997155409934,0.3514583333333333
held_out,knn,zoom_blur,1,common,pooled,0.7868572699652778,0.7564866586770441,0.631875
held_out,knn,zoom_blur,2,common,pooled,0.8537829210069444,0.8263954717876728,0.5125
held_out,knn,zoom_blur,3,common,pooled,0.8626141927083333,0.8417821955474414,0.5125
held_out,knn,zoom_blur,4,common,pooled,0.894135546875,0.8749405298032368,0.4114583333333333
held_out,knn,zoom_blur,5,common,pooled,0.8925894965277777,0.8760669410545232,0.43416666666666665
held_out,knn,snow,1,common,pooled,0.7343592881944444,0.7373017934122784,0.7627083333333333
held_out,knn,snow,2,common,pooled,0.7584402126736111,0.7503800304396572,0.7172916666666667
held_out,knn,snow,3,common,pooled,0.8211962239583334,0.827408997831421,0.646875
held_out,knn,snow,4,common,pooled,0.850047265625,0.8556086721088515,0.5904166666666667
held_out,knn,snow,5,common,pooled,0.8121952907986111,0.8058470706347067,0.6358333333333334
held_out,knn,frost,1,common,pooled,0.5813714409722223,0.5531106398873437,0.8770833333333333
held_out,knn,frost,2,common,pooled,0.6627608940972223,0.6265075610591547,0.7904166666666667
held_out,knn,frost,3,common,pooled,0.7125004774305556,0.6789193585866006,0.7341666666666666
held_out,knn,frost,4,common,pooled,0.7196343532986111,0.6871008027955632,0.7275
held_out,knn,frost,5,common,pooled,0.7472557942708333,0.7158908908173387,0.6970833333333334
held_out,knn,fog,1,common,pooled,0.5261171657986111,0.5179715118247668,0.9335416666666667
held_out,knn,fog,2,common,pooled,0.5356434895833333,0.5247726159824078,0.9260416666666667
held_out,knn,fog,3,common,pooled,0.5466304470486111,0.5336410231038657,0.9139583333333333
held_out,knn,fog,4,common,pooled,0.5561455295138888,0.5400617698588288,0.9125
held_out,knn,fog,5,common,pooled,0.5996475694444444,0.5691388211096422,0.840625
held_out,knn,brightness,1,common,pooled,0.5051993272569445,0.5055957809111093,0.9477083333333334
held_out,knn,brightness,2,common,pooled,0.5213996961805556,0.5197303092279213,0.9422916666666666
held_out,knn,brightness,3,common,pooled,0.5417799696180555,0.5365198642386142,0.93
held_out,knn,brightness,4,common,pooled,0.5684971571180556,0.5585110868292851,0.9139583333333333
held_out,knn,brightness,5,common,pooled,0.6001411892361111,0.5856413270667401,0.8910416666666666
held_out,knn,contrast,1,common,pooled,0.5398705078125,0.5304666867170781,0.9214583333333334
held_out,knn,contrast,2,common,pooled,0.5609568576388889,0.5475587447166566,0.9054166666666666
held_out,knn,contrast,3,common,pooled,0.5994559461805555,0.5802930741013812,0.864375
held_out,knn,contrast,4,common,pooled,0.6956234809027778,0.6671721924999965,0.7560416666666666
held_out,knn,contrast,5,common,pooled,0.8071152560763889,0.7709185697259691,0.5927083333333333
held_out,knn,elastic_transform,1,common,pooled,0.6074273220486112,0.6186038155385318,0.9422916666666666
held_out,knn,elastic_transform,2,common,pooled,0.6678356553819444,0.6926171009958236,0.9327083333333334
held_out,knn,elastic_transform,3,common,pooled,0.7497331597222222,0.7826922623301706,0.8914583333333334
held_out,knn,elastic_transform,4,common,pooled,0.8063248480902778,0.8367923694626436,0.8208333333333333
held_out,knn,elastic_transform,5,common,pooled,0.8766740885416666,0.8966545927150923,0.6625
held_out,knn,pixelate,1,common,pooled,0.6753064236111112,0.6809969330789614,0.816875
held_out,knn,pixelate,2,common,pooled,0.7297175998263888,0.7399698385909501,0.75
held_out,knn,pixelate,3,common,pooled,0.8297346354166667,0.8337780443704866,0.5958333333333333
held_out,knn,pixelate,4,common,pooled,0.877826953125,0.8625744684703349,0.48270833333333335
held_out,knn,pixelate,5,common,pooled,0.8852071397569444,0.8503508888010054,0.39895833333333336
held_out,knn,jpeg_compression,1,common,pooled,0.7510698350694445,0.7262028618681842,0.6772916666666666
held_out,knn,jpeg_compression,2,common,pooled,0.8430904947916666,0.8312117183211576,0.5545833333333333
held_out,knn,jpeg_compression,3,common,pooled,0.8696269748263888,0.8593791402083448,0.5060416666666666
held_out,knn,jpeg_compression,4,common,pooled,0.9350258897569445,0.9323288504862719,0.315
held_out,knn,jpeg_compression,5,common,pooled,0.9716745659722222,0.9707384223972793,0.1425
held_out,knn,speckle_noise,1,extra,pooled,0.5855149305555556,0.5660810260287086,0.9041666666666667
held_out,knn,speckle_noise,2,extra,pooled,0.6298874348958333,0.607581666522842,0.875625
held_out,knn,speckle_noise,3,extra,pooled,0.7419121527777778,0.7235756304237393,0.783125
held_out,knn,speckle_noise,4,extra,pooled,0.7886467881944444,0.7743320237250898,0.7272916666666667
held_out,knn,speckle_noise,5,extra,pooled,0.8278141276041666,0.8176965265933056,0.6891666666666667
held_out,knn,gaussian_blur,1,extra,pooled,0.5447684678819444,0.5288412808088027,0.905
held_out,knn,gaussian_blur,2,extra,pooled,0.6705838107638888,0.6323523597170871,0.7579166666666667
held_out,knn,gaussian_blur,3,extra,pooled,0.7631755642361111,0.7280860122285496,0.6404166666666666
held_out,knn,gaussian_blur,4,extra,pooled,0.8264939887152778,0.7936298680100432,0.5327083333333333
held_out,knn,gaussian_blur,5,extra,pooled,0.9091606987847223,0.8758784896006017,0.315
held_out,knn,spatter,1,extra,pooled,0.6167989800347222,0.6072908029411713,0.8658333333333333
held_out,knn,spatter,2,extra,pooled,0.8845284939236111,0.8993994721889725,0.5477083333333334
held_out,knn,spatter,3,extra,pooled,0.8642612630208333,0.8746233509974022,0.5702083333333333
held_out,knn,spatter,4,extra,pooled,0.9887129340277778,0.9894358019150502,0.06208333333333333
held_out,knn,spatter,5,extra,pooled,0.9944742621527778,0.9946088266616797,0.023958333333333335
held_out,knn,saturate,1,extra,pooled,0.49763582899305553,0.49757059489889444,0.949375
held_out,knn,saturate,2,extra,pooled,0.5084754557291666,0.5050274426929274,0.94125
held_out,knn,saturate,3,extra,pooled,0.5097077039930555,0.5081683053944248,0.943125
held_out,knn,saturate,4,extra,pooled,0.5833887586805555,0.5661518471978819,0.8910416666666666
held_out,knn,saturate,5,extra,pooled,0.6689832465277777,0.6464068434129714,0.8135416666666667
held_out,discopatch,gaussian_noise,1,common,pooled,0.8776642144097222,0.8704030922756156,0.4527083333333333
held_out,discopatch,gaussian_noise,2,common,pooled,0.9511539279513889,0.9462659291747001,0.21416666666666667
held_out,discopatch,gaussian_noise,3,common,pooled,0.9868929904513889,0.9842162977916483,0.059166666666666666
held_out,discopatch,gaussian_noise,4,common,pooled,0.9970553385416666,0.9953996449953231,0.010625
held_out,discopatch,gaussian_noise,5,common,pooled,0.9991359592013889,0.998075915344239,0.0016666666666666668
held_out,discopatch,shot_noise,1,common,pooled,0.8686677951388889,0.8546245697646094,0.4475
held_out,discopatch,shot_noise,2,common,pooled,0.9420286892361112,0.9337175882397454,0.23395833333333332
held_out,discopatch,shot_noise,3,common,pooled,0.9747878255208333,0.9705004448023267,0.11541666666666667
held_out,discopatch,shot_noise,4,common,pooled,0.9898341796875,0.9875949764717218,0.04604166666666667
held_out,discopatch,shot_noise,5,common,pooled,0.9929758029513889,0.9909895471301204,0.031875
held_out,discopatch,impulse_noise,1,common,pooled,0.9230345486111111,0.9121311460318137,0.2925
held_out,discopatch,impulse_noise,2,common,pooled,0.9779523654513889,0.9737342038556048,0.10083333333333333
held_out,discopatch,impulse_noise,3,common,pooled,0.9917053602430556,0.9892084059013042,0.03770833333333334
held_out,discopatch,impulse_noise,4,common,pooled,0.9984818142361112,0.9970774189700424,0.00375
held_out,discopatch,impulse_noise,5,common,pooled,0.9992774088541667,0.9982339811597343,0.0010416666666666667
held_out,discopatch,defocus_blur,1,common,pooled,0.6573311631944444,0.6224100393654404,0.8279166666666666
held_out,discopatch,defocus_blur,2,common,pooled,0.7260050347222222,0.6817620262460558,0.7252083333333333
held_out,discopatch,defocus_blur,3,common,pooled,0.7970763020833334,0.7450440793446218,0.5679166666666666
held_out,discopatch,defocus_blur,4,common,pooled,0.8292990017361112,0.7738279609195786,0.4922916666666667
held_out,discopatch,defocus_blur,5,common,pooled,0.8483494791666667,0.79025748111887,0.4372916666666667
held_out,discopatch,glass_blur,1,common,pooled,0.6759026041666667,0.6387508753167033,0.805
held_out,discopatch,glass_blur,2,common,pooled,0.7753124565972223,0.734965193941997,0.6272916666666667
held_out,discopatch,glass_blur,3,common,pooled,0.8808869791666667,0.8511385000422367,0.38916666666666666
held_out,discopatch,glass_blur,4,common,pooled,0.9104772569444445,0.887711443472406,0.31416666666666665
held_out,discopatch,glass_blur,5,common,pooled,0.9354839409722222,0.9186730205736612,0.2425
held_out,discopatch,motion_blur,1,common,pooled,0.5812137152777778,0.5600838124218878,0.9079166666666667
held_out,discopatch,motion_blur,2,common,pooled,0.6613723958333333,0.6241614755042866,0.83
held_out,discopatch,motion_blur,3,common,pooled,0.7436649305555556,0.6967602997168179,0.6885416666666667
held_out,discopatch,motion_blur,4,common,pooled,0.8014318576388889,0.7520699293183156,0.5679166666666666
held_out,discopatch,motion_blur,5,common,pooled,0.8307476128472222,0.7823462356866424,0.5008333333333334
held_out,discopatch,zoom_blur,1,common,pooled,0.7472956163194444,0.694525482631096,0.6779166666666666
held_out,discopatch,zoom_blur,2,common,pooled,0.7882772569444444,0.7329550413218573,0.5929166666666666
held_out,discopatch,zoom_blur,3,common,pooled,0.8209650607638889,0.7701894401702498,0.5275
held_out,discopatch,zoom_blur,4,common,pooled,0.8377883680555556,0.7879156982398532,0.481875
held_out,discopatch,zoom_blur,5,common,pooled,0.8540951388888889,0.8090914667814817,0.45229166666666665
held_out,discopatch,snow,1,common,pooled,0.7558393663194445,0.6951722321037211,0.61125
held_out,discopatch,snow,2,common,pooled,0.8410175347222222,0.7871381505680342,0.41854166666666665
held_out,discopatch,snow,3,common,pooled,0.835372265625,0.767060680861326,0.40708333333333335
held_out,discopatch,snow,4,common,pooled,0.8664764756944444,0.8002004778934979,0.346875
held_out,discopatch,snow,5,common,pooled,0.8432641493055556,0.7735847091009819,0.39229166666666665
held_out,discopatch,frost,1,common,pooled,0.6578729166666667,0.607249478135783,0.7954166666666667
held_out,discopatch,frost,2,common,pooled,0.7779789930555555,0.7232011637855464,0.5960416666666667
held_out,discopatch,frost,3,common,pooled,0.8318815972222222,0.7803927104233249,0.47
held_out,discopatch,frost,4,common,pooled,0.8467590277777778,0.8001742698985813,0.45395833333333335
held_out,discopatch,frost,5,common,pooled,0.8717724826388888,0.8295802088592525,0.3883333333333333
held_out,discopatch,fog,1,common,pooled,0.6038299696180556,0.5887462683487861,0.8929166666666667
held_out,discopatch,fog,2,common,pooled,0.6550461805555555,0.6348833449942639,0.85
held_out,discopatch,fog,3,common,pooled,0.7246146701388889,0.6993708159580376,0.755625
held_out,discopatch,fog,4,common,pooled,0.75569453125,0.7341555907610555,0.7175
held_out,discopatch,fog,5,common,pooled,0.8383141493055556,0.8222931714988774,0.5333333333333333
held_out,discopatch,brightness,1,common,pooled,0.4903171440972222,0.4900325367732214,0.9479166666666666
held_out,discopatch,brightness,2,common,pooled,0.49042337239583333,0.48437770520520207,0.9416666666666667
held_out,discopatch,brightness,3,common,pooled,0.4984126519097222,0.48449621344541466,0.9310416666666667
held_out,discopatch,brightness,4,common,pooled,0.5110512586805556,0.48843463821715627,0.9141666666666667
held_out,discopatch,brightness,5,common,pooled,0.5221454427083333,0.4920071573221125,0.8929166666666667
held_out,discopatch,contrast,1,common,pooled,0.5433912760416667,0.5253242453671467,0.9275
held_out,discopatch,contrast,2,common,pooled,0.5659618055555555,0.5388940694375186,0.9064583333333334
held_out,discopatch,contrast,3,common,pooled,0.6051818142361111,0.5655911560456525,0.8685416666666667
held_out,discopatch,contrast,4,common,pooled,0.690773828125,0.639745640000823,0.715
held_out,discopatch,contrast,5,common,pooled,0.77742578125,0.7325022300359032,0.576875
held_out,discopatch,elastic_transform,1,common,pooled,0.6091419270833334,0.5715761935520938,0.85375
held_out,discopatch,elastic_transform,2,common,pooled,0.6416735243055556,0.5951867646981293,0.8079166666666666
held_out,discopatch,elastic_transform,3,common,pooled,0.6772428819444445,0.62199026983608,0.7458333333333333
held_out,discopatch,elastic_transform,4,common,pooled,0.6988423177083334,0.6387942023255513,0.7045833333333333
held_out,discopatch,elastic_transform,5,common,pooled,0.7211977430555555,0.6560417965492232,0.6579166666666667
held_out,discopatch,pixelate,1,common,pooled,0.5474745225694444,0.533503425322289,0.9222916666666666
held_out,discopatch,pixelate,2,common,pooled,0.5551071180555556,0.539418318823522,0.9164583333333334
held_out,discopatch,pixelate,3,common,pooled,0.6409729600694445,0.604903123078055,0.835
held_out,discopatch,pixelate,4,common,pooled,0.7178536458333333,0.6730998240558584,0.7135416666666666
held_out,discopatch,pixelate,5,common,pooled,0.7542373263888889,0.704681788552163,0.6433333333333333
held_out,discopatch,jpeg_compression,1,common,pooled,0.6288834201388889,0.5685589451239389,0.8125
held_out,discopatch,jpeg_compression,2,common,pooled,0.6412691840277778,0.5694235888960857,0.7770833333333333
held_out,discopatch,jpeg_compression,3,common,pooled,0.6453393663194444,0.5670144980316753,0.7479166666666667
held_out,discopatch,jpeg_compression,4,common,pooled,0.6306345052083333,0.5449019830355292,0.7183333333333334
held_out,discopatch,jpeg_compression,5,common,pooled,0.5927468098958333,0.5132294875876595,0.7283333333333334
held_out,discopatch,speckle_noise,1,extra,pooled,0.8030424913194445,0.7783334800141015,0.583125
held_out,discopatch,speckle_noise,2,extra,pooled,0.8595955512152778,0.8371178287038255,0.44583333333333336
held_out,discopatch,speckle_noise,3,extra,pooled,0.9398990885416667,0.9270815945204145,0.22104166666666666
held_out,discopatch,speckle_noise,4,extra,pooled,0.960733984375,0.9517635408877346,0.15708333333333332
held_out,discopatch,speckle_noise,5,extra,pooled,0.9744625868055555,0.9681158251204085,0.11083333333333334
held_out,discopatch,gaussian_blur,1,extra,pooled,0.5550108940972223,0.5410816949713994,0.92625
held_out,discopatch,gaussian_blur,2,extra,pooled,0.7122749565972222,0.6696130767560982,0.7479166666666667
held_out,discopatch,gaussian_blur,3,extra,pooled,0.8014486545138889,0.7518962176926894,0.5670833333333334
held_out,discopatch,gaussian_blur,4,extra,pooled,0.840256640625,0.7887818173286812,0.4635416666666667
held_out,discopatch,gaussian_blur,5,extra,pooled,0.8676076388888889,0.811441269076017,0.3829166666666667
held_out,discopatch,spatter,1,extra,pooled,0.5220349392361111,0.5151985316158146,0.9385416666666667
held_out,discopatch,spatter,2,extra,pooled,0.6847913194444445,0.6284425528265127,0.7408333333333333
held_out,discopatch,spatter,3,extra,pooled,0.8146447482638889,0.7616719820719764,0.505625
held_out,discopatch,spatter,4,extra,pooled,0.8329130208333333,0.7703193748456072,0.4216666666666667
held_out,discopatch,spatter,5,extra,pooled,0.892807421875,0.8385928066333024,0.29083333333333333
held_out,discopatch,saturate,1,extra,pooled,0.6534361979166666,0.6195884288748779,0.8166666666666667
held_out,discopatch,saturate,2,extra,pooled,0.7638774739583334,0.721878278169435,0.615
held_out,discopatch,saturate,3,extra,pooled,0.46895792100694444,0.4727919124850831,0.956875
held_out,discopatch,saturate,4,extra,pooled,0.5144904513888889,0.4862906164149697,0.9
held_out,discopatch,saturate,5,extra,pooled,0.562773046875,0.5048076251054869,0.814375
held_out,cdf,gaussian_noise,1,common,pooled,0.8454896267361112,0.7792338295676793,0.3975
held_out,cdf,gaussian_noise,2,common,pooled,0.9362920138888889,0.8947163390355823,0.17916666666666667
held_out,cdf,gaussian_noise,3,common,pooled,0.9822069444444445,0.9656603397178152,0.05583333333333333
held_out,cdf,gaussian_noise,4,common,pooled,0.9956234375,0.9895228064670374,0.01375
held_out,cdf,gaussian_noise,5,common,pooled,0.9989280381944444,0.997750908387168,0.003125
held_out,cdf,shot_noise,1,common,pooled,0.8347896701388889,0.7697335933829131,0.420625
held_out,cdf,shot_noise,2,common,pooled,0.9387365451388889,0.9005117975590377,0.17208333333333334
held_out,cdf,shot_noise,3,common,pooled,0.9818980034722222,0.9664899648312089,0.05875
held_out,cdf,shot_noise,4,common,pooled,0.9968532552083333,0.9932322551456271,0.010208333333333333
held_out,cdf,shot_noise,5,common,pooled,0.9988898003472222,0.998006320786523,0.003125
held_out,cdf,impulse_noise,1,common,pooled,0.9965897569444444,0.993740078934938,0.01
held_out,cdf,impulse_noise,2,common,pooled,0.9977991753472222,0.9955552112745497,0.005833333333333334
held_out,cdf,impulse_noise,3,common,pooled,0.99769765625,0.9950531675545651,0.0060416666666666665
held_out,cdf,impulse_noise,4,common,pooled,0.9976715711805556,0.9943722233440914,0.005833333333333334
held_out,cdf,impulse_noise,5,common,pooled,0.9989704861111111,0.9976441883164388,0.0027083333333333334
held_out,cdf,defocus_blur,1,common,pooled,0.7491198784722222,0.6830208128544281,0.6225
held_out,cdf,defocus_blur,2,common,pooled,0.8308463107638889,0.7624112215894755,0.426875
held_out,cdf,defocus_blur,3,common,pooled,0.9076575520833333,0.8537008052494357,0.241875
held_out,cdf,defocus_blur,4,common,pooled,0.9440581163194445,0.904240517098517,0.148125
held_out,cdf,defocus_blur,5,common,pooled,0.96446796875,0.9352514285305205,0.0925
held_out,cdf,glass_blur,1,common,pooled,0.6623360677083333,0.6081733656965536,0.7691666666666667
held_out,cdf,glass_blur,2,common,pooled,0.7607903645833334,0.6896656103495897,0.583125
held_out,cdf,glass_blur,3,common,pooled,0.8660650173611111,0.7933293600050008,0.33479166666666665
held_out,cdf,glass_blur,4,common,pooled,0.8937349826388888,0.8278339249253003,0.2710416666666667
held_out,cdf,glass_blur,5,common,pooled,0.9362288194444445,0.887378834893125,0.16
held_out,cdf,motion_blur,1,common,pooled,0.7261312934027778,0.6679924351868016,0.6654166666666667
held_out,cdf,motion_blur,2,common,pooled,0.8311295572916667,0.7705619248739898,0.44354166666666667
held_out,cdf,motion_blur,3,common,pooled,0.9071804253472222,0.8591271920597278,0.261875
held_out,cdf,motion_blur,4,common,pooled,0.9504655815972223,0.9169534377155514,0.140625
held_out,cdf,motion_blur,5,common,pooled,0.9659846788194445,0.9396757140172118,0.09291666666666666
held_out,cdf,zoom_blur,1,common,pooled,0.7531796440972223,0.6913498484061835,0.628125
held_out,cdf,zoom_blur,2,common,pooled,0.820755078125,0.7552442417075728,0.470625
held_out,cdf,zoom_blur,3,common,pooled,0.7841647135416666,0.7229014121841039,0.5595833333333333
held_out,cdf,zoom_blur,4,common,pooled,0.8241895399305555,0.7619731386911839,0.466875
held_out,cdf,zoom_blur,5,common,pooled,0.7969141493055556,0.7349258537815326,0.5270833333333333
held_out,cdf,snow,1,common,pooled,0.8641299045138889,0.8217450071069955,0.40166666666666667
held_out,cdf,snow,2,common,pooled,0.9413221354166666,0.9120009898409045,0.18125
held_out,cdf,snow,3,common,pooled,0.9410083333333333,0.9099867074713984,0.183125
held_out,cdf,snow,4,common,pooled,0.9592858940972222,0.9334095123689338,0.12395833333333334
held_out,cdf,snow,5,common,pooled,0.95483984375,0.9277750333312341,0.13208333333333333
held_out,cdf,frost,1,common,pooled,0.6028845920138889,0.5570332021685859,0.8195833333333333
held_out,cdf,frost,2,common,pooled,0.7109681857638889,0.6297817335781847,0.6377083333333333
held_out,cdf,frost,3,common,pooled,0.7730707465277777,0.6837990334386932,0.5372916666666666
held_out,cdf,frost,4,common,pooled,0.7767639756944444,0.6866319914185226,0.5270833333333333
held_out,cdf,frost,5,common,pooled,0.8072073784722222,0.7175910023027394,0.47583333333333333
held_out,cdf,fog,1,common,pooled,0.6255499565972222,0.5711535046913696,0.7820833333333334
held_out,cdf,fog,2,common,pooled,0.6638824652777777,0.6001915148358157,0.7289583333333334
held_out,cdf,fog,3,common,pooled,0.6908565538194444,0.6237960291780669,0.6977083333333334
held_out,cdf,fog,4,common,pooled,0.6817771701388889,0.6159401284283401,0.710625
held_out,cdf,fog,5,common,pooled,0.7001873263888889,0.6295141231092158,0.6825
held_out,cdf,brightness,1,common,pooled,0.5152079861111111,0.5103318534615835,0.9345833333333333
held_out,cdf,brightness,2,common,pooled,0.56946015625,0.548247696075552,0.8779166666666667
held_out,cdf,brightness,3,common,pooled,0.6332041232638889,0.5950700199578587,0.7979166666666667
held_out,cdf,brightness,4,common,pooled,0.6997673177083333,0.6478100821210832,0.6977083333333334
held_out,cdf,brightness,5,common,pooled,0.7593354166666667,0.7001253699484027,0.5872916666666667
held_out,cdf,contrast,1,common,pooled,0.7070544270833333,0.6571145199439652,0.6989583333333333
held_out,cdf,contrast,2,common,pooled,0.7744053819444444,0.7204392747187857,0.57875
held_out,cdf,contrast,3,common,pooled,0.8515942274305556,0.8023557285184032,0.414375
held_out,cdf,contrast,4,common,pooled,0.9383872395833334,0.9088833418056257,0.19458333333333333
held_out,cdf,contrast,5,common,pooled,0.9812204861111111,0.968729173621205,0.061875
held_out,cdf,elastic_transform,1,common,pooled,0.5392293402777778,0.5202387807000635,0.9208333333333333
held_out,cdf,elastic_transform,2,common,pooled,0.5768388020833334,0.544287270210464,0.8866666666666667
held_out,cdf,elastic_transform,3,common,pooled,0.639546484375,0.5891463851155997,0.816875
held_out,cdf,elastic_transform,4,common,pooled,0.6909541232638889,0.6308513150146694,0.7589583333333333
held_out,cdf,elastic_transform,5,common,pooled,0.7576150173611111,0.6918926082535163,0.645625
held_out,cdf,pixelate,1,common,pooled,0.70790234375,0.6576976930759111,0.6977083333333334
held_out,cdf,pixelate,2,common,pooled,0.769985546875,0.7111120525426368,0.5827083333333334
held_out,cdf,pixelate,3,common,pooled,0.9206990017361111,0.884135355735735,0.23895833333333333
held_out,cdf,pixelate,4,common,pooled,0.9706912326388889,0.9543576240944425,0.0925
held_out,cdf,pixelate,5,common,pooled,0.9878073784722222,0.9815569962260716,0.04020833333333333
held_out,cdf,jpeg_compression,1,common,pooled,0.7994816840277778,0.7278124185198696,0.5
held_out,cdf,jpeg_compression,2,common,pooled,0.8864149739583334,0.828166943413039,0.3152083333333333
held_out,cdf,jpeg_compression,3,common,pooled,0.9173357638888889,0.8685868533520679,0.23520833333333332
held_out,cdf,jpeg_compression,4,common,pooled,0.9642642361111111,0.9363923291952672,0.10416666666666667
held_out,cdf,jpeg_compression,5,common,pooled,0.9825599392361111,0.9653814239335866,0.051875
held_out,cdf,speckle_noise,1,extra,pooled,0.7470190538194444,0.6871520352126222,0.6172916666666667
held_out,cdf,speckle_noise,2,extra,pooled,0.8291921875,0.7714315723304697,0.446875
held_out,cdf,speckle_noise,3,extra,pooled,0.9539199652777778,0.9288759605858892,0.14354166666666668
held_out,cdf,speckle_noise,4,extra,pooled,0.97964453125,0.9670974055104434,0.06895833333333333
held_out,cdf,speckle_noise,5,extra,pooled,0.9922454861111111,0.9870372166312761,0.0275
held_out,cdf,gaussian_blur,1,extra,pooled,0.6396160590277777,0.5913742501008044,0.804375
held_out,cdf,gaussian_blur,2,extra,pooled,0.8205946180555556,0.7505708252950463,0.4525
held_out,cdf,gaussian_blur,3,extra,pooled,0.9087931857638889,0.8540319198481648,0.23625
held_out,cdf,gaussian_blur,4,extra,pooled,0.9496776909722222,0.9116480339388794,0.13125
held_out,cdf,gaussian_blur,5,extra,pooled,0.9809194010416666,0.9615529727636644,0.049791666666666665
held_out,cdf,spatter,1,extra,pooled,0.5127208333333333,0.5059005370969245,0.9377083333333334
held_out,cdf,spatter,2,extra,pooled,0.8215525607638889,0.7784267376679148,0.5029166666666667
held_out,cdf,spatter,3,extra,pooled,0.9156479166666667,0.8864107173503211,0.27208333333333334
held_out,cdf,spatter,4,extra,pooled,0.9842426215277778,0.9772612657319325,0.05625
held_out,cdf,spatter,5,extra,pooled,0.9952347222222222,0.9924526002758355,0.015208333333333334
held_out,cdf,saturate,1,extra,pooled,0.5104901258680555,0.5000668284283034,0.92125
held_out,cdf,saturate,2,extra,pooled,0.5649338324652777,0.5339927652552214,0.86625
held_out,cdf,saturate,3,extra,pooled,0.5656526692708334,0.5520030233954162,0.9202083333333333
held_out,cdf,saturate,4,extra,pooled,0.7453187065972222,0.6906252495404172,0.6497916666666667
held_out,cdf,saturate,5,extra,pooled,0.860055859375,0.8067834103963781,0.38958333333333334
held_out,cdf_sum,gaussian_noise,1,common,pooled,0.7695182291666667,0.7075815366466303,0.5954166666666667
held_out,cdf_sum,gaussian_noise,2,common,pooled,0.8829543185763888,0.8310856399579679,0.331875
held_out,cdf_sum,gaussian_noise,3,common,pooled,0.9615451388888889,0.9374297437948985,0.12145833333333333
held_out,cdf_sum,gaussian_noise,4,common,pooled,0.9908517361111111,0.9827814730680744,0.028958333333333332
held_out,cdf_sum,gaussian_noise,5,common,pooled,0.9981611111111112,0.9961520995014878,0.004375
held_out,cdf_sum,shot_noise,1,common,pooled,0.7605357638888889,0.6994530556416476,0.6091666666666666
held_out,cdf_sum,shot_noise,2,common,pooled,0.8896525607638889,0.8400159612263709,0.3129166666666667
held_out,cdf_sum,shot_noise,3,common,pooled,0.9623092447916667,0.9386596377963847,0.11583333333333333
held_out,cdf_sum,shot_noise,4,common,pooled,0.9939366753472222,0.9882307899699647,0.02020833333333333
held_out,cdf_sum,shot_noise,5,common,pooled,0.99813515625,0.9963885871564548,0.004375
held_out,cdf_sum,impulse_noise,1,common,pooled,0.9969421006944444,0.9957966650243217,0.010416666666666666
held_out,cdf_sum,impulse_noise,2,common,pooled,0.9983073350694445,0.9976671285245423,0.005
held_out,cdf_sum,impulse_noise,3,common,pooled,0.998088671875,0.9972019975448657,0.006458333333333333
held_out,cdf_sum,impulse_noise,4,common,pooled,0.9969844618055556,0.9944486792896801,0.008125
held_out,cdf_sum,impulse_noise,5,common,pooled,0.9984469184027778,0.9967018657976582,0.0033333333333333335
held_out,cdf_sum,defocus_blur,1,common,pooled,0.7205328776041666,0.6624594340680796,0.6877083333333334
held_out,cdf_sum,defocus_blur,2,common,pooled,0.8052605034722222,0.7408311069258009,0.5160416666666666
held_out,cdf_sum,defocus_blur,3,common,pooled,0.8929992621527778,0.8408264445331961,0.291875
held_out,cdf_sum,defocus_blur,4,common,pooled,0.9377909722222222,0.9015555044649249,0.17583333333333334
held_out,cdf_sum,defocus_blur,5,common,pooled,0.9639150607638889,0.9400620367085296,0.10895833333333334
held_out,cdf_sum,glass_blur,1,common,pooled,0.64956953125,0.6030695856903289,0.7997916666666667
held_out,cdf_sum,glass_blur,2,common,pooled,0.7483580295138889,0.6845175244107572,0.630625
held_out,cdf_sum,glass_blur,3,common,pooled,0.8745805121527778,0.8143019339592588,0.34833333333333333
held_out,cdf_sum,glass_blur,4,common,pooled,0.9018145833333333,0.8476423219613528,0.27770833333333333
held_out,cdf_sum,glass_blur,5,common,pooled,0.9412248697916666,0.9025621035329254,0.16770833333333332
held_out,cdf_sum,motion_blur,1,common,pooled,0.7069353298611111,0.6564520223384331,0.7195833333333334
held_out,cdf_sum,motion_blur,2,common,pooled,0.8208460503472222,0.7660448090782224,0.4952083333333333
held_out,cdf_sum,motion_blur,3,common,pooled,0.910015625,0.8696882054524697,0.269375
held_out,cdf_sum,motion_blur,4,common,pooled,0.958638671875,0.9355360771698508,0.13229166666666667
held_out,cdf_sum,motion_blur,5,common,pooled,0.9744963541666667,0.9585067182253509,0.08375
held_out,cdf_sum,zoom_blur,1,common,pooled,0.7684514756944445,0.7103045410941886,0.60375
held_out,cdf_sum,zoom_blur,2,common,pooled,0.8458586371527778,0.7882379118474427,0.42770833333333336
held_out,cdf_sum,zoom_blur,3,common,pooled,0.8154846788194444,0.7580971817038108,0.5054166666666666
held_out,cdf_sum,zoom_blur,4,common,pooled,0.8585349826388889,0.8040388500012512,0.39666666666666667
held_out,cdf_sum,zoom_blur,5,common,pooled,0.8324560980902778,0.775206761725739,0.4579166666666667
held_out,cdf_sum,snow,1,common,pooled,0.8425937934027777,0.81697092902193,0.519375
held_out,cdf_sum,snow,2,common,pooled,0.9135067274305556,0.890695057461173,0.296875
held_out,cdf_sum,snow,3,common,pooled,0.92190859375,0.9006732626479488,0.27875
held_out,cdf_sum,snow,4,common,pooled,0.9428854166666667,0.9236402392070237,0.20875
held_out,cdf_sum,snow,5,common,pooled,0.9305549913194444,0.9066909505757276,0.23354166666666668
held_out,cdf_sum,frost,1,common,pooled,0.5639470269097222,0.5309734999598622,0.8691666666666666
held_out,cdf_sum,frost,2,common,pooled,0.663723828125,0.5983409553771614,0.740625
held_out,cdf_sum,frost,3,common,pooled,0.727483203125,0.652533175342505,0.6491666666666667
held_out,cdf_sum,frost,4,common,pooled,0.7336199652777777,0.6581446909842,0.6408333333333334
held_out,cdf_sum,frost,5,common,pooled,0.7664709418402778,0.6897556662249944,0.591875
held_out,cdf_sum,fog,1,common,pooled,0.5779901475694444,0.5432130144214052,0.8635416666666667
held_out,cdf_sum,fog,2,common,pooled,0.6040965711805556,0.5616817784291648,0.833125
held_out,cdf_sum,fog,3,common,pooled,0.6254064019097222,0.5794074697831368,0.8120833333333334
held_out,cdf_sum,fog,4,common,pooled,0.62201015625,0.5791248138308893,0.823125
held_out,cdf_sum,fog,5,common,pooled,0.6408936414930556,0.5944092089397085,0.795
held_out,cdf_sum,brightness,1,common,pooled,0.5055213975694445,0.5020538761677884,0.9360416666666667
held_out,cdf_sum,brightness,2,common,pooled,0.5402412760416667,0.5248649762136582,0.91375
held_out,cdf_sum,brightness,3,common,pooled,0.5846429036458334,0.5558598999995135,0.8685416666666667
held_out,cdf_sum,brightness,4,common,pooled,0.6348525173611111,0.5934092882075692,0.806875
held_out,cdf_sum,brightness,5,common,pooled,0.6850424479166667,0.6344393823498193,0.738125
held_out,cdf_sum,contrast,1,common,pooled,0.6407642795138889,0.6045365300262733,0.8120833333333334
held_out,cdf_sum,contrast,2,common,pooled,0.6948616319444444,0.651562038641216,0.739375
held_out,cdf_sum,contrast,3,common,pooled,0.7686218315972222,0.7221214743635669,0.6164583333333333
held_out,cdf_sum,contrast,4,common,pooled,0.8813013454861112,0.8445249043710599,0.36645833333333333
held_out,cdf_sum,contrast,5,common,pooled,0.9598629774305556,0.9421255737720106,0.13708333333333333
held_out,cdf_sum,elastic_transform,1,common,pooled,0.55492109375,0.5354530100328656,0.9222916666666666
held_out,cdf_sum,elastic_transform,2,common,pooled,0.6024649305555555,0.5717589030248607,0.8889583333333333
held_out,cdf_sum,elastic_transform,3,common,pooled,0.6798620659722222,0.6388947767042114,0.810625
held_out,cdf_sum,elastic_transform,4,common,pooled,0.7404743489583333,0.6988886129427372,0.7339583333333334
held_out,cdf_sum,elastic_transform,5,common,pooled,0.8148046875,0.7787853215399976,0.5958333333333333
held_out,cdf_sum,pixelate,1,common,pooled,0.7161111762152778,0.6687482049431934,0.695
held_out,cdf_sum,pixelate,2,common,pooled,0.7851127604166667,0.7304747244714652,0.5672916666666666
held_out,cdf_sum,pixelate,3,common,pooled,0.9294759114583333,0.8994384620931751,0.215
held_out,cdf_sum,pixelate,4,common,pooled,0.9741196180555556,0.9628800113420707,0.08666666666666667
held_out,cdf_sum,pixelate,5,common,pooled,0.989525390625,0.9856631868003408,0.036458333333333336
held_out,cdf_sum,jpeg_compression,1,common,pooled,0.8070128472222222,0.7429257843990921,0.5141666666666667
held_out,cdf_sum,jpeg_compression,2,common,pooled,0.8988707465277778,0.8510497274264399,0.294375
held_out,cdf_sum,jpeg_compression,3,common,pooled,0.9286192708333333,0.889889158443248,0.21770833333333334
held_out,cdf_sum,jpeg_compression,4,common,pooled,0.9732487847222222,0.9541166478821319,0.09125
held_out,cdf_sum,jpeg_compression,5,common,pooled,0.988705859375,0.9787426630064804,0.035208333333333335
held_out,cdf_sum,speckle_noise,1,extra,pooled,0.6813746527777778,0.6313039459456073,0.7422916666666667
held_out,cdf_sum,speckle_noise,2,extra,pooled,0.7628386284722222,0.7054592212777038,0.6095833333333334
held_out,cdf_sum,speckle_noise,3,extra,pooled,0.920759765625,0.8841819705525863,0.23916666666666667
held_out,cdf_sum,speckle_noise,4,extra,pooled,0.9627987847222222,0.9422557515873429,0.11875
held_out,cdf_sum,speckle_noise,5,extra,pooled,0.985656640625,0.9762833143638734,0.044583333333333336
held_out,cdf_sum,gaussian_blur,1,extra,pooled,0.6167649305555556,0.5787849619342896,0.84375
held_out,cdf_sum,gaussian_blur,2,extra,pooled,0.7915528428819445,0.7269431289762067,0.5466666666666666
held_out,cdf_sum,gaussian_blur,3,extra,pooled,0.8930927517361111,0.8399767488477818,0.28958333333333336
held_out,cdf_sum,gaussian_blur,4,extra,pooled,0.9427450954861111,0.9076198885937051,0.16125
held_out,cdf_sum,gaussian_blur,5,extra,pooled,0.9820921875,0.9684682509558964,0.051875
held_out,cdf_sum,spatter,1,extra,pooled,0.5393421440972223,0.5313385358690008,0.923125
held_out,cdf_sum,spatter,2,extra,pooled,0.8671837673611111,0.8527936600004231,0.473125
held_out,cdf_sum,spatter,3,extra,pooled,0.9218817274305555,0.9078375952451169,0.29270833333333335
held_out,cdf_sum,spatter,4,extra,pooled,0.9935325954861111,0.9921824814021475,0.027708333333333335
held_out,cdf_sum,spatter,5,extra,pooled,0.9983787760416667,0.9980351493703726,0.006458333333333333
held_out,cdf_sum,saturate,1,extra,pooled,0.49995184461805553,0.49583229869714096,0.940625
held_out,cdf_sum,saturate,2,extra,pooled,0.5308480685763889,0.5150223129354088,0.9202083333333333
held_out,cdf_sum,saturate,3,extra,pooled,0.5328734375,0.5253010960960749,0.933125
held_out,cdf_sum,saturate,4,extra,pooled,0.6605262586805556,0.6164241959638086,0.7804166666666666
held_out,cdf_sum,saturate,5,extra,pooled,0.7694419270833334,0.7163735393074633,0.6029166666666667
held_out,niqe,gaussian_noise,1,common,pooled,0.9078625868055555,0.8321276172529153,0.24791666666666667
held_out,niqe,gaussian_noise,2,common,pooled,0.9642907118055556,0.9172129047011598,0.08166666666666667
held_out,niqe,gaussian_noise,3,common,pooled,0.9887838975694444,0.9711726480363438,0.022291666666666668
held_out,niqe,gaussian_noise,4,common,pooled,0.9980625868055556,0.993556170883223,0.00375
held_out,niqe,gaussian_noise,5,common,pooled,0.9996584635416667,0.9981704054629943,0.000625
held_out,niqe,shot_noise,1,common,pooled,0.8718651909722223,0.7922756401359811,0.353125
held_out,niqe,shot_noise,2,common,pooled,0.9477924479166666,0.8961436305867314,0.1375
held_out,niqe,shot_noise,3,common,pooled,0.9790509548611112,0.9546782898325804,0.049166666666666664
held_out,niqe,shot_noise,4,common,pooled,0.9956453559027778,0.9909714223709366,0.011875
held_out,niqe,shot_noise,5,common,pooled,0.9988184027777778,0.9970714572951719,0.0033333333333333335
held_out,niqe,impulse_noise,1,common,pooled,0.9925502604166667,0.9914769049671638,0.03729166666666667
held_out,niqe,impulse_noise,2,common,pooled,0.9973441840277778,0.9969055999743948,0.016458333333333332
held_out,niqe,impulse_noise,3,common,pooled,0.9982759548611111,0.9979339088960929,0.009791666666666667
held_out,niqe,impulse_noise,4,common,pooled,0.9988371527777777,0.998203767603899,0.005
held_out,niqe,impulse_noise,5,common,pooled,0.9983408854166667,0.9956951156736494,0.0033333333333333335
held_out,niqe,defocus_blur,1,common,pooled,0.9966467013888889,0.9926053326924968,0.010208333333333333
held_out,niqe,defocus_blur,2,common,pooled,0.9989153645833333,0.9967805014129854,0.002916666666666667
held_out,niqe,defocus_blur,3,common,pooled,0.9993098090277778,0.9978887858133993,0.001875
held_out,niqe,defocus_blur,4,common,pooled,0.9995768229166667,0.9983816171387122,0.0008333333333333334
held_out,niqe,defocus_blur,5,common,pooled,0.9996755642361111,0.9985445347730179,0.000625
held_out,niqe,glass_blur,1,common,pooled,0.9771727864583334,0.9433928512444926,0.03916666666666667
held_out,niqe,glass_blur,2,common,pooled,0.9928991319444445,0.980227450928327,0.011041666666666667
held_out,niqe,glass_blur,3,common,pooled,0.9918932725694445,0.9766357912624724,0.012291666666666666
held_out,niqe,glass_blur,4,common,pooled,0.9941332899305556,0.9829211112371772,0.009375
held_out,niqe,glass_blur,5,common,pooled,0.9987658854166667,0.9954603572466564,0.0022916666666666667
held_out,niqe,motion_blur,1,common,pooled,0.9673271701388889,0.9381446188700306,0.08104166666666666
held_out,niqe,motion_blur,2,common,pooled,0.9796379340277778,0.9619327713579805,0.0525
held_out,niqe,motion_blur,3,common,pooled,0.98537578125,0.9738520962751267,0.039375
held_out,niqe,motion_blur,4,common,pooled,0.9882588107638889,0.9798556048357379,0.034375
held_out,niqe,motion_blur,5,common,pooled,0.9893683159722222,0.9820236120901119,0.0325
held_out,niqe,zoom_blur,1,common,pooled,0.8901294704861111,0.8639268237588084,0.38395833333333335
held_out,niqe,zoom_blur,2,common,pooled,0.9131447916666666,0.8899375468735735,0.315
held_out,niqe,zoom_blur,3,common,pooled,0.8844159288194444,0.8473179226126724,0.353125
held_out,niqe,zoom_blur,4,common,pooled,0.9004161892361111,0.8653212434312381,0.3095833333333333
held_out,niqe,zoom_blur,5,common,pooled,0.8482764756944444,0.8008359613697632,0.426875
held_out,niqe,snow,1,common,pooled,0.8833096788194444,0.8545886782296651,0.39708333333333334
held_out,niqe,snow,2,common,pooled,0.9666293836805555,0.9487269694624548,0.103125
held_out,niqe,snow,3,common,pooled,0.9426188802083333,0.9126452027603987,0.18770833333333334
held_out,niqe,snow,4,common,pooled,0.9652562934027777,0.9437672817620942,0.10125
held_out,niqe,snow,5,common,pooled,0.9834773003472222,0.9748779108604114,0.051875
held_out,niqe,frost,1,common,pooled,0.48490772569444446,0.485188138572044,0.9391666666666667
held_out,niqe,frost,2,common,pooled,0.6107487847222223,0.571488321900331,0.861875
held_out,niqe,frost,3,common,pooled,0.6931233072916667,0.6408726666687434,0.75625
held_out,niqe,frost,4,common,pooled,0.7047223958333333,0.649650152984729,0.74625
held_out,niqe,frost,5,common,pooled,0.7459041666666667,0.6880148333456348,0.6670833333333334
held_out,niqe,fog,1,common,pooled,0.64183515625,0.637090988858549,0.9022916666666667
held_out,niqe,fog,2,common,pooled,0.6822197048611112,0.6778143973135657,0.865
held_out,niqe,fog,3,common,pooled,0.7255748263888889,0.7222375850529362,0.8310416666666667
held_out,niqe,fog,4,common,pooled,0.7352144097222222,0.7308167208044731,0.8258333333333333
held_out,niqe,fog,5,common,pooled,0.7657405815972222,0.7527819950345542,0.7729166666666667
held_out,niqe,brightness,1,common,pooled,0.47540598958333335,0.4817953075320221,0.9560416666666667
held_out,niqe,brightness,2,common,pooled,0.45770364583333334,0.47171431814637643,0.9627083333333334
held_out,niqe,brightness,3,common,pooled,0.45148328993055553,0.47014951939910105,0.96
held_out,niqe,brightness,4,common,pooled,0.4525372395833333,0.4734994200042853,0.9595833333333333
held_out,niqe,brightness,5,common,pooled,0.46631922743055554,0.485002389485625,0.9535416666666666
held_out,niqe,contrast,1,common,pooled,0.6295989149305555,0.6231652537177,0.9108333333333334
held_out,niqe,contrast,2,common,pooled,0.6904477430555556,0.682618333925638,0.8622916666666667
held_out,niqe,contrast,3,common,pooled,0.7836389756944444,0.7731203347541945,0.7275
held_out,niqe,contrast,4,common,pooled,0.9217792534722222,0.9094377421434898,0.315
held_out,niqe,contrast,5,common,pooled,0.9840498697916666,0.9797154610537686,0.060833333333333336
held_out,niqe,elastic_transform,1,common,pooled,0.5624727430555555,0.5394684905989225,0.8945833333333333
held_out,niqe,elastic_transform,2,common,pooled,0.5428296006944444,0.5258815738949847,0.9039583333333333
held_out,niqe,elastic_transform,3,common,pooled,0.5178231336805555,0.5080698134320383,0.9129166666666667
held_out,niqe,elastic_transform,4,common,pooled,0.5049956163194445,0.49876294032070356,0.9229166666666667
held_out,niqe,elastic_transform,5,common,pooled,0.49554149305555556,0.4907300056520353,0.9272916666666666
held_out,niqe,pixelate,1,common,pooled,0.9541450520833333,0.9066718995512606,0.10291666666666667
held_out,niqe,pixelate,2,common,pooled,0.9445845486111111,0.9091271442457062,0.15520833333333334
held_out,niqe,pixelate,3,common,pooled,0.9728684461805556,0.9547322213286582,0.06895833333333333
held_out,niqe,pixelate,4,common,pooled,0.9953841579861111,0.9922514367550258,0.012708333333333334
held_out,niqe,pixelate,5,common,pooled,0.9952129340277778,0.9907174109930286,0.010208333333333333
held_out,niqe,jpeg_compression,1,common,pooled,0.8973549045138889,0.8675716260463182,0.3177083333333333
held_out,niqe,jpeg_compression,2,common,pooled,0.9492834635416667,0.9308553922330207,0.169375
held_out,niqe,jpeg_compression,3,common,pooled,0.9646276475694444,0.951285680461567,0.116875
held_out,niqe,jpeg_compression,4,common,pooled,0.9862644097222222,0.9812887210650347,0.04645833333333333
held_out,niqe,jpeg_compression,5,common,pooled,0.9946003038194444,0.9927747074924006,0.020833333333333332
held_out,niqe,speckle_noise,1,extra,pooled,0.7490038194444445,0.673262156852876,0.6420833333333333
held_out,niqe,speckle_noise,2,extra,pooled,0.8181571614583333,0.7438117434954072,0.49833333333333335
held_out,niqe,speckle_noise,3,extra,pooled,0.925133203125,0.876381482268309,0.223125
held_out,niqe,speckle_noise,4,extra,pooled,0.9548141493055555,0.9226523035835734,0.13104166666666667
held_out,niqe,speckle_noise,5,extra,pooled,0.9756233940972222,0.9599308127267759,0.06520833333333333
held_out,niqe,gaussian_blur,1,extra,pooled,0.9849056857638889,0.9623409518332156,0.02666666666666667
held_out,niqe,gaussian_blur,2,extra,pooled,0.9989657552083333,0.9963767602610792,0.001875
held_out,niqe,gaussian_blur,3,extra,pooled,0.9995902777777778,0.9982616079329459,0.000625
held_out,niqe,gaussian_blur,4,extra,pooled,0.9997287326388888,0.9985805306528318,0.0004166666666666667
held_out,niqe,gaussian_blur,5,extra,pooled,0.9997828559027778,0.998644683845981,0.00020833333333333335
held_out,niqe,spatter,1,extra,pooled,0.4995478732638889,0.4997164234343476,0.9485416666666666
held_out,niqe,spatter,2,extra,pooled,0.6987520833333334,0.6616906846266919,0.7895833333333333
held_out,niqe,spatter,3,extra,pooled,0.8522923177083334,0.820911133477549,0.49104166666666665
held_out,niqe,spatter,4,extra,pooled,0.7458252170138889,0.6763373957639651,0.6297916666666666
held_out,niqe,spatter,5,extra,pooled,0.8839698350694445,0.832648931474621,0.334375
held_out,niqe,saturate,1,extra,pooled,0.47171848958333334,0.4743405958935244,0.95625
held_out,niqe,saturate,2,extra,pooled,0.4599931423611111,0.46552204294726995,0.9585416666666666
held_out,niqe,saturate,3,extra,pooled,0.4501210503472222,0.4595314345997254,0.96
held_out,niqe,saturate,4,extra,pooled,0.3930676215277778,0.42341171895281915,0.9745833333333334
held_out,niqe,saturate,5,extra,pooled,0.43493602430555556,0.4425517558278457,0.9533333333333334
held_out,niqe_default,gaussian_noise,1,common,pooled,0.9924055989583334,0.9870937729061925,0.025208333333333333
held_out,niqe_default,gaussian_noise,2,common,pooled,0.997808203125,0.9958015195545562,0.007083333333333333
held_out,niqe_default,gaussian_noise,3,common,pooled,0.9995623697916667,0.998867416551568,0.001875
held_out,niqe_default,gaussian_noise,4,common,pooled,0.9998531684027778,0.9997485292146499,0.00020833333333333335
held_out,niqe_default,gaussian_noise,5,common,pooled,0.9999838975694444,0.9999832466824427,0.00020833333333333335
held_out,niqe_default,shot_noise,1,common,pooled,0.9864708767361111,0.978891023009342,0.04541666666666667
held_out,niqe_default,shot_noise,2,common,pooled,0.9960881944444444,0.993567849406403,0.013125
held_out,niqe_default,shot_noise,3,common,pooled,0.998778125,0.9977405256177349,0.0035416666666666665
held_out,niqe_default,shot_noise,4,common,pooled,0.9997389322916667,0.9994201478496314,0.000625
held_out,niqe_default,shot_noise,5,common,pooled,0.9998718315972223,0.9998062881275017,0.00020833333333333335
held_out,niqe_default,impulse_noise,1,common,pooled,0.998288671875,0.9976484276470232,0.006458333333333333
held_out,niqe_default,impulse_noise,2,common,pooled,0.9993707899305555,0.9991075563417561,0.0025
held_out,niqe_default,impulse_noise,3,common,pooled,0.999605078125,0.9994175797884528,0.001875
held_out,niqe_default,impulse_noise,4,common,pooled,0.9998058159722222,0.9996041731797302,0.00020833333333333335
held_out,niqe_default,impulse_noise,5,common,pooled,0.9997945746527778,0.9991372807834483,0.00020833333333333335
held_out,niqe_default,defocus_blur,1,common,pooled,0.9678368923611111,0.9292527444570523,0.063125
held_out,niqe_default,defocus_blur,2,common,pooled,0.9881458767361111,0.97035697400512,0.024375
held_out,niqe_default,defocus_blur,3,common,pooled,0.9950717881944444,0.9874861926426246,0.010416666666666666
held_out,niqe_default,defocus_blur,4,common,pooled,0.9974283854166667,0.9936622267742111,0.005416666666666667
held_out,niqe_default,defocus_blur,5,common,pooled,0.9984562934027778,0.9964456448189579,0.0033333333333333335
held_out,niqe_default,glass_blur,1,common,pooled,0.8178861545138889,0.7171698521576763,0.38104166666666667
held_out,niqe_default,glass_blur,2,common,pooled,0.9364438802083334,0.8643289850031339,0.11645833333333333
held_out,niqe_default,glass_blur,3,common,pooled,0.9398854600694444,0.8663725078906286,0.10583333333333333
held_out,niqe_default,glass_blur,4,common,pooled,0.9562255642361112,0.8971286161045716,0.071875
held_out,niqe_default,glass_blur,5,common,pooled,0.9873782986111111,0.9651414485280597,0.021458333333333333
held_out,niqe_default,motion_blur,1,common,pooled,0.8966876302083333,0.8403726958483223,0.2733333333333333
held_out,niqe_default,motion_blur,2,common,pooled,0.9403953125,0.8993104953272089,0.16645833333333335
held_out,niqe_default,motion_blur,3,common,pooled,0.9638674913194445,0.93644444021881,0.09854166666666667
held_out,niqe_default,motion_blur,4,common,pooled,0.97516875,0.9560950389014686,0.06833333333333333
held_out,niqe_default,motion_blur,5,common,pooled,0.9793384548611112,0.963378138551586,0.0575
held_out,niqe_default,zoom_blur,1,common,pooled,0.7449983506944444,0.7009599240367836,0.6808333333333333
held_out,niqe_default,zoom_blur,2,common,pooled,0.7960200954861111,0.7513031457906308,0.5789583333333334
held_out,niqe_default,zoom_blur,3,common,pooled,0.7432592013888889,0.6982773982774076,0.6754166666666667
held_out,niqe_default,zoom_blur,4,common,pooled,0.774817578125,0.7274358826961452,0.6172916666666667
held_out,niqe_default,zoom_blur,5,common,pooled,0.6728374131944445,0.6356901089317403,0.7925
held_out,niqe_default,snow,1,common,pooled,0.8537595920138888,0.8132711031741466,0.455
held_out,niqe_default,snow,2,common,pooled,0.9569015625,0.935036146295373,0.13125
held_out,niqe_default,snow,3,common,pooled,0.9164768229166667,0.8748143841858904,0.24458333333333335
held_out,niqe_default,snow,4,common,pooled,0.9446513454861111,0.9118450447745607,0.15104166666666666
held_out,niqe_default,snow,5,common,pooled,0.9789942708333333,0.9679738990872065,0.063125
held_out,niqe_default,frost,1,common,pooled,0.319366796875,0.40608753719184454,0.990625
held_out,niqe_default,frost,2,common,pooled,0.29671809895833334,0.38463351647924987,0.98625
held_out,niqe_default,frost,3,common,pooled,0.32413988715277775,0.394296321226666,0.9785416666666666
held_out,niqe_default,frost,4,common,pooled,0.316546875,0.3868668965926382,0.979375
held_out,niqe_default,frost,5,common,pooled,0.3366859809027778,0.39341697425978195,0.974375
held_out,niqe_default,fog,1,common,pooled,0.6162418402777777,0.5925511808842376,0.871875
held_out,niqe_default,fog,2,common,pooled,0.6527676649305556,0.6253830712238949,0.8325
held_out,niqe_default,fog,3,common,pooled,0.692046875,0.664026842581256,0.7927083333333333
held_out,niqe_default,fog,4,common,pooled,0.6945262152777778,0.6652867640319985,0.785625
held_out,niqe_default,fog,5,common,pooled,0.7102354166666667,0.6725683575020549,0.7647916666666666
held_out,niqe_default,brightness,1,common,pooled,0.49069309895833335,0.4954666895418688,0.9547916666666667
held_out,niqe_default,brightness,2,common,pooled,0.48715360243055555,0.4939663965522073,0.9564583333333333
held_out,niqe_default,brightness,3,common,pooled,0.4905202256944444,0.49849912158435183,0.9539583333333334
held_out,niqe_default,brightness,4,common,pooled,0.497398046875,0.5044964948616215,0.9504166666666667
held_out,niqe_default,brightness,5,common,pooled,0.5101771701388889,0.5153934123622574,0.94625
held_out,niqe_default,contrast,1,common,pooled,0.6099134548611111,0.5851453801763602,0.878125
held_out,niqe_default,contrast,2,common,pooled,0.6671921440972223,0.6349632184690452,0.8122916666666666
held_out,niqe_default,contrast,3,common,pooled,0.7604525173611111,0.723690604793566,0.6739583333333333
held_out,niqe_default,contrast,4,common,pooled,0.9087634548611111,0.88266191968118,0.2975
held_out,niqe_default,contrast,5,common,pooled,0.9806686631944445,0.9741213944232826,0.0675
held_out,niqe_default,elastic_transform,1,common,pooled,0.29981219618055555,0.3838182558923221,0.9895833333333334
held_out,niqe_default,elastic_transform,2,common,pooled,0.29886223958333336,0.38295059664956255,0.9875
held_out,niqe_default,elastic_transform,3,common,pooled,0.30691085069444446,0.3843516165701476,0.985
held_out,niqe_default,elastic_transform,4,common,pooled,0.32746844618055554,0.3915262765798383,0.9797916666666666
held_out,niqe_default,elastic_transform,5,common,pooled,0.3676416232638889,0.4070878496632442,0.964375
held_out,niqe_default,pixelate,1,common,pooled,0.926087109375,0.8582179271949029,0.16708333333333333
held_out,niqe_default,pixelate,2,common,pooled,0.92381796875,0.8801134668099667,0.21354166666666666
held_out,niqe_default,pixelate,3,common,pooled,0.9731396267361111,0.9534910501296039,0.06416666666666666
held_out,niqe_default,pixelate,4,common,pooled,0.9972513454861112,0.9954762158267463,0.0075
held_out,niqe_default,pixelate,5,common,pooled,0.9937745659722222,0.9889257013912912,0.015833333333333335
held_out,niqe_default,jpeg_compression,1,common,pooled,0.738036328125,0.6991561157615178,0.6754166666666667
held_out,niqe_default,jpeg_compression,2,common,pooled,0.8445739583333334,0.8098180406860522,0.471875
held_out,niqe_default,jpeg_compression,3,common,pooled,0.8843079427083333,0.8540017869672436,0.356875
held_out,niqe_default,jpeg_compression,4,common,pooled,0.9537633246527778,0.9383496531952726,0.15520833333333334
held_out,niqe_default,jpeg_compression,5,common,pooled,0.9818670572916667,0.9753285818116817,0.06333333333333334
held_out,niqe_default,speckle_noise,1,extra,pooled,0.9492041666666666,0.9324139113996861,0.189375
held_out,niqe_default,speckle_noise,2,extra,pooled,0.9720289930555556,0.9610331865518289,0.10541666666666667
held_out,niqe_default,speckle_noise,3,extra,pooled,0.9927383246527778,0.9890989034555133,0.027291666666666665
held_out,niqe_default,speckle_noise,4,extra,pooled,0.9962302951388889,0.9942701802323647,0.013125
held_out,niqe_default,speckle_noise,5,extra,pooled,0.9981691840277778,0.9972629027397034,0.006458333333333333
held_out,niqe_default,gaussian_blur,1,extra,pooled,0.8730591579861111,0.7853712141021858,0.2825
held_out,niqe_default,gaussian_blur,2,extra,pooled,0.9853631944444444,0.9613111953144409,0.023958333333333335
held_out,niqe_default,gaussian_blur,3,extra,pooled,0.9960417100694444,0.9870198616424005,0.006458333333333333
held_out,niqe_default,gaussian_blur,4,extra,pooled,0.9977604166666667,0.9929770374409207,0.0033333333333333335
held_out,niqe_default,gaussian_blur,5,extra,pooled,0.9993241319444445,0.9979229620641046,0.001875
held_out,niqe_default,spatter,1,extra,pooled,0.49505503472222223,0.49670222618599147,0.9514583333333333
held_out,niqe_default,spatter,2,extra,pooled,0.7008071614583333,0.6475663250095394,0.7364583333333333
held_out,niqe_default,spatter,3,extra,pooled,0.8562786892361111,0.8042240013596877,0.4247916666666667
held_out,niqe_default,spatter,4,extra,pooled,0.8363298177083334,0.7676587715630037,0.4275
held_out,niqe_default,spatter,5,extra,pooled,0.9237251736111111,0.8788828721773178,0.21916666666666668
held_out,niqe_default,saturate,1,extra,pooled,0.4805185763888889,0.483042635962084,0.9525
held_out,niqe_default,saturate,2,extra,pooled,0.4710467447916667,0.4760439129023461,0.9564583333333333
held_out,niqe_default,saturate,3,extra,pooled,0.4592887586805556,0.46661454592958074,0.955625
held_out,niqe_default,saturate,4,extra,pooled,0.42347994791666665,0.44168966925171915,0.95875
held_out,niqe_default,saturate,5,extra,pooled,0.5029923177083333,0.4863704435015227,0.9272916666666666
held_out,arniqa,gaussian_noise,1,common,pooled,0.9677495225694445,0.9335903648414988,0.06729166666666667
held_out,arniqa,gaussian_noise,2,common,pooled,0.9948550347222223,0.9915049655608914,0.019583333333333335
held_out,arniqa,gaussian_noise,3,common,pooled,0.9996693576388889,0.9995742104801608,0.00125
held_out,arniqa,gaussian_noise,4,common,pooled,0.9999890190972223,0.9999888807037565,0.0
held_out,arniqa,gaussian_noise,5,common,pooled,0.9999990885416666,0.9999990876445568,0.0
held_out,arniqa,shot_noise,1,common,pooled,0.977983984375,0.9611025457614991,0.058125
held_out,arniqa,shot_noise,2,common,pooled,0.9964897135416667,0.9944914168627106,0.012708333333333334
held_out,arniqa,shot_noise,3,common,pooled,0.9996953559027778,0.9996201821579385,0.00125
held_out,arniqa,shot_noise,4,common,pooled,0.9999945746527777,0.9999945387176263,0.0
held_out,arniqa,shot_noise,5,common,pooled,0.9999979600694444,0.9999979536522616,0.0
held_out,arniqa,impulse_noise,1,common,pooled,0.9944424045138889,0.9907152647655462,0.019583333333333335
held_out,arniqa,impulse_noise,2,common,pooled,0.9992671440972222,0.9988338121502552,0.0020833333333333333
held_out,arniqa,impulse_noise,3,common,pooled,0.9998316840277778,0.9997960821188645,0.0004166666666666667
held_out,arniqa,impulse_noise,4,common,pooled,0.9999924045138889,0.9999923273377721,0.0
held_out,arniqa,impulse_noise,5,common,pooled,0.9999987847222223,0.9999987828540807,0.0
held_out,arniqa,defocus_blur,1,common,pooled,0.9923639322916666,0.9884013062135943,0.027708333333333335
held_out,arniqa,defocus_blur,2,common,pooled,0.9986197916666667,0.9981645527546809,0.005625
held_out,arniqa,defocus_blur,3,common,pooled,0.9997866319444444,0.9997662787285895,0.0008333333333333334
held_out,arniqa,defocus_blur,4,common,pooled,0.9998100260416667,0.99980220726836,0.0008333333333333334
held_out,arniqa,defocus_blur,5,common,pooled,0.9995116753472222,0.9994962204052092,0.0016666666666666668
held_out,arniqa,glass_blur,1,common,pooled,0.9579168402777778,0.9268750662061075,0.0975
held_out,arniqa,glass_blur,2,common,pooled,0.9860315104166667,0.9779868037572653,0.04145833333333333
held_out,arniqa,glass_blur,3,common,pooled,0.9914397135416667,0.9870385346571743,0.03
held_out,arniqa,glass_blur,4,common,pooled,0.9942736545138889,0.991812799609466,0.02375
held_out,arniqa,glass_blur,5,common,pooled,0.9975330295138889,0.996642797494557,0.009375
held_out,arniqa,motion_blur,1,common,pooled,0.9546639756944445,0.9386268588164981,0.1525
held_out,arniqa,motion_blur,2,common,pooled,0.9916746744791667,0.9897013137570562,0.035416666666666666
held_out,arniqa,motion_blur,3,common,pooled,0.99789453125,0.99762783515043,0.006875
held_out,arniqa,motion_blur,4,common,pooled,0.999119921875,0.9990409693308349,0.0025
held_out,arniqa,motion_blur,5,common,pooled,0.9991500434027778,0.9990955525503394,0.0025
held_out,arniqa,zoom_blur,1,common,pooled,0.9475471571180556,0.9377528244960845,0.19083333333333333
held_out,arniqa,zoom_blur,2,common,pooled,0.9582767795138889,0.9520203186909901,0.15375
held_out,arniqa,zoom_blur,3,common,pooled,0.9293327907986111,0.9156755689584682,0.27
held_out,arniqa,zoom_blur,4,common,pooled,0.9344893880208334,0.923428987419262,0.25958333333333333
held_out,arniqa,zoom_blur,5,common,pooled,0.9016924696180556,0.8808307641339308,0.37625
held_out,arniqa,snow,1,common,pooled,0.937475390625,0.919451226026443,0.20854166666666665
held_out,arniqa,snow,2,common,pooled,0.98895390625,0.986416940371597,0.04604166666666667
held_out,arniqa,snow,3,common,pooled,0.9923271701388889,0.9908473499979082,0.035416666666666666
held_out,arniqa,snow,4,common,pooled,0.9977671875,0.997442093976142,0.008958333333333334
held_out,arniqa,snow,5,common,pooled,0.9984875868055556,0.9982405006315074,0.0060416666666666665
held_out,arniqa,frost,1,common,pooled,0.9271565972222222,0.9104299580845052,0.25875
held_out,arniqa,frost,2,common,pooled,0.9465090928819444,0.9394206239533756,0.21145833333333333
held_out,arniqa,frost,3,common,pooled,0.9501598307291667,0.9455502301571794,0.19791666666666666
held_out,arniqa,frost,4,common,pooled,0.9440621527777778,0.9386182366144118,0.219375
held_out,arniqa,frost,5,common,pooled,0.9439851128472222,0.9393975026101394,0.22895833333333335
held_out,arniqa,fog,1,common,pooled,0.9690484592013889,0.9578634115154296,0.09270833333333334
held_out,arniqa,fog,2,common,pooled,0.9779452690972222,0.9707564605328937,0.070625
held_out,arniqa,fog,3,common,pooled,0.9784159505208333,0.9714234448395866,0.07
held_out,arniqa,fog,4,common,pooled,0.976653125,0.9685902080302672,0.075
held_out,arniqa,fog,5,common,pooled,0.9817997829861111,0.9762443245308322,0.06604166666666667
held_out,arniqa,brightness,1,common,pooled,0.6340511067708333,0.606368554866358,0.879375
held_out,arniqa,brightness,2,common,pooled,0.8025856987847222,0.7667472982448905,0.64125
held_out,arniqa,brightness,3,common,pooled,0.9058230034722222,0.884548577353802,0.3358333333333333
held_out,arniqa,brightness,4,common,pooled,0.9599544704861112,0.9532217914470857,0.145625
held_out,arniqa,brightness,5,common,pooled,0.9839947916666667,0.9826625803352502,0.068125
held_out,arniqa,contrast,1,common,pooled,0.9615609375,0.9527871120452668,0.133125
held_out,arniqa,contrast,2,common,pooled,0.9821731553819445,0.978415230011499,0.06791666666666667
held_out,arniqa,contrast,3,common,pooled,0.9924845269097222,0.9910747251150366,0.0375
held_out,arniqa,contrast,4,common,pooled,0.9968305121527777,0.9962961846588505,0.0175
held_out,arniqa,contrast,5,common,pooled,0.9973236545138889,0.9969111478933528,0.013541666666666667
held_out,arniqa,elastic_transform,1,common,pooled,0.4281446831597222,0.46632723482468585,0.969375
held_out,arniqa,elastic_transform,2,common,pooled,0.44138819444444444,0.47233396180132603,0.9654166666666667
held_out,arniqa,elastic_transform,3,common,pooled,0.4608609157986111,0.4815445576982069,0.9602083333333333
held_out,arniqa,elastic_transform,4,common,pooled,0.4795057508680556,0.49096678967992113,0.9502083333333333
held_out,arniqa,elastic_transform,5,common,pooled,0.5038340928819445,0.503627896539896,0.9404166666666667
held_out,arniqa,pixelate,1,common,pooled,0.9020758680555555,0.8484102255396637,0.25416666666666665
held_out,arniqa,pixelate,2,common,pooled,0.9090047309027778,0.8593280020059497,0.24583333333333332
held_out,arniqa,pixelate,3,common,pooled,0.9793123480902778,0.9715083350506039,0.06604166666666667
held_out,arniqa,pixelate,4,common,pooled,0.9987140625,0.9984978913203442,0.005208333333333333
held_out,arniqa,pixelate,5,common,pooled,0.9983560763888889,0.9980193373829691,0.0060416666666666665
held_out,arniqa,jpeg_compression,1,common,pooled,0.6046485460069444,0.562505630951562,0.883125
held_out,arniqa,jpeg_compression,2,common,pooled,0.7946225694444444,0.7381968081034598,0.61
held_out,arniqa,jpeg_compression,3,common,pooled,0.8828464626736111,0.8441398188320552,0.38979166666666665
held_out,arniqa,jpeg_compression,4,common,pooled,0.9804271701388889,0.9761334811236412,0.07354166666666667
held_out,arniqa,jpeg_compression,5,common,pooled,0.9978232638888889,0.997632630618065,0.009791666666666667
held_out,arniqa,speckle_noise,1,extra,pooled,0.9677846788194444,0.9459596167548967,0.08625
held_out,arniqa,speckle_noise,2,extra,pooled,0.9872784288194445,0.9806204366001943,0.045
held_out,arniqa,speckle_noise,3,extra,pooled,0.9991904079861111,0.9989727438320771,0.0025
held_out,arniqa,speckle_noise,4,extra,pooled,0.9998220052083333,0.9998032184707102,0.0004166666666666667
held_out,arniqa,speckle_noise,5,extra,pooled,0.9999652777777778,0.9999641766247175,0.00020833333333333335
held_out,arniqa,gaussian_blur,1,extra,pooled,0.9247157335069445,0.872814621856042,0.21041666666666667
held_out,arniqa,gaussian_blur,2,extra,pooled,0.9966967013888889,0.9953250342755358,0.014375
held_out,arniqa,gaussian_blur,3,extra,pooled,0.9994665798611111,0.9993606662860772,0.0016666666666666668
held_out,arniqa,gaussian_blur,4,extra,pooled,0.999814453125,0.9998013069966912,0.0008333333333333334
held_out,arniqa,gaussian_blur,5,extra,pooled,0.9998135416666667,0.9998075727440486,0.000625
held_out,arniqa,spatter,1,extra,pooled,0.5278020833333333,0.5190177925288717,0.9377083333333334
held_out,arniqa,spatter,2,extra,pooled,0.6791498263888889,0.6489702485591207,0.8104166666666667
held_out,arniqa,spatter,3,extra,pooled,0.7621998914930556,0.722324782087082,0.6516666666666666
held_out,arniqa,spatter,4,extra,pooled,0.7648045789930555,0.6779788349756966,0.613125
held_out,arniqa,spatter,5,extra,pooled,0.7977623263888889,0.7099091773645331,0.5260416666666666
held_out,arniqa,saturate,1,extra,pooled,0.9647075086805555,0.9475134090166478,0.09916666666666667
held_out,arniqa,saturate,2,extra,pooled,0.9824369140625,0.9699672023988417,0.04541666666666667
held_out,arniqa,saturate,3,extra,pooled,0.7757076171875,0.734157751988354,0.694375
held_out,arniqa,saturate,4,extra,pooled,0.9820602430555555,0.980128155154629,0.07125
held_out,arniqa,saturate,5,extra,pooled,0.9941315972222222,0.9944098051738457,0.03395833333333333
held_out,arniqa_proto,gaussian_noise,1,common,pooled,0.9994755642361111,0.999311486295449,0.0014583333333333334
held_out,arniqa_proto,gaussian_noise,2,common,pooled,0.9999802517361112,0.9999799070431172,0.00020833333333333335
held_out,arniqa_proto,gaussian_noise,3,common,pooled,0.9999990885416666,0.9999990882601406,0.0
held_out,arniqa_proto,gaussian_noise,4,common,pooled,0.9999999131944445,0.9999999132034848,0.0
held_out,arniqa_proto,gaussian_noise,5,common,pooled,1.0,1.0,0.0
held_out,arniqa_proto,shot_noise,1,common,pooled,0.9993518229166667,0.9991924381110227,0.0020833333333333333
held_out,arniqa_proto,shot_noise,2,common,pooled,0.9999609375,0.9999601936739089,0.00020833333333333335
held_out,arniqa_proto,shot_noise,3,common,pooled,0.9999955729166666,0.9999955659349593,0.0
held_out,arniqa_proto,shot_noise,4,common,pooled,0.9999993923611111,0.9999993924603253,0.0
held_out,arniqa_proto,shot_noise,5,common,pooled,0.9999998697916667,0.9999998697916629,0.0
held_out,arniqa_proto,impulse_noise,1,common,pooled,0.9998733072916667,0.9998620368901043,0.0008333333333333334
held_out,arniqa_proto,impulse_noise,2,common,pooled,0.9999965711805555,0.9999965611204245,0.0
held_out,arniqa_proto,impulse_noise,3,common,pooled,0.999999609375,0.9999996091305934,0.0
held_out,arniqa_proto,impulse_noise,4,common,pooled,0.9999999565972222,0.9999999566062626,0.0
held_out,arniqa_proto,impulse_noise,5,common,pooled,1.0,1.0,0.0
held_out,arniqa_proto,defocus_blur,1,common,pooled,0.9999192274305555,0.9999154948298542,0.000625
held_out,arniqa_proto,defocus_blur,2,common,pooled,0.999974609375,0.9999743259059362,0.0
held_out,arniqa_proto,defocus_blur,3,common,pooled,0.9999592881944445,0.9999583011723847,0.00020833333333333335
held_out,arniqa_proto,defocus_blur,4,common,pooled,0.9999054253472223,0.9999003949525674,0.000625
held_out,arniqa_proto,defocus_blur,5,common,pooled,0.9998112847222222,0.9997934883781283,0.0010416666666666667
held_out,arniqa_proto,glass_blur,1,common,pooled,0.9983448784722222,0.9965285362590923,0.005208333333333333
held_out,arniqa_proto,glass_blur,2,common,pooled,0.9997147569444444,0.9996570554288493,0.0010416666666666667
held_out,arniqa_proto,glass_blur,3,common,pooled,0.9996754340277778,0.9995919208465393,0.0010416666666666667
held_out,arniqa_proto,glass_blur,4,common,pooled,0.999704296875,0.9996366322065605,0.0010416666666666667
held_out,arniqa_proto,glass_blur,5,common,pooled,0.9998999565972222,0.9998932904679162,0.000625
held_out,arniqa_proto,motion_blur,1,common,pooled,0.9892894097222222,0.986893505327243,0.049791666666666665
held_out,arniqa_proto,motion_blur,2,common,pooled,0.99756328125,0.9970298843929142,0.010208333333333333
held_out,arniqa_proto,motion_blur,3,common,pooled,0.9989020399305556,0.9986363754113157,0.004166666666666667
held_out,arniqa_proto,motion_blur,4,common,pooled,0.9991461371527778,0.9989322981589863,0.0033333333333333335
held_out,arniqa_proto,motion_blur,5,common,pooled,0.9991070095486111,0.9988761885085771,0.0033333333333333335
held_out,arniqa_proto,zoom_blur,1,common,pooled,0.9784175130208334,0.9666569003640604,0.08270833333333333
held_out,arniqa_proto,zoom_blur,2,common,pooled,0.9854180989583333,0.9768233368970723,0.05479166666666667
held_out,arniqa_proto,zoom_blur,3,common,pooled,0.9647759765625,0.9439207359846119,0.119375
held_out,arniqa_proto,zoom_blur,4,common,pooled,0.9714337239583334,0.9540413289658429,0.10416666666666667
held_out,arniqa_proto,zoom_blur,5,common,pooled,0.9569700954861111,0.9317775880213189,0.13375
held_out,arniqa_proto,snow,1,common,pooled,0.9102875868055555,0.8530077178440194,0.23125
held_out,arniqa_proto,snow,2,common,pooled,0.9749838758680556,0.9495443009267939,0.07291666666666667
held_out,arniqa_proto,snow,3,common,pooled,0.9798481770833334,0.9602061696777873,0.0575
held_out,arniqa_proto,snow,4,common,pooled,0.9896816840277778,0.9776025993138997,0.0225
held_out,arniqa_proto,snow,5,common,pooled,0.9903032986111111,0.9785543147726015,0.02
held_out,arniqa_proto,frost,1,common,pooled,0.8809930555555555,0.8212922587679554,0.33479166666666665
held_out,arniqa_proto,frost,2,common,pooled,0.9148736762152778,0.8703291608698762,0.245625
held_out,arniqa_proto,frost,3,common,pooled,0.9279639322916666,0.8926972613604821,0.225625
held_out,arniqa_proto,frost,4,common,pooled,0.9227840494791667,0.883391118994756,0.22729166666666667
held_out,arniqa_proto,frost,5,common,pooled,0.9289850694444445,0.8944532864863567,0.220625
held_out,arniqa_proto,fog,1,common,pooled,0.9825638888888889,0.9706600875787461,0.060208333333333336
held_out,arniqa_proto,fog,2,common,pooled,0.9891577256944445,0.9821681730931846,0.034375
held_out,arniqa_proto,fog,3,common,pooled,0.9899656684027778,0.9843277062189468,0.03145833333333333
held_out,arniqa_proto,fog,4,common,pooled,0.9870654947916667,0.979010315930311,0.0475
held_out,arniqa_proto,fog,5,common,pooled,0.9869262586805555,0.9781196293416474,0.045
held_out,arniqa_proto,brightness,1,common,pooled,0.6010286241319445,0.570724745001725,0.8989583333333333
held_out,arniqa_proto,brightness,2,common,pooled,0.7341897135416666,0.6766612735712125,0.6929166666666666
held_out,arniqa_proto,brightness,3,common,pooled,0.8346344835069445,0.7783040181005576,0.46458333333333335
held_out,arniqa_proto,brightness,4,common,pooled,0.9038686414930556,0.8635681193286008,0.27708333333333335
held_out,arniqa_proto,brightness,5,common,pooled,0.9450342664930556,0.920544472087271,0.17291666666666666
held_out,arniqa_proto,contrast,1,common,pooled,0.9748481336805556,0.9643787307304234,0.10895833333333334
held_out,arniqa_proto,contrast,2,common,pooled,0.9885597222222222,0.9851906764669474,0.0525
held_out,arniqa_proto,contrast,3,common,pooled,0.9954522135416667,0.9946146684721596,0.016666666666666666
held_out,arniqa_proto,contrast,4,common,pooled,0.99847109375,0.9982854813854393,0.007083333333333333
held_out,arniqa_proto,contrast,5,common,pooled,0.9991737847222222,0.999090307968443,0.00375
held_out,arniqa_proto,elastic_transform,1,common,pooled,0.5711916015625,0.5343356347052467,0.8610416666666667
held_out,arniqa_proto,elastic_transform,2,common,pooled,0.5627878689236111,0.5254688311746003,0.8633333333333333
held_out,arniqa_proto,elastic_transform,3,common,pooled,0.5598976128472222,0.5197071345549011,0.8654166666666666
held_out,arniqa_proto,elastic_transform,4,common,pooled,0.5627698350694444,0.5192655732811384,0.8554166666666667
held_out,arniqa_proto,elastic_transform,5,common,pooled,0.5720325737847223,0.5229972386127182,0.84625
held_out,arniqa_proto,pixelate,1,common,pooled,0.9899469618055555,0.9747516697573159,0.016041666666666666
held_out,arniqa_proto,pixelate,2,common,pooled,0.9935858940972222,0.9834213558930561,0.010208333333333333
held_out,arniqa_proto,pixelate,3,common,pooled,0.9987184027777778,0.997411231341824,0.0033333333333333335
held_out,arniqa_proto,pixelate,4,common,pooled,0.9999538628472222,0.9999521625812093,0.00020833333333333335
held_out,arniqa_proto,pixelate,5,common,pooled,0.9999997395833333,0.9999997398091542,0.0
held_out,arniqa_proto,jpeg_compression,1,common,pooled,0.9913121961805555,0.9876142962289821,0.030833333333333334
held_out,arniqa_proto,jpeg_compression,2,common,pooled,0.9946965277777777,0.9928933527449991,0.017708333333333333
held_out,arniqa_proto,jpeg_compression,3,common,pooled,0.9961595486111111,0.9950148004228789,0.013958333333333333
held_out,arniqa_proto,jpeg_compression,4,common,pooled,0.9984661892361111,0.9981757935019755,0.007083333333333333
held_out,arniqa_proto,jpeg_compression,5,common,pooled,0.999471484375,0.9994143257164949,0.001875
held_out,arniqa_proto,speckle_noise,1,extra,pooled,0.9967774305555556,0.9957126189191032,0.013125
held_out,arniqa_proto,speckle_noise,2,extra,pooled,0.9990366319444445,0.9988620609162552,0.004166666666666667
held_out,arniqa_proto,speckle_noise,3,extra,pooled,0.9999150173611111,0.9999126634219163,0.000625
held_out,arniqa_proto,speckle_noise,4,extra,pooled,0.9999683159722222,0.9999679445343109,0.00020833333333333335
held_out,arniqa_proto,speckle_noise,5,extra,pooled,0.9999868923611112,0.9999868218654121,0.0
held_out,arniqa_proto,gaussian_blur,1,extra,pooled,0.9985315104166667,0.9975163440330446,0.004583333333333333
held_out,arniqa_proto,gaussian_blur,2,extra,pooled,0.9999766927083333,0.9999764913777669,0.0
held_out,arniqa_proto,gaussian_blur,3,extra,pooled,0.9999846788194444,0.9999846120902744,0.0
held_out,arniqa_proto,gaussian_blur,4,extra,pooled,0.9999778645833334,0.9999776924317523,0.0
held_out,arniqa_proto,gaussian_blur,5,extra,pooled,0.9999185763888889,0.9999164997918907,0.000625
held_out,arniqa_proto,spatter,1,extra,pooled,0.5060205295138889,0.5000610462904237,0.9454166666666667
held_out,arniqa_proto,spatter,2,extra,pooled,0.6206878255208333,0.563632308164584,0.820625
held_out,arniqa_proto,spatter,3,extra,pooled,0.7122611111111111,0.6259122237132644,0.6485416666666667
held_out,arniqa_proto,spatter,4,extra,pooled,0.6199827690972223,0.5242144653148322,0.6635416666666667
held_out,arniqa_proto,spatter,5,extra,pooled,0.6614993489583333,0.5507897714693784,0.5933333333333334
held_out,arniqa_proto,saturate,1,extra,pooled,0.8820855034722223,0.8007312233736928,0.26208333333333333
held_out,arniqa_proto,saturate,2,extra,pooled,0.9414259114583333,0.8792068210670761,0.111875
held_out,arniqa_proto,saturate,3,extra,pooled,0.7272386067708333,0.6667654247431266,0.71125
held_out,arniqa_proto,saturate,4,extra,pooled,0.9579834201388889,0.9386001247560037,0.13270833333333334
held_out,arniqa_proto,saturate,5,extra,pooled,0.9822543402777778,0.9782043468234671,0.09291666666666666
held_out,clipiqa,gaussian_noise,1,common,pooled,0.8009169270833333,0.7522294609909912,0.568125
held_out,clipiqa,gaussian_noise,2,common,pooled,0.8127919921875,0.7480389935058935,0.5097916666666666
held_out,clipiqa,gaussian_noise,3,common,pooled,0.8009621961805555,0.7106661040556544,0.486875
held_out,clipiqa,gaussian_noise,4,common,pooled,0.7352645833333333,0.6201050441610951,0.5241666666666667
held_out,clipiqa,gaussian_noise,5,common,pooled,0.6487826388888889,0.5341230853198641,0.568125
held_out,clipiqa,shot_noise,1,common,pooled,0.7804229166666666,0.7225126362853156,0.5845833333333333
held_out,clipiqa,shot_noise,2,common,pooled,0.7772269965277778,0.698884389025958,0.554375
held_out,clipiqa,shot_noise,3,common,pooled,0.7297568142361112,0.6346310031819283,0.5922916666666667
held_out,clipiqa,shot_noise,4,common,pooled,0.6739563802083334,0.5713358599767204,0.619375
held_out,clipiqa,shot_noise,5,common,pooled,0.68021640625,0.5668760941230421,0.5747916666666667
held_out,clipiqa,impulse_noise,1,common,pooled,0.6239231553819444,0.542888632286006,0.7622916666666667
held_out,clipiqa,impulse_noise,2,common,pooled,0.6743195963541667,0.5752938540379668,0.6672916666666666
held_out,clipiqa,impulse_noise,3,common,pooled,0.6970864583333334,0.5895563916383421,0.62125
held_out,clipiqa,impulse_noise,4,common,pooled,0.7098692057291667,0.5872839051516296,0.536875
held_out,clipiqa,impulse_noise,5,common,pooled,0.6836702690972222,0.5584503433581645,0.515625
held_out,clipiqa,defocus_blur,1,common,pooled,0.9017130208333334,0.8612864850457942,0.30145833333333333
held_out,clipiqa,defocus_blur,2,common,pooled,0.9119686631944445,0.8613758017617322,0.25625
held_out,clipiqa,defocus_blur,3,common,pooled,0.9501171006944444,0.9151307653489386,0.145625
held_out,clipiqa,defocus_blur,4,common,pooled,0.9689212890625,0.9464643105189876,0.09020833333333333
held_out,clipiqa,defocus_blur,5,common,pooled,0.9791149305555555,0.9641878953737437,0.058958333333333335
held_out,clipiqa,glass_blur,1,common,pooled,0.9403734592013889,0.9243885990849925,0.22833333333333333
held_out,clipiqa,glass_blur,2,common,pooled,0.9434966362847222,0.9222079172604165,0.19520833333333334
held_out,clipiqa,glass_blur,3,common,pooled,0.9099707899305556,0.8486177170393671,0.23583333333333334
held_out,clipiqa,glass_blur,4,common,pooled,0.9143817057291667,0.8493502203327215,0.21833333333333332
held_out,clipiqa,glass_blur,5,common,pooled,0.9127038845486111,0.8393208209875207,0.21104166666666666
held_out,clipiqa,motion_blur,1,common,pooled,0.9287846571180556,0.9139911819334594,0.2658333333333333
held_out,clipiqa,motion_blur,2,common,pooled,0.9685962022569444,0.9611656008801179,0.12458333333333334
held_out,clipiqa,motion_blur,3,common,pooled,0.9848571397569444,0.9806296568307644,0.05979166666666667
held_out,clipiqa,motion_blur,4,common,pooled,0.9910049045138889,0.9879217832507865,0.034166666666666665
held_out,clipiqa,motion_blur,5,common,pooled,0.9925425130208333,0.989583496439339,0.02875
held_out,clipiqa,zoom_blur,1,common,pooled,0.9573448567708334,0.941569104156793,0.14416666666666667
held_out,clipiqa,zoom_blur,2,common,pooled,0.9690552517361111,0.9564591693063323,0.10604166666666667
held_out,clipiqa,zoom_blur,3,common,pooled,0.9389289496527777,0.9126041482601137,0.19770833333333335
held_out,clipiqa,zoom_blur,4,common,pooled,0.9493363715277777,0.9261467079280084,0.16395833333333334
held_out,clipiqa,zoom_blur,5,common,pooled,0.9199058376736111,0.8834715650978313,0.24104166666666665
held_out,clipiqa,snow,1,common,pooled,0.6939572265625,0.6444905694519459,0.755625
held_out,clipiqa,snow,2,common,pooled,0.8687971571180556,0.8242456704594897,0.39458333333333334
held_out,clipiqa,snow,3,common,pooled,0.8599368706597222,0.826281325714171,0.455625
held_out,clipiqa,snow,4,common,pooled,0.9265247178819445,0.9092532809207519,0.2679166666666667
held_out,clipiqa,snow,5,common,pooled,0.9228794921875,0.9000683732324594,0.2725
held_out,clipiqa,frost,1,common,pooled,0.7447467013888889,0.7054898411773102,0.69625
held_out,clipiqa,frost,2,common,pooled,0.777013671875,0.7339005623694645,0.623125
held_out,clipiqa,frost,3,common,pooled,0.8006084418402778,0.758629169094802,0.5827083333333334
held_out,clipiqa,frost,4,common,pooled,0.7855920572916667,0.738867752901307,0.59375
held_out,clipiqa,frost,5,common,pooled,0.7981608506944444,0.7507593367691071,0.5747916666666667
held_out,clipiqa,fog,1,common,pooled,0.6211146267361111,0.5902750964211345,0.8383333333333334
held_out,clipiqa,fog,2,common,pooled,0.6560386935763889,0.6199862578217967,0.7927083333333333
held_out,clipiqa,fog,3,common,pooled,0.6792685329861111,0.6391577788737236,0.75875
held_out,clipiqa,fog,4,common,pooled,0.6616907335069444,0.6175914072554155,0.7785416666666667
held_out,clipiqa,fog,5,common,pooled,0.6577384982638889,0.6046436045394341,0.7785416666666667
held_out,clipiqa,brightness,1,common,pooled,0.6023677083333333,0.5792168913510971,0.8820833333333333
held_out,clipiqa,brightness,2,common,pooled,0.674188671875,0.6434208099562374,0.811875
held_out,clipiqa,brightness,3,common,pooled,0.7152891927083334,0.6808043867191196,0.744375
held_out,clipiqa,brightness,4,common,pooled,0.7471435763888888,0.7116205254662419,0.69125
held_out,clipiqa,brightness,5,common,pooled,0.7728724609375,0.7385225433609435,0.6377083333333333
held_out,clipiqa,contrast,1,common,pooled,0.6167922960069444,0.5841356864575712,0.8383333333333334
held_out,clipiqa,contrast,2,common,pooled,0.6729490668402778,0.6303611037931043,0.755625
held_out,clipiqa,contrast,3,common,pooled,0.75741015625,0.706325819050287,0.6254166666666666
held_out,clipiqa,contrast,4,common,pooled,0.8829656684027778,0.8441427044394456,0.346875
held_out,clipiqa,contrast,5,common,pooled,0.9559447482638889,0.9375665260522168,0.15645833333333334
held_out,clipiqa,elastic_transform,1,common,pooled,0.5771803168402778,0.5522321009308958,0.9039583333333333
held_out,clipiqa,elastic_transform,2,common,pooled,0.5458533203125,0.523664820700533,0.9154166666666667
held_out,clipiqa,elastic_transform,3,common,pooled,0.5067516710069444,0.4863282672987015,0.9241666666666667
held_out,clipiqa,elastic_transform,4,common,pooled,0.49076796875,0.47040940803208586,0.9297916666666667
held_out,clipiqa,elastic_transform,5,common,pooled,0.48948515625,0.46192858990757,0.9125
held_out,clipiqa,pixelate,1,common,pooled,0.8429705078125,0.7941169698680166,0.46416666666666667
held_out,clipiqa,pixelate,2,common,pooled,0.9139087456597222,0.886282560809134,0.27520833333333333
held_out,clipiqa,pixelate,3,common,pooled,0.9484216362847222,0.9242330842342212,0.1675
held_out,clipiqa,pixelate,4,common,pooled,0.9768246310763888,0.9664320322268962,0.07645833333333334
held_out,clipiqa,pixelate,5,common,pooled,0.9877063585069444,0.9825149759355963,0.042083333333333334
held_out,clipiqa,jpeg_compression,1,common,pooled,0.6959048177083333,0.6344804391148767,0.7175
held_out,clipiqa,jpeg_compression,2,common,pooled,0.7845426649305556,0.7226425094173998,0.5747916666666667
held_out,clipiqa,jpeg_compression,3,common,pooled,0.8396579210069445,0.7867467765138045,0.46416666666666667
held_out,clipiqa,jpeg_compression,4,common,pooled,0.922312890625,0.8904091003870422,0.249375
held_out,clipiqa,jpeg_compression,5,common,pooled,0.9610309461805555,0.9402491826661823,0.12458333333333334
held_out,clipiqa,speckle_noise,1,extra,pooled,0.7399598090277778,0.68142516665324,0.6483333333333333
held_out,clipiqa,speckle_noise,2,extra,pooled,0.7455345052083333,0.6759742275105689,0.619375
held_out,clipiqa,speckle_noise,3,extra,pooled,0.6689081814236111,0.5816092576528809,0.6733333333333333
held_out,clipiqa,speckle_noise,4,extra,pooled,0.6186022352430556,0.5353564139288409,0.7189583333333334
held_out,clipiqa,speckle_noise,5,extra,pooled,0.5904577907986112,0.5108572596974321,0.731875
held_out,clipiqa,gaussian_blur,1,extra,pooled,0.8104729383680556,0.7468328750676057,0.5141666666666667
held_out,clipiqa,gaussian_blur,2,extra,pooled,0.8786958767361112,0.8182133052128121,0.33916666666666667
held_out,clipiqa,gaussian_blur,3,extra,pooled,0.9300118706597222,0.8816480514445572,0.19770833333333335
held_out,clipiqa,gaussian_blur,4,extra,pooled,0.9621082899305555,0.9305735794455757,0.09895833333333333
held_out,clipiqa,gaussian_blur,5,extra,pooled,0.9856133680555555,0.9719224953931739,0.035833333333333335
held_out,clipiqa,spatter,1,extra,pooled,0.5085746744791667,0.506167734323029,0.949375
held_out,clipiqa,spatter,2,extra,pooled,0.49612233072916667,0.4780681905638451,0.9395833333333333
held_out,clipiqa,spatter,3,extra,pooled,0.5258156684027778,0.4916860840556494,0.9083333333333333
held_out,clipiqa,spatter,4,extra,pooled,0.5317977430555556,0.5026780483177402,0.9154166666666667
held_out,clipiqa,spatter,5,extra,pooled,0.6287147135416666,0.5635314649677947,0.8054166666666667
held_out,clipiqa,saturate,1,extra,pooled,0.4594884982638889,0.46810666285343516,0.953125
held_out,clipiqa,saturate,2,extra,pooled,0.3861200954861111,0.42129221253620813,0.9741666666666666
held_out,clipiqa,saturate,3,extra,pooled,0.5910315755208333,0.5740860493265885,0.8985416666666667
held_out,clipiqa,saturate,4,extra,pooled,0.6519053168402777,0.6241433343016818,0.82875
held_out,clipiqa,saturate,5,extra,pooled,0.701948046875,0.6508726153426532,0.755625
screen,two_axis,gaussian_noise,1,common,pooled,0.9726,0.9549672240946687,0.09
screen,two_axis,gaussian_noise,2,common,pooled,0.99595,0.995406985224628,0.025
screen,two_axis,gaussian_noise,3,common,pooled,0.999775,0.999771534352706,0.0
screen,two_axis,gaussian_noise,4,common,pooled,1.0,1.0,0.0
screen,two_axis,gaussian_noise,5,common,pooled,1.0,1.0,0.0
screen,two_axis,shot_noise,1,common,pooled,0.96245,0.94649109364338,0.135
screen,two_axis,shot_noise,2,common,pooled,0.99465,0.9940556983733986,0.03
screen,two_axis,shot_noise,3,common,pooled,0.999675,0.99966836955749,0.005
screen,two_axis,shot_noise,4,common,pooled,1.0,1.0,0.0
screen,two_axis,shot_noise,5,common,pooled,1.0,1.0,0.0
screen,two_axis,impulse_noise,1,common,pooled,0.999975,0.9999751243781094,0.0
screen,two_axis,impulse_noise,2,common,pooled,1.0,1.0,0.0
screen,two_axis,impulse_noise,3,common,pooled,1.0,1.0,0.0
screen,two_axis,impulse_noise,4,common,pooled,1.0,1.0,0.0
screen,two_axis,impulse_noise,5,common,pooled,1.0,1.0,0.0
screen,two_axis,defocus_blur,1,common,pooled,0.905625,0.8761439186464306,0.25
screen,two_axis,defocus_blur,2,common,pooled,0.968775,0.9576215593763376,0.115
screen,two_axis,defocus_blur,3,common,pooled,0.995275,0.9941946022516578,0.02
screen,two_axis,defocus_blur,4,common,pooled,0.9994,0.9993729144638043,0.005
screen,two_axis,defocus_blur,5,common,pooled,0.99995,0.9999501243781094,0.0
screen,two_axis,glass_blur,1,common,pooled,0.819575,0.7708969858696355,0.45
screen,two_axis,glass_blur,2,common,pooled,0.913275,0.8816802534639756,0.22
screen,two_axis,glass_blur,3,common,pooled,0.955,0.9341677148474826,0.115
screen,two_axis,glass_blur,4,common,pooled,0.973475,0.9617236569725303,0.065
screen,two_axis,glass_blur,5,common,pooled,0.99485,0.9932933182910997,0.02
screen,two_axis,motion_blur,1,common,pooled,0.810625,0.7693493940248415,0.46
screen,two_axis,motion_blur,2,common,pooled,0.897025,0.870258649316987,0.32
screen,two_axis,motion_blur,3,common,pooled,0.95475,0.9421938170248485,0.165
screen,two_axis,motion_blur,4,common,pooled,0.98075,0.9762936260687874,0.065
screen,two_axis,motion_blur,5,common,pooled,0.9896,0.9871948323259646,0.04
screen,two_axis,zoom_blur,1,common,pooled,0.8405,0.8109404387808852,0.45
screen,two_axis,zoom_blur,2,common,pooled,0.886125,0.8629560245373934,0.345
screen,two_axis,zoom_blur,3,common,pooled,0.87635,0.8510981452688591,0.36
screen,two_axis,zoom_blur,4,common,pooled,0.90235,0.8809699422364969,0.285
screen,two_axis,zoom_blur,5,common,pooled,0.894525,0.8718425848441872,0.32
screen,two_axis,snow,1,common,pooled,0.906175,0.8784568225145609,0.305
screen,two_axis,snow,2,common,pooled,0.961125,0.9478457767115736,0.115
screen,two_axis,snow,3,common,pooled,0.95685,0.9406402155979763,0.13
screen,two_axis,snow,4,common,pooled,0.966675,0.954074852877655,0.11
screen,two_axis,snow,5,common,pooled,0.9598,0.9454636563052469,0.115
screen,two_axis,frost,1,common,pooled,0.56465,0.5330939681212439,0.855
screen,two_axis,frost,2,common,pooled,0.680425,0.6102304741684653,0.62
screen,two_axis,frost,3,common,pooled,0.746175,0.6590743948624941,0.535
screen,two_axis,frost,4,common,pooled,0.75055,0.6680261416265365,0.515
screen,two_axis,frost,5,common,pooled,0.77785,0.6914435878799253,0.46
screen,two_axis,fog,1,common,pooled,0.82355,0.7748908744632225,0.415
screen,two_axis,fog,2,common,pooled,0.86505,0.822127288184903,0.33
screen,two_axis,fog,3,common,pooled,0.8938,0.8578228661198224,0.285
screen,two_axis,fog,4,common,pooled,0.884475,0.8453689971129604,0.305
screen,two_axis,fog,5,common,pooled,0.9006,0.8649246696036191,0.235
screen,two_axis,brightness,1,common,pooled,0.5146,0.5096649866309294,0.94
screen,two_axis,brightness,2,common,pooled,0.549025,0.5318494468153608,0.905
screen,two_axis,brightness,3,common,pooled,0.5935,0.5599629312128483,0.87
screen,two_axis,brightness,4,common,pooled,0.6516,0.6028670252000952,0.735
screen,two_axis,brightness,5,common,pooled,0.71585,0.6586347743527285,0.615
screen,two_axis,contrast,1,common,pooled,0.839975,0.795649398416471,0.385
screen,two_axis,contrast,2,common,pooled,0.9047,0.8734812588106753,0.235
screen,two_axis,contrast,3,common,pooled,0.958775,0.9447261304572879,0.115
screen,two_axis,contrast,4,common,pooled,0.9942,0.9929538861611471,0.02
screen,two_axis,contrast,5,common,pooled,0.999875,0.9998743655140563,0.0
screen,two_axis,elastic_transform,1,common,pooled,0.5588,0.5350840057195039,0.855
screen,two_axis,elastic_transform,2,common,pooled,0.5842,0.5481061794841076,0.77
screen,two_axis,elastic_transform,3,common,pooled,0.624575,0.5728203207384152,0.72
screen,two_axis,elastic_transform,4,common,pooled,0.659775,0.5963783910073678,0.655
screen,two_axis,elastic_transform,5,common,pooled,0.710425,0.6321183213182293,0.605
screen,two_axis,pixelate,1,common,pooled,0.808525,0.743451932248964,0.415
screen,two_axis,pixelate,2,common,pooled,0.872525,0.8246970814906249,0.35
screen,two_axis,pixelate,3,common,pooled,0.9662,0.960192396308115,0.115
screen,two_axis,pixelate,4,common,pooled,0.9909,0.990324426325249,0.05
screen,two_axis,pixelate,5,common,pooled,0.997875,0.9978381594669549,0.015
screen,two_axis,jpeg_compression,1,common,pooled,0.938175,0.925844418462727,0.26
screen,two_axis,jpeg_compression,2,common,pooled,0.979075,0.9779819730416246,0.11
screen,two_axis,jpeg_compression,3,common,pooled,0.988025,0.9877723394947728,0.055
screen,two_axis,jpeg_compression,4,common,pooled,0.99715,0.9970915042606511,0.02
screen,two_axis,jpeg_compression,5,common,pooled,0.9993,0.9992811455558851,0.005
screen,two_axis,speckle_noise,1,extra,pooled,0.898825,0.8679267388311993,0.35
screen,two_axis,speckle_noise,2,extra,pooled,0.9493,0.9394702584832735,0.22
screen,two_axis,speckle_noise,3,extra,pooled,0.993225,0.9930398138260158,0.05
screen,two_axis,speckle_noise,4,extra,pooled,0.998125,0.998097017352667,0.01
screen,two_axis,speckle_noise,5,extra,pooled,0.99965,0.9996472192565716,0.0
screen,two_axis,gaussian_blur,1,extra,pooled,0.75685,0.7105576903842055,0.57
screen,two_axis,gaussian_blur,2,extra,pooled,0.96865,0.9566558943243191,0.11
screen,two_axis,gaussian_blur,3,extra,pooled,0.996875,0.996146943487885,0.01
screen,two_axis,gaussian_blur,4,extra,pooled,0.99985,0.9998488553099746,0.0
screen,two_axis,gaussian_blur,5,extra,pooled,1.0,1.0,0.0
screen,two_axis,spatter,1,extra,pooled,0.524,0.5246202035317478,0.94
screen,two_axis,spatter,2,extra,pooled,0.87585,0.8587097938846628,0.405
screen,two_axis,spatter,3,extra,pooled,0.947825,0.9373012678771386,0.195
screen,two_axis,spatter,4,extra,pooled,0.995375,0.9953297091741771,0.025
screen,two_axis,spatter,5,extra,pooled,0.998925,0.9989219305618735,0.005
screen,two_axis,saturate,1,extra,pooled,0.5865875,0.5603896224105451,0.87
screen,two_axis,saturate,2,extra,pooled,0.6925375,0.6362261457646431,0.645
screen,two_axis,saturate,3,extra,pooled,0.5522875,0.5267481348007627,0.905
screen,two_axis,saturate,4,extra,pooled,0.754475,0.6948333681522797,0.55
screen,two_axis,saturate,5,extra,pooled,0.845025,0.8176449456427286,0.445
screen,peak_share,gaussian_noise,1,common,pooled,0.96595,0.9441828789512514,0.095
screen,peak_share,gaussian_noise,2,common,pooled,0.9876,0.9832544987672618,0.03
screen,peak_share,gaussian_noise,3,common,pooled,0.9982,0.9981337663737649,0.015
screen,peak_share,gaussian_noise,4,common,pooled,0.99995,0.9999501243781094,0.0
screen,peak_share,gaussian_noise,5,common,pooled,1.0,1.0,0.0
screen,peak_share,shot_noise,1,common,pooled,0.948075,0.9244837529654968,0.155
screen,peak_share,shot_noise,2,common,pooled,0.982425,0.9768702586688334,0.075
screen,peak_share,shot_noise,3,common,pooled,0.995375,0.9949085194111056,0.02
screen,peak_share,shot_noise,4,common,pooled,0.999625,0.9996271855781579,0.0
screen,peak_share,shot_noise,5,common,pooled,0.999975,0.9999751243781094,0.0
screen,peak_share,impulse_noise,1,common,pooled,0.984625,0.9761431126786541,0.03
screen,peak_share,impulse_noise,2,common,pooled,0.992425,0.9901671671769876,0.02
screen,peak_share,impulse_noise,3,common,pooled,0.99675,0.9963431483692238,0.015
screen,peak_share,impulse_noise,4,common,pooled,1.0,1.0,0.0
screen,peak_share,impulse_noise,5,common,pooled,1.0,1.0,0.0
screen,peak_share,defocus_blur,1,common,pooled,0.92605,0.9001749183704338,0.225
screen,peak_share,defocus_blur,2,common,pooled,0.97695,0.9662034611171403,0.08
screen,peak_share,defocus_blur,3,common,pooled,0.996125,0.9957079620471482,0.02
screen,peak_share,defocus_blur,4,common,pooled,0.999825,0.9998259789772099,0.0
screen,peak_share,defocus_blur,5,common,pooled,1.0,1.0,0.0
screen,peak_share,glass_blur,1,common,pooled,0.8067,0.7627878469920324,0.52
screen,peak_share,glass_blur,2,common,pooled,0.90805,0.8717494141689432,0.245
screen,peak_share,glass_blur,3,common,pooled,0.9529,0.9275749319424266,0.115
screen,peak_share,glass_blur,4,common,pooled,0.9709,0.955652337706994,0.085
screen,peak_share,glass_blur,5,common,pooled,0.993325,0.9919467256845079,0.02
screen,peak_share,motion_blur,1,common,pooled,0.7976,0.7626159447269554,0.56
screen,peak_share,motion_blur,2,common,pooled,0.910775,0.886000142188555,0.295
screen,peak_share,motion_blur,3,common,pooled,0.965675,0.953323211407801,0.115
screen,peak_share,motion_blur,4,common,pooled,0.9867,0.9828926615147204,0.035
screen,peak_share,motion_blur,5,common,pooled,0.99225,0.9905528530122722,0.025
screen,peak_share,zoom_blur,1,common,pooled,0.843,0.8179299738500555,0.48
screen,peak_share,zoom_blur,2,common,pooled,0.89405,0.8725890869181818,0.34
screen,peak_share,zoom_blur,3,common,pooled,0.886575,0.8623213549816617,0.36
screen,peak_share,zoom_blur,4,common,pooled,0.9145,0.8931583258135909,0.245
screen,peak_share,zoom_blur,5,common,pooled,0.91065,0.8870858052795398,0.25
screen,peak_share,snow,1,common,pooled,0.792375,0.7269922188854924,0.49
screen,peak_share,snow,2,common,pooled,0.9188,0.8765995960065612,0.195
screen,peak_share,snow,3,common,pooled,0.88085,0.8220462094312639,0.25
screen,peak_share,snow,4,common,pooled,0.9049,0.8549793127846973,0.23
screen,peak_share,snow,5,common,pooled,0.928,0.8937304087560058,0.19
screen,peak_share,frost,1,common,pooled,0.547675,0.5230366893151126,0.825
screen,peak_share,frost,2,common,pooled,0.65905,0.5923199792380399,0.63
screen,peak_share,frost,3,common,pooled,0.72985,0.6396900282052244,0.505
screen,peak_share,frost,4,common,pooled,0.74835,0.6625843068127355,0.505
screen,peak_share,frost,5,common,pooled,0.781975,0.6880815026059209,0.455
screen,peak_share,fog,1,common,pooled,0.82875,0.7777601336877277,0.445
screen,peak_share,fog,2,common,pooled,0.88325,0.8398714327226116,0.28
screen,peak_share,fog,3,common,pooled,0.91245,0.8760365791914742,0.205
screen,peak_share,fog,4,common,pooled,0.906525,0.8655067714477498,0.21
screen,peak_share,fog,5,common,pooled,0.923525,0.8847972367096604,0.155
screen,peak_share,brightness,1,common,pooled,0.52035,0.5170658368680194,0.9
screen,peak_share,brightness,2,common,pooled,0.5655,0.5448084776802178,0.825
screen,peak_share,brightness,3,common,pooled,0.63185,0.5912178591366467,0.73
screen,peak_share,brightness,4,common,pooled,0.711775,0.6545660868568065,0.605
screen,peak_share,brightness,5,common,pooled,0.78425,0.7218423441353213,0.505
screen,peak_share,contrast,1,common,pooled,0.85295,0.8090588547461625,0.4
screen,peak_share,contrast,2,common,pooled,0.92435,0.8938482760490065,0.195
screen,peak_share,contrast,3,common,pooled,0.97075,0.9582806955165227,0.09
screen,peak_share,contrast,4,common,pooled,0.995525,0.9949524520792872,0.02
screen,peak_share,contrast,5,common,pooled,1.0,1.0,0.0
screen,peak_share,elastic_transform,1,common,pooled,0.509725,0.5136700785700972,0.91
screen,peak_share,elastic_transform,2,common,pooled,0.533725,0.5227357309708548,0.89
screen,peak_share,elastic_transform,3,common,pooled,0.576575,0.5440475591903736,0.82
screen,peak_share,elastic_transform,4,common,pooled,0.608625,0.5636015827493284,0.8
screen,peak_share,elastic_transform,5,common,pooled,0.657875,0.5937790615400649,0.72
screen,peak_share,pixelate,1,common,pooled,0.750725,0.6867698728708018,0.57
screen,peak_share,pixelate,2,common,pooled,0.848725,0.7856248597976967,0.405
screen,peak_share,pixelate,3,common,pooled,0.94605,0.911265052553303,0.125
screen,peak_share,pixelate,4,common,pooled,0.979075,0.9644276521824928,0.05
screen,peak_share,pixelate,5,common,pooled,0.99155,0.9893328708261268,0.02
screen,peak_share,jpeg_compression,1,common,pooled,0.831025,0.7617645255136651,0.475
screen,peak_share,jpeg_compression,2,common,pooled,0.897675,0.8415695723683752,0.29
screen,peak_share,jpeg_compression,3,common,pooled,0.920925,0.873819972322198,0.23
screen,peak_share,jpeg_compression,4,common,pooled,0.9563,0.9271041134866311,0.12
screen,peak_share,jpeg_compression,5,common,pooled,0.973075,0.9547841676261596,0.095
screen,peak_share,speckle_noise,1,extra,pooled,0.8846,0.8483002711899956,0.345
screen,peak_share,speckle_noise,2,extra,pooled,0.928,0.9052677392847314,0.22
screen,peak_share,speckle_noise,3,extra,pooled,0.97915,0.9746126944596097,0.085
screen,peak_share,speckle_noise,4,extra,pooled,0.990275,0.9887804620624688,0.03
screen,peak_share,speckle_noise,5,extra,pooled,0.9958,0.9954269198761001,0.02
screen,peak_share,gaussian_blur,1,extra,pooled,0.756075,0.7199439803416208,0.625
screen,peak_share,gaussian_blur,2,extra,pooled,0.977775,0.9673827987712618,0.075
screen,peak_share,gaussian_blur,3,extra,pooled,0.998175,0.9980727990595207,0.015
screen,peak_share,gaussian_blur,4,extra,pooled,1.0,1.0,0.0
screen,peak_share,gaussian_blur,5,extra,pooled,1.0,1.0,0.0
screen,peak_share,spatter,1,extra,pooled,0.506675,0.5016844140192095,0.94
screen,peak_share,spatter,2,extra,pooled,0.65305,0.5803515280543676,0.7
screen,peak_share,spatter,3,extra,pooled,0.8282,0.737613751242107,0.385
screen,peak_share,spatter,4,extra,pooled,0.863225,0.7768659697800353,0.34
screen,peak_share,spatter,5,extra,pooled,0.9228,0.8559678032838215,0.175
screen,peak_share,saturate,1,extra,pooled,0.5746875,0.5588594511489782,0.82
screen,peak_share,saturate,2,extra,pooled,0.6993875,0.6442721706027639,0.675
screen,peak_share,saturate,3,extra,pooled,0.5984625,0.5496067273832346,0.81
screen,peak_share,saturate,4,extra,pooled,0.7702,0.6741551825136378,0.485
screen,peak_share,saturate,5,extra,pooled,0.861925,0.7732971026113605,0.34
screen,level,gaussian_noise,1,common,pooled,0.9925,0.9900524084573372,0.035
screen,level,gaussian_noise,2,common,pooled,0.999375,0.9993376590314245,0.005
screen,level,gaussian_noise,3,common,pooled,1.0,1.0,0.0
screen,level,gaussian_noise,4,common,pooled,1.0,1.0,0.0
screen,level,gaussian_noise,5,common,pooled,1.0,1.0,0.0
screen,level,shot_noise,1,common,pooled,0.9883,0.9855501211877263,0.06
screen,level,shot_noise,2,common,pooled,0.999225,0.9991776879355152,0.005
screen,level,shot_noise,3,common,pooled,1.0,1.0,0.0
screen,level,shot_noise,4,common,pooled,1.0,1.0,0.0
screen,level,shot_noise,5,common,pooled,1.0,1.0,0.0
screen,level,impulse_noise,1,common,pooled,1.0,1.0,0.0
screen,level,impulse_noise,2,common,pooled,1.0,1.0,0.0
screen,level,impulse_noise,3,common,pooled,1.0,1.0,0.0
screen,level,impulse_noise,4,common,pooled,1.0,1.0,0.0
screen,level,impulse_noise,5,common,pooled,1.0,1.0,0.0
screen,level,defocus_blur,1,common,pooled,0.817975,0.7456992258483013,0.455
screen,level,defocus_blur,2,common,pooled,0.889375,0.8269492238404736,0.255
screen,level,defocus_blur,3,common,pooled,0.9379,0.900076599737069,0.15
screen,level,defocus_blur,4,common,pooled,0.958375,0.9308324649696904,0.095
screen,level,defocus_blur,5,common,pooled,0.972625,0.9554121991075248,0.075
screen,level,glass_blur,1,common,pooled,0.7173,0.646451722877678,0.64
screen,level,glass_blur,2,common,pooled,0.807375,0.7270568579757342,0.455
screen,level,glass_blur,3,common,pooled,0.897125,0.8260932052558707,0.225
screen,level,glass_blur,4,common,pooled,0.9142,0.8485982588441185,0.18
screen,level,glass_blur,5,common,pooled,0.9435,0.8994571067787382,0.11
screen,level,motion_blur,1,common,pooled,0.843975,0.7946063951852825,0.44
screen,level,motion_blur,2,common,pooled,0.911425,0.8795032626302484,0.225
screen,level,motion_blur,3,common,pooled,0.95195,0.9327611885566608,0.15
screen,level,motion_blur,4,common,pooled,0.972525,0.9619128018679688,0.09
screen,level,motion_blur,5,common,pooled,0.980675,0.97361754942074,0.065
screen,level,zoom_blur,1,common,pooled,0.800825,0.7148760346346755,0.44
screen,level,zoom_blur,2,common,pooled,0.84425,0.7635442901661804,0.355
screen,level,zoom_blur,3,common,pooled,0.8065,0.723644127834874,0.44
screen,level,zoom_blur,4,common,pooled,0.835075,0.755619271504476,0.385
screen,level,zoom_blur,5,common,pooled,0.812225,0.7315728707663629,0.42
screen,level,snow,1,common,pooled,0.958825,0.9508707996824355,0.16
screen,level,snow,2,common,pooled,0.987625,0.9854063591795063,0.055
screen,level,snow,3,common,pooled,0.9866,0.9838513442410696,0.065
screen,level,snow,4,common,pooled,0.9908,0.9887344597189849,0.055
screen,level,snow,5,common,pooled,0.987325,0.9844877298944826,0.055
screen,level,frost,1,common,pooled,0.59915,0.5613935517053531,0.795
screen,level,frost,2,common,pooled,0.692425,0.613226782038812,0.63
screen,level,frost,3,common,pooled,0.7474,0.6520729748401403,0.5
screen,level,frost,4,common,pooled,0.754125,0.6509010417919213,0.48
screen,level,frost,5,common,pooled,0.77365,0.6627264182980613,0.45
screen,level,fog,1,common,pooled,0.7487,0.6679831819391505,0.505
screen,level,fog,2,common,pooled,0.797725,0.7142874872326833,0.455
screen,level,fog,3,common,pooled,0.82475,0.7394142415972069,0.39
screen,level,fog,4,common,pooled,0.829925,0.7367641368049967,0.385
screen,level,fog,5,common,pooled,0.87375,0.7926058951990291,0.275
screen,level,brightness,1,common,pooled,0.538825,0.5354769707035985,0.92
screen,level,brightness,2,common,pooled,0.60145,0.5811782928625976,0.855
screen,level,brightness,3,common,pooled,0.672225,0.6333237320913494,0.735
screen,level,brightness,4,common,pooled,0.751675,0.6948874264021656,0.55
screen,level,brightness,5,common,pooled,0.81625,0.7564065630051722,0.42
screen,level,contrast,1,common,pooled,0.76885,0.68942840006296,0.575
screen,level,contrast,2,common,pooled,0.84515,0.7718965291917769,0.37
screen,level,contrast,3,common,pooled,0.908475,0.8515694949572148,0.22
screen,level,contrast,4,common,pooled,0.95435,0.9282992184567855,0.095
screen,level,contrast,5,common,pooled,0.9763,0.9665766909139321,0.075
screen,level,elastic_transform,1,common,pooled,0.5339,0.5126227198578356,0.93
screen,level,elastic_transform,2,common,pooled,0.578525,0.5431460904489397,0.895
screen,level,elastic_transform,3,common,pooled,0.650975,0.599636578957516,0.81
screen,level,elastic_transform,4,common,pooled,0.701625,0.6461012921330572,0.725
screen,level,elastic_transform,5,common,pooled,0.773275,0.7131808806444829,0.63
screen,level,pixelate,1,common,pooled,0.816175,0.7820094451533187,0.57
screen,level,pixelate,2,common,pooled,0.884275,0.8660096881072364,0.39
screen,level,pixelate,3,common,pooled,0.9776,0.9769364472106852,0.095
screen,level,pixelate,4,common,pooled,0.995775,0.9957256352029006,0.03
screen,level,pixelate,5,common,pooled,0.999175,0.9991713365054817,0.005
screen,level,jpeg_compression,1,common,pooled,0.974175,0.9725693238218756,0.15
screen,level,jpeg_compression,2,common,pooled,0.993,0.992894178940054,0.055
screen,level,jpeg_compression,3,common,pooled,0.996225,0.9962145039606343,0.01
screen,level,jpeg_compression,4,common,pooled,0.99955,0.9995389552027993,0.005
screen,level,jpeg_compression,5,common,pooled,0.999925,0.9999249987499687,0.0
screen,level,speckle_noise,1,extra,pooled,0.954575,0.9464408943081872,0.18
screen,level,speckle_noise,2,extra,pooled,0.981325,0.9795056101276833,0.095
screen,level,speckle_noise,3,extra,pooled,0.99855,0.9985157332279141,0.01
screen,level,speckle_noise,4,extra,pooled,0.999725,0.9997208633574349,0.0
screen,level,speckle_noise,5,extra,pooled,0.99995,0.9999501243781094,0.0
screen,level,gaussian_blur,1,extra,pooled,0.703425,0.6424955237785313,0.7
screen,level,gaussian_blur,2,extra,pooled,0.881925,0.8181522293758987,0.265
screen,level,gaussian_blur,3,extra,pooled,0.943275,0.9093707829308365,0.145
screen,level,gaussian_blur,4,extra,pooled,0.9673,0.9481179679142594,0.085
screen,level,gaussian_blur,5,extra,pooled,0.99035,0.9829988458395528,0.035
screen,level,spatter,1,extra,pooled,0.581025,0.5910338864822318,0.92
screen,level,spatter,2,extra,pooled,0.9388,0.9319010857409342,0.235
screen,level,spatter,3,extra,pooled,0.98015,0.9783297569410679,0.085
screen,level,spatter,4,extra,pooled,0.998975,0.9989772896959964,0.005
screen,level,spatter,5,extra,pooled,0.999825,0.9998232142843336,0.0
screen,level,saturate,1,extra,pooled,0.5547125,0.5213888872144001,0.875
screen,level,saturate,2,extra,pooled,0.6790875,0.6060812461108722,0.68
screen,level,saturate,3,extra,pooled,0.6280125,0.594499097256949,0.86
screen,level,saturate,4,extra,pooled,0.859075,0.8214010703301756,0.385
screen,level,saturate,5,extra,pooled,0.919025,0.9075739060638965,0.3
screen,global_level,gaussian_noise,1,common,pooled,0.96295,0.9502305820441609,0.11
screen,global_level,gaussian_noise,2,common,pooled,0.996025,0.995760899575081,0.025
screen,global_level,gaussian_noise,3,common,pooled,0.99995,0.9999501243781094,0.0
screen,global_level,gaussian_noise,4,common,pooled,1.0,1.0,0.0
screen,global_level,gaussian_noise,5,common,pooled,1.0,1.0,0.0
screen,global_level,shot_noise,1,common,pooled,0.951,0.938259372546197,0.155
screen,global_level,shot_noise,2,common,pooled,0.99425,0.9939634008469616,0.025
screen,global_level,shot_noise,3,common,pooled,0.99985,0.9998488553099746,0.0
screen,global_level,shot_noise,4,common,pooled,1.0,1.0,0.0
screen,global_level,shot_noise,5,common,pooled,1.0,1.0,0.0
screen,global_level,impulse_noise,1,common,pooled,1.0,1.0,0.0
screen,global_level,impulse_noise,2,common,pooled,1.0,1.0,0.0
screen,global_level,impulse_noise,3,common,pooled,1.0,1.0,0.0
screen,global_level,impulse_noise,4,common,pooled,1.0,1.0,0.0
screen,global_level,impulse_noise,5,common,pooled,1.0,1.0,0.0
screen,global_level,defocus_blur,1,common,pooled,0.79795,0.7163854259648113,0.475
screen,global_level,defocus_blur,2,common,pooled,0.8793,0.8019114701290799,0.255
screen,global_level,defocus_blur,3,common,pooled,0.93645,0.8920372718796652,0.11
screen,global_level,defocus_blur,4,common,pooled,0.9624,0.939773255538188,0.1
screen,global_level,defocus_blur,5,common,pooled,0.979475,0.9693064436743747,0.065
screen,global_level,glass_blur,1,common,pooled,0.722825,0.6505465133050379,0.59
screen,global_level,glass_blur,2,common,pooled,0.83515,0.7482490174522856,0.39
screen,global_level,glass_blur,3,common,pooled,0.918475,0.8485804953887266,0.165
screen,global_level,glass_blur,4,common,pooled,0.9352,0.8796378452183162,0.11
screen,global_level,glass_blur,5,common,pooled,0.95985,0.9301531554928032,0.085
screen,global_level,motion_blur,1,common,pooled,0.767975,0.7059496676103094,0.565
screen,global_level,motion_blur,2,common,pooled,0.863525,0.8107758108041097,0.38
screen,global_level,motion_blur,3,common,pooled,0.924175,0.8870762862029525,0.195
screen,global_level,motion_blur,4,common,pooled,0.955175,0.9359851990095243,0.11
screen,global_level,motion_blur,5,common,pooled,0.966925,0.9536924321518045,0.09
screen,global_level,zoom_blur,1,common,pooled,0.7828,0.7032921900162756,0.525
screen,global_level,zoom_blur,2,common,pooled,0.8381,0.7606640433071896,0.395
screen,global_level,zoom_blur,3,common,pooled,0.810275,0.7340827317758802,0.475
screen,global_level,zoom_blur,4,common,pooled,0.841725,0.767138472901319,0.41
screen,global_level,zoom_blur,5,common,pooled,0.824475,0.7507062726078981,0.435
screen,global_level,snow,1,common,pooled,0.899625,0.8718151300371211,0.29
screen,global_level,snow,2,common,pooled,0.95695,0.9473698308231594,0.12
screen,global_level,snow,3,common,pooled,0.9473,0.9315694533236825,0.175
screen,global_level,snow,4,common,pooled,0.959825,0.9483535477860576,0.11
screen,global_level,snow,5,common,pooled,0.951325,0.9388933254288023,0.13
screen,global_level,frost,1,common,pooled,0.514925,0.5084159625257937,0.915
screen,global_level,frost,2,common,pooled,0.589425,0.5425156810291802,0.765
screen,global_level,frost,3,common,pooled,0.642575,0.5712546790921322,0.72
screen,global_level,frost,4,common,pooled,0.659425,0.5834479659605547,0.745
screen,global_level,frost,5,common,pooled,0.678725,0.5977463288083017,0.66
screen,global_level,fog,1,common,pooled,0.65995,0.603801257386825,0.685
screen,global_level,fog,2,common,pooled,0.70545,0.6371768756529559,0.605
screen,global_level,fog,3,common,pooled,0.742425,0.6653175294602207,0.575
screen,global_level,fog,4,common,pooled,0.759125,0.6925801833484302,0.555
screen,global_level,fog,5,common,pooled,0.8079,0.7560669901296004,0.47
screen,global_level,brightness,1,common,pooled,0.5072,0.5158677563315086,0.955
screen,global_level,brightness,2,common,pooled,0.538275,0.5367992083298153,0.925
screen,global_level,brightness,3,common,pooled,0.578375,0.5677153143187126,0.885
screen,global_level,brightness,4,common,pooled,0.63115,0.606187302005079,0.77
screen,global_level,brightness,5,common,pooled,0.688125,0.6508799593622772,0.685
screen,global_level,contrast,1,common,pooled,0.680675,0.6258234003173218,0.66
screen,global_level,contrast,2,common,pooled,0.7576,0.6902359043476793,0.55
screen,global_level,contrast,3,common,pooled,0.838475,0.7700923657108902,0.38
screen,global_level,contrast,4,common,pooled,0.914925,0.8695997913406981,0.195
screen,global_level,contrast,5,common,pooled,0.959425,0.9447369297859802,0.105
screen,global_level,elastic_transform,1,common,pooled,0.4956,0.49312548144150803,0.915
screen,global_level,elastic_transform,2,common,pooled,0.521525,0.5048704344592136,0.885
screen,global_level,elastic_transform,3,common,pooled,0.568375,0.5310748880783689,0.835
screen,global_level,elastic_transform,4,common,pooled,0.605925,0.555133906318674,0.795
screen,global_level,elastic_transform,5,common,pooled,0.6636,0.5960944760646154,0.685
screen,global_level,pixelate,1,common,pooled,0.727875,0.6760922352818506,0.635
screen,global_level,pixelate,2,common,pooled,0.8154,0.7631835658525279,0.48
screen,global_level,pixelate,3,common,pooled,0.965,0.9598582435887966,0.11
screen,global_level,pixelate,4,common,pooled,0.995525,0.9953526746102334,0.025
screen,global_level,pixelate,5,common,pooled,0.99955,0.9995400465532485,0.005
screen,global_level,jpeg_compression,1,common,pooled,0.94055,0.9323519933885881,0.21
screen,global_level,jpeg_compression,2,common,pooled,0.979525,0.9793043543804345,0.11
screen,global_level,jpeg_compression,3,common,pooled,0.9877,0.987961006269712,0.105
screen,global_level,jpeg_compression,4,common,pooled,0.9969,0.9969713918040108,0.02
screen,global_level,jpeg_compression,5,common,pooled,0.999525,0.9995198580983561,0.005
screen,global_level,speckle_noise,1,extra,pooled,0.87935,0.8599125096088319,0.44
screen,global_level,speckle_noise,2,extra,pooled,0.939625,0.9322184652435834,0.235
screen,global_level,speckle_noise,3,extra,pooled,0.992975,0.9929798381350938,0.06
screen,global_level,speckle_noise,4,extra,pooled,0.99865,0.9986474767838287,0.005
screen,global_level,speckle_noise,5,extra,pooled,0.999925,0.9999249987499687,0.0
screen,global_level,gaussian_blur,1,extra,pooled,0.67885,0.617320772609561,0.635
screen,global_level,gaussian_blur,2,extra,pooled,0.871325,0.7902988034616767,0.28
screen,global_level,gaussian_blur,3,extra,pooled,0.936575,0.8921323837114725,0.11
screen,global_level,gaussian_blur,4,extra,pooled,0.967375,0.9486279333752206,0.08
screen,global_level,gaussian_blur,5,extra,pooled,0.992325,0.9891360175470688,0.025
screen,global_level,spatter,1,extra,pooled,0.520075,0.5190457929321666,0.925
screen,global_level,spatter,2,extra,pooled,0.8763,0.8503787289536798,0.395
screen,global_level,spatter,3,extra,pooled,0.94705,0.9360547023195074,0.17
screen,global_level,spatter,4,extra,pooled,0.99505,0.9952640791601898,0.02
screen,global_level,spatter,5,extra,pooled,0.9989,0.9989413272452724,0.0
screen,global_level,saturate,1,extra,pooled,0.5372625,0.5307249821816427,0.915
screen,global_level,saturate,2,extra,pooled,0.6219125,0.5909091012126488,0.77
screen,global_level,saturate,3,extra,pooled,0.5625625,0.5414467086245078,0.915
screen,global_level,saturate,4,extra,pooled,0.725775,0.6828616992778067,0.685
screen,global_level,saturate,5,extra,pooled,0.81765,0.7977347601640081,0.55
screen,means_knn,gaussian_noise,1,common,pooled,0.978875,0.9677360742290864,0.11
screen,means_knn,gaussian_noise,2,common,pooled,0.99755,0.9974012496675548,0.015
screen,means_knn,gaussian_noise,3,common,pooled,0.999925,0.9999249987499687,0.0
screen,means_knn,gaussian_noise,4,common,pooled,1.0,1.0,0.0
screen,means_knn,gaussian_noise,5,common,pooled,1.0,1.0,0.0
screen,means_knn,shot_noise,1,common,pooled,0.97455,0.9656459757099674,0.12
screen,means_knn,shot_noise,2,common,pooled,0.9971,0.9968470111109797,0.015
screen,means_knn,shot_noise,3,common,pooled,0.999875,0.9998743655140563,0.0
screen,means_knn,shot_noise,4,common,pooled,1.0,1.0,0.0
screen,means_knn,shot_noise,5,common,pooled,1.0,1.0,0.0
screen,means_knn,impulse_noise,1,common,pooled,1.0,1.0,0.0
screen,means_knn,impulse_noise,2,common,pooled,1.0,1.0,0.0
screen,means_knn,impulse_noise,3,common,pooled,1.0,1.0,0.0
screen,means_knn,impulse_noise,4,common,pooled,1.0,1.0,0.0
screen,means_knn,impulse_noise,5,common,pooled,1.0,1.0,0.0
screen,means_knn,defocus_blur,1,common,pooled,0.697125,0.6359490835346244,0.655
screen,means_knn,defocus_blur,2,common,pooled,0.7976,0.7266954717542682,0.465
screen,means_knn,defocus_blur,3,common,pooled,0.881675,0.822028873544826,0.305
screen,means_knn,defocus_blur,4,common,pooled,0.9156,0.8644787628063881,0.21
screen,means_knn,defocus_blur,5,common,pooled,0.9356,0.890238494265853,0.16
screen,means_knn,glass_blur,1,common,pooled,0.650775,0.5926080641884077,0.705
screen,means_knn,glass_blur,2,common,pooled,0.71235,0.6393950090488781,0.62
screen,means_knn,glass_blur,3,common,pooled,0.84725,0.765414709963503,0.34
screen,means_knn,glass_blur,4,common,pooled,0.85925,0.774800561090936,0.285
screen,means_knn,glass_blur,5,common,pooled,0.867125,0.7857403467044957,0.27
screen,means_knn,motion_blur,1,common,pooled,0.816325,0.7799505050013209,0.475
screen,means_knn,motion_blur,2,common,pooled,0.8883,0.8620400903326253,0.345
screen,means_knn,motion_blur,3,common,pooled,0.930175,0.9130780058684311,0.245
screen,means_knn,motion_blur,4,common,pooled,0.954875,0.9431602808382546,0.185
screen,means_knn,motion_blur,5,common,pooled,0.96505,0.9553047860797506,0.135
screen,means_knn,zoom_blur,1,common,pooled,0.70345,0.6356313760032334,0.7
screen,means_knn,zoom_blur,2,common,pooled,0.760875,0.6839822234995763,0.59
screen,means_knn,zoom_blur,3,common,pooled,0.7282,0.6478002442923487,0.595
screen,means_knn,zoom_blur,4,common,pooled,0.76245,0.6803531960006859,0.515
screen,means_knn,zoom_blur,5,common,pooled,0.7299,0.6448946290601018,0.515
screen,means_knn,snow,1,common,pooled,0.94155,0.9353671984203726,0.26
screen,means_knn,snow,2,common,pooled,0.981225,0.9782434341121239,0.085
screen,means_knn,snow,3,common,pooled,0.974675,0.969567304579403,0.12
screen,means_knn,snow,4,common,pooled,0.978575,0.9736226091958379,0.085
screen,means_knn,snow,5,common,pooled,0.977575,0.9728387199460593,0.105
screen,means_knn,frost,1,common,pooled,0.645925,0.5802353027872296,0.725
screen,means_knn,frost,2,common,pooled,0.7283,0.6502950865984487,0.605
screen,means_knn,frost,3,common,pooled,0.76955,0.6902493425066134,0.485
screen,means_knn,frost,4,common,pooled,0.777825,0.6975932775172569,0.505
screen,means_knn,frost,5,common,pooled,0.78915,0.7055138545602869,0.455
screen,means_knn,fog,1,common,pooled,0.59815,0.5409132184970972,0.725
screen,means_knn,fog,2,common,pooled,0.62385,0.5565217729130193,0.67
screen,means_knn,fog,3,common,pooled,0.63125,0.5571393479108445,0.67
screen,means_knn,fog,4,common,pooled,0.6378,0.5606969459286923,0.66
screen,means_knn,fog,5,common,pooled,0.66545,0.5788101651396506,0.625
screen,means_knn,brightness,1,common,pooled,0.54195,0.5315830746571554,0.905
screen,means_knn,brightness,2,common,pooled,0.63,0.5906897318006284,0.755
screen,means_knn,brightness,3,common,pooled,0.727075,0.6665609514961869,0.605
screen,means_knn,brightness,4,common,pooled,0.81995,0.7545113078877922,0.42
screen,means_knn,brightness,5,common,pooled,0.886475,0.8295682677542346,0.275
screen,means_knn,contrast,1,common,pooled,0.6636,0.5954120941413718,0.705
screen,means_knn,contrast,2,common,pooled,0.7234,0.6391303385298828,0.59
screen,means_knn,contrast,3,common,pooled,0.782525,0.6895092186662337,0.455
screen,means_knn,contrast,4,common,pooled,0.836975,0.7482299104621523,0.34
screen,means_knn,contrast,5,common,pooled,0.8792,0.8076196803564738,0.265
screen,means_knn,elastic_transform,1,common,pooled,0.53175,0.5218278058306351,0.92
screen,means_knn,elastic_transform,2,common,pooled,0.5852,0.5588706114749625,0.835
screen,means_knn,elastic_transform,3,common,pooled,0.6662,0.6225325058908447,0.725
screen,means_knn,elastic_transform,4,common,pooled,0.729825,0.6832221122947904,0.645
screen,means_knn,elastic_transform,5,common,pooled,0.80475,0.7595766660323161,0.515
screen,means_knn,pixelate,1,common,pooled,0.793825,0.7622081352384248,0.59
screen,means_knn,pixelate,2,common,pooled,0.862425,0.8448568284899978,0.475
screen,means_knn,pixelate,3,common,pooled,0.9605,0.9578054040499122,0.2
screen,means_knn,pixelate,4,common,pooled,0.9893,0.9887948723524768,0.055
screen,means_knn,pixelate,5,common,pooled,0.996575,0.9965385228060505,0.025
screen,means_knn,jpeg_compression,1,common,pooled,0.926525,0.9122502872453622,0.275
screen,means_knn,jpeg_compression,2,common,pooled,0.967025,0.9645720294180934,0.19
screen,means_knn,jpeg_compression,3,common,pooled,0.977875,0.9767715428510597,0.125
screen,means_knn,jpeg_compression,4,common,pooled,0.992075,0.9916562340001148,0.04
screen,means_knn,jpeg_compression,5,common,pooled,0.995675,0.995378863339794,0.03
screen,means_knn,speckle_noise,1,extra,pooled,0.933375,0.9125416360738348,0.24
screen,means_knn,speckle_noise,2,extra,pooled,0.972625,0.9673677343504234,0.135
screen,means_knn,speckle_noise,3,extra,pooled,0.9979,0.9977944193582107,0.015
screen,means_knn,speckle_noise,4,extra,pooled,0.999475,0.9994610279701194,0.005
screen,means_knn,speckle_noise,5,extra,pooled,0.999925,0.9999249987499687,0.0
screen,means_knn,gaussian_blur,1,extra,pooled,0.590775,0.5576807361279574,0.885
screen,means_knn,gaussian_blur,2,extra,pooled,0.794125,0.7239258364169058,0.51
screen,means_knn,gaussian_blur,3,extra,pooled,0.8956,0.8432533960115204,0.265
screen,means_knn,gaussian_blur,4,extra,pooled,0.941725,0.9014050225007028,0.185
screen,means_knn,gaussian_blur,5,extra,pooled,0.9757,0.9538409549489275,0.055
screen,means_knn,spatter,1,extra,pooled,0.52485,0.5140174859685946,0.93
screen,means_knn,spatter,2,extra,pooled,0.85285,0.8306636279247787,0.48
screen,means_knn,spatter,3,extra,pooled,0.948975,0.9446739790379347,0.26
screen,means_knn,spatter,4,extra,pooled,0.990875,0.9904833043333495,0.04
screen,means_knn,spatter,5,extra,pooled,0.99755,0.9974516953759083,0.015
screen,means_knn,saturate,1,extra,pooled,0.4629375,0.46950503367658375,0.955
screen,means_knn,saturate,2,extra,pooled,0.5187375,0.49416769693606827,0.87
screen,means_knn,saturate,3,extra,pooled,0.6341375,0.6024196931418764,0.8
screen,means_knn,saturate,4,extra,pooled,0.87915,0.8445570138254259,0.34
screen,means_knn,saturate,5,extra,pooled,0.939375,0.9264554079885614,0.225
screen,means_own,gaussian_noise,1,common,pooled,0.918375,0.88556136863075,0.23
screen,means_own,gaussian_noise,2,common,pooled,0.9809,0.9770696228431839,0.08
screen,means_own,gaussian_noise,3,common,pooled,0.9992,0.9991878785999524,0.005
screen,means_own,gaussian_noise,4,common,pooled,1.0,1.0,0.0
screen,means_own,gaussian_noise,5,common,pooled,1.0,1.0,0.0
screen,means_own,shot_noise,1,common,pooled,0.900875,0.8734285152961323,0.3
screen,means_own,shot_noise,2,common,pooled,0.9776,0.9744455469509582,0.1
screen,means_own,shot_noise,3,common,pooled,0.998075,0.9980661430137265,0.01
screen,means_own,shot_noise,4,common,pooled,1.0,1.0,0.0
screen,means_own,shot_noise,5,common,pooled,1.0,1.0,0.0
screen,means_own,impulse_noise,1,common,pooled,1.0,1.0,0.0
screen,means_own,impulse_noise,2,common,pooled,1.0,1.0,0.0
screen,means_own,impulse_noise,3,common,pooled,1.0,1.0,0.0
screen,means_own,impulse_noise,4,common,pooled,1.0,1.0,0.0
screen,means_own,impulse_noise,5,common,pooled,1.0,1.0,0.0
screen,means_own,defocus_blur,1,common,pooled,0.72665,0.6542049350630244,0.6
screen,means_own,defocus_blur,2,common,pooled,0.81295,0.7316070137628674,0.425
screen,means_own,defocus_blur,3,common,pooled,0.89825,0.8293040952937776,0.225
screen,means_own,defocus_blur,4,common,pooled,0.934375,0.8860970810413727,0.13
screen,means_own,defocus_blur,5,common,pooled,0.95705,0.9288916947371282,0.11
screen,means_own,glass_blur,1,common,pooled,0.6576,0.6025214516377362,0.685
screen,means_own,glass_blur,2,common,pooled,0.772775,0.6934159591694071,0.485
screen,means_own,glass_blur,3,common,pooled,0.903925,0.8272802359275361,0.21
screen,means_own,glass_blur,4,common,pooled,0.9221,0.8559197828050488,0.135
screen,means_own,glass_blur,5,common,pooled,0.94195,0.8937248926164085,0.115
screen,means_own,motion_blur,1,common,pooled,0.70345,0.6521876667835238,0.655
screen,means_own,motion_blur,2,common,pooled,0.805225,0.7591063991985829,0.505
screen,means_own,motion_blur,3,common,pooled,0.8895,0.8487048807814439,0.3
screen,means_own,motion_blur,4,common,pooled,0.935725,0.910898409247344,0.195
screen,means_own,motion_blur,5,common,pooled,0.952875,0.9346444115923913,0.12
screen,means_own,zoom_blur,1,common,pooled,0.721775,0.6491655925008132,0.6
screen,means_own,zoom_blur,2,common,pooled,0.78565,0.7048228524119262,0.5
screen,means_own,zoom_blur,3,common,pooled,0.74835,0.6727752254972372,0.565
screen,means_own,zoom_blur,4,common,pooled,0.785125,0.7041079892188054,0.48
screen,means_own,zoom_blur,5,common,pooled,0.758675,0.6802785284672038,0.55
screen,means_own,snow,1,common,pooled,0.879025,0.8633863884509321,0.425
screen,means_own,snow,2,common,pooled,0.9308,0.9183692614216856,0.225
screen,means_own,snow,3,common,pooled,0.938425,0.9294720762353798,0.215
screen,means_own,snow,4,common,pooled,0.952575,0.943449972627127,0.15
screen,means_own,snow,5,common,pooled,0.9303,0.9162191582881339,0.215
screen,means_own,frost,1,common,pooled,0.46785,0.485453972987436,0.93
screen,means_own,frost,2,common,pooled,0.52285,0.5006837164721092,0.865
screen,means_own,frost,3,common,pooled,0.56625,0.5236974555831251,0.785
screen,means_own,frost,4,common,pooled,0.584275,0.5322932452178528,0.815
screen,means_own,frost,5,common,pooled,0.6013,0.5458666890007953,0.755
screen,means_own,fog,1,common,pooled,0.6316,0.5833836630730602,0.755
screen,means_own,fog,2,common,pooled,0.6678,0.6091064894236362,0.66
screen,means_own,fog,3,common,pooled,0.696925,0.6322242073198423,0.635
screen,means_own,fog,4,common,pooled,0.713325,0.6579924466380661,0.63
screen,means_own,fog,5,common,pooled,0.748875,0.6960241572263357,0.6
screen,means_own,brightness,1,common,pooled,0.5008,0.5110719270952008,0.955
screen,means_own,brightness,2,common,pooled,0.5239,0.5268529773857805,0.935
screen,means_own,brightness,3,common,pooled,0.5531,0.5489729389098799,0.905
screen,means_own,brightness,4,common,pooled,0.59205,0.5811120152511541,0.865
screen,means_own,brightness,5,common,pooled,0.63905,0.6164799725667871,0.765
screen,means_own,contrast,1,common,pooled,0.65525,0.6077950244443278,0.72
screen,means_own,contrast,2,common,pooled,0.718575,0.6603445868707788,0.635
screen,means_own,contrast,3,common,pooled,0.790525,0.7248506099013048,0.495
screen,means_own,contrast,4,common,pooled,0.877225,0.8216772988684209,0.3
screen,means_own,contrast,5,common,pooled,0.938525,0.9132542519836633,0.14
screen,means_own,elastic_transform,1,common,pooled,0.5054,0.5029571660269929,0.9
screen,means_own,elastic_transform,2,common,pooled,0.546775,0.5254234684798649,0.88
screen,means_own,elastic_transform,3,common,pooled,0.61115,0.5694846118495777,0.765
screen,means_own,elastic_transform,4,common,pooled,0.661475,0.6096194175861708,0.72
screen,means_own,elastic_transform,5,common,pooled,0.729625,0.6682587812582499,0.63
screen,means_own,pixelate,1,common,pooled,0.70855,0.6668100749179056,0.66
screen,means_own,pixelate,2,common,pooled,0.794075,0.7480561428693188,0.55
screen,means_own,pixelate,3,common,pooled,0.957675,0.9522533784987619,0.14
screen,means_own,pixelate,4,common,pooled,0.994125,0.9939495174360927,0.04
screen,means_own,pixelate,5,common,pooled,0.999525,0.9995202108362753,0.005
screen,means_own,jpeg_compression,1,common,pooled,0.9031,0.8883843360204466,0.34
screen,means_own,jpeg_compression,2,common,pooled,0.9623,0.9618108829218291,0.195
screen,means_own,jpeg_compression,3,common,pooled,0.97795,0.978696869370814,0.125
screen,means_own,jpeg_compression,4,common,pooled,0.9943,0.9944638291805797,0.045
screen,means_own,jpeg_compression,5,common,pooled,0.998575,0.9985730753948813,0.005
screen,means_own,speckle_noise,1,extra,pooled,0.810425,0.7869081477893682,0.575
screen,means_own,speckle_noise,2,extra,pooled,0.888925,0.8747568551678955,0.42
screen,means_own,speckle_noise,3,extra,pooled,0.9821,0.981735696274317,0.09
screen,means_own,speckle_noise,4,extra,pooled,0.994625,0.9946820325808744,0.04
screen,means_own,speckle_noise,5,extra,pooled,0.999175,0.9991708780854305,0.005
screen,means_own,gaussian_blur,1,extra,pooled,0.6303,0.5807464852457133,0.73
screen,means_own,gaussian_blur,2,extra,pooled,0.80295,0.7207764417043847,0.445
screen,means_own,gaussian_blur,3,extra,pooled,0.898275,0.8301649250814043,0.225
screen,means_own,gaussian_blur,4,extra,pooled,0.9406,0.8974702303464277,0.12
screen,means_own,gaussian_blur,5,extra,pooled,0.978775,0.9690277887454398,0.055
screen,means_own,spatter,1,extra,pooled,0.535725,0.549239664828568,0.94
screen,means_own,spatter,2,extra,pooled,0.89155,0.8819557919049916,0.36
screen,means_own,spatter,3,extra,pooled,0.937975,0.92977929183185,0.23
screen,means_own,spatter,4,extra,pooled,0.99615,0.9963959909254507,0.005
screen,means_own,spatter,5,extra,pooled,0.99885,0.998896594003422,0.0
screen,means_own,saturate,1,extra,pooled,0.5169875,0.5166962220233624,0.92
screen,means_own,saturate,2,extra,pooled,0.5661125,0.5520195197410275,0.88
screen,means_own,saturate,3,extra,pooled,0.5405875,0.5299318333444905,0.93
screen,means_own,saturate,4,extra,pooled,0.66245,0.6285962729909862,0.76
screen,means_own,saturate,5,extra,pooled,0.76085,0.7375874527482551,0.635
screen,saod_top3,gaussian_noise,1,common,pooled,0.571625,0.5800116726222762,0.925
screen,saod_top3,gaussian_noise,2,common,pooled,0.61435,0.6250569404175057,0.885
screen,saod_top3,gaussian_noise,3,common,pooled,0.686175,0.6980320965223341,0.81
screen,saod_top3,gaussian_noise,4,common,pooled,0.780425,0.797508567610292,0.655
screen,saod_top3,gaussian_noise,5,common,pooled,0.895025,0.9084902816215248,0.47
screen,saod_top3,shot_noise,1,common,pooled,0.5782,0.5878293934966965,0.915
screen,saod_top3,shot_noise,2,common,pooled,0.62995,0.6442741836104081,0.895
screen,saod_top3,shot_noise,3,common,pooled,0.6893,0.7063608374725227,0.8
screen,saod_top3,shot_noise,4,common,pooled,0.78495,0.805364566183618,0.645
screen,saod_top3,shot_noise,5,common,pooled,0.8696,0.8857948265305104,0.56
screen,saod_top3,impulse_noise,1,common,pooled,0.737425,0.7741898904970778,0.79
screen,saod_top3,impulse_noise,2,common,pooled,0.77085,0.7949111017046556,0.71
screen,saod_top3,impulse_noise,3,common,pooled,0.803875,0.8250651344196344,0.64
screen,saod_top3,impulse_noise,4,common,pooled,0.816,0.8326320553579952,0.58
screen,saod_top3,impulse_noise,5,common,pooled,0.892975,0.9077971397197042,0.5
screen,saod_top3,defocus_blur,1,common,pooled,0.56295,0.5640134751267047,0.92
screen,saod_top3,defocus_blur,2,common,pooled,0.58995,0.5949969105811388,0.915
screen,saod_top3,defocus_blur,3,common,pooled,0.65405,0.6625096327552702,0.81
screen,saod_top3,defocus_blur,4,common,pooled,0.72335,0.7382025741873607,0.74
screen,saod_top3,defocus_blur,5,common,pooled,0.783725,0.8001020953010564,0.62
screen,saod_top3,glass_blur,1,common,pooled,0.598625,0.6113849182374033,0.885
screen,saod_top3,glass_blur,2,common,pooled,0.6657,0.6920275038649151,0.815
screen,saod_top3,glass_blur,3,common,pooled,0.86105,0.880813423202211,0.585
screen,saod_top3,glass_blur,4,common,pooled,0.89275,0.9085095070161605,0.515
screen,saod_top3,glass_blur,5,common,pooled,0.910425,0.9251717083057347,0.495
screen,saod_top3,motion_blur,1,common,pooled,0.572025,0.5746468837915086,0.92
screen,saod_top3,motion_blur,2,common,pooled,0.6256,0.6296635589715736,0.865
screen,saod_top3,motion_blur,3,common,pooled,0.7064,0.7180462972777842,0.81
screen,saod_top3,motion_blur,4,common,pooled,0.7916,0.8058860596830857,0.63
screen,saod_top3,motion_blur,5,common,pooled,0.8434,0.8576912426669541,0.515
screen,saod_top3,zoom_blur,1,common,pooled,0.7159,0.7292809555533225,0.73
screen,saod_top3,zoom_blur,2,common,pooled,0.767825,0.7763562710321715,0.63
screen,saod_top3,zoom_blur,3,common,pooled,0.796425,0.8035157187488678,0.605
screen,saod_top3,zoom_blur,4,common,pooled,0.831425,0.8363255612641514,0.55
screen,saod_top3,zoom_blur,5,common,pooled,0.84185,0.8432403659892261,0.515
screen,saod_top3,snow,1,common,pooled,0.5915,0.605932615787292,0.915
screen,saod_top3,snow,2,common,pooled,0.63785,0.6660067390680047,0.835
screen,saod_top3,snow,3,common,pooled,0.67095,0.696702418028956,0.83
screen,saod_top3,snow,4,common,pooled,0.733075,0.7715402343308195,0.8
screen,saod_top3,snow,5,common,pooled,0.70255,0.7353101327501244,0.81
screen,saod_top3,frost,1,common,pooled,0.5487,0.5607808370026661,0.935
screen,saod_top3,frost,2,common,pooled,0.584425,0.6035929132817526,0.92
screen,saod_top3,frost,3,common,pooled,0.6098,0.636695062449375,0.895
screen,saod_top3,frost,4,common,pooled,0.61835,0.6473079146704361,0.905
screen,saod_top3,frost,5,common,pooled,0.6456,0.6704193188303534,0.845
screen,saod_top3,fog,1,common,pooled,0.513925,0.5171226290902924,0.94
screen,saod_top3,fog,2,common,pooled,0.515425,0.5265413384132449,0.935
screen,saod_top3,fog,3,common,pooled,0.522875,0.5322979031185566,0.93
screen,saod_top3,fog,4,common,pooled,0.526725,0.5350133211372873,0.935
screen,saod_top3,fog,5,common,pooled,0.53495,0.5508301731020118,0.925
screen,saod_top3,brightness,1,common,pooled,0.509275,0.5099213617447759,0.94
screen,saod_top3,brightness,2,common,pooled,0.51955,0.5249115423722854,0.94
screen,saod_top3,brightness,3,common,pooled,0.529675,0.5322895798925551,0.94
screen,saod_top3,brightness,4,common,pooled,0.545325,0.5517338081873662,0.935
screen,saod_top3,brightness,5,common,pooled,0.558125,0.5641382509934308,0.93
screen,saod_top3,contrast,1,common,pooled,0.51845,0.526928606477511,0.935
screen,saod_top3,contrast,2,common,pooled,0.525175,0.5396393720892916,0.93
screen,saod_top3,contrast,3,common,pooled,0.543725,0.5627218455896357,0.92
screen,saod_top3,contrast,4,common,pooled,0.602325,0.6234871543365994,0.895
screen,saod_top3,contrast,5,common,pooled,0.722875,0.7589997353435348,0.81
screen,saod_top3,elastic_transform,1,common,pooled,0.567725,0.592618765555271,0.915
screen,saod_top3,elastic_transform,2,common,pooled,0.610075,0.6507278464313727,0.91
screen,saod_top3,elastic_transform,3,common,pooled,0.67595,0.7257053744533196,0.845
screen,saod_top3,elastic_transform,4,common,pooled,0.719275,0.7630597420524877,0.83
screen,saod_top3,elastic_transform,5,common,pooled,0.7727,0.8142505131035431,0.8
screen,saod_top3,pixelate,1,common,pooled,0.6475,0.679693165120194,0.915
screen,saod_top3,pixelate,2,common,pooled,0.72765,0.7590536004887395,0.8
screen,saod_top3,pixelate,3,common,pooled,0.943425,0.9523195332096376,0.335
screen,saod_top3,pixelate,4,common,pooled,0.990875,0.9925369109956114,0.02
screen,saod_top3,pixelate,5,common,pooled,0.99835,0.9984452927610266,0.005
screen,saod_top3,jpeg_compression,1,common,pooled,0.6584,0.6702147764579098,0.81
screen,saod_top3,jpeg_compression,2,common,pooled,0.712775,0.7220791458369917,0.76
screen,saod_top3,jpeg_compression,3,common,pooled,0.747875,0.7677913876490094,0.745
screen,saod_top3,jpeg_compression,4,common,pooled,0.84035,0.8591228112628504,0.55
screen,saod_top3,jpeg_compression,5,common,pooled,0.924925,0.9382859206253157,0.415
screen,saod_top3,speckle_noise,1,extra,pooled,0.562875,0.575478825209885,0.925
screen,saod_top3,speckle_noise,2,extra,pooled,0.595675,0.6049742217359091,0.895
screen,saod_top3,speckle_noise,3,extra,pooled,0.67545,0.6947921799503084,0.81
screen,saod_top3,speckle_noise,4,extra,pooled,0.718375,0.7377781256493517,0.76
screen,saod_top3,speckle_noise,5,extra,pooled,0.768275,0.787532625852184,0.73
screen,saod_top3,gaussian_blur,1,extra,pooled,0.54015,0.5406990306753925,0.925
screen,saod_top3,gaussian_blur,2,extra,pooled,0.576275,0.5814870018049465,0.92
screen,saod_top3,gaussian_blur,3,extra,pooled,0.63455,0.6492012002281125,0.83
screen,saod_top3,gaussian_blur,4,extra,pooled,0.690075,0.7048608565192869,0.785
screen,saod_top3,gaussian_blur,5,extra,pooled,0.8083,0.8269406786002564,0.595
screen,saod_top3,spatter,1,extra,pooled,0.50025,0.5038290442730571,0.935
screen,saod_top3,spatter,2,extra,pooled,0.6007,0.6349199023171985,0.92
screen,saod_top3,spatter,3,extra,pooled,0.618625,0.646636013377632,0.91
screen,saod_top3,spatter,4,extra,pooled,0.758425,0.7846808181182924,0.79
screen,saod_top3,spatter,5,extra,pooled,0.8686,0.891533168521137,0.635
screen,saod_top3,saturate,1,extra,pooled,0.5047125,0.513079113228958,0.94
screen,saod_top3,saturate,2,extra,pooled,0.5219375,0.5284135444324343,0.95
screen,saod_top3,saturate,3,extra,pooled,0.5060875,0.5120526802449418,0.935
screen,saod_top3,saturate,4,extra,pooled,0.52945,0.542846030007705,0.925
screen,saod_top3,saturate,5,extra,pooled,0.55335,0.5622105344421557,0.92
screen,saod_min,gaussian_noise,1,common,pooled,0.579725,0.5941593183338802,0.935
screen,saod_min,gaussian_noise,2,common,pooled,0.637275,0.6650045423697075,0.895
screen,saod_min,gaussian_noise,3,common,pooled,0.7387,0.7629441700051329,0.775
screen,saod_min,gaussian_noise,4,common,pooled,0.845675,0.863889012755363,0.58
screen,saod_min,gaussian_noise,5,common,pooled,0.93725,0.9447828186523072,0.305
screen,saod_min,shot_noise,1,common,pooled,0.5831,0.5995022726282763,0.935
screen,saod_min,shot_noise,2,common,pooled,0.65725,0.6809085089832905,0.885
screen,saod_min,shot_noise,3,common,pooled,0.74205,0.7648223104935228,0.835
screen,saod_min,shot_noise,4,common,pooled,0.8492,0.8692225912692132,0.575
screen,saod_min,shot_noise,5,common,pooled,0.913275,0.9246904139805769,0.38
screen,saod_min,impulse_noise,1,common,pooled,0.783025,0.8175723870545669,0.77
screen,saod_min,impulse_noise,2,common,pooled,0.82455,0.8504885751217468,0.655
screen,saod_min,impulse_noise,3,common,pooled,0.86225,0.8814005854772066,0.55
screen,saod_min,impulse_noise,4,common,pooled,0.8816,0.89679277541321,0.505
screen,saod_min,impulse_noise,5,common,pooled,0.937725,0.946676025022508,0.33
screen,saod_min,defocus_blur,1,common,pooled,0.588175,0.588057997981205,0.935
screen,saod_min,defocus_blur,2,common,pooled,0.6319,0.6399222667736278,0.885
screen,saod_min,defocus_blur,3,common,pooled,0.704825,0.720561660944717,0.795
screen,saod_min,defocus_blur,4,common,pooled,0.78315,0.8045620561211243,0.755
screen,saod_min,defocus_blur,5,common,pooled,0.843425,0.8602075384097152,0.57
screen,saod_min,glass_blur,1,common,pooled,0.626075,0.6437641873876101,0.92
screen,saod_min,glass_blur,2,common,pooled,0.700475,0.7234672443249986,0.855
screen,saod_min,glass_blur,3,common,pooled,0.905125,0.9199312033114594,0.37
screen,saod_min,glass_blur,4,common,pooled,0.92685,0.9394255266951662,0.33
screen,saod_min,glass_blur,5,common,pooled,0.945175,0.9548674194708016,0.315
screen,saod_min,motion_blur,1,common,pooled,0.57945,0.5958349535642893,0.945
screen,saod_min,motion_blur,2,common,pooled,0.653075,0.6647486646626148,0.935
screen,saod_min,motion_blur,3,common,pooled,0.751825,0.7672141080462719,0.79
screen,saod_min,motion_blur,4,common,pooled,0.846475,0.862941114515483,0.55
screen,saod_min,motion_blur,5,common,pooled,0.889675,0.9043681659522477,0.55
screen,saod_min,zoom_blur,1,common,pooled,0.7383,0.7573949803162954,0.69
screen,saod_min,zoom_blur,2,common,pooled,0.8071,0.8211471668774467,0.605
screen,saod_min,zoom_blur,3,common,pooled,0.839575,0.8486524436577819,0.565
screen,saod_min,zoom_blur,4,common,pooled,0.876425,0.8843703901074358,0.535
screen,saod_min,zoom_blur,5,common,pooled,0.89035,0.8958065333044294,0.48
screen,saod_min,snow,1,common,pooled,0.6275,0.649242903230021,0.92
screen,saod_min,snow,2,common,pooled,0.688675,0.7125206316442321,0.86
screen,saod_min,snow,3,common,pooled,0.7245,0.7541488056030073,0.845
screen,saod_min,snow,4,common,pooled,0.789975,0.8150667565954963,0.69
screen,saod_min,snow,5,common,pooled,0.750925,0.7823914772281451,0.795
screen,saod_min,frost,1,common,pooled,0.547975,0.5795674899210228,0.95
screen,saod_min,frost,2,common,pooled,0.597375,0.6358357111270563,0.94
screen,saod_min,frost,3,common,pooled,0.636025,0.6674719613301509,0.92
screen,saod_min,frost,4,common,pooled,0.656225,0.6871414425287914,0.865
screen,saod_min,frost,5,common,pooled,0.67335,0.7034224389655417,0.88
screen,saod_min,fog,1,common,pooled,0.511375,0.5260471205987302,0.95
screen,saod_min,fog,2,common,pooled,0.516325,0.5255619408267191,0.95
screen,saod_min,fog,3,common,pooled,0.5188,0.5302717277158348,0.95
screen,saod_min,fog,4,common,pooled,0.526,0.5442629048908152,0.95
screen,saod_min,fog,5,common,pooled,0.533475,0.5458441450194743,0.945
screen,saod_min,brightness,1,common,pooled,0.508625,0.5149358608952835,0.95
screen,saod_min,brightness,2,common,pooled,0.52705,0.5343511989062719,0.955
screen,saod_min,brightness,3,common,pooled,0.532725,0.5462968457678763,0.955
screen,saod_min,brightness,4,common,pooled,0.541875,0.5624985706946866,0.95
screen,saod_min,brightness,5,common,pooled,0.5615125,0.5793082909835596,0.94
screen,saod_min,contrast,1,common,pooled,0.5169875,0.5279068642084243,0.95
screen,saod_min,contrast,2,common,pooled,0.524625,0.5434503288514798,0.95
screen,saod_min,contrast,3,common,pooled,0.540925,0.5642185595849822,0.95
screen,saod_min,contrast,4,common,pooled,0.610925,0.647909835617053,0.935
screen,saod_min,contrast,5,common,pooled,0.74515,0.780461526488653,0.815
screen,saod_min,elastic_transform,1,common,pooled,0.593,0.6168244026681019,0.935
screen,saod_min,elastic_transform,2,common,pooled,0.6458,0.6738191884039533,0.915
screen,saod_min,elastic_transform,3,common,pooled,0.713175,0.7539484598368295,0.86
screen,saod_min,elastic_transform,4,common,pooled,0.76285,0.7978015645814514,0.775
screen,saod_min,elastic_transform,5,common,pooled,0.8111,0.8445116039971725,0.715
screen,saod_min,pixelate,1,common,pooled,0.6636,0.6985674509148849,0.88
screen,saod_min,pixelate,2,common,pooled,0.740325,0.7805588036255637,0.91
screen,saod_min,pixelate,3,common,pooled,0.95335,0.9619985015371233,0.305
screen,saod_min,pixelate,4,common,pooled,0.991175,0.9921314361080411,0.055
screen,saod_min,pixelate,5,common,pooled,0.99825,0.9983617802553222,0.0
screen,saod_min,jpeg_compression,1,common,pooled,0.719525,0.7331805638289312,0.775
screen,saod_min,jpeg_compression,2,common,pooled,0.788375,0.8049225717543038,0.68
screen,saod_min,jpeg_compression,3,common,pooled,0.8166,0.8330542355365682,0.585
screen,saod_min,jpeg_compression,4,common,pooled,0.891325,0.9053641110057787,0.535
screen,saod_min,jpeg_compression,5,common,pooled,0.95665,0.9621739902114231,0.29
screen,saod_min,speckle_noise,1,extra,pooled,0.56885,0.5905826961104979,0.94
screen,saod_min,speckle_noise,2,extra,pooled,0.604875,0.6308831283715373,0.935
screen,saod_min,speckle_noise,3,extra,pooled,0.72075,0.7474589685841995,0.79
screen,saod_min,speckle_noise,4,extra,pooled,0.762425,0.7905942334549874,0.755
screen,saod_min,speckle_noise,5,extra,pooled,0.821325,0.8416377586474102,0.645
screen,saod_min,gaussian_blur,1,extra,pooled,0.559225,0.5530207330334926,0.935
screen,saod_min,gaussian_blur,2,extra,pooled,0.614125,0.6158073114793059,0.93
screen,saod_min,gaussian_blur,3,extra,pooled,0.6809,0.693935515461805,0.85
screen,saod_min,gaussian_blur,4,extra,pooled,0.75975,0.7791955439447866,0.77
screen,saod_min,gaussian_blur,5,extra,pooled,0.8729,0.8909248211778036,0.575
screen,saod_min,spatter,1,extra,pooled,0.515875,0.5162424641172734,0.945
screen,saod_min,spatter,2,extra,pooled,0.640475,0.6685350490056353,0.925
screen,saod_min,spatter,3,extra,pooled,0.6626,0.6953105266392715,0.91
screen,saod_min,spatter,4,extra,pooled,0.806125,0.8388523109312476,0.8
screen,saod_min,spatter,5,extra,pooled,0.8957,0.9175578918552758,0.545
screen,saod_min,saturate,1,extra,pooled,0.5048375,0.511649568388295,0.95
screen,saod_min,saturate,2,extra,pooled,0.5126375,0.5366854949246653,0.95
screen,saod_min,saturate,3,extra,pooled,0.5044875,0.5146664104884937,0.945
screen,saod_min,saturate,4,extra,pooled,0.540275,0.55080495596368,0.935
screen,saod_min,saturate,5,extra,pooled,0.583825,0.5910065836258152,0.92
screen,knn,gaussian_noise,1,common,pooled,0.6297,0.6200324028450475,0.795
screen,knn,gaussian_noise,2,common,pooled,0.69685,0.6768718442610451,0.74
screen,knn,gaussian_noise,3,common,pooled,0.7804,0.7592885780613223,0.595
screen,knn,gaussian_noise,4,common,pooled,0.850425,0.8318243866534882,0.485
screen,knn,gaussian_noise,5,common,pooled,0.86475,0.8477259296334054,0.555
screen,knn,shot_noise,1,common,pooled,0.63165,0.6179097223325939,0.825
screen,knn,shot_noise,2,common,pooled,0.70935,0.6912152676089284,0.74
screen,knn,shot_noise,3,common,pooled,0.7893,0.7721421270008774,0.58
screen,knn,shot_noise,4,common,pooled,0.8586,0.8484382160341144,0.535
screen,knn,shot_noise,5,common,pooled,0.872875,0.8661952781525022,0.58
screen,knn,impulse_noise,1,common,pooled,0.943075,0.9412834202284611,0.255
screen,knn,impulse_noise,2,common,pooled,0.965975,0.9630121533138073,0.155
screen,knn,impulse_noise,3,common,pooled,0.958275,0.9551102822523823,0.18
screen,knn,impulse_noise,4,common,pooled,0.90415,0.9020741968432617,0.37
screen,knn,impulse_noise,5,common,pooled,0.8765,0.8731664123316109,0.63
screen,knn,defocus_blur,1,common,pooled,0.62745,0.5878490254119055,0.77
screen,knn,defocus_blur,2,common,pooled,0.700425,0.6595734747939596,0.67
screen,knn,defocus_blur,3,common,pooled,0.77385,0.7394904081959988,0.61
screen,knn,defocus_blur,4,common,pooled,0.8389,0.8078414725920426,0.455
screen,knn,defocus_blur,5,common,pooled,0.885,0.8569250448722442,0.355
screen,knn,glass_blur,1,common,pooled,0.6167,0.5988569992567875,0.825
screen,knn,glass_blur,2,common,pooled,0.70365,0.6908372737625699,0.755
screen,knn,glass_blur,3,common,pooled,0.811,0.8309031408768623,0.77
screen,knn,glass_blur,4,common,pooled,0.821975,0.8410143383664694,0.785
screen,knn,glass_blur,5,common,pooled,0.861925,0.8743523848692811,0.74
screen,knn,motion_blur,1,common,pooled,0.5936,0.5790587493259018,0.825
screen,knn,motion_blur,2,common,pooled,0.6864,0.6663893059395569,0.775
screen,knn,motion_blur,3,common,pooled,0.802025,0.777963080403193,0.57
screen,knn,motion_blur,4,common,pooled,0.8779,0.8485542518664204,0.41
screen,knn,motion_blur,5,common,pooled,0.900925,0.8770357978793153,0.285
screen,knn,zoom_blur,1,common,pooled,0.785975,0.7500446385872928,0.615
screen,knn,zoom_blur,2,common,pooled,0.85375,0.827489995188768,0.445
screen,knn,zoom_blur,3,common,pooled,0.8641,0.8441208948822359,0.455
screen,knn,zoom_blur,4,common,pooled,0.89545,0.8787694711560392,0.37
screen,knn,zoom_blur,5,common,pooled,0.893175,0.8774888120483049,0.435
screen,knn,snow,1,common,pooled,0.76565,0.7673241871683044,0.73
screen,knn,snow,2,common,pooled,0.777275,0.7735318319160311,0.74
screen,knn,snow,3,common,pooled,0.84565,0.8501012299802476,0.545
screen,knn,snow,4,common,pooled,0.880875,0.880896505492691,0.46
screen,knn,snow,5,common,pooled,0.83105,0.8169638212335818,0.58
screen,knn,frost,1,common,pooled,0.610375,0.5789538478172502,0.8
screen,knn,frost,2,common,pooled,0.689775,0.6578641803621506,0.755
screen,knn,frost,3,common,pooled,0.738925,0.7091758069604968,0.67
screen,knn,frost,4,common,pooled,0.744275,0.7213631721730178,0.67
screen,knn,frost,5,common,pooled,0.770425,0.741604832018147,0.625
screen,knn,fog,1,common,pooled,0.520625,0.521217633276174,0.95
screen,knn,fog,2,common,pooled,0.53625,0.5297835014503455,0.93
screen,knn,fog,3,common,pooled,0.544825,0.5422912265622697,0.93
screen,knn,fog,4,common,pooled,0.553075,0.5503927756027198,0.91
screen,knn,fog,5,common,pooled,0.60285,0.5755977705901584,0.81
screen,knn,brightness,1,common,pooled,0.505525,0.511285206759782,0.945
screen,knn,brightness,2,common,pooled,0.5239,0.5236986848896271,0.92
screen,knn,brightness,3,common,pooled,0.5481,0.5454867710584714,0.895
screen,knn,brightness,4,common,pooled,0.574475,0.5692789483312821,0.87
screen,knn,brightness,5,common,pooled,0.60565,0.5986460268718143,0.825
screen,knn,contrast,1,common,pooled,0.536725,0.5320411907558608,0.94
screen,knn,contrast,2,common,pooled,0.5584,0.5522608471109867,0.91
screen,knn,contrast,3,common,pooled,0.60035,0.5868944388706276,0.83
screen,knn,contrast,4,common,pooled,0.701425,0.6755360159498252,0.745
screen,knn,contrast,5,common,pooled,0.806675,0.7738861814474678,0.575
screen,knn,elastic_transform,1,common,pooled,0.622,0.6339886150603357,0.91
screen,knn,elastic_transform,2,common,pooled,0.690175,0.7165817000869716,0.86
screen,knn,elastic_transform,3,common,pooled,0.7683,0.8007553877245381,0.825
screen,knn,elastic_transform,4,common,pooled,0.828475,0.856923356497661,0.795
screen,knn,elastic_transform,5,common,pooled,0.89035,0.9092555749464245,0.595
screen,knn,pixelate,1,common,pooled,0.666075,0.669052000186716,0.77
screen,knn,pixelate,2,common,pooled,0.72905,0.7355453638680092,0.73
screen,knn,pixelate,3,common,pooled,0.844375,0.8474943737574853,0.555
screen,knn,pixelate,4,common,pooled,0.883325,0.8673499327839457,0.42
screen,knn,pixelate,5,common,pooled,0.890025,0.8612734048814735,0.39
screen,knn,jpeg_compression,1,common,pooled,0.752175,0.7256611828141999,0.665
screen,knn,jpeg_compression,2,common,pooled,0.8383,0.8260125718347842,0.535
screen,knn,jpeg_compression,3,common,pooled,0.8692,0.8563804531134913,0.485
screen,knn,jpeg_compression,4,common,pooled,0.938925,0.9334145227314982,0.265
screen,knn,jpeg_compression,5,common,pooled,0.967875,0.9671472848830762,0.18
screen,knn,speckle_noise,1,extra,pooled,0.60215,0.5874852514026984,0.84
screen,knn,speckle_noise,2,extra,pooled,0.64405,0.627519991656238,0.795
screen,knn,speckle_noise,3,extra,pooled,0.765225,0.7466227658505009,0.67
screen,knn,speckle_noise,4,extra,pooled,0.8095,0.7965796093463593,0.62
screen,knn,speckle_noise,5,extra,pooled,0.84965,0.839374710033209,0.55
screen,knn,gaussian_blur,1,extra,pooled,0.552825,0.5342839375328674,0.855
screen,knn,gaussian_blur,2,extra,pooled,0.6834,0.6407908547688044,0.68
screen,knn,gaussian_blur,3,extra,pooled,0.7727,0.7394572394303599,0.595
screen,knn,gaussian_blur,4,extra,pooled,0.835025,0.8079526248040307,0.525
screen,knn,gaussian_blur,5,extra,pooled,0.917675,0.8919251367869369,0.28
screen,knn,spatter,1,extra,pooled,0.62715,0.6262249177511083,0.825
screen,knn,spatter,2,extra,pooled,0.9043,0.9140892494492403,0.44
screen,knn,spatter,3,extra,pooled,0.88905,0.8932299618663424,0.46
screen,knn,spatter,4,extra,pooled,0.993225,0.9933817797061235,0.03
screen,knn,spatter,5,extra,pooled,0.996475,0.9965024209630036,0.01
screen,knn,saturate,1,extra,pooled,0.4981875,0.5042370252248689,0.95
screen,knn,saturate,2,extra,pooled,0.5139875,0.5141154935395628,0.935
screen,knn,saturate,3,extra,pooled,0.5112125,0.5097785027538603,0.945
screen,knn,saturate,4,extra,pooled,0.59335,0.5818976138906199,0.845
screen,knn,saturate,5,extra,pooled,0.671975,0.6571616234293374,0.765
screen,discopatch,gaussian_noise,1,common,pooled,0.8777,0.8767430773635104,0.455
screen,discopatch,gaussian_noise,2,common,pooled,0.95445,0.9523648048125818,0.21
screen,discopatch,gaussian_noise,3,common,pooled,0.9901,0.9893018806378,0.05
screen,discopatch,gaussian_noise,4,common,pooled,0.99865,0.9986330847268257,0.02
screen,discopatch,gaussian_noise,5,common,pooled,1.0,1.0,0.0
screen,discopatch,shot_noise,1,common,pooled,0.870675,0.8634346866338409,0.43
screen,discopatch,shot_noise,2,common,pooled,0.945125,0.9412897466485369,0.23
screen,discopatch,shot_noise,3,common,pooled,0.9779,0.9763005814088351,0.095
screen,discopatch,shot_noise,4,common,pooled,0.991525,0.9912373325507887,0.05
screen,discopatch,shot_noise,5,common,pooled,0.99445,0.9944155686734897,0.03
screen,discopatch,impulse_noise,1,common,pooled,0.92425,0.9168552346867241,0.275
screen,discopatch,impulse_noise,2,common,pooled,0.982175,0.9807374142754859,0.085
screen,discopatch,impulse_noise,3,common,pooled,0.994125,0.9936967168111561,0.025
screen,discopatch,impulse_noise,4,common,pooled,1.0,1.0,0.0
screen,discopatch,impulse_noise,5,common,pooled,1.0,1.0,0.0
screen,discopatch,defocus_blur,1,common,pooled,0.652325,0.6256343594876579,0.8
screen,discopatch,defocus_blur,2,common,pooled,0.715375,0.6783997847774954,0.71
screen,discopatch,defocus_blur,3,common,pooled,0.782225,0.7384393021567863,0.575
screen,discopatch,defocus_blur,4,common,pooled,0.80975,0.7629501864305476,0.49
screen,discopatch,defocus_blur,5,common,pooled,0.827175,0.7799799932199276,0.46
screen,discopatch,glass_blur,1,common,pooled,0.672825,0.6406153757122205,0.775
screen,discopatch,glass_blur,2,common,pooled,0.76655,0.7328192841558203,0.69
screen,discopatch,glass_blur,3,common,pooled,0.87815,0.8515214172515195,0.395
screen,discopatch,glass_blur,4,common,pooled,0.905025,0.8851623602067278,0.31
screen,discopatch,glass_blur,5,common,pooled,0.929275,0.915607029654919,0.245
screen,discopatch,motion_blur,1,common,pooled,0.57935,0.5672159646451028,0.9
screen,discopatch,motion_blur,2,common,pooled,0.65605,0.6286730546100072,0.79
screen,discopatch,motion_blur,3,common,pooled,0.732425,0.6934084529822031,0.7
screen,discopatch,motion_blur,4,common,pooled,0.781375,0.7406054977353702,0.67
screen,discopatch,motion_blur,5,common,pooled,0.8139,0.7730631837352202,0.55
screen,discopatch,zoom_blur,1,common,pooled,0.7375,0.6999560832964997,0.695
screen,discopatch,zoom_blur,2,common,pooled,0.777025,0.7369558348056382,0.57
screen,discopatch,zoom_blur,3,common,pooled,0.8083,0.7689861458603893,0.49
screen,discopatch,zoom_blur,4,common,pooled,0.824525,0.7843331882952467,0.495
screen,discopatch,zoom_blur,5,common,pooled,0.8414,0.8054297267356836,0.445
screen,discopatch,snow,1,common,pooled,0.7517,0.6934557744305101,0.6
screen,discopatch,snow,2,common,pooled,0.84095,0.7962629187818002,0.42
screen,discopatch,snow,3,common,pooled,0.833975,0.7748063569847184,0.405
screen,discopatch,snow,4,common,pooled,0.8612,0.7991056875544156,0.33
screen,discopatch,snow,5,common,pooled,0.8339,0.7682651215452169,0.39
screen,discopatch,frost,1,common,pooled,0.66285,0.6200767113554315,0.745
screen,discopatch,frost,2,common,pooled,0.777625,0.7334318766056828,0.565
screen,discopatch,frost,3,common,pooled,0.8256,0.7807196647334471,0.475
screen,discopatch,frost,4,common,pooled,0.8441,0.8052762722376314,0.45
screen,discopatch,frost,5,common,pooled,0.873525,0.8337688832496168,0.355
screen,discopatch,fog,1,common,pooled,0.59705,0.5878524814159485,0.88
screen,discopatch,fog,2,common,pooled,0.644775,0.629588851987946,0.84
screen,discopatch,fog,3,common,pooled,0.7041,0.6868628271532004,0.76
screen,discopatch,fog,4,common,pooled,0.7535,0.7303104806859974,0.705
screen,discopatch,fog,5,common,pooled,0.833625,0.8187472262497137,0.485
screen,discopatch,brightness,1,common,pooled,0.49125,0.49589043823820494,0.95
screen,discopatch,brightness,2,common,pooled,0.494075,0.4923430372037044,0.92
screen,discopatch,brightness,3,common,pooled,0.5032,0.49252931606761285,0.875
screen,discopatch,brightness,4,common,pooled,0.51335,0.4924013241449482,0.86
screen,discopatch,brightness,5,common,pooled,0.51915,0.490926661613966,0.815
screen,discopatch,contrast,1,common,pooled,0.548025,0.5236573122784554,0.88
screen,discopatch,contrast,2,common,pooled,0.5707,0.5385163909995854,0.85
screen,discopatch,contrast,3,common,pooled,0.606975,0.5641183738486629,0.82
screen,discopatch,contrast,4,common,pooled,0.685475,0.6260742450401471,0.68
screen,discopatch,contrast,5,common,pooled,0.763875,0.7090838377737247,0.535
screen,discopatch,elastic_transform,1,common,pooled,0.61035,0.5845623190768559,0.81
screen,discopatch,elastic_transform,2,common,pooled,0.639,0.6033616477691938,0.76
screen,discopatch,elastic_transform,3,common,pooled,0.6734,0.6295240250387184,0.72
screen,discopatch,elastic_transform,4,common,pooled,0.694875,0.6422032073313116,0.69
screen,discopatch,elastic_transform,5,common,pooled,0.715175,0.6576094550514371,0.65
screen,discopatch,pixelate,1,common,pooled,0.547,0.5407306992710175,0.9
screen,discopatch,pixelate,2,common,pooled,0.555375,0.5477453788642735,0.9
screen,discopatch,pixelate,3,common,pooled,0.640475,0.6095597649601335,0.79
screen,discopatch,pixelate,4,common,pooled,0.712325,0.674424433418852,0.72
screen,discopatch,pixelate,5,common,pooled,0.7468,0.7052044633889878,0.67
screen,discopatch,jpeg_compression,1,common,pooled,0.630275,0.5782239835774332,0.76
screen,discopatch,jpeg_compression,2,common,pooled,0.639925,0.575701374393619,0.75
screen,discopatch,jpeg_compression,3,common,pooled,0.645225,0.5737327454054971,0.735
screen,discopatch,jpeg_compression,4,common,pooled,0.633075,0.5554787369244436,0.71
screen,discopatch,jpeg_compression,5,common,pooled,0.594375,0.5232397131669654,0.71
screen,discopatch,speckle_noise,1,extra,pooled,0.8045,0.7898858312677817,0.57
screen,discopatch,speckle_noise,2,extra,pooled,0.862125,0.84618200592244,0.42
screen,discopatch,speckle_noise,3,extra,pooled,0.942075,0.9337339324037943,0.22
screen,discopatch,speckle_noise,4,extra,pooled,0.961925,0.9568806894812404,0.165
screen,discopatch,speckle_noise,5,extra,pooled,0.975325,0.9724545669809592,0.115
screen,discopatch,gaussian_blur,1,extra,pooled,0.555325,0.5472151856658346,0.915
screen,discopatch,gaussian_blur,2,extra,pooled,0.703025,0.6689066636107356,0.74
screen,discopatch,gaussian_blur,3,extra,pooled,0.786875,0.7449261893146996,0.565
screen,discopatch,gaussian_blur,4,extra,pooled,0.823625,0.7796683685970403,0.465
screen,discopatch,gaussian_blur,5,extra,pooled,0.84775,0.8014714823270384,0.41
screen,discopatch,spatter,1,extra,pooled,0.5225,0.5186612393641014,0.92
screen,discopatch,spatter,2,extra,pooled,0.677175,0.6211070089789759,0.73
screen,discopatch,spatter,3,extra,pooled,0.806725,0.759760642343614,0.465
screen,discopatch,spatter,4,extra,pooled,0.8219,0.771473407117174,0.415
screen,discopatch,spatter,5,extra,pooled,0.882725,0.8373623995667181,0.265
screen,discopatch,saturate,1,extra,pooled,0.6545125,0.6259330111810559,0.76
screen,discopatch,saturate,2,extra,pooled,0.7646875,0.7312021074978728,0.585
screen,discopatch,saturate,3,extra,pooled,0.4664625,0.47819227986469187,0.955
screen,discopatch,saturate,4,extra,pooled,0.517375,0.49523282345316855,0.88
screen,discopatch,saturate,5,extra,pooled,0.5647,0.521512936260029,0.78
screen,cdf,gaussian_noise,1,common,pooled,0.839675,0.7763039443300128,0.415
screen,cdf,gaussian_noise,2,common,pooled,0.9311,0.8954549066382049,0.18
screen,cdf,gaussian_noise,3,common,pooled,0.98195,0.9753013792159007,0.085
screen,cdf,gaussian_noise,4,common,pooled,0.997325,0.9970889664319145,0.015
screen,cdf,gaussian_noise,5,common,pooled,0.999875,0.9998743655140563,0.0
screen,cdf,shot_noise,1,common,pooled,0.826325,0.7629249975150432,0.455
screen,cdf,shot_noise,2,common,pooled,0.9323,0.9022442114906202,0.19
screen,cdf,shot_noise,3,common,pooled,0.980775,0.9742244032058722,0.085
screen,cdf,shot_noise,4,common,pooled,0.9985,0.9983995459881756,0.005
screen,cdf,shot_noise,5,common,pooled,0.999775,0.999771534352706,0.0
screen,cdf,impulse_noise,1,common,pooled,0.998225,0.9981550363821843,0.005
screen,cdf,impulse_noise,2,common,pooled,0.99925,0.9992335537036102,0.005
screen,cdf,impulse_noise,3,common,pooled,0.999275,0.9992434865994568,0.005
screen,cdf,impulse_noise,4,common,pooled,0.9994,0.9993659076189951,0.005
screen,cdf,impulse_noise,5,common,pooled,0.999975,0.9999751243781094,0.0
screen,cdf,defocus_blur,1,common,pooled,0.75535,0.7007568344376482,0.595
screen,cdf,defocus_blur,2,common,pooled,0.834375,0.7769141487925629,0.46
screen,cdf,defocus_blur,3,common,pooled,0.9073,0.8638778726299355,0.22
screen,cdf,defocus_blur,4,common,pooled,0.941025,0.9140201803538373,0.165
screen,cdf,defocus_blur,5,common,pooled,0.9624,0.9444288228411541,0.105
screen,cdf,glass_blur,1,common,pooled,0.67415,0.6287773034600093,0.74
screen,cdf,glass_blur,2,common,pooled,0.766175,0.7064791150592641,0.58
screen,cdf,glass_blur,3,common,pooled,0.8657,0.8026550927483084,0.31
screen,cdf,glass_blur,4,common,pooled,0.89155,0.8350286178649231,0.26
screen,cdf,glass_blur,5,common,pooled,0.9318,0.8936451280945625,0.165
screen,cdf,motion_blur,1,common,pooled,0.725525,0.6721660408655333,0.65
screen,cdf,motion_blur,2,common,pooled,0.82825,0.7748295047428913,0.455
screen,cdf,motion_blur,3,common,pooled,0.900925,0.8621647936906254,0.26
screen,cdf,motion_blur,4,common,pooled,0.9462,0.9229601460321232,0.165
screen,cdf,motion_blur,5,common,pooled,0.962575,0.9460850465877906,0.11
screen,cdf,zoom_blur,1,common,pooled,0.759925,0.7096293696507177,0.585
screen,cdf,zoom_blur,2,common,pooled,0.8231,0.7691267569775918,0.48
screen,cdf,zoom_blur,3,common,pooled,0.78905,0.7397967324183754,0.57
screen,cdf,zoom_blur,4,common,pooled,0.8267,0.7752903995051176,0.485
screen,cdf,zoom_blur,5,common,pooled,0.801525,0.7527456046346572,0.545
screen,cdf,snow,1,common,pooled,0.8759,0.8371482086261047,0.31
screen,cdf,snow,2,common,pooled,0.943125,0.9232468983826336,0.18
screen,cdf,snow,3,common,pooled,0.9448,0.923761547237566,0.165
screen,cdf,snow,4,common,pooled,0.96095,0.9457460081151373,0.115
screen,cdf,snow,5,common,pooled,0.953575,0.9366906808438739,0.14
screen,cdf,frost,1,common,pooled,0.584625,0.5565450162142414,0.8
screen,cdf,frost,2,common,pooled,0.6923,0.625484051474553,0.665
screen,cdf,frost,3,common,pooled,0.754325,0.6727263409149171,0.57
screen,cdf,frost,4,common,pooled,0.76915,0.6851930818800931,0.57
screen,cdf,frost,5,common,pooled,0.789125,0.702545903144042,0.53
screen,cdf,fog,1,common,pooled,0.6238,0.5772942191479262,0.79
screen,cdf,fog,2,common,pooled,0.662,0.6059585153288869,0.75
screen,cdf,fog,3,common,pooled,0.688175,0.6313301950653712,0.71
screen,cdf,fog,4,common,pooled,0.682825,0.6291181389168399,0.75
screen,cdf,fog,5,common,pooled,0.6984,0.6376785344049467,0.65
screen,cdf,brightness,1,common,pooled,0.51315,0.5216522869785509,0.935
screen,cdf,brightness,2,common,pooled,0.5646,0.5579246291565446,0.89
screen,cdf,brightness,3,common,pooled,0.6264,0.6033664930755962,0.795
screen,cdf,brightness,4,common,pooled,0.69225,0.6542538788565638,0.69
screen,cdf,brightness,5,common,pooled,0.7517,0.7066391242228152,0.585
screen,cdf,contrast,1,common,pooled,0.709875,0.6728295716476616,0.705
screen,cdf,contrast,2,common,pooled,0.775525,0.7353495473779286,0.585
screen,cdf,contrast,3,common,pooled,0.85335,0.8169799078369386,0.445
screen,cdf,contrast,4,common,pooled,0.9392,0.9214433582714817,0.195
screen,cdf,contrast,5,common,pooled,0.9838,0.979829122952401,0.065
screen,cdf,elastic_transform,1,common,pooled,0.548975,0.5348284953110392,0.93
screen,cdf,elastic_transform,2,common,pooled,0.583925,0.5560580294050015,0.875
screen,cdf,elastic_transform,3,common,pooled,0.64515,0.6009417885646182,0.77
screen,cdf,elastic_transform,4,common,pooled,0.6962,0.6415281096460028,0.69
screen,cdf,elastic_transform,5,common,pooled,0.7596,0.6964176814275616,0.585
screen,cdf,pixelate,1,common,pooled,0.70585,0.6547356065159013,0.64
screen,cdf,pixelate,2,common,pooled,0.76535,0.7051949806721497,0.57
screen,cdf,pixelate,3,common,pooled,0.91445,0.8819723561088958,0.24
screen,cdf,pixelate,4,common,pooled,0.966975,0.9564828277073492,0.115
screen,cdf,pixelate,5,common,pooled,0.98685,0.9837575530745133,0.05
screen,cdf,jpeg_compression,1,common,pooled,0.799825,0.7275959530377809,0.52
screen,cdf,jpeg_compression,2,common,pooled,0.88505,0.8321296317383102,0.31
screen,cdf,jpeg_compression,3,common,pooled,0.915725,0.8743377083611124,0.215
screen,cdf,jpeg_compression,4,common,pooled,0.964275,0.9485740477844625,0.125
screen,cdf,jpeg_compression,5,common,pooled,0.98335,0.9759447201795423,0.07
screen,cdf,speckle_noise,1,extra,pooled,0.733875,0.6790659048314459,0.59
screen,cdf,speckle_noise,2,extra,pooled,0.8185,0.766148071954527,0.475
screen,cdf,speckle_noise,3,extra,pooled,0.947725,0.9305101279840817,0.165
screen,cdf,speckle_noise,4,extra,pooled,0.977775,0.972080808503505,0.075
screen,cdf,speckle_noise,5,extra,pooled,0.993175,0.9921232764185212,0.035
screen,cdf,gaussian_blur,1,extra,pooled,0.653175,0.6141748422102848,0.8
screen,cdf,gaussian_blur,2,extra,pooled,0.823175,0.7624369153427786,0.47
screen,cdf,gaussian_blur,3,extra,pooled,0.907725,0.8647759623158056,0.23
screen,cdf,gaussian_blur,4,extra,pooled,0.9467,0.9210740526768944,0.15
screen,cdf,gaussian_blur,5,extra,pooled,0.9812,0.9722068032463924,0.06
screen,cdf,spatter,1,extra,pooled,0.510625,0.5097038883093059,0.93
screen,cdf,spatter,2,extra,pooled,0.824275,0.7872963608251788,0.49
screen,cdf,spatter,3,extra,pooled,0.916425,0.8927669125477014,0.24
screen,cdf,spatter,4,extra,pooled,0.983775,0.9812042928504867,0.075
screen,cdf,spatter,5,extra,pooled,0.996375,0.9960593857791682,0.02
screen,cdf,saturate,1,extra,pooled,0.5085375,0.5080493693946895,0.935
screen,cdf,saturate,2,extra,pooled,0.5603625,0.5405194197972596,0.885
screen,cdf,saturate,3,extra,pooled,0.5715375,0.55403407974928,0.895
screen,cdf,saturate,4,extra,pooled,0.7429,0.6937731718058145,0.61
screen,cdf,saturate,5,extra,pooled,0.8371,0.7913185381585008,0.475
screen,cdf_sum,gaussian_noise,1,common,pooled,0.767175,0.7132552369827198,0.585
screen,cdf_sum,gaussian_noise,2,common,pooled,0.8812,0.8382941139701338,0.335
screen,cdf_sum,gaussian_noise,3,common,pooled,0.96075,0.945232072335753,0.13
screen,cdf_sum,gaussian_noise,4,common,pooled,0.9922,0.9909883671816235,0.03
screen,cdf_sum,gaussian_noise,5,common,pooled,0.99955,0.9995520353636174,0.0
screen,cdf_sum,shot_noise,1,common,pooled,0.756025,0.7026407850927792,0.585
screen,cdf_sum,shot_noise,2,common,pooled,0.885725,0.8409573342779719,0.32
screen,cdf_sum,shot_noise,3,common,pooled,0.96085,0.9462505489362439,0.125
screen,cdf_sum,shot_noise,4,common,pooled,0.995125,0.9946242695488644,0.025
screen,cdf_sum,shot_noise,5,common,pooled,0.999475,0.9994703568608252,0.005
screen,cdf_sum,impulse_noise,1,common,pooled,0.997975,0.997964173344144,0.02
screen,cdf_sum,impulse_noise,2,common,pooled,0.999175,0.999176069169557,0.005
screen,cdf_sum,impulse_noise,3,common,pooled,0.99915,0.9991419232578584,0.005
screen,cdf_sum,impulse_noise,4,common,pooled,0.99875,0.9987090713232115,0.005
screen,cdf_sum,impulse_noise,5,common,pooled,0.9999,0.9998997462247162,0.0
screen,cdf_sum,defocus_blur,1,common,pooled,0.7303,0.680091143834247,0.675
screen,cdf_sum,defocus_blur,2,common,pooled,0.8122,0.7582869057895888,0.515
screen,cdf_sum,defocus_blur,3,common,pooled,0.8957,0.8539120145984822,0.295
screen,cdf_sum,defocus_blur,4,common,pooled,0.938325,0.9109767431397903,0.19
screen,cdf_sum,defocus_blur,5,common,pooled,0.964125,0.9501534303927216,0.115
screen,cdf_sum,glass_blur,1,common,pooled,0.664675,0.6247014079127116,0.76
screen,cdf_sum,glass_blur,2,common,pooled,0.75865,0.704420666958348,0.6
screen,cdf_sum,glass_blur,3,common,pooled,0.877675,0.8244751441456831,0.365
screen,cdf_sum,glass_blur,4,common,pooled,0.90325,0.8585288653031382,0.295
screen,cdf_sum,glass_blur,5,common,pooled,0.94005,0.9094621971592274,0.185
screen,cdf_sum,motion_blur,1,common,pooled,0.707825,0.6584875612821462,0.745
screen,cdf_sum,motion_blur,2,common,pooled,0.818825,0.7681613244770276,0.445
screen,cdf_sum,motion_blur,3,common,pooled,0.90595,0.8721264424640878,0.28
screen,cdf_sum,motion_blur,4,common,pooled,0.95815,0.9420214020642375,0.12
screen,cdf_sum,motion_blur,5,common,pooled,0.974175,0.9651819104041549,0.08
screen,cdf_sum,zoom_blur,1,common,pooled,0.7723,0.7276357521560453,0.585
screen,cdf_sum,zoom_blur,2,common,pooled,0.844875,0.801382915594512,0.435
screen,cdf_sum,zoom_blur,3,common,pooled,0.8174,0.77327136353412,0.495
screen,cdf_sum,zoom_blur,4,common,pooled,0.860425,0.8199196594754141,0.385
screen,cdf_sum,zoom_blur,5,common,pooled,0.83635,0.7905563614441644,0.42
screen,cdf_sum,snow,1,common,pooled,0.860725,0.8425677538801041,0.45
screen,cdf_sum,snow,2,common,pooled,0.92,0.9039494620379698,0.27
screen,cdf_sum,snow,3,common,pooled,0.932625,0.921554571420506,0.24
screen,cdf_sum,snow,4,common,pooled,0.9491,0.9386394377743614,0.195
screen,cdf_sum,snow,5,common,pooled,0.932825,0.9196683073509526,0.24
screen,cdf_sum,frost,1,common,pooled,0.553725,0.5367359189488441,0.885
screen,cdf_sum,frost,2,common,pooled,0.656375,0.6088081945811392,0.76
screen,cdf_sum,frost,3,common,pooled,0.71525,0.6509453485035985,0.68
screen,cdf_sum,frost,4,common,pooled,0.7313,0.6655175762127451,0.685
screen,cdf_sum,frost,5,common,pooled,0.7503,0.6810371356751904,0.625
screen,cdf_sum,fog,1,common,pooled,0.580775,0.5500245898760807,0.89
screen,cdf_sum,fog,2,common,pooled,0.605975,0.5683740411748606,0.875
screen,cdf_sum,fog,3,common,pooled,0.629175,0.5878545309933132,0.855
screen,cdf_sum,fog,4,common,pooled,0.6281,0.5937234619080644,0.865
screen,cdf_sum,fog,5,common,pooled,0.641975,0.6047424795295236,0.785
screen,cdf_sum,brightness,1,common,pooled,0.505475,0.5105657113926056,0.945
screen,cdf_sum,brightness,2,common,pooled,0.540825,0.5353173108341973,0.92
screen,cdf_sum,brightness,3,common,pooled,0.584,0.569823539738264,0.895
screen,cdf_sum,brightness,4,common,pooled,0.633125,0.6068085516096327,0.82
screen,cdf_sum,brightness,5,common,pooled,0.681975,0.6475386634082659,0.705
screen,cdf_sum,contrast,1,common,pooled,0.64885,0.6216125437261342,0.82
screen,cdf_sum,contrast,2,common,pooled,0.702975,0.6681279067147072,0.75
screen,cdf_sum,contrast,3,common,pooled,0.77635,0.7410703549354855,0.605
screen,cdf_sum,contrast,4,common,pooled,0.887925,0.8638843969761668,0.385
screen,cdf_sum,contrast,5,common,pooled,0.9647,0.9563051436042794,0.12
screen,cdf_sum,elastic_transform,1,common,pooled,0.562575,0.5457036339375294,0.93
screen,cdf_sum,elastic_transform,2,common,pooled,0.60865,0.5833611340222126,0.91
screen,cdf_sum,elastic_transform,3,common,pooled,0.685,0.6487931486787326,0.77
screen,cdf_sum,elastic_transform,4,common,pooled,0.74555,0.7101546927624621,0.675
screen,cdf_sum,elastic_transform,5,common,pooled,0.81915,0.7844073508779226,0.535
screen,cdf_sum,pixelate,1,common,pooled,0.706575,0.6583515076333558,0.66
screen,cdf_sum,pixelate,2,common,pooled,0.7788,0.724416927674155,0.54
screen,cdf_sum,pixelate,3,common,pooled,0.92475,0.8971948436032332,0.24
screen,cdf_sum,pixelate,4,common,pooled,0.97155,0.9632288281120966,0.095
screen,cdf_sum,pixelate,5,common,pooled,0.9888,0.9868940403761264,0.035
screen,cdf_sum,jpeg_compression,1,common,pooled,0.805275,0.7457017463554634,0.515
screen,cdf_sum,jpeg_compression,2,common,pooled,0.89695,0.857329917083039,0.3
screen,cdf_sum,jpeg_compression,3,common,pooled,0.928575,0.8978115730160148,0.24
screen,cdf_sum,jpeg_compression,4,common,pooled,0.973675,0.9651489241239899,0.1
screen,cdf_sum,jpeg_compression,5,common,pooled,0.98985,0.9876637774139879,0.035
screen,cdf_sum,speckle_noise,1,extra,pooled,0.67625,0.6346130849698255,0.745
screen,cdf_sum,speckle_noise,2,extra,pooled,0.7532,0.7037768496862973,0.59
screen,cdf_sum,speckle_noise,3,extra,pooled,0.915575,0.8852533894380405,0.23
screen,cdf_sum,speckle_noise,4,extra,pooled,0.961075,0.9483533594887783,0.115
screen,cdf_sum,speckle_noise,5,extra,pooled,0.98535,0.9819894466079508,0.055
screen,cdf_sum,gaussian_blur,1,extra,pooled,0.630575,0.5989333172120299,0.855
screen,cdf_sum,gaussian_blur,2,extra,pooled,0.797775,0.7418698288588019,0.55
screen,cdf_sum,gaussian_blur,3,extra,pooled,0.894525,0.8512988297347546,0.295
screen,cdf_sum,gaussian_blur,4,extra,pooled,0.942775,0.9157935048208391,0.175
screen,cdf_sum,gaussian_blur,5,extra,pooled,0.9827,0.9775526654603532,0.055
screen,cdf_sum,spatter,1,extra,pooled,0.53545,0.5403310002563391,0.915
screen,cdf_sum,spatter,2,extra,pooled,0.872375,0.8628117730405032,0.41
screen,cdf_sum,spatter,3,extra,pooled,0.925925,0.9167092954296904,0.27
screen,cdf_sum,spatter,4,extra,pooled,0.99395,0.9938323805954061,0.03
screen,cdf_sum,spatter,5,extra,pooled,0.998925,0.9989221282460886,0.005
screen,cdf_sum,saturate,1,extra,pooled,0.5004875,0.5027159913117243,0.945
screen,cdf_sum,saturate,2,extra,pooled,0.5308625,0.5224585270616644,0.93
screen,cdf_sum,saturate,3,extra,pooled,0.5355625,0.5247590365629895,0.93
screen,cdf_sum,saturate,4,extra,pooled,0.65255,0.6202012880789807,0.785
screen,cdf_sum,saturate,5,extra,pooled,0.742425,0.7035057344103852,0.66
screen,niqe,gaussian_noise,1,common,pooled,0.915125,0.8379392430335039,0.21
screen,niqe,gaussian_noise,2,common,pooled,0.9642,0.9173619672471238,0.085
screen,niqe,gaussian_noise,3,common,pooled,0.986775,0.9682052826994175,0.025
screen,niqe,gaussian_noise,4,common,pooled,0.9992,0.9991526892044864,0.005
screen,niqe,gaussian_noise,5,common,pooled,1.0,1.0,0.0
screen,niqe,shot_noise,1,common,pooled,0.8846,0.8044720262130943,0.335
screen,niqe,shot_noise,2,common,pooled,0.95065,0.9005736476604473,0.11
screen,niqe,shot_noise,3,common,pooled,0.977775,0.9521021593052018,0.05
screen,niqe,shot_noise,4,common,pooled,0.995225,0.9937070095780122,0.015
screen,niqe,shot_noise,5,common,pooled,0.9994,0.999380427067053,0.005
screen,niqe,impulse_noise,1,common,pooled,0.993125,0.9926348081456111,0.035
screen,niqe,impulse_noise,2,common,pooled,0.9978,0.9976958851452714,0.015
screen,niqe,impulse_noise,3,common,pooled,0.99855,0.9984756243904352,0.01
screen,niqe,impulse_noise,4,common,pooled,0.999075,0.9990358565810495,0.01
screen,niqe,impulse_noise,5,common,pooled,0.999025,0.9989467783488137,0.005
screen,niqe,defocus_blur,1,common,pooled,0.996825,0.9962499880897125,0.01
screen,niqe,defocus_blur,2,common,pooled,0.99975,0.9997469050241016,0.0
screen,niqe,defocus_blur,3,common,pooled,0.999875,0.9998751168961117,0.0
screen,niqe,defocus_blur,4,common,pooled,1.0,1.0,0.0
screen,niqe,defocus_blur,5,common,pooled,1.0,1.0,0.0
screen,niqe,glass_blur,1,common,pooled,0.974575,0.9385613414932636,0.04
screen,niqe,glass_blur,2,common,pooled,0.990875,0.9767856457797549,0.01
screen,niqe,glass_blur,3,common,pooled,0.990325,0.9742816534688724,0.015
screen,niqe,glass_blur,4,common,pooled,0.99135,0.9798414586063487,0.01
screen,niqe,glass_blur,5,common,pooled,0.999925,0.9999249987499687,0.0
screen,niqe,motion_blur,1,common,pooled,0.96605,0.9359537957300333,0.085
screen,niqe,motion_blur,2,common,pooled,0.97725,0.9575121536197871,0.055
screen,niqe,motion_blur,3,common,pooled,0.983925,0.9733331310628878,0.035
screen,niqe,motion_blur,4,common,pooled,0.987125,0.9798977273349426,0.035
screen,niqe,motion_blur,5,common,pooled,0.9877,0.9810825332160377,0.035
screen,niqe,zoom_blur,1,common,pooled,0.905925,0.8765949061462679,0.35
screen,niqe,zoom_blur,2,common,pooled,0.925425,0.9009936131220284,0.26
screen,niqe,zoom_blur,3,common,pooled,0.899525,0.8601450196635785,0.335
screen,niqe,zoom_blur,4,common,pooled,0.913725,0.878801473974444,0.295
screen,niqe,zoom_blur,5,common,pooled,0.864825,0.8189023483877922,0.4
screen,niqe,snow,1,common,pooled,0.8994,0.8704701701448602,0.38
screen,niqe,snow,2,common,pooled,0.9669,0.9485237400679633,0.085
screen,niqe,snow,3,common,pooled,0.9454,0.9140998931954,0.165
screen,niqe,snow,4,common,pooled,0.966675,0.9436059575025584,0.085
screen,niqe,snow,5,common,pooled,0.984,0.9758553619746227,0.04
screen,niqe,frost,1,common,pooled,0.47135,0.4864097631655572,0.955
screen,niqe,frost,2,common,pooled,0.60595,0.5664722058857425,0.85
screen,niqe,frost,3,common,pooled,0.706425,0.6472760421289877,0.7
screen,niqe,frost,4,common,pooled,0.7047,0.6569271893466782,0.71
screen,niqe,frost,5,common,pooled,0.7478,0.697089848095274,0.7
screen,niqe,fog,1,common,pooled,0.65415,0.649881053480593,0.865
screen,niqe,fog,2,common,pooled,0.69945,0.693698358509313,0.84
screen,niqe,fog,3,common,pooled,0.74325,0.7367651565833293,0.79
screen,niqe,fog,4,common,pooled,0.75465,0.7457025022241566,0.765
screen,niqe,fog,5,common,pooled,0.78275,0.7684911889258166,0.725
screen,niqe,brightness,1,common,pooled,0.478975,0.49135789089741055,0.95
screen,niqe,brightness,2,common,pooled,0.457175,0.48195387615864543,0.95
screen,niqe,brightness,3,common,pooled,0.44665,0.47932096077678965,0.945
screen,niqe,brightness,4,common,pooled,0.451825,0.48398150274502894,0.95
screen,niqe,brightness,5,common,pooled,0.46415,0.49094789953315565,0.95
screen,niqe,contrast,1,common,pooled,0.641575,0.6345853519092429,0.875
screen,niqe,contrast,2,common,pooled,0.707825,0.6980573249710806,0.815
screen,niqe,contrast,3,common,pooled,0.80345,0.7899908309323754,0.685
screen,niqe,contrast,4,common,pooled,0.9289,0.9159534809803247,0.315
screen,niqe,contrast,5,common,pooled,0.985075,0.9821693122053803,0.07
screen,niqe,elastic_transform,1,common,pooled,0.57775,0.5507975559822378,0.85
screen,niqe,elastic_transform,2,common,pooled,0.556425,0.5359965870367065,0.855
screen,niqe,elastic_transform,3,common,pooled,0.533025,0.5178053140804788,0.87
screen,niqe,elastic_transform,4,common,pooled,0.5176,0.508678522011598,0.9
screen,niqe,elastic_transform,5,common,pooled,0.508,0.4971020685721851,0.895
screen,niqe,pixelate,1,common,pooled,0.946325,0.8859000127367855,0.11
screen,niqe,pixelate,2,common,pooled,0.939975,0.8985268255493023,0.155
screen,niqe,pixelate,3,common,pooled,0.96705,0.9446230672509007,0.085
screen,niqe,pixelate,4,common,pooled,0.99335,0.9903615991164352,0.015
screen,niqe,pixelate,5,common,pooled,0.99305,0.9881262954182419,0.01
screen,niqe,jpeg_compression,1,common,pooled,0.9067,0.8766994000720557,0.305
screen,niqe,jpeg_compression,2,common,pooled,0.9535,0.9352624158144371,0.135
screen,niqe,jpeg_compression,3,common,pooled,0.966825,0.9537829091047183,0.11
screen,niqe,jpeg_compression,4,common,pooled,0.9869,0.9833222677986371,0.04
screen,niqe,jpeg_compression,5,common,pooled,0.9952,0.994500295603813,0.025
screen,niqe,speckle_noise,1,extra,pooled,0.766275,0.695843040813763,0.63
screen,niqe,speckle_noise,2,extra,pooled,0.8336,0.7637620354305116,0.49
screen,niqe,speckle_noise,3,extra,pooled,0.92955,0.8844970367555134,0.205
screen,niqe,speckle_noise,4,extra,pooled,0.95495,0.9250566228778887,0.12
screen,niqe,speckle_noise,5,extra,pooled,0.973125,0.9593472757560316,0.085
screen,niqe,gaussian_blur,1,extra,pooled,0.98235,0.9575348879323597,0.025
screen,niqe,gaussian_blur,2,extra,pooled,0.999975,0.9999751243781094,0.0
screen,niqe,gaussian_blur,3,extra,pooled,1.0,1.0,0.0
screen,niqe,gaussian_blur,4,extra,pooled,1.0,1.0,0.0
screen,niqe,gaussian_blur,5,extra,pooled,1.0,1.0,0.0
screen,niqe,spatter,1,extra,pooled,0.5014,0.5042624655732776,0.945
screen,niqe,spatter,2,extra,pooled,0.71265,0.6673432483733943,0.735
screen,niqe,spatter,3,extra,pooled,0.86795,0.8300172566201434,0.43
screen,niqe,spatter,4,extra,pooled,0.7718,0.7012015290801428,0.595
screen,niqe,spatter,5,extra,pooled,0.89875,0.8453403602107231,0.3
screen,niqe,saturate,1,extra,pooled,0.4678875,0.47680910882027905,0.955
screen,niqe,saturate,2,extra,pooled,0.4561375,0.46730559113716075,0.955
screen,niqe,saturate,3,extra,pooled,0.4451125,0.4596751138126226,0.955
screen,niqe,saturate,4,extra,pooled,0.406,0.42953562791615496,0.955
screen,niqe,saturate,5,extra,pooled,0.44485,0.4488121951395431,0.945
screen,niqe_default,gaussian_noise,1,common,pooled,0.9944,0.9938628262167108,0.025
screen,niqe_default,gaussian_noise,2,common,pooled,0.999375,0.9993687781724552,0.005
screen,niqe_default,gaussian_noise,3,common,pooled,1.0,1.0,0.0
screen,niqe_default,gaussian_noise,4,common,pooled,1.0,1.0,0.0
screen,niqe_default,gaussian_noise,5,common,pooled,1.0,1.0,0.0
screen,niqe_default,shot_noise,1,common,pooled,0.988225,0.9862437173018915,0.05
screen,niqe_default,shot_noise,2,common,pooled,0.998275,0.9982251869579948,0.015
screen,niqe_default,shot_noise,3,common,pooled,0.99985,0.9998518509486417,0.0
screen,niqe_default,shot_noise,4,common,pooled,1.0,1.0,0.0
screen,niqe_default,shot_noise,5,common,pooled,1.0,1.0,0.0
screen,niqe_default,impulse_noise,1,common,pooled,0.9995,0.9995004755392991,0.0
screen,niqe_default,impulse_noise,2,common,pooled,1.0,1.0,0.0
screen,niqe_default,impulse_noise,3,common,pooled,1.0,1.0,0.0
screen,niqe_default,impulse_noise,4,common,pooled,1.0,1.0,0.0
screen,niqe_default,impulse_noise,5,common,pooled,1.0,1.0,0.0
screen,niqe_default,defocus_blur,1,common,pooled,0.964775,0.9267576953981147,0.055
screen,niqe_default,defocus_blur,2,common,pooled,0.9869,0.9783165986788784,0.025
screen,niqe_default,defocus_blur,3,common,pooled,0.998325,0.9982594452347486,0.015
screen,niqe_default,defocus_blur,4,common,pooled,0.999875,0.9998759827462435,0.0
screen,niqe_default,defocus_blur,5,common,pooled,0.999975,0.9999751243781094,0.0
screen,niqe_default,glass_blur,1,common,pooled,0.8398,0.747225798010883,0.36
screen,niqe_default,glass_blur,2,common,pooled,0.943175,0.8734728185005216,0.095
screen,niqe_default,glass_blur,3,common,pooled,0.944725,0.8748572672795625,0.09
screen,niqe_default,glass_blur,4,common,pooled,0.95495,0.8986469639208748,0.065
screen,niqe_default,glass_blur,5,common,pooled,0.9841,0.9694871242638877,0.025
screen,niqe_default,motion_blur,1,common,pooled,0.903525,0.8539218005764537,0.26
screen,niqe_default,motion_blur,2,common,pooled,0.943725,0.9045133751381991,0.14
screen,niqe_default,motion_blur,3,common,pooled,0.96415,0.941854671457863,0.075
screen,niqe_default,motion_blur,4,common,pooled,0.975225,0.9623208216270921,0.055
screen,niqe_default,motion_blur,5,common,pooled,0.977875,0.967202979896753,0.055
screen,niqe_default,zoom_blur,1,common,pooled,0.77665,0.7336754065485416,0.57
screen,niqe_default,zoom_blur,2,common,pooled,0.822075,0.7799501083503178,0.54
screen,niqe_default,zoom_blur,3,common,pooled,0.7743,0.7304434114646198,0.565
screen,niqe_default,zoom_blur,4,common,pooled,0.805575,0.7623151863466325,0.545
screen,niqe_default,zoom_blur,5,common,pooled,0.711,0.6741016803030698,0.675
screen,niqe_default,snow,1,common,pooled,0.868675,0.831903733663154,0.395
screen,niqe_default,snow,2,common,pooled,0.95495,0.9340676618291543,0.135
screen,niqe_default,snow,3,common,pooled,0.92415,0.8845937944889237,0.23
screen,niqe_default,snow,4,common,pooled,0.947525,0.9137484157437401,0.14
screen,niqe_default,snow,5,common,pooled,0.9802,0.9721725611095771,0.055
screen,niqe_default,frost,1,common,pooled,0.29955,0.40886016553329374,0.985
screen,niqe_default,frost,2,common,pooled,0.270725,0.37905652406514834,0.985
screen,niqe_default,frost,3,common,pooled,0.31315,0.39288361377887315,0.98
screen,niqe_default,frost,4,common,pooled,0.321025,0.3935196960646321,0.98
screen,niqe_default,frost,5,common,pooled,0.343175,0.3996987065585191,0.98
screen,niqe_default,fog,1,common,pooled,0.6322,0.6168908508677347,0.83
screen,niqe_default,fog,2,common,pooled,0.672525,0.651390498369201,0.755
screen,niqe_default,fog,3,common,pooled,0.7094,0.6839237951160081,0.725
screen,niqe_default,fog,4,common,pooled,0.7173,0.6921056275648789,0.705
screen,niqe_default,fog,5,common,pooled,0.731575,0.6958728076263685,0.68
screen,niqe_default,brightness,1,common,pooled,0.49865,0.5084254325432235,0.96
screen,niqe_default,brightness,2,common,pooled,0.49175,0.509055701923494,0.965
screen,niqe_default,brightness,3,common,pooled,0.494375,0.5124489511533383,0.965
screen,niqe_default,brightness,4,common,pooled,0.5079,0.518938623145707,0.965
screen,niqe_default,brightness,5,common,pooled,0.5219,0.5288255948373914,0.96
screen,niqe_default,contrast,1,common,pooled,0.62435,0.6067710008853524,0.84
screen,niqe_default,contrast,2,common,pooled,0.685375,0.6590110940326568,0.745
screen,niqe_default,contrast,3,common,pooled,0.78165,0.7482201959908824,0.565
screen,niqe_default,contrast,4,common,pooled,0.924075,0.9022358774887885,0.235
screen,niqe_default,contrast,5,common,pooled,0.983825,0.9805715557942338,0.05
screen,niqe_default,elastic_transform,1,common,pooled,0.319725,0.3972221261293802,0.98
screen,niqe_default,elastic_transform,2,common,pooled,0.314575,0.3940809300674438,0.98
screen,niqe_default,elastic_transform,3,common,pooled,0.326325,0.3957583377739732,0.98
screen,niqe_default,elastic_transform,4,common,pooled,0.344175,0.40099595897872997,0.98
screen,niqe_default,elastic_transform,5,common,pooled,0.380275,0.41628356086897766,0.965
screen,niqe_default,pixelate,1,common,pooled,0.92515,0.8493873726541353,0.155
screen,niqe_default,pixelate,2,common,pooled,0.9262,0.8831038258116797,0.195
screen,niqe_default,pixelate,3,common,pooled,0.9694,0.9489201539122012,0.065
screen,niqe_default,pixelate,4,common,pooled,0.99895,0.9989474258001524,0.005
screen,niqe_default,pixelate,5,common,pooled,0.99515,0.9944133260593899,0.02
screen,niqe_default,jpeg_compression,1,common,pooled,0.768725,0.7285746831598018,0.565
screen,niqe_default,jpeg_compression,2,common,pooled,0.867175,0.8335216232647853,0.4
screen,niqe_default,jpeg_compression,3,common,pooled,0.9032,0.8741232905091693,0.27
screen,niqe_default,jpeg_compression,4,common,pooled,0.96045,0.9476960495261992,0.115
screen,niqe_default,jpeg_compression,5,common,pooled,0.984175,0.980685212514526,0.05
screen,niqe_default,speckle_noise,1,extra,pooled,0.9531,0.9434642510347996,0.16
screen,niqe_default,speckle_noise,2,extra,pooled,0.97515,0.9701508833886028,0.09
screen,niqe_default,speckle_noise,3,extra,pooled,0.993775,0.993276527337745,0.03
screen,niqe_default,speckle_noise,4,extra,pooled,0.99755,0.9974507720455875,0.02
screen,niqe_default,speckle_noise,5,extra,pooled,0.99925,0.9992454816989824,0.005
screen,niqe_default,gaussian_blur,1,extra,pooled,0.889825,0.8100096387067215,0.235
screen,niqe_default,gaussian_blur,2,extra,pooled,0.9822,0.9638955077717911,0.03
screen,niqe_default,gaussian_blur,3,extra,pooled,0.999725,0.9997193146755682,0.005
screen,niqe_default,gaussian_blur,4,extra,pooled,1.0,1.0,0.0
screen,niqe_default,gaussian_blur,5,extra,pooled,1.0,1.0,0.0
screen,niqe_default,spatter,1,extra,pooled,0.49405,0.5012265418618882,0.945
screen,niqe_default,spatter,2,extra,pooled,0.7048,0.653873817509457,0.675
screen,niqe_default,spatter,3,extra,pooled,0.8635,0.8169457959493014,0.5
screen,niqe_default,spatter,4,extra,pooled,0.8533,0.7820064233225072,0.39
screen,niqe_default,spatter,5,extra,pooled,0.933975,0.8883700568984345,0.19
screen,niqe_default,saturate,1,extra,pooled,0.4792875,0.48436604896146856,0.96
screen,niqe_default,saturate,2,extra,pooled,0.4706375,0.4786582086484542,0.96
screen,niqe_default,saturate,3,extra,pooled,0.4634625,0.4695945165127224,0.96
screen,niqe_default,saturate,4,extra,pooled,0.45685,0.45667752498605024,0.92
screen,niqe_default,saturate,5,extra,pooled,0.52875,0.4985300309463062,0.915
screen,arniqa,gaussian_noise,1,common,pooled,0.954425,0.897350306188105,0.07
screen,arniqa,gaussian_noise,2,common,pooled,0.9871,0.9731710895133225,0.035
screen,arniqa,gaussian_noise,3,common,pooled,0.9981,0.9976626265967229,0.005
screen,arniqa,gaussian_noise,4,common,pooled,1.0,1.0,0.0
screen,arniqa,gaussian_noise,5,common,pooled,1.0,1.0,0.0
screen,arniqa,shot_noise,1,common,pooled,0.96525,0.9296921827165205,0.07
screen,arniqa,shot_noise,2,common,pooled,0.991,0.9811335506707979,0.03
screen,arniqa,shot_noise,3,common,pooled,0.99845,0.9981727028141923,0.005
screen,arniqa,shot_noise,4,common,pooled,1.0,1.0,0.0
screen,arniqa,shot_noise,5,common,pooled,1.0,1.0,0.0
screen,arniqa,impulse_noise,1,common,pooled,0.98665,0.9714015521250907,0.03
screen,arniqa,impulse_noise,2,common,pooled,0.99625,0.9934551158595559,0.005
screen,arniqa,impulse_noise,3,common,pooled,0.999075,0.9989856085118567,0.005
screen,arniqa,impulse_noise,4,common,pooled,1.0,1.0,0.0
screen,arniqa,impulse_noise,5,common,pooled,1.0,1.0,0.0
screen,arniqa,defocus_blur,1,common,pooled,0.9819,0.9669933066889451,0.04
screen,arniqa,defocus_blur,2,common,pooled,0.9944,0.9915202908003787,0.02
screen,arniqa,defocus_blur,3,common,pooled,0.998675,0.9985650850285103,0.005
screen,arniqa,defocus_blur,4,common,pooled,0.998925,0.9988767839086574,0.005
screen,arniqa,defocus_blur,5,common,pooled,0.9979,0.9977677267133543,0.015
screen,arniqa,glass_blur,1,common,pooled,0.9435,0.8843965396992379,0.105
screen,arniqa,glass_blur,2,common,pooled,0.972925,0.9487486269006431,0.06
screen,arniqa,glass_blur,3,common,pooled,0.9795,0.9602205101199628,0.05
screen,arniqa,glass_blur,4,common,pooled,0.9841,0.971931138314989,0.04
screen,arniqa,glass_blur,5,common,pooled,0.9913,0.9850839203791201,0.03
screen,arniqa,motion_blur,1,common,pooled,0.929825,0.8917432674075721,0.21
screen,arniqa,motion_blur,2,common,pooled,0.9834,0.971772321685273,0.04
screen,arniqa,motion_blur,3,common,pooled,0.994725,0.992308273388973,0.02
screen,arniqa,motion_blur,4,common,pooled,0.9967,0.9961159942645783,0.005
screen,arniqa,motion_blur,5,common,pooled,0.997075,0.9965611619516018,0.005
screen,arniqa,zoom_blur,1,common,pooled,0.9344,0.9086252802002722,0.17
screen,arniqa,zoom_blur,2,common,pooled,0.9447,0.9279755511812529,0.17
screen,arniqa,zoom_blur,3,common,pooled,0.91095,0.8863497040180424,0.325
screen,arniqa,zoom_blur,4,common,pooled,0.916925,0.8944445346135277,0.325
screen,arniqa,zoom_blur,5,common,pooled,0.8888,0.8486143924866745,0.425
screen,arniqa,snow,1,common,pooled,0.922675,0.8829119957851148,0.21
screen,arniqa,snow,2,common,pooled,0.978825,0.9697115641107132,0.065
screen,arniqa,snow,3,common,pooled,0.98425,0.9769512193771177,0.05
screen,arniqa,snow,4,common,pooled,0.993275,0.9914129286623178,0.03
screen,arniqa,snow,5,common,pooled,0.9946,0.9929704640042069,0.02
screen,arniqa,frost,1,common,pooled,0.914625,0.8807460237077044,0.3
screen,arniqa,frost,2,common,pooled,0.940975,0.914192666418937,0.17
screen,arniqa,frost,3,common,pooled,0.939275,0.9251545762476083,0.21
screen,arniqa,frost,4,common,pooled,0.92735,0.9100957352574307,0.26
screen,arniqa,frost,5,common,pooled,0.936425,0.9234981325793375,0.21
screen,arniqa,fog,1,common,pooled,0.95255,0.9191526440488582,0.105
screen,arniqa,fog,2,common,pooled,0.9625,0.9373531620369281,0.09
screen,arniqa,fog,3,common,pooled,0.963225,0.9404940983807046,0.085
screen,arniqa,fog,4,common,pooled,0.9623,0.9379382090528882,0.08
screen,arniqa,fog,5,common,pooled,0.968275,0.9472962107282837,0.07
screen,arniqa,brightness,1,common,pooled,0.6284,0.6029458784670018,0.845
screen,arniqa,brightness,2,common,pooled,0.804525,0.7550259776455105,0.575
screen,arniqa,brightness,3,common,pooled,0.901325,0.8663055226858992,0.34
screen,arniqa,brightness,4,common,pooled,0.951425,0.9377713835472636,0.115
screen,arniqa,brightness,5,common,pooled,0.9749,0.9712955188301792,0.09
screen,arniqa,contrast,1,common,pooled,0.942225,0.9151343770919125,0.2
screen,arniqa,contrast,2,common,pooled,0.96775,0.9525034642541115,0.09
screen,arniqa,contrast,3,common,pooled,0.98295,0.9756217114422153,0.055
screen,arniqa,contrast,4,common,pooled,0.99055,0.9876719488734127,0.04
screen,arniqa,contrast,5,common,pooled,0.9912,0.988833187562859,0.04
screen,arniqa,elastic_transform,1,common,pooled,0.41805,0.4641742031442039,1.0
screen,arniqa,elastic_transform,2,common,pooled,0.425775,0.4667288425201131,0.995
screen,arniqa,elastic_transform,3,common,pooled,0.448325,0.474806775509041,0.98
screen,arniqa,elastic_transform,4,common,pooled,0.46275,0.48059964390342186,0.965
screen,arniqa,elastic_transform,5,common,pooled,0.482,0.49044280723232186,0.97
screen,arniqa,pixelate,1,common,pooled,0.8892,0.8168766966069619,0.245
screen,arniqa,pixelate,2,common,pooled,0.899775,0.8300579843792741,0.21
screen,arniqa,pixelate,3,common,pooled,0.965675,0.9433363790498726,0.085
screen,arniqa,pixelate,4,common,pooled,0.995475,0.9939398221501659,0.02
screen,arniqa,pixelate,5,common,pooled,0.994725,0.9924959219723907,0.02
screen,arniqa,jpeg_compression,1,common,pooled,0.6085,0.5706435481763379,0.845
screen,arniqa,jpeg_compression,2,common,pooled,0.797175,0.7310408933514161,0.605
screen,arniqa,jpeg_compression,3,common,pooled,0.878725,0.8262914272486478,0.39
screen,arniqa,jpeg_compression,4,common,pooled,0.971175,0.9596704202643653,0.09
screen,arniqa,jpeg_compression,5,common,pooled,0.994425,0.9935282076805516,0.03
screen,arniqa,speckle_noise,1,extra,pooled,0.955325,0.9119976305452242,0.095
screen,arniqa,speckle_noise,2,extra,pooled,0.976875,0.9554463081297107,0.065
screen,arniqa,speckle_noise,3,extra,pooled,0.997,0.9960259054458918,0.005
screen,arniqa,speckle_noise,4,extra,pooled,0.999125,0.9990460320240875,0.005
screen,arniqa,speckle_noise,5,extra,pooled,0.999875,0.9998743655140563,0.0
screen,arniqa,gaussian_blur,1,extra,pooled,0.90885,0.8295569220915221,0.22
screen,arniqa,gaussian_blur,2,extra,pooled,0.990175,0.9833329792127269,0.04
screen,arniqa,gaussian_blur,3,extra,pooled,0.997475,0.9969589960620182,0.005
screen,arniqa,gaussian_blur,4,extra,pooled,0.99905,0.9989898131575747,0.005
screen,arniqa,gaussian_blur,5,extra,pooled,0.999275,0.9992393856019568,0.005
screen,arniqa,spatter,1,extra,pooled,0.519175,0.5172846011884448,0.92
screen,arniqa,spatter,2,extra,pooled,0.661175,0.6330345787868961,0.835
screen,arniqa,spatter,3,extra,pooled,0.73235,0.6880081630600178,0.735
screen,arniqa,spatter,4,extra,pooled,0.765775,0.6758552463993645,0.57
screen,arniqa,spatter,5,extra,pooled,0.793325,0.7032504711038362,0.54
screen,arniqa,saturate,1,extra,pooled,0.9516625,0.9124692697090251,0.105
screen,arniqa,saturate,2,extra,pooled,0.9702125,0.9355665799648973,0.06
screen,arniqa,saturate,3,extra,pooled,0.7818875,0.7277958759594789,0.605
screen,arniqa,saturate,4,extra,pooled,0.97435,0.9666039247460763,0.07
screen,arniqa,saturate,5,extra,pooled,0.991375,0.9906427179580891,0.04
screen,arniqa_proto,gaussian_noise,1,common,pooled,0.9963,0.993369529013631,0.005
screen,arniqa_proto,gaussian_noise,2,common,pooled,0.9996,0.9995863284266141,0.005
screen,arniqa_proto,gaussian_noise,3,common,pooled,0.9999,0.9998997462247162,0.0
screen,arniqa_proto,gaussian_noise,4,common,pooled,1.0,1.0,0.0
screen,arniqa_proto,gaussian_noise,5,common,pooled,1.0,1.0,0.0
screen,arniqa_proto,shot_noise,1,common,pooled,0.996525,0.994146934076666,0.005
screen,arniqa_proto,shot_noise,2,common,pooled,0.99955,0.9995321274865435,0.005
screen,arniqa_proto,shot_noise,3,common,pooled,0.999925,0.9999249987499687,0.0
screen,arniqa_proto,shot_noise,4,common,pooled,1.0,1.0,0.0
screen,arniqa_proto,shot_noise,5,common,pooled,1.0,1.0,0.0
screen,arniqa_proto,impulse_noise,1,common,pooled,0.998275,0.9979039730556422,0.005
screen,arniqa_proto,impulse_noise,2,common,pooled,0.999875,0.9998743655140563,0.0
screen,arniqa_proto,impulse_noise,3,common,pooled,0.999975,0.9999751243781094,0.0
screen,arniqa_proto,impulse_noise,4,common,pooled,1.0,1.0,0.0
screen,arniqa_proto,impulse_noise,5,common,pooled,1.0,1.0,0.0
screen,arniqa_proto,defocus_blur,1,common,pooled,0.999075,0.9989856085118567,0.005
screen,arniqa_proto,defocus_blur,2,common,pooled,0.99955,0.9995321274865435,0.005
screen,arniqa_proto,defocus_blur,3,common,pooled,0.999325,0.999280678511944,0.005
screen,arniqa_proto,defocus_blur,4,common,pooled,0.998775,0.9986068799003451,0.005
screen,arniqa_proto,defocus_blur,5,common,pooled,0.998125,0.9976722725217079,0.005
screen,arniqa_proto,glass_blur,1,common,pooled,0.994975,0.9809029946848035,0.005
screen,arniqa_proto,glass_blur,2,common,pooled,0.996775,0.9948890204053483,0.005
screen,arniqa_proto,glass_blur,3,common,pooled,0.996375,0.9936423164114184,0.005
screen,arniqa_proto,glass_blur,4,common,pooled,0.9965,0.9940662889153756,0.005
screen,arniqa_proto,glass_blur,5,common,pooled,0.998575,0.9983374554772193,0.005
screen,arniqa_proto,motion_blur,1,common,pooled,0.980775,0.9706168387757484,0.085
screen,arniqa_proto,motion_blur,2,common,pooled,0.994075,0.9884792548407615,0.01
screen,arniqa_proto,motion_blur,3,common,pooled,0.99585,0.9917544114027164,0.005
screen,arniqa_proto,motion_blur,4,common,pooled,0.99585,0.9918540444817897,0.005
screen,arniqa_proto,motion_blur,5,common,pooled,0.996025,0.9925697642480672,0.005
screen,arniqa_proto,zoom_blur,1,common,pooled,0.973525,0.953835042506402,0.085
screen,arniqa_proto,zoom_blur,2,common,pooled,0.9819,0.964069766589583,0.06
screen,arniqa_proto,zoom_blur,3,common,pooled,0.95555,0.9285406303307081,0.15
screen,arniqa_proto,zoom_blur,4,common,pooled,0.964,0.9392172404755378,0.135
screen,arniqa_proto,zoom_blur,5,common,pooled,0.9457,0.9132025981816442,0.155
screen,arniqa_proto,snow,1,common,pooled,0.88455,0.8256556617619355,0.28
screen,arniqa_proto,snow,2,common,pooled,0.963625,0.9342168296719068,0.12
screen,arniqa_proto,snow,3,common,pooled,0.97275,0.9460050523121026,0.085
screen,arniqa_proto,snow,4,common,pooled,0.987275,0.9685005768413363,0.03
screen,arniqa_proto,snow,5,common,pooled,0.9885,0.9702786327009015,0.02
screen,arniqa_proto,frost,1,common,pooled,0.8615,0.8027534426365819,0.34
screen,arniqa_proto,frost,2,common,pooled,0.887925,0.8289032205582452,0.28
screen,arniqa_proto,frost,3,common,pooled,0.909625,0.8703006380083051,0.26
screen,arniqa_proto,frost,4,common,pooled,0.898325,0.8514291991816099,0.29
screen,arniqa_proto,frost,5,common,pooled,0.91065,0.8740783431450709,0.295
screen,arniqa_proto,fog,1,common,pooled,0.9773,0.9556802936007237,0.08
screen,arniqa_proto,fog,2,common,pooled,0.98375,0.9636083901505372,0.06
screen,arniqa_proto,fog,3,common,pooled,0.985925,0.9686509172409868,0.06
screen,arniqa_proto,fog,4,common,pooled,0.9829,0.9625494072022296,0.06
screen,arniqa_proto,fog,5,common,pooled,0.982,0.9605845808387654,0.065
screen,arniqa_proto,brightness,1,common,pooled,0.5888,0.5661639698648694,0.955
screen,arniqa_proto,brightness,2,common,pooled,0.716025,0.6596877620743671,0.705
screen,arniqa_proto,brightness,3,common,pooled,0.817025,0.7560248544837049,0.445
screen,arniqa_proto,brightness,4,common,pooled,0.8865,0.8384900801624131,0.29
screen,arniqa_proto,brightness,5,common,pooled,0.9288,0.8963707295600296,0.205
screen,arniqa_proto,contrast,1,common,pooled,0.962775,0.9408018187668485,0.145
screen,arniqa_proto,contrast,2,common,pooled,0.981925,0.9662429216826153,0.085
screen,arniqa_proto,contrast,3,common,pooled,0.991325,0.9852415493593654,0.035
screen,arniqa_proto,contrast,4,common,pooled,0.9954,0.9932703427144518,0.015
screen,arniqa_proto,contrast,5,common,pooled,0.996725,0.9956081889701939,0.005
screen,arniqa_proto,elastic_transform,1,common,pooled,0.569625,0.5334951185661925,0.815
screen,arniqa_proto,elastic_transform,2,common,pooled,0.558225,0.5237565776292109,0.835
screen,arniqa_proto,elastic_transform,3,common,pooled,0.5537,0.5169289035371583,0.835
screen,arniqa_proto,elastic_transform,4,common,pooled,0.55385,0.5181317573180051,0.815
screen,arniqa_proto,elastic_transform,5,common,pooled,0.556675,0.5178704716166929,0.815
screen,arniqa_proto,pixelate,1,common,pooled,0.98825,0.968398597174145,0.02
screen,arniqa_proto,pixelate,2,common,pooled,0.993625,0.9765434106042067,0.01
screen,arniqa_proto,pixelate,3,common,pooled,0.9951,0.9820016363041689,0.005
screen,arniqa_proto,pixelate,4,common,pooled,0.9992,0.9991353198474264,0.005
screen,arniqa_proto,pixelate,5,common,pooled,1.0,1.0,0.0
screen,arniqa_proto,jpeg_compression,1,common,pooled,0.9873,0.9741900591535292,0.055
screen,arniqa_proto,jpeg_compression,2,common,pooled,0.99155,0.9837012865995773,0.02
screen,arniqa_proto,jpeg_compression,3,common,pooled,0.9929,0.9860319365257222,0.015
screen,arniqa_proto,jpeg_compression,4,common,pooled,0.996125,0.9940160139055156,0.005
screen,arniqa_proto,jpeg_compression,5,common,pooled,0.997725,0.9970760231300667,0.005
screen,arniqa_proto,speckle_noise,1,extra,pooled,0.993725,0.9845495677817029,0.015
screen,arniqa_proto,speckle_noise,2,extra,pooled,0.996575,0.9945540845038696,0.005
screen,arniqa_proto,speckle_noise,3,extra,pooled,0.99915,0.9990759721438479,0.005
screen,arniqa_proto,speckle_noise,4,extra,pooled,0.999675,0.9996665438596395,0.005
screen,arniqa_proto,speckle_noise,5,extra,pooled,0.999875,0.9998743655140563,0.0
screen,arniqa_proto,gaussian_blur,1,extra,pooled,0.99465,0.9823805479887583,0.005
screen,arniqa_proto,gaussian_blur,2,extra,pooled,0.999575,0.999559301399587,0.005
screen,arniqa_proto,gaussian_blur,3,extra,pooled,0.99965,0.9996399481149586,0.005
screen,arniqa_proto,gaussian_blur,4,extra,pooled,0.9997,0.9996929988860945,0.005
screen,arniqa_proto,gaussian_blur,5,extra,pooled,0.999225,0.9991647316121323,0.005
screen,arniqa_proto,spatter,1,extra,pooled,0.5023,0.5023540980618946,0.935
screen,arniqa_proto,spatter,2,extra,pooled,0.5958,0.5465572194482708,0.85
screen,arniqa_proto,spatter,3,extra,pooled,0.686075,0.5976842240089209,0.64
screen,arniqa_proto,spatter,4,extra,pooled,0.60575,0.515836861013093,0.72
screen,arniqa_proto,spatter,5,extra,pooled,0.64895,0.5424162804238589,0.575
screen,arniqa_proto,saturate,1,extra,pooled,0.8506125,0.7663418531824567,0.335
screen,arniqa_proto,saturate,2,extra,pooled,0.9204625,0.8515497440410462,0.145
screen,arniqa_proto,saturate,3,extra,pooled,0.7272875,0.6605832463108978,0.61
screen,arniqa_proto,saturate,4,extra,pooled,0.94625,0.9191039577666787,0.17
screen,arniqa_proto,saturate,5,extra,pooled,0.975575,0.9616565345317427,0.12
screen,clipiqa,gaussian_noise,1,common,pooled,0.78905,0.7393885431106473,0.575
screen,clipiqa,gaussian_noise,2,common,pooled,0.800675,0.7290437342787867,0.58
screen,clipiqa,gaussian_noise,3,common,pooled,0.7925375,0.7008325567536623,0.56
screen,clipiqa,gaussian_noise,4,common,pooled,0.7435125,0.6290626193057673,0.54
screen,clipiqa,gaussian_noise,5,common,pooled,0.66455,0.5483987801421217,0.54
screen,clipiqa,shot_noise,1,common,pooled,0.767425,0.7067770452548399,0.585
screen,clipiqa,shot_noise,2,common,pooled,0.7766625,0.6985439564933005,0.54
screen,clipiqa,shot_noise,3,common,pooled,0.7326875,0.6386113689886981,0.58
screen,clipiqa,shot_noise,4,common,pooled,0.6883875,0.5825379047761541,0.58
screen,clipiqa,shot_noise,5,common,pooled,0.690975,0.5758291486552353,0.51
screen,clipiqa,impulse_noise,1,common,pooled,0.6366375,0.5576853873695131,0.785
screen,clipiqa,impulse_noise,2,common,pooled,0.688325,0.5897775108894818,0.675
screen,clipiqa,impulse_noise,3,common,pooled,0.7106125,0.6026708526661164,0.625
screen,clipiqa,impulse_noise,4,common,pooled,0.7162,0.5980338901174413,0.56
screen,clipiqa,impulse_noise,5,common,pooled,0.6927375,0.568622642979711,0.475
screen,clipiqa,defocus_blur,1,common,pooled,0.87635,0.8237529046899372,0.365
screen,clipiqa,defocus_blur,2,common,pooled,0.88615,0.8194922078597688,0.33
screen,clipiqa,defocus_blur,3,common,pooled,0.928525,0.87551091465355,0.15
screen,clipiqa,defocus_blur,4,common,pooled,0.950625,0.9207085695301137,0.12
screen,clipiqa,defocus_blur,5,common,pooled,0.964575,0.9467481740211443,0.085
screen,clipiqa,glass_blur,1,common,pooled,0.9192375,0.9016273626944388,0.25
screen,clipiqa,glass_blur,2,common,pooled,0.9205625,0.89148752827203,0.21
screen,clipiqa,glass_blur,3,common,pooled,0.8838125,0.800851207846272,0.265
screen,clipiqa,glass_blur,4,common,pooled,0.887925,0.797399767646144,0.245
screen,clipiqa,glass_blur,5,common,pooled,0.8905125,0.7882786478522944,0.215
screen,clipiqa,motion_blur,1,common,pooled,0.9020875,0.8778973248283087,0.31
screen,clipiqa,motion_blur,2,common,pooled,0.9502625,0.9399307674311332,0.16
screen,clipiqa,motion_blur,3,common,pooled,0.97495,0.9703274950111858,0.095
screen,clipiqa,motion_blur,4,common,pooled,0.9834375,0.9814567962812047,0.08
screen,clipiqa,motion_blur,5,common,pooled,0.986925,0.9848909762561401,0.06
screen,clipiqa,zoom_blur,1,common,pooled,0.9391375,0.9201024574822946,0.175
screen,clipiqa,zoom_blur,2,common,pooled,0.9528375,0.9373593225929769,0.13
screen,clipiqa,zoom_blur,3,common,pooled,0.924,0.8868304586159736,0.19
screen,clipiqa,zoom_blur,4,common,pooled,0.9354125,0.9015381047631449,0.16
screen,clipiqa,zoom_blur,5,common,pooled,0.9072875,0.8516217994893462,0.225
screen,clipiqa,snow,1,common,pooled,0.69495,0.6396172986209508,0.695
screen,clipiqa,snow,2,common,pooled,0.8656375,0.8104529573748819,0.365
screen,clipiqa,snow,3,common,pooled,0.85925,0.8191827626493897,0.445
screen,clipiqa,snow,4,common,pooled,0.9214875,0.8987030436759721,0.215
screen,clipiqa,snow,5,common,pooled,0.914525,0.8875275931996978,0.23
screen,clipiqa,frost,1,common,pooled,0.7232375,0.6769287905849775,0.725
screen,clipiqa,frost,2,common,pooled,0.7673375,0.7015123232358533,0.595
screen,clipiqa,frost,3,common,pooled,0.7947625,0.7348219746369155,0.51
screen,clipiqa,frost,4,common,pooled,0.773,0.7061880169538224,0.56
screen,clipiqa,frost,5,common,pooled,0.8009125,0.743306885639487,0.52
screen,clipiqa,fog,1,common,pooled,0.6272625,0.5871484131638119,0.8
screen,clipiqa,fog,2,common,pooled,0.65875,0.6101167809482178,0.76
screen,clipiqa,fog,3,common,pooled,0.6826625,0.6292823559296237,0.73
screen,clipiqa,fog,4,common,pooled,0.6642625,0.6072879868911567,0.755
screen,clipiqa,fog,5,common,pooled,0.6691375,0.6023022855705862,0.725
screen,clipiqa,brightness,1,common,pooled,0.598225,0.5773417017417368,0.9
screen,clipiqa,brightness,2,common,pooled,0.6658875,0.6394912378382294,0.81
screen,clipiqa,brightness,3,common,pooled,0.701325,0.6677270862382281,0.76
screen,clipiqa,brightness,4,common,pooled,0.7347375,0.6990807544491001,0.715
screen,clipiqa,brightness,5,common,pooled,0.75395,0.7177247906826456,0.68
screen,clipiqa,contrast,1,common,pooled,0.615975,0.5764972771755787,0.8
screen,clipiqa,contrast,2,common,pooled,0.6706625,0.6134822483485102,0.715
screen,clipiqa,contrast,3,common,pooled,0.7531125,0.6841492862874009,0.585
screen,clipiqa,contrast,4,common,pooled,0.8733125,0.8217568591215529,0.35
screen,clipiqa,contrast,5,common,pooled,0.94665,0.9240620376610982,0.14
screen,clipiqa,elastic_transform,1,common,pooled,0.5756625,0.5486911636876295,0.9
screen,clipiqa,elastic_transform,2,common,pooled,0.549825,0.528189570870585,0.915
screen,clipiqa,elastic_transform,3,common,pooled,0.5234125,0.49772245156627665,0.915
screen,clipiqa,elastic_transform,4,common,pooled,0.5122625,0.4852955616472121,0.92
screen,clipiqa,elastic_transform,5,common,pooled,0.5125,0.4787152342727574,0.9
screen,clipiqa,pixelate,1,common,pooled,0.8291125,0.7668349023647572,0.44
screen,clipiqa,pixelate,2,common,pooled,0.8916,0.8559598258424734,0.34
screen,clipiqa,pixelate,3,common,pooled,0.9292375,0.8969365655561827,0.19
screen,clipiqa,pixelate,4,common,pooled,0.9592,0.9463674949317323,0.135
screen,clipiqa,pixelate,5,common,pooled,0.9753125,0.9691099850133087,0.085
screen,clipiqa,jpeg_compression,1,common,pooled,0.685125,0.6194891048873933,0.715
screen,clipiqa,jpeg_compression,2,common,pooled,0.77325,0.702909034671719,0.575
screen,clipiqa,jpeg_compression,3,common,pooled,0.8236875,0.7604139557895604,0.47
screen,clipiqa,jpeg_compression,4,common,pooled,0.9041375,0.8663089505794868,0.26
screen,clipiqa,jpeg_compression,5,common,pooled,0.944875,0.9192335239274279,0.14
screen,clipiqa,speckle_noise,1,extra,pooled,0.732425,0.6742206442596956,0.64
screen,clipiqa,speckle_noise,2,extra,pooled,0.734875,0.6643833706635699,0.585
screen,clipiqa,speckle_noise,3,extra,pooled,0.672175,0.5881892173256347,0.725
screen,clipiqa,speckle_noise,4,extra,pooled,0.6263875,0.5439689576998914,0.69
screen,clipiqa,speckle_noise,5,extra,pooled,0.60595,0.5240804502156966,0.695
screen,clipiqa,gaussian_blur,1,extra,pooled,0.79095,0.7200431379054942,0.52
screen,clipiqa,gaussian_blur,2,extra,pooled,0.8568625,0.7802730526655437,0.4
screen,clipiqa,gaussian_blur,3,extra,pooled,0.91065,0.8418658538839681,0.2
screen,clipiqa,gaussian_blur,4,extra,pooled,0.9438,0.900965379058393,0.115
screen,clipiqa,gaussian_blur,5,extra,pooled,0.97395,0.9596242273759898,0.07
screen,clipiqa,spatter,1,extra,pooled,0.5070375,0.5095715514903784,0.95
screen,clipiqa,spatter,2,extra,pooled,0.5097375,0.48518916351183633,0.92
screen,clipiqa,spatter,3,extra,pooled,0.5351,0.49613470704842244,0.9
screen,clipiqa,spatter,4,extra,pooled,0.5651125,0.5247823953411739,0.925
screen,clipiqa,spatter,5,extra,pooled,0.647875,0.5824812350509075,0.81
screen,clipiqa,saturate,1,extra,pooled,0.4750875,0.47792501441507446,0.92
screen,clipiqa,saturate,2,extra,pooled,0.4100125,0.4372679978365246,0.95
screen,clipiqa,saturate,3,extra,pooled,0.5955,0.5829803771731685,0.91
screen,clipiqa,saturate,4,extra,pooled,0.6420125,0.6135166977338254,0.86
screen,clipiqa,saturate,5,extra,pooled,0.686375,0.6354894511689958,0.77
