quantity,point,low,high
saod_top3 - saod_min:auroc_common,-0.060090999999999894,-0.08210985000000011,-0.037786133333333416
saod_top3 - saod_min:auroc_extra,-0.04700937499999991,-0.06591773437500001,-0.027225093749999995
saod_top3 - saod_min:aupr_common,-0.0980016758461989,-0.13144831378745128,-0.06340720166111057
saod_top3 - saod_min:aupr_extra,-0.08008035115945156,-0.1080212210353123,-0.05282072281025888
saod_top3 - saod_min:fpr95_common,0.05620000000000014,0.01792833333333325,0.09122166666666659
saod_top3 - saod_min:fpr95_extra,0.030749999999999944,-0.0012499999999998623,0.06125625000000002
saod_top3 - saod_min:rho_within,-0.14026190309411202,-0.21698936858539483,-0.05560240362472083
saod_top3 - saod_min:rho_condition_lrp,0.0076427771556552004,-0.0003104003359461897,0.012053121500560043
saod_top3 - saod_min:aurc_all,0.07153392914019108,0.04747807123974334,0.09627859534249086
saod_top3 - contrastive:auroc_common,0.10353866666666667,0.07109910634769497,0.13403183916659644
saod_top3 - contrastive:auroc_extra,0.06462124999999996,0.03642605177168603,0.08845773974250634
saod_top3 - contrastive:aupr_common,0.09355175107927005,0.045563855496927236,0.11707254415585099
saod_top3 - contrastive:aupr_extra,0.046064162932324626,0.005685166851482732,0.06239908326339244
saod_top3 - contrastive:fpr95_common,-0.06553333333333333,-0.12892575161366318,-0.026442990396280376
saod_top3 - contrastive:fpr95_extra,-0.021499999999999964,-0.0714868821521162,0.013802812139991162
saod_top3 - contrastive:rho_within,-0.21359983956456396,-0.2997718186494987,-0.12864956900625413
saod_top3 - contrastive:rho_condition_lrp,0.20960246360582313,0.1346686030235163,0.29127099664053746
saod_top3 - contrastive:aurc_all,0.08294611587845846,0.05012754940420391,0.11223277173246281
saod_top3 - knn:auroc_common,0.08906516666666664,0.060667879166666674,0.11928815416666678
saod_top3 - knn:auroc_extra,-0.006438750000000049,-0.029755640624999958,0.01880465625000005
saod_top3 - knn:aupr_common,0.08921368630979176,0.05552766027789889,0.12363893484713072
saod_top3 - knn:aupr_extra,-0.003442156699347887,-0.029489096453524672,0.02567695742431493
saod_top3 - knn:fpr95_common,-0.08633333333333326,-0.12088000000000002,-0.03932166666666678
saod_top3 - knn:fpr95_extra,0.05599999999999994,0.02325000000000021,0.0937562500000001
saod_top3 - knn:rho_within,0.004373662029778541,-0.08263999311294414,0.09718982838840615
saod_top3 - knn:rho_condition_lrp,0.44391097424412107,0.3886943589025758,0.5269708846584545
saod_top3 - knn:aurc_all,-0.0035432565701356555,-0.030940153378485487,0.023920643906839154
saod_top3 - discopatch:auroc_common,-0.07796933333333322,-0.10133275833333343,-0.05401732500000007
saod_top3 - discopatch:auroc_extra,-0.12511625000000004,-0.14707106250000004,-0.10321862500000019
saod_top3 - discopatch:aupr_common,-0.07579323665631921,-0.10887563148287037,-0.041676329130477224
saod_top3 - discopatch:aupr_extra,-0.12119055705272519,-0.14893467965288898,-0.09158408537426384
saod_top3 - discopatch:fpr95_common,0.2059333333333334,0.16193000000000016,0.2545333333333334
saod_top3 - discopatch:fpr95_extra,0.26949999999999996,0.2257437500000001,0.30600000000000005
saod_top3 - discopatch:rho_within,0.1768441216943027,0.07695708311652512,0.2734337710875548
saod_top3 - discopatch:rho_condition_lrp,0.3719064949608063,0.3269540873460247,0.4051256298992162
saod_top3 - discopatch:aurc_all,-0.02331153099993677,-0.04516131438131511,-0.0006895603150392488
saod_top3 - hashemi:auroc_common,0.24757600000000007,0.21489464583333343,0.27806977499999996
saod_top3 - hashemi:auroc_extra,0.18223062499999998,0.1561150937500001,0.207437515625
saod_top3 - hashemi:aupr_common,0.20432340147685957,0.17098363704679367,0.23926181692411871
saod_top3 - hashemi:aupr_extra,0.1455571905012331,0.12076813491852259,0.1724281435437574
saod_top3 - hashemi:fpr95_common,-0.19293333333333318,-0.23119999999999985,-0.15425333333333324
saod_top3 - hashemi:fpr95_extra,-0.10974999999999979,-0.14325625000000008,-0.07649999999999979
saod_top3 - hashemi:rho_within,-0.0024948787759872942,-0.09561394964585311,0.09497442778917181
saod_top3 - hashemi:rho_condition_lrp,1.3813829787234044,1.1830480123180291,1.5098642217245242
saod_top3 - hashemi:aurc_all,0.0004590981980010511,-0.036156237242377265,0.03460235712025514
saod_top3 - hashemi_enc:auroc_common,0.3341878333333334,0.3033250125000001,0.3647793124999999
saod_top3 - hashemi_enc:auroc_extra,0.22738875000000003,0.2006697031250001,0.25343999999999994
saod_top3 - hashemi_enc:aupr_common,0.2395718351016045,0.20722077470962802,0.2747686339122781
saod_top3 - hashemi_enc:aupr_extra,0.15568537031167717,0.1289098595193426,0.18384403298002933
saod_top3 - hashemi_enc:fpr95_common,-0.2021999999999997,-0.23613499999999998,-0.1671299999999997
saod_top3 - hashemi_enc:fpr95_extra,-0.11524999999999985,-0.14274999999999982,-0.08723749999999962
saod_top3 - hashemi_enc:rho_within,0.1048856993970795,0.010561346231264644,0.20226427402188013
saod_top3 - hashemi_enc:rho_condition_lrp,1.6510078387458007,1.5983300671892495,1.6861320688689811
saod_top3 - hashemi_enc:aurc_all,-0.0841537761311737,-0.10924028595434825,-0.058009532457573273
saod_top3 - cdf:auroc_common,-0.14322800000000002,-0.16466020833333334,-0.1200524916666665
saod_top3 - cdf:auroc_extra,-0.18590375000000003,-0.2047623750000001,-0.16632084374999992
saod_top3 - cdf:aupr_common,-0.13093764706620603,-0.16767079096289295,-0.09556187936289022
saod_top3 - cdf:aupr_extra,-0.17501106085243034,-0.20319336724522954,-0.14443427781014168
saod_top3 - cdf:fpr95_common,0.3568666666666668,0.3171966666666666,0.3961400000000001
saod_top3 - cdf:fpr95_extra,0.4085,0.3677249999999999,0.44375
saod_top3 - cdf:rho_within,0.10121111854951576,0.026602409008919525,0.18037172798301085
saod_top3 - cdf:rho_condition_lrp,0.31097424412094066,0.2757054871220606,0.33348859182530793
saod_top3 - cdf:aurc_all,-0.030474871179605456,-0.05229524279051155,-0.008510264592195841
saod_top3 - cdf_sum:auroc_common,-0.10253999999999985,-0.12624153333333332,-0.07807570833333335
saod_top3 - cdf_sum:auroc_extra,-0.1360437499999999,-0.1562196875,-0.11507846875000005
saod_top3 - cdf_sum:aupr_common,-0.09314238868385749,-0.1261640206262727,-0.05911189765816732
saod_top3 - cdf_sum:aupr_extra,-0.12604409895506197,-0.1523979341999415,-0.09762470240980935
saod_top3 - cdf_sum:fpr95_common,0.2598666666666667,0.22072833333333322,0.3006016666666668
saod_top3 - cdf_sum:fpr95_extra,0.3025,0.2604937500000002,0.34124999999999983
saod_top3 - cdf_sum:rho_within,0.06491446891870004,-0.0063961292075602055,0.13854572497363124
saod_top3 - cdf_sum:rho_condition_lrp,0.22505599104143348,0.1932331326987682,0.2485179871220604
saod_top3 - cdf_sum:aurc_all,-0.028224570426643503,-0.050291978023123685,-0.006234718423381187
saod_top3 - convtu_mst:auroc_common,0.021412666666666746,-0.008899800000000112,0.05272099999999991
saod_top3 - convtu_mst:auroc_extra,0.007131250000000033,-0.015815437499999804,0.031123781249999986
saod_top3 - convtu_mst:aupr_common,-0.01321897705405839,-0.05205909141326872,0.02747002335242098
saod_top3 - convtu_mst:aupr_extra,-0.018625579291283056,-0.046315806202259786,0.01045939002207477
saod_top3 - convtu_mst:fpr95_common,0.021400000000000197,-0.019543333333333184,0.06853833333333333
saod_top3 - convtu_mst:fpr95_extra,0.06575000000000009,0.03200000000000003,0.10799999999999998
saod_top3 - convtu_mst:rho_within,0.02234972107254392,-0.06663256937848142,0.10879782518928231
saod_top3 - convtu_mst:rho_condition_lrp,0.4062150055991043,0.368193239081747,0.44508993561030225
saod_top3 - convtu_mst:aurc_all,-0.033647904231354,-0.057888455582713605,-0.009631181162793056
saod_top3 - convtu_edges:auroc_common,0.024014000000000202,-0.006803458333333165,0.05629814166666671
saod_top3 - convtu_edges:auroc_extra,0.013221249999999962,-0.011499843749999895,0.03780846874999996
saod_top3 - convtu_edges:aupr_common,-0.006459233982772927,-0.046241068427664046,0.03320037648726274
saod_top3 - convtu_edges:aupr_extra,-0.013499810569522874,-0.04160472318115935,0.016212362288664996
saod_top3 - convtu_edges:fpr95_common,0.028333333333333433,-0.01382500000000014,0.0734149999999998
saod_top3 - convtu_edges:fpr95_extra,0.0747500000000001,0.03499375000000014,0.11451250000000003
saod_top3 - convtu_edges:rho_within,0.026081741981076767,-0.06334017355475616,0.1142627710068744
saod_top3 - convtu_edges:rho_condition_lrp,0.41681131019036965,0.37596164613661803,0.4540481522956326
saod_top3 - convtu_edges:aurc_all,-0.032327925764629506,-0.057000149519941166,-0.008682381673435215
saod_top3 - convtu_acts:auroc_common,0.011357333333333552,-0.016680116666666585,0.03923807500000002
saod_top3 - convtu_acts:auroc_extra,0.01864374999999996,-0.0021789999999998837,0.039228343749999874
saod_top3 - convtu_acts:aupr_common,-0.022264875831218944,-0.0627728954144828,0.017798378123607395
saod_top3 - convtu_acts:aupr_extra,-0.01705627319128289,-0.04427694271190476,0.010165683696674628
saod_top3 - convtu_acts:fpr95_common,0.05253333333333343,0.008659999999999723,0.10027833333333339
saod_top3 - convtu_acts:fpr95_extra,0.05725000000000002,0.015974999999999795,0.09575
saod_top3 - convtu_acts:rho_within,0.023318562286651023,-0.05667195401591567,0.0942935531159379
saod_top3 - convtu_acts:rho_condition_lrp,0.2713045912653975,0.23925706886898088,0.2990943449048153
saod_top3 - convtu_acts:aurc_all,-0.03739186617356616,-0.05932038426004184,-0.015434407487912583
saod_top3 - convtu_means:auroc_common,-0.1162696666666665,-0.1400343583333332,-0.0919999916666668
saod_top3 - convtu_means:auroc_extra,-0.22496625000000003,-0.2453398125,-0.2033891875
saod_top3 - convtu_means:aupr_common,-0.10495685189411097,-0.13875790022524356,-0.07173323135806554
saod_top3 - convtu_means:aupr_extra,-0.21432772780026743,-0.24313085889550953,-0.1837540401063856
saod_top3 - convtu_means:fpr95_common,0.31906666666666683,0.27852999999999994,0.3560066666666667
saod_top3 - convtu_means:fpr95_extra,0.45874999999999994,0.42199375000000006,0.49850624999999993
saod_top3 - convtu_means:rho_within,0.04818071698416673,-0.03248169289381899,0.13080497966456078
saod_top3 - convtu_means:rho_condition_lrp,0.48804591265397546,0.45532579787234045,0.5225510918253079
saod_top3 - convtu_means:aurc_all,-0.014968436138436347,-0.038966352430245835,0.007862500236916948
saod_top3 - ch_means_knn:auroc_common,-0.1162696666666665,-0.1400343583333332,-0.0919999916666668
saod_top3 - ch_means_knn:auroc_extra,-0.22496625000000003,-0.2453398125,-0.2033891875
saod_top3 - ch_means_knn:aupr_common,-0.10495685189411097,-0.13875790022524356,-0.07173323135806554
saod_top3 - ch_means_knn:aupr_extra,-0.21432772780026743,-0.24313085889550953,-0.1837540401063856
saod_top3 - ch_means_knn:fpr95_common,0.31906666666666683,0.27852999999999994,0.3560066666666667
saod_top3 - ch_means_knn:fpr95_extra,0.45874999999999994,0.42199375000000006,0.49850624999999993
saod_top3 - ch_means_knn:rho_within,0.04818071698416673,-0.03248169289381899,0.13080497966456078
saod_top3 - ch_means_knn:rho_condition_lrp,0.48804591265397546,0.45532579787234045,0.5225510918253079
saod_top3 - ch_means_knn:aurc_all,-0.014968436138436347,-0.038966352430245835,0.007862500236916948
saod_top3 - ch_means_own:auroc_common,-0.111653,-0.1333555333333334,-0.09024970833333347
saod_top3 - ch_means_own:auroc_extra,-0.19555374999999997,-0.21371128124999997,-0.17727881250000008
saod_top3 - ch_means_own:aupr_common,-0.11142658764331881,-0.14574840353295496,-0.07736552332273867
saod_top3 - ch_means_own:aupr_extra,-0.19711772256736526,-0.22423234263608063,-0.1672703632217967
saod_top3 - ch_means_own:fpr95_common,0.29320000000000007,0.25713166666666665,0.32967166666666653
saod_top3 - ch_means_own:fpr95_extra,0.4055000000000001,0.35973125,0.4382562500000002
saod_top3 - ch_means_own:rho_within,0.06726989307031278,-0.007536798909416972,0.14294826895390067
saod_top3 - ch_means_own:rho_condition_lrp,0.3114081746920493,0.27736317189249715,0.3387360022396417
saod_top3 - ch_means_own:aurc_all,-0.02577819798135972,-0.04681686710779332,-0.003995430517586578
saod_top3 - ch_top_knn:auroc_common,0.04466199999999998,0.018366749999999966,0.07363040833333342
saod_top3 - ch_top_knn:auroc_extra,-0.10563749999999994,-0.12620553125,-0.08324709374999996
saod_top3 - ch_top_knn:aupr_common,0.03509320644194058,0.0024128932076528976,0.0709964838267373
saod_top3 - ch_top_knn:aupr_extra,-0.10220087196103267,-0.12831516407877477,-0.07284301247590251
saod_top3 - ch_top_knn:fpr95_common,0.0950000000000002,0.058860000000000065,0.13327666666666674
saod_top3 - ch_top_knn:fpr95_extra,0.24424999999999997,0.20400000000000007,0.2819999999999997
saod_top3 - ch_top_knn:rho_within,0.0627695669936304,-0.034230893136452736,0.1661357174624792
saod_top3 - ch_top_knn:rho_condition_lrp,0.6070968645016799,0.5588826287793951,0.6370412234042553
saod_top3 - ch_top_knn:aurc_all,-0.04480576045305806,-0.07227932093468596,-0.0169367689716527
saod_top3 - ch_top_own:auroc_common,-0.08316033333333328,-0.11021439166666688,-0.0569455
saod_top3 - ch_top_own:auroc_extra,-0.0991225,-0.12126181249999998,-0.07859571874999999
saod_top3 - ch_top_own:aupr_common,-0.09340168284724704,-0.13232123385957803,-0.05642121523927609
saod_top3 - ch_top_own:aupr_extra,-0.09959483588819129,-0.12908367329824924,-0.06965453819005613
saod_top3 - ch_top_own:fpr95_common,0.23320000000000007,0.18592666666666693,0.28313833333333344
saod_top3 - ch_top_own:fpr95_extra,0.23025000000000007,0.18600000000000017,0.2682562500000001
saod_top3 - ch_top_own:rho_within,0.017780090166589727,-0.06910337954208186,0.09829588769688477
saod_top3 - ch_top_own:rho_condition_lrp,0.3437010078387459,0.3163297872340426,0.367414963605823
saod_top3 - ch_top_own:aurc_all,-0.036758291658148035,-0.05775357283723247,-0.015424777974461285
saod_top3 - ch_p99_knn:auroc_common,0.04935833333333339,0.022854074999999814,0.07764335833333326
saod_top3 - ch_p99_knn:auroc_extra,-0.10742750000000001,-0.12877659374999992,-0.08448234375000012
saod_top3 - ch_p99_knn:aupr_common,0.04265791844597322,0.00969030889745613,0.07857744090829037
saod_top3 - ch_p99_knn:aupr_extra,-0.09660862060275244,-0.1255276849766177,-0.06561514590396239
saod_top3 - ch_p99_knn:fpr95_common,0.09173333333333344,0.054454999999999996,0.12846999999999995
saod_top3 - ch_p99_knn:fpr95_extra,0.24475000000000002,0.20174999999999998,0.2805062500000002
saod_top3 - ch_p99_knn:rho_within,0.08015720401396137,-0.021295285889254476,0.1775251184220237
saod_top3 - ch_p99_knn:rho_condition_lrp,0.6375279955207168,0.5866016937290034,0.6733629619260918
saod_top3 - ch_p99_knn:aurc_all,-0.04564111407696814,-0.07303057048246017,-0.018389728997696916
saod_top3 - ch_p99_own:auroc_common,-0.06932066666666659,-0.09695730000000002,-0.04356030833333328
saod_top3 - ch_p99_own:auroc_extra,-0.10379625000000003,-0.12528815624999995,-0.08355387499999996
saod_top3 - ch_p99_own:aupr_common,-0.07547469470900114,-0.11270717853014434,-0.03927865191476157
saod_top3 - ch_p99_own:aupr_extra,-0.10202275394538285,-0.13013206055041154,-0.07228851062727122
saod_top3 - ch_p99_own:fpr95_common,0.2121333333333334,0.16620000000000013,0.2623366666666667
saod_top3 - ch_p99_own:fpr95_extra,0.2377499999999999,0.1974937499999999,0.2745062500000002
saod_top3 - ch_p99_own:rho_within,0.03465924429412731,-0.050689566022094366,0.11403250542537662
saod_top3 - ch_p99_own:rho_condition_lrp,0.33370660694288934,0.3045471724524077,0.35933965565509507
saod_top3 - ch_p99_own:aurc_all,-0.039037123111534955,-0.0601075158682189,-0.01707355549465656
saod_top3 - ch_grid_knn:auroc_common,0.17183133333333345,0.1479849333333334,0.19924960833333316
saod_top3 - ch_grid_knn:auroc_extra,0.016362500000000058,-0.0077026250000000705,0.03952574999999982
saod_top3 - ch_grid_knn:aupr_common,0.11167195633729232,0.08243421484649532,0.14384875314981227
saod_top3 - ch_grid_knn:aupr_extra,-0.00039284817253681936,-0.0236905128225061,0.02594468394105801
saod_top3 - ch_grid_knn:fpr95_common,-0.034533333333333194,-0.07106833333333318,0.0022033333333333098
saod_top3 - ch_grid_knn:fpr95_extra,0.08025000000000004,0.040500000000000085,0.12150625000000026
saod_top3 - ch_grid_knn:rho_within,0.0253963152151271,-0.06774241985780174,0.11974357996070464
saod_top3 - ch_grid_knn:rho_condition_lrp,0.7134658454647258,0.666106522956327,0.7425073488241882
saod_top3 - ch_grid_knn:aurc_all,-0.029404379260768554,-0.05411366254258604,-0.005879775847313809
saod_top3 - ch_grid_own:auroc_common,0.03579700000000019,0.014540891666666734,0.058318333333333326
saod_top3 - ch_grid_own:auroc_extra,-0.15181125000000018,-0.17097728125,-0.13191762500000004
saod_top3 - ch_grid_own:aupr_common,0.00329240450087509,-0.02772083268982625,0.03522520166339671
saod_top3 - ch_grid_own:aupr_extra,-0.14813220582172248,-0.17722887331176607,-0.1182596309512225
saod_top3 - ch_grid_own:fpr95_common,0.12826666666666664,0.09039166666666693,0.1640699999999999
saod_top3 - ch_grid_own:fpr95_extra,0.3172499999999999,0.2805000000000002,0.35324999999999995
saod_top3 - ch_grid_own:rho_within,0.05196899062348595,-0.02624459838763964,0.13160266687222516
saod_top3 - ch_grid_own:rho_condition_lrp,0.4578667413213886,0.4121339585666294,0.48635778275475927
saod_top3 - ch_grid_own:aurc_all,-0.02598171816559247,-0.047997876845882685,-0.003775425339406577
saod_min - contrastive:auroc_common,0.16362966666666656,0.13826887390043405,0.18563919082463093
saod_min - contrastive:auroc_extra,0.11163062499999987,0.08947064533459663,0.13012251857130425
saod_min - contrastive:aupr_common,0.19155342692546895,0.14684420317614416,0.20725751360691785
saod_min - contrastive:aupr_extra,0.12614451409177618,0.0891945586150249,0.14009052396270197
saod_min - contrastive:fpr95_common,-0.12173333333333347,-0.17214832651610237,-0.08767494702014077
saod_min - contrastive:fpr95_extra,-0.05224999999999991,-0.09630426231021541,-0.024082499410663226
saod_min - contrastive:rho_within,-0.07333793647045195,-0.13237846258550634,-0.018188368392507627
saod_min - contrastive:rho_condition_lrp,0.20195968645016793,0.13089725643896982,0.2842007278835387
saod_min - contrastive:aurc_all,0.011412186738267383,-0.0057082153269398,0.02727791185764879
saod_min - knn:auroc_common,0.14915616666666653,0.12319078749999997,0.1777582416666664
saod_min - knn:auroc_extra,0.04057062499999986,0.01933689062500008,0.06292434375000006
saod_min - knn:aupr_common,0.18721536215599066,0.15163344099278792,0.2169378747196601
saod_min - knn:aupr_extra,0.07663819446010367,0.04701154568747635,0.10313341367734422
saod_min - knn:fpr95_common,-0.1425333333333334,-0.17720166666666679,-0.0929333333333332
saod_min - knn:fpr95_extra,0.025249999999999995,-0.004756250000000139,0.06325000000000003
saod_min - knn:rho_within,0.14463556512389059,0.0568672955471145,0.22948672760720892
saod_min - knn:rho_condition_lrp,0.43626819708846587,0.3830459126539754,0.5208591125419934
saod_min - knn:aurc_all,-0.07507718571032673,-0.09495957255413753,-0.05463027776216126
saod_min - discopatch:auroc_common,-0.01787833333333333,-0.041791350000000074,0.006250133333333438
saod_min - discopatch:auroc_extra,-0.07810687500000013,-0.10080796874999995,-0.05578990624999997
saod_min - discopatch:aupr_common,0.022208439189879692,-0.013850352264446678,0.05403161665929871
saod_min - discopatch:aupr_extra,-0.04111020589327363,-0.07461502003569864,-0.00967130947353756
saod_min - discopatch:fpr95_common,0.14973333333333327,0.10717499999999996,0.1976100000000002
saod_min - discopatch:fpr95_extra,0.23875000000000002,0.19623124999999994,0.27549999999999997
saod_min - discopatch:rho_within,0.3171060247884147,0.21973785371621063,0.4114109363218017
saod_min - discopatch:rho_condition_lrp,0.3642637178051511,0.32045492721164615,0.3982110862262038
saod_min - discopatch:aurc_all,-0.09484546014012785,-0.1161378547269143,-0.07359808912213589
saod_min - hashemi:auroc_common,0.30766699999999997,0.2819140583333332,0.3359314958333335
saod_min - hashemi:auroc_extra,0.2292399999999999,0.20732259375000003,0.2558668437500001
saod_min - hashemi:aupr_common,0.30232507732305847,0.27028664048397105,0.3300114456517853
saod_min - hashemi:aupr_extra,0.22563754166068467,0.19837936579361298,0.25235097762447645
saod_min - hashemi:fpr95_common,-0.24913333333333332,-0.2848916666666664,-0.21173333333333344
saod_min - hashemi:fpr95_extra,-0.14049999999999974,-0.17125625000000022,-0.10775000000000001
saod_min - hashemi:rho_within,0.13776702431812474,0.05997765364132632,0.21510545895848027
saod_min - hashemi:rho_condition_lrp,1.3737402015677491,1.1792927631578949,1.504299412094065
saod_min - hashemi:aurc_all,-0.07107483094219003,-0.09299968992736442,-0.049532423304624866
saod_min - hashemi_enc:auroc_common,0.3942788333333333,0.37092879166666665,0.41997829583333324
saod_min - hashemi_enc:auroc_extra,0.27439812499999994,0.25233990625000013,0.29862668749999993
saod_min - hashemi_enc:aupr_common,0.3375735109478034,0.30858200066505553,0.363668925183445
saod_min - hashemi_enc:aupr_extra,0.23576572147112873,0.21001186998002128,0.2608821597059277
saod_min - hashemi_enc:fpr95_common,-0.25839999999999985,-0.2898966666666666,-0.22619333333333308
saod_min - hashemi_enc:fpr95_extra,-0.1459999999999998,-0.17375625000000017,-0.11750000000000026
saod_min - hashemi_enc:rho_within,0.24514760249119152,0.1635754178232504,0.316718716492858
saod_min - hashemi_enc:rho_condition_lrp,1.6433650615901456,1.592526595744681,1.678535134378499
saod_min - hashemi_enc:aurc_all,-0.15568770527136477,-0.17861614761126204,-0.13226492932170883
saod_min - cdf:auroc_common,-0.08313700000000013,-0.10855549166666684,-0.056528191666666686
saod_min - cdf:auroc_extra,-0.13889437500000013,-0.16110175000000002,-0.11501990625000001
saod_min - cdf:aupr_common,-0.03293597122000713,-0.07185461788863681,0.002659281434457718
saod_min - cdf:aupr_extra,-0.09493070969297879,-0.1292820342492409,-0.06072915467148731
saod_min - cdf:fpr95_common,0.30066666666666664,0.25771999999999995,0.34187333333333325
saod_min - cdf:fpr95_extra,0.37775000000000003,0.33724375000000006,0.41424999999999995
saod_min - cdf:rho_within,0.2414730216436278,0.1590768683233938,0.3209813168613314
saod_min - cdf:rho_condition_lrp,0.30333146696528546,0.26993945968645017,0.328109252519597
saod_min - cdf:aurc_all,-0.10200880031979653,-0.1215213170790176,-0.08172542432346021
saod_min - cdf_sum:auroc_common,-0.04244899999999996,-0.06930901666666667,-0.015109283333333326
saod_min - cdf_sum:auroc_extra,-0.089034375,-0.11328278125000005,-0.06444021874999983
saod_min - cdf_sum:aupr_common,0.004859287162341408,-0.03378660589646252,0.037477968050338956
saod_min - cdf_sum:aupr_extra,-0.04596374779561041,-0.07904556037508934,-0.015172141388353507
saod_min - cdf_sum:fpr95_common,0.20366666666666655,0.1625233333333334,0.2492033333333333
saod_min - cdf_sum:fpr95_extra,0.27175000000000005,0.22850000000000004,0.3117625
saod_min - cdf_sum:rho_within,0.20517637201281208,0.12121131494092592,0.28467589499390256
saod_min - cdf_sum:rho_condition_lrp,0.21741321388577828,0.1870247760358342,0.24413213885778295
saod_min - cdf_sum:aurc_all,-0.09975849956683458,-0.12036251436820034,-0.07896459217057708
saod_min - convtu_mst:auroc_common,0.08150366666666664,0.05482737499999982,0.11098151666666653
saod_min - convtu_mst:auroc_extra,0.05414062499999994,0.03156778125000001,0.0773807031250001
saod_min - convtu_mst:aupr_common,0.08478269879214051,0.04779530818405309,0.11801133679813133
saod_min - convtu_mst:aupr_extra,0.0614547718681685,0.033141802951022335,0.0891988330254852
saod_min - convtu_mst:fpr95_common,-0.03479999999999994,-0.07287166666666675,0.008273333333333304
saod_min - convtu_mst:fpr95_extra,0.03500000000000014,0.0025000000000000577,0.07474999999999987
saod_min - convtu_mst:rho_within,0.16261162416665595,0.08801013473184323,0.23326450857984324
saod_min - convtu_mst:rho_condition_lrp,0.3985722284434491,0.36202162653975367,0.4390264557670775
saod_min - convtu_mst:aurc_all,-0.10518183337154507,-0.12555101031511234,-0.08697849791221997
saod_min - convtu_edges:auroc_common,0.0841050000000001,0.05609872499999978,0.1137038333333333
saod_min - convtu_edges:auroc_extra,0.06023062499999987,0.037932406249999974,0.08431906249999989
saod_min - convtu_edges:aupr_common,0.09154244186342597,0.054431091739876605,0.12499133680715858
saod_min - convtu_edges:aupr_extra,0.06658054058992868,0.03654798644563014,0.09401341052690787
saod_min - convtu_edges:fpr95_common,-0.027866666666666706,-0.06933666666666659,0.017071666666666672
saod_min - convtu_edges:fpr95_extra,0.04400000000000015,0.005999999999999783,0.08301250000000006
saod_min - convtu_edges:rho_within,0.16634364507518878,0.09315854899981314,0.23587527037092135
saod_min - convtu_edges:rho_condition_lrp,0.40916853303471445,0.37073593225083995,0.44883923572228446
saod_min - convtu_edges:aurc_all,-0.10386185490482058,-0.12432914913070771,-0.08587027762724567
saod_min - convtu_acts:auroc_common,0.07144833333333345,0.047765191666666595,0.09804214166666674
saod_min - convtu_acts:auroc_extra,0.06565312499999987,0.04509775000000009,0.08745990624999989
saod_min - convtu_acts:aupr_common,0.07573680001497995,0.0388384073911798,0.1118573051403487
saod_min - convtu_acts:aupr_extra,0.06302407796816867,0.03542892957225746,0.09059948604111209
saod_min - convtu_acts:fpr95_common,-0.003666666666666707,-0.043674999999999964,0.041216666666666665
saod_min - convtu_acts:fpr95_extra,0.02650000000000008,-0.011250000000000093,0.06300624999999983
saod_min - convtu_acts:rho_within,0.16358046538076304,0.09638942102087054,0.22542256362632668
saod_min - convtu_acts:rho_condition_lrp,0.2636618141097423,0.23334861422172437,0.2936005739081748
saod_min - convtu_acts:aurc_all,-0.10892579531375723,-0.13041668874806236,-0.08855657554288203
saod_min - convtu_means:auroc_common,-0.0561786666666666,-0.08225348333333347,-0.029941475000000068
saod_min - convtu_means:auroc_extra,-0.17795687500000013,-0.20005165625000004,-0.1549248750000001
saod_min - convtu_means:aupr_common,-0.0069551760479120706,-0.04623369386752429,0.025847296589908742
saod_min - convtu_means:aupr_extra,-0.13424737664081587,-0.1684711485597001,-0.09899990020141822
saod_min - convtu_means:fpr95_common,0.2628666666666667,0.21792666666666677,0.3112033333333334
saod_min - convtu_means:fpr95_extra,0.428,0.3902437499999999,0.4732562500000001
saod_min - convtu_means:rho_within,0.18844262007827878,0.10789549877755836,0.26940939396697544
saod_min - convtu_means:rho_condition_lrp,0.48040313549832026,0.44922872340425546,0.5153034014557671
saod_min - convtu_means:aurc_all,-0.08650236527862742,-0.10410404832641944,-0.06846047559539141
saod_min - ch_means_knn:auroc_common,-0.0561786666666666,-0.08225348333333347,-0.029941475000000068
saod_min - ch_means_knn:auroc_extra,-0.17795687500000013,-0.20005165625000004,-0.1549248750000001
saod_min - ch_means_knn:aupr_common,-0.0069551760479120706,-0.04623369386752429,0.025847296589908742
saod_min - ch_means_knn:aupr_extra,-0.13424737664081587,-0.1684711485597001,-0.09899990020141822
saod_min - ch_means_knn:fpr95_common,0.2628666666666667,0.21792666666666677,0.3112033333333334
saod_min - ch_means_knn:fpr95_extra,0.428,0.3902437499999999,0.4732562500000001
saod_min - ch_means_knn:rho_within,0.18844262007827878,0.10789549877755836,0.26940939396697544
saod_min - ch_means_knn:rho_condition_lrp,0.48040313549832026,0.44922872340425546,0.5153034014557671
saod_min - ch_means_knn:aurc_all,-0.08650236527862742,-0.10410404832641944,-0.06846047559539141
saod_min - ch_means_own:auroc_common,-0.05156200000000011,-0.07379283333333339,-0.02976360000000001
saod_min - ch_means_own:auroc_extra,-0.14854437500000006,-0.16796696874999986,-0.12727940624999992
saod_min - ch_means_own:aupr_common,-0.01342491179711991,-0.04961572694098948,0.02043857241820508
saod_min - ch_means_own:aupr_extra,-0.1170373714079137,-0.15041561131914022,-0.08270996409355927
saod_min - ch_means_own:fpr95_common,0.23699999999999993,0.1977300000000001,0.2784699999999999
saod_min - ch_means_own:fpr95_extra,0.37475000000000014,0.32824374999999995,0.41025000000000006
saod_min - ch_means_own:rho_within,0.2075317961644248,0.12493502053970162,0.28287758486076897
saod_min - ch_means_own:rho_condition_lrp,0.3037653975363941,0.27199818029115336,0.3328163493840984
saod_min - ch_means_own:aurc_all,-0.0973121271215508,-0.11566407270452878,-0.0779580578460894
saod_min - ch_top_knn:auroc_common,0.10475299999999987,0.08233492499999995,0.1293816666666667
saod_min - ch_top_knn:auroc_extra,-0.05862812500000003,-0.07867774999999996,-0.03695707812500004
saod_min - ch_top_knn:aupr_common,0.13309488228813948,0.10367941580932657,0.16101201742995577
saod_min - ch_top_knn:aupr_extra,-0.02212052080158111,-0.05014396701365871,0.007094940622910895
saod_min - ch_top_knn:fpr95_common,0.03880000000000006,0.004858333333333462,0.07746666666666657
saod_min - ch_top_knn:fpr95_extra,0.21350000000000002,0.17424375000000003,0.2507562499999999
saod_min - ch_top_knn:rho_within,0.20303147008774242,0.1254368541328885,0.28145554712389687
saod_min - ch_top_knn:rho_condition_lrp,0.5994540873460246,0.551343784994401,0.6311096724524077
saod_min - ch_top_knn:aurc_all,-0.11633968959324914,-0.13980740346973153,-0.09406746198461981
saod_min - ch_top_own:auroc_common,-0.023069333333333386,-0.049964075000000094,0.003682483333333383
saod_min - ch_top_own:auroc_extra,-0.05211312500000009,-0.07532953124999985,-0.029550031249999893
saod_min - ch_top_own:aupr_common,0.004599992998951863,-0.036298437413560876,0.0383551184540138
saod_min - ch_top_own:aupr_extra,-0.019514484728739734,-0.05372313819813053,0.011639015440631787
saod_min - ch_top_own:fpr95_common,0.17699999999999994,0.12845333333333328,0.23100333333333342
saod_min - ch_top_own:fpr95_extra,0.19950000000000012,0.15773749999999995,0.23850000000000005
saod_min - ch_top_own:rho_within,0.15804199326070176,0.07706625764384843,0.2371984624391574
saod_min - ch_top_own:rho_condition_lrp,0.3360582306830907,0.3107880739081747,0.36066489361702136
saod_min - ch_top_own:aurc_all,-0.10829222079833911,-0.12918687775546547,-0.08864432211754002
saod_min - ch_p99_knn:auroc_common,0.10944933333333329,0.08538962500000012,0.1340934416666667
saod_min - ch_p99_knn:auroc_extra,-0.0604181250000001,-0.08071931249999992,-0.03808581249999992
saod_min - ch_p99_knn:aupr_common,0.14065959429217212,0.10858086407066583,0.16926418266204996
saod_min - ch_p99_knn:aupr_extra,-0.01652826944330088,-0.04704704094111899,0.01364757702990462
saod_min - ch_p99_knn:fpr95_common,0.035533333333333306,-6.999999999998933e-05,0.07395833333333349
saod_min - ch_p99_knn:fpr95_extra,0.21400000000000008,0.17273125000000006,0.25226249999999983
saod_min - ch_p99_knn:rho_within,0.2204191071080734,0.1391615731166975,0.30101789308090804
saod_min - ch_p99_knn:rho_condition_lrp,0.6298852183650616,0.5809997900335948,0.6662251539753637
saod_min - ch_p99_knn:aurc_all,-0.11717504321715921,-0.1401697000021588,-0.09441649761537135
saod_min - ch_p99_own:auroc_common,-0.009229666666666692,-0.03628431666666662,0.018014341666666586
saod_min - ch_p99_own:auroc_extra,-0.056786875000000125,-0.07988193749999983,-0.03352406250000002
saod_min - ch_p99_own:aupr_common,0.022526981137197755,-0.01748195372223896,0.05599861770678384
saod_min - ch_p99_own:aupr_extra,-0.021942402785931292,-0.05422627948534358,0.00913413303732914
saod_min - ch_p99_own:fpr95_common,0.15593333333333326,0.11113166666666653,0.20860166666666669
saod_min - ch_p99_own:fpr95_extra,0.20699999999999996,0.1674875000000002,0.2440062500000001
saod_min - ch_p99_own:rho_within,0.17492114738823933,0.09028675117544095,0.2552599643408929
saod_min - ch_p99_own:rho_condition_lrp,0.32606382978723414,0.29866216405375146,0.3540978443449048
saod_min - ch_p99_own:aurc_all,-0.11057105225172603,-0.1317553890883112,-0.08966214269133385
saod_min - ch_grid_knn:auroc_common,0.23192233333333334,0.20994318333333317,0.25589923333333336
saod_min - ch_grid_knn:auroc_extra,0.06337187499999997,0.0423993593750001,0.08643482812499992
saod_min - ch_grid_knn:aupr_common,0.20967363218349122,0.17964499515602042,0.2369342570053705
saod_min - ch_grid_knn:aupr_extra,0.07968750298691474,0.05067884956158429,0.10676505692614553
saod_min - ch_grid_knn:fpr95_common,-0.09073333333333333,-0.12886833333333347,-0.05192499999999995
saod_min - ch_grid_knn:fpr95_extra,0.0495000000000001,0.013487500000000067,0.09100625000000018
saod_min - ch_grid_knn:rho_within,0.16565821830923913,0.07760774910466393,0.24933079256803636
saod_min - ch_grid_knn:rho_condition_lrp,0.7058230683090705,0.6597235442329226,0.7371374580067189
saod_min - ch_grid_knn:aurc_all,-0.10093830840095963,-0.11953839982291108,-0.08056245809025601
saod_min - ch_grid_own:auroc_common,0.09588800000000008,0.07443178333333335,0.11751411666666653
saod_min - ch_grid_own:auroc_extra,-0.10480187500000027,-0.12432303125,-0.08509764062499996
saod_min - ch_grid_own:aupr_common,0.10129408034707399,0.06835335750897348,0.13054807037988833
saod_min - ch_grid_own:aupr_extra,-0.06805185466227093,-0.1021022964475858,-0.03701623709591507
saod_min - ch_grid_own:fpr95_common,0.0720666666666665,0.033526666666666635,0.11395166666666676
saod_min - ch_grid_own:fpr95_extra,0.2865,0.24949374999999996,0.32924999999999993
saod_min - ch_grid_own:rho_within,0.192230893717598,0.11094293614312138,0.2658587343651437
saod_min - ch_grid_own:rho_condition_lrp,0.4502239641657334,0.40660274356103016,0.4791688829787234
saod_min - ch_grid_own:aurc_all,-0.09751564730578355,-0.11547887877705215,-0.0788548464959039
contrastive - knn:auroc_common,-0.014473500000000028,-0.04272300770540723,0.01684410704024804
contrastive - knn:auroc_extra,-0.07106000000000001,-0.092610682963461,-0.04672185892004502
contrastive - knn:aupr_common,-0.004338064769478289,-0.017667627883069935,0.03302050376191708
contrastive - knn:aupr_extra,-0.04950631963167251,-0.05943457613965088,-0.017082910825779656
contrastive - knn:fpr95_common,-0.02079999999999993,-0.04767289592198383,0.042353968710099575
contrastive - knn:fpr95_extra,0.0774999999999999,0.049518286077398055,0.12748866726663244
contrastive - knn:rho_within,0.21797350159434253,0.14168505736193945,0.29249770787421725
contrastive - knn:rho_condition_lrp,0.23430851063829794,0.14059665453527448,0.3468004619260919
contrastive - knn:aurc_all,-0.08648937244859412,-0.10686950846821601,-0.06362209481799128
contrastive - discopatch:auroc_common,-0.1815079999999999,-0.2086371877715538,-0.15094139006063634
contrastive - discopatch:auroc_extra,-0.1897375,-0.21330443935182264,-0.16326466016979282
contrastive - discopatch:aupr_common,-0.16934498773558926,-0.1840913710727383,-0.12835522273057814
contrastive - discopatch:aupr_extra,-0.16725471998504982,-0.1813322109381058,-0.12991409269254564
contrastive - discopatch:fpr95_common,0.27146666666666674,0.23282413355649278,0.3350790570751848
contrastive - discopatch:fpr95_extra,0.2909999999999999,0.24633910269184855,0.3436960273484805
contrastive - discopatch:rho_within,0.39044396125886666,0.29589832977641545,0.4802835192607133
contrastive - discopatch:rho_condition_lrp,0.16230403135498317,0.06743001119820823,0.23908034714445683
contrastive - discopatch:aurc_all,-0.10625764687839523,-0.1287537702442704,-0.08097747340066483
contrastive - hashemi:auroc_common,0.1440373333333334,0.12164634421045853,0.17287428875971125
contrastive - hashemi:auroc_extra,0.11760937500000002,0.09897873900977779,0.14259492384235112
contrastive - hashemi:aupr_common,0.11077165039758952,0.10804742900920969,0.14165419258794634
contrastive - hashemi:aupr_extra,0.09949302756890849,0.09657759310105894,0.12696418667990408
contrastive - hashemi:fpr95_common,-0.12739999999999985,-0.15231643488302282,-0.08301629780160012
contrastive - hashemi:fpr95_extra,-0.08824999999999983,-0.11221959661028569,-0.048615275982568935
contrastive - hashemi:rho_within,0.21110496078857668,0.15369211482266487,0.2741191034076933
contrastive - hashemi:rho_condition_lrp,1.1717805151175813,1.008265343811698,1.2899044652855542
contrastive - hashemi:aurc_all,-0.08248701768045741,-0.09985267656272814,-0.06618117400937004
contrastive - hashemi_enc:auroc_common,0.23064916666666674,0.21044868281047246,0.2576452749385506
contrastive - hashemi_enc:auroc_extra,0.16276750000000006,0.14107732620551852,0.18873764615653665
contrastive - hashemi_enc:aupr_common,0.14602008402233446,0.14299046301058016,0.1776306675888169
contrastive - hashemi_enc:aupr_extra,0.10962120737935255,0.10532029680267234,0.13925872088511593
contrastive - hashemi_enc:fpr95_common,-0.13666666666666638,-0.16133287925329728,-0.09192169638299647
contrastive - hashemi_enc:fpr95_extra,-0.09374999999999989,-0.11773128344880222,-0.05531899965792134
contrastive - hashemi_enc:rho_within,0.31848553896164344,0.25982546665811035,0.37443143959989605
contrastive - hashemi_enc:rho_condition_lrp,1.4414053751399778,1.361012388017917,1.505339795632699
contrastive - hashemi_enc:aurc_all,-0.16709989200963216,-0.18615835622020205,-0.14904251707525132
contrastive - cdf:auroc_common,-0.2467666666666667,-0.27985741903333616,-0.21344118021093372
contrastive - cdf:auroc_extra,-0.250525,-0.277236426080236,-0.22149276937961496
contrastive - cdf:aupr_common,-0.22448939814547608,-0.24526104592108064,-0.18113769615787012
contrastive - cdf:aupr_extra,-0.22107522378475497,-0.23637635007825591,-0.18159793917854156
contrastive - cdf:fpr95_common,0.4224000000000001,0.3785586867446775,0.48323348790075527
contrastive - cdf:fpr95_extra,0.42999999999999994,0.3854051993210503,0.48497695583843853
contrastive - cdf:rho_within,0.3148109581140797,0.2346432566981857,0.3886447415462143
contrastive - cdf:rho_condition_lrp,0.10137178051511753,0.006157614781634847,0.17377764557670777
contrastive - cdf:aurc_all,-0.11342098705806392,-0.13704339251410416,-0.08773281981864543
contrastive - cdf_sum:auroc_common,-0.20607866666666652,-0.23869320214216758,-0.17308722582707511
contrastive - cdf_sum:auroc_extra,-0.20066499999999987,-0.22825507245085605,-0.17030316059088957
contrastive - cdf_sum:aupr_common,-0.18669413976312754,-0.20431473190725113,-0.14586886180741668
contrastive - cdf_sum:aupr_extra,-0.1721082618873866,-0.18672021540805472,-0.1359263914637073
contrastive - cdf_sum:fpr95_common,0.3254,0.28541777059979895,0.3875187355464081
contrastive - cdf_sum:fpr95_extra,0.32399999999999995,0.27941304143683415,0.37836180040332046
contrastive - cdf_sum:rho_within,0.27851430848326403,0.19929308528906,0.353762941384249
contrastive - cdf_sum:rho_condition_lrp,0.015453527435610348,-0.07728233482642778,0.09319603863381873
contrastive - cdf_sum:aurc_all,-0.11117068630510196,-0.1363623944459949,-0.08446304915696679
contrastive - convtu_mst:auroc_common,-0.08212599999999992,-0.10993419474863524,-0.048812359736349696
contrastive - convtu_mst:auroc_extra,-0.05748999999999993,-0.08045603421833468,-0.02927357723989452
contrastive - convtu_mst:aupr_common,-0.10677072813332844,-0.12447954491450736,-0.06283141604252679
contrastive - convtu_mst:aupr_extra,-0.06468974222360768,-0.07609780492414435,-0.02775084206948826
contrastive - convtu_mst:fpr95_common,0.08693333333333353,0.05499282557986954,0.14608323894108638
contrastive - convtu_mst:fpr95_extra,0.08725000000000005,0.05791964800161803,0.13892029412783505
contrastive - convtu_mst:rho_within,0.2359495606371079,0.15256899147953967,0.30642617824197826
contrastive - convtu_mst:rho_condition_lrp,0.19661254199328115,0.10390257558790589,0.27647151455767077
contrastive - convtu_mst:aurc_all,-0.11659402010981246,-0.13991887827642252,-0.09427544654110849
contrastive - convtu_edges:auroc_common,-0.07952466666666647,-0.1101420431230709,-0.0454207753994956
contrastive - convtu_edges:auroc_extra,-0.0514,-0.07460204861965018,-0.02332080072172491
contrastive - convtu_edges:aupr_common,-0.10001098506204298,-0.11835774629334672,-0.054773446273230525
contrastive - convtu_edges:aupr_extra,-0.0595639735018475,-0.07282696675381994,-0.021705266212250888
contrastive - convtu_edges:fpr95_common,0.09386666666666676,0.057697223986072486,0.15372104628697442
contrastive - convtu_edges:fpr95_extra,0.09625000000000006,0.05928665566582593,0.14704833675682674
contrastive - convtu_edges:rho_within,0.23968158154564073,0.159383726066694,0.3131439938308115
contrastive - convtu_edges:rho_condition_lrp,0.20720884658454652,0.11343994960806267,0.28732117861142203
contrastive - convtu_edges:aurc_all,-0.11527404164308797,-0.13847142351237512,-0.09291036137153517
contrastive - convtu_acts:auroc_common,-0.09218133333333312,-0.12285601794720122,-0.05851593918532414
contrastive - convtu_acts:auroc_extra,-0.045977500000000004,-0.06914262265490569,-0.018198142028806864
contrastive - convtu_acts:aupr_common,-0.115816626910489,-0.13606831154217894,-0.06936763859148806
contrastive - convtu_acts:aupr_extra,-0.06312043612360752,-0.07385296853420027,-0.028479410580021763
contrastive - convtu_acts:fpr95_common,0.11806666666666676,0.07805424971767343,0.17912169876443435
contrastive - convtu_acts:fpr95_extra,0.07874999999999999,0.04369425191870492,0.1288178340863588
contrastive - convtu_acts:rho_within,0.236918401851215,0.15668395154625375,0.3146995814715307
contrastive - convtu_acts:rho_condition_lrp,0.06170212765957439,-0.03758608622620373,0.1402197648376259
contrastive - convtu_acts:aurc_all,-0.12033798205202462,-0.14433210079304243,-0.09473721836555576
contrastive - convtu_means:auroc_common,-0.21980833333333316,-0.24889480681048376,-0.18782503626580752
contrastive - convtu_means:auroc_extra,-0.2895875,-0.31406574530108344,-0.26057085211189107
contrastive - convtu_means:aupr_common,-0.19850860297338102,-0.21650750213111047,-0.15558878753644775
contrastive - convtu_means:aupr_extra,-0.26039189073259206,-0.27938757306342304,-0.21864946983638572
contrastive - convtu_means:fpr95_common,0.38460000000000016,0.3394486214588965,0.4462718113194484
contrastive - convtu_means:fpr95_extra,0.4802499999999999,0.4420935520204626,0.5382130976592764
contrastive - convtu_means:rho_within,0.2617805565487307,0.18924679514431134,0.3360160556670038
contrastive - convtu_means:rho_condition_lrp,0.2784434490481523,0.18655725083986577,0.3582054871220605
contrastive - convtu_means:aurc_all,-0.0979145520168948,-0.116918283683081,-0.07718852647482144
contrastive - ch_means_knn:auroc_common,-0.21980833333333316,-0.24889480681048376,-0.18782503626580752
contrastive - ch_means_knn:auroc_extra,-0.2895875,-0.31406574530108344,-0.26057085211189107
contrastive - ch_means_knn:aupr_common,-0.19850860297338102,-0.21650750213111047,-0.15558878753644775
contrastive - ch_means_knn:aupr_extra,-0.26039189073259206,-0.27938757306342304,-0.21864946983638572
contrastive - ch_means_knn:fpr95_common,0.38460000000000016,0.3394486214588965,0.4462718113194484
contrastive - ch_means_knn:fpr95_extra,0.4802499999999999,0.4420935520204626,0.5382130976592764
contrastive - ch_means_knn:rho_within,0.2617805565487307,0.18924679514431134,0.3360160556670038
contrastive - ch_means_knn:rho_condition_lrp,0.2784434490481523,0.18655725083986577,0.3582054871220605
contrastive - ch_means_knn:aurc_all,-0.0979145520168948,-0.116918283683081,-0.07718852647482144
contrastive - ch_means_own:auroc_common,-0.21519166666666667,-0.24171575038439494,-0.1854607699718805
contrastive - ch_means_own:auroc_extra,-0.26017499999999993,-0.2845322389552286,-0.23324740107207245
contrastive - ch_means_own:aupr_common,-0.20497833872258886,-0.22326803108167487,-0.1621895332219295
contrastive - ch_means_own:aupr_extra,-0.2431818854996899,-0.2588296654433632,-0.2032698719144747
contrastive - ch_means_own:fpr95_common,0.3587333333333334,0.32007880928541865,0.41641495020369507
contrastive - ch_means_own:fpr95_extra,0.42700000000000005,0.3768917707825872,0.4784549604068394
contrastive - ch_means_own:rho_within,0.28086973263487675,0.20426897946569306,0.3510585432790073
contrastive - ch_means_own:rho_condition_lrp,0.10180571108622616,0.008096654535274346,0.17896836506159006
contrastive - ch_means_own:aurc_all,-0.10872431385981818,-0.1304096148235259,-0.08430812213270475
contrastive - ch_top_knn:auroc_common,-0.05887666666666669,-0.08533556010987067,-0.02773693082270641
contrastive - ch_top_knn:auroc_extra,-0.1702587499999999,-0.19124910788602092,-0.14340409183502556
contrastive - ch_top_knn:aupr_common,-0.05845854463732947,-0.07224975717019144,-0.018064589846957937
contrastive - ch_top_knn:aupr_extra,-0.1482650348933573,-0.16244692500262964,-0.1107151053148173
contrastive - ch_top_knn:fpr95_common,0.16053333333333353,0.12904979879726186,0.21039898714006408
contrastive - ch_top_knn:fpr95_extra,0.26574999999999993,0.22852972895815066,0.31471597222222214
contrastive - ch_top_knn:rho_within,0.27636940655819436,0.19726577351141006,0.3594330038948024
contrastive - ch_top_knn:rho_condition_lrp,0.3974944008958567,0.30004024356103026,0.47169057950727883
contrastive - ch_top_knn:aurc_all,-0.12775187633151652,-0.15136095370597408,-0.10490900814902712
contrastive - ch_top_own:auroc_common,-0.18669899999999995,-0.21608111299137037,-0.15466382319492092
contrastive - ch_top_own:auroc_extra,-0.16374374999999997,-0.186285729337858,-0.13719784926486173
contrastive - ch_top_own:aupr_common,-0.1869534339265171,-0.20707825217361425,-0.1431918910091894
contrastive - ch_top_own:aupr_extra,-0.14565899882051592,-0.1599143598219299,-0.10869677535285951
contrastive - ch_top_own:fpr95_common,0.2987333333333334,0.2560083317026455,0.3632005892937471
contrastive - ch_top_own:fpr95_extra,0.25175000000000003,0.21345473223351133,0.3036222508022668
contrastive - ch_top_own:rho_within,0.2313799297311537,0.15261676545520572,0.30721861855533605
contrastive - ch_top_own:rho_condition_lrp,0.13409854423292278,0.04310680291153407,0.21082831746920494
contrastive - ch_top_own:aurc_all,-0.1197044075366065,-0.14326699553279812,-0.09516263101172387
contrastive - ch_p99_knn:auroc_common,-0.054180333333333275,-0.08106379477515274,-0.02275925976874377
contrastive - ch_p99_knn:auroc_extra,-0.17204874999999997,-0.19518755336603602,-0.14350336478946046
contrastive - ch_p99_knn:aupr_common,-0.05089383263329683,-0.06705083052484019,-0.009628189717246638
contrastive - ch_p99_knn:aupr_extra,-0.14267278353507706,-0.1598742588270954,-0.10218143462699493
contrastive - ch_p99_knn:fpr95_common,0.15726666666666678,0.12548255002090375,0.20798930298830298
contrastive - ch_p99_knn:fpr95_extra,0.26625,0.2256977823958434,0.3176845976913542
contrastive - ch_p99_knn:rho_within,0.29375704357852533,0.2137396700102885,0.37680977816436234
contrastive - ch_p99_knn:rho_condition_lrp,0.4279255319148937,0.3280539613661815,0.5041520856662934
contrastive - ch_p99_knn:aurc_all,-0.1285872299554266,-0.1521807915877493,-0.10482595745704486
contrastive - ch_p99_own:auroc_common,-0.17285933333333325,-0.20212651103609386,-0.14078680275720765
contrastive - ch_p99_own:auroc_extra,-0.1684175,-0.19215635527717895,-0.14145013082781205
contrastive - ch_p99_own:aupr_common,-0.1690264457882712,-0.18861472627104953,-0.126623991505693
contrastive - ch_p99_own:aupr_extra,-0.14808691687770748,-0.16137741627984734,-0.11172020327779875
contrastive - ch_p99_own:fpr95_common,0.27766666666666673,0.23446276941882419,0.342079891848553
contrastive - ch_p99_own:fpr95_extra,0.25924999999999987,0.21944983209547403,0.31140135129856356
contrastive - ch_p99_own:rho_within,0.24825908385869128,0.16941223440031125,0.3264450433881907
contrastive - ch_p99_own:rho_condition_lrp,0.12410414333706621,0.031039333706606914,0.20262493001119825
contrastive - ch_p99_own:aurc_all,-0.12198323898999341,-0.14606751983977243,-0.09664257319541585
contrastive - ch_grid_knn:auroc_common,0.06829266666666678,0.04536037858493404,0.09559142379323456
contrastive - ch_grid_knn:auroc_extra,-0.048258749999999906,-0.06827456596048143,-0.023613504964463197
contrastive - ch_grid_knn:aupr_common,0.01812020525802227,0.011983370122119943,0.05327000470384211
contrastive - ch_grid_knn:aupr_extra,-0.046457011104861445,-0.05370671416799129,-0.013107451413252688
contrastive - ch_grid_knn:fpr95_common,0.03100000000000014,-0.0003095367924441122,0.08364953057847185
contrastive - ch_grid_knn:fpr95_extra,0.10175000000000001,0.07040179439056385,0.15547299256491465
contrastive - ch_grid_knn:rho_within,0.23899615477969108,0.1589943840087281,0.30830226741968547
contrastive - ch_grid_knn:rho_condition_lrp,0.5038633818589027,0.4128513437849945,0.5735592805151175
contrastive - ch_grid_knn:aurc_all,-0.11235049513922701,-0.13106657753989906,-0.09261433117430423
contrastive - ch_grid_own:auroc_common,-0.06774166666666648,-0.08928334712515734,-0.04028212471462843
contrastive - ch_grid_own:auroc_extra,-0.21643250000000014,-0.23623641615681504,-0.19086286486294002
contrastive - ch_grid_own:aupr_common,-0.09025934657839496,-0.1010106297047506,-0.05395753875847082
contrastive - ch_grid_own:aupr_extra,-0.1941963687540471,-0.2102092912162335,-0.15641044475738755
contrastive - ch_grid_own:fpr95_common,0.19379999999999997,0.1610146212339332,0.24721193502278416
contrastive - ch_grid_own:fpr95_extra,0.3387499999999999,0.3036217606036899,0.39510125648355215
contrastive - ch_grid_own:rho_within,0.26556883018804994,0.1952612744544229,0.33067204023722846
contrastive - ch_grid_own:rho_condition_lrp,0.24826427771556547,0.15010043393057096,0.3195002799552072
contrastive - ch_grid_own:aurc_all,-0.10892783404405093,-0.1287483107488426,-0.08683115578736181
knn - discopatch:auroc_common,-0.16703449999999986,-0.19351998333333306,-0.13930317083333338
knn - discopatch:auroc_extra,-0.11867749999999999,-0.1426180625,-0.09424356250000021
knn - discopatch:aupr_common,-0.16500692296611097,-0.19141799261959966,-0.13633117033939712
knn - discopatch:aupr_extra,-0.1177484003533773,-0.1436331707264124,-0.09016038154645026
knn - discopatch:fpr95_common,0.2922666666666667,0.24639166666666662,0.32934000000000013
knn - discopatch:fpr95_extra,0.21350000000000002,0.16098750000000003,0.25000625
knn - discopatch:rho_within,0.17247045966452415,0.07326930319636746,0.26859381096953255
knn - discopatch:rho_condition_lrp,-0.07200447928331477,-0.17605648096304596,-0.00036709126539751706
knn - discopatch:aurc_all,-0.019768274429801114,-0.043771047381470814,0.0052982181793145965
knn - hashemi:auroc_common,0.15851083333333343,0.1261398708333334,0.1913295416666667
knn - hashemi:auroc_extra,0.18866937500000003,0.16293901562500004,0.21619815625000008
knn - hashemi:aupr_common,0.1151097151670678,0.09237195598520809,0.1399200675862344
knn - hashemi:aupr_extra,0.148999347200581,0.12975202597197935,0.16964207630024716
knn - hashemi:fpr95_common,-0.10659999999999992,-0.14566833333333307,-0.07759499999999979
knn - hashemi:fpr95_extra,-0.16574999999999973,-0.20150625,-0.13523125
knn - hashemi:rho_within,-0.006868540805765835,-0.0994313740678455,0.08305022319789925
knn - hashemi:rho_condition_lrp,0.9374720044792832,0.7214746640537514,1.0840075587905935
knn - hashemi:aurc_all,0.004002354768136707,-0.01997402687154253,0.02516921117929509
knn - hashemi_enc:auroc_common,0.24512266666666677,0.21576146249999995,0.27413017083333335
knn - hashemi_enc:auroc_extra,0.23382750000000008,0.2087145468749999,0.25915867187499997
knn - hashemi_enc:aupr_common,0.15035814879181275,0.13181482480857487,0.17090040961295108
knn - hashemi_enc:aupr_extra,0.15912752701102506,0.14128311534592253,0.1778868994365587
knn - hashemi_enc:fpr95_common,-0.11586666666666645,-0.15193499999999982,-0.09405833333333298
knn - hashemi_enc:fpr95_extra,-0.1712499999999998,-0.2022499999999996,-0.14724374999999978
knn - hashemi_enc:rho_within,0.10051203736730095,0.01129745073445883,0.1878436467011621
knn - hashemi_enc:rho_condition_lrp,1.2070968645016797,1.1190471024636057,1.2561933090705488
knn - hashemi_enc:aurc_all,-0.08061051956103804,-0.10278543981490779,-0.05824743107682774
knn - cdf:auroc_common,-0.23229316666666666,-0.26190984166666653,-0.20494539166666642
knn - cdf:auroc_extra,-0.17946499999999999,-0.20358667187499985,-0.15493187499999989
knn - cdf:aupr_common,-0.2201513333759978,-0.2511584241916945,-0.19000846560450957
knn - cdf:aupr_extra,-0.17156890415308246,-0.19882600503604783,-0.14278426956907722
knn - cdf:fpr95_common,0.44320000000000004,0.3980666666666667,0.4771466666666665
knn - cdf:fpr95_extra,0.35250000000000004,0.30648125000000015,0.38576874999999994
knn - cdf:rho_within,0.09683745651973721,0.02221549848650847,0.16658687367886865
knn - cdf:rho_condition_lrp,-0.1329367301231804,-0.2293959966405375,-0.06667868141097431
knn - cdf:aurc_all,-0.0269316146094698,-0.04999259366864609,-0.004750370761248318
knn - cdf_sum:auroc_common,-0.1916051666666665,-0.2211836250000002,-0.16396659583333345
knn - cdf_sum:auroc_extra,-0.12960499999999986,-0.15431820312500008,-0.10502615625000009
knn - cdf_sum:aupr_common,-0.18235607499364925,-0.21198013166876414,-0.15385622624021617
knn - cdf_sum:aupr_extra,-0.12260194225571408,-0.14904683575942404,-0.09627950486266766
knn - cdf_sum:fpr95_common,0.34619999999999995,0.30432833333333337,0.3841383333333334
knn - cdf_sum:fpr95_extra,0.24650000000000005,0.1987312499999999,0.28300000000000014
knn - cdf_sum:rho_within,0.0605408068889215,-0.013019495959285666,0.1318809531976962
knn - cdf_sum:rho_condition_lrp,-0.2188549832026876,-0.3154300811870101,-0.15113731802911548
knn - cdf_sum:aurc_all,-0.024681313856507847,-0.04960316366321779,-0.0025712770004125557
knn - convtu_mst:auroc_common,-0.0676524999999999,-0.10251770833333321,-0.03341561666666672
knn - convtu_mst:auroc_extra,0.013570000000000082,-0.011819312499999984,0.03993237500000008
knn - convtu_mst:aupr_common,-0.10243266336385015,-0.1332499851895408,-0.06925533852090668
knn - convtu_mst:aupr_extra,-0.01518342259193517,-0.03792543113757964,0.010664550991616803
knn - convtu_mst:fpr95_common,0.10773333333333346,0.06439833333333335,0.1472783333333332
knn - convtu_mst:fpr95_extra,0.009750000000000147,-0.0252562500000001,0.04750625000000009
knn - convtu_mst:rho_within,0.017976059042765377,-0.061997099319475044,0.10501803649270025
knn - convtu_mst:rho_condition_lrp,-0.037695968645016786,-0.13740936450167976,0.035952897536394024
knn - convtu_mst:aurc_all,-0.030104647661218342,-0.056502903251204044,-0.0038722521011104413
knn - convtu_edges:auroc_common,-0.06505116666666644,-0.10083502500000008,-0.029408145833333208
knn - convtu_edges:auroc_extra,0.01966000000000001,-0.006991890625000068,0.04737671875000004
knn - convtu_edges:aupr_common,-0.09567292029256469,-0.1273021420893378,-0.06121710574992216
knn - convtu_edges:aupr_extra,-0.010057653870174987,-0.03359744859580814,0.01594749283681261
knn - convtu_edges:fpr95_common,0.1146666666666667,0.06738166666666678,0.15493833333333326
knn - convtu_edges:fpr95_extra,0.018750000000000155,-0.021762500000000146,0.05301249999999992
knn - convtu_edges:rho_within,0.021708079951298226,-0.06261547253515375,0.1070623292899929
knn - convtu_edges:rho_condition_lrp,-0.027099664053751416,-0.1287006578947367,0.047715215565509506
knn - convtu_edges:aurc_all,-0.02878466919449385,-0.054392639834069785,-0.0028352944470621437
knn - convtu_acts:auroc_common,-0.07770783333333309,-0.11183303333333332,-0.04623067916666649
knn - convtu_acts:auroc_extra,0.025082500000000008,-0.0015767812499999894,0.05098093749999994
knn - convtu_acts:aupr_common,-0.1114785621410107,-0.14387527482921597,-0.07798218543003706
knn - convtu_acts:aupr_extra,-0.013614116491935002,-0.03749511640522475,0.010621754058729522
knn - convtu_acts:fpr95_common,0.1388666666666667,0.0929233333333332,0.17988500000000004
knn - convtu_acts:fpr95_extra,0.0012500000000000844,-0.040750000000000064,0.03625625000000011
knn - convtu_acts:rho_within,0.018944900256872482,-0.06626682571511519,0.10482050993627287
knn - convtu_acts:rho_condition_lrp,-0.17260638297872355,-0.26938654815229557,-0.10282474804031366
knn - convtu_acts:aurc_all,-0.0338486096034305,-0.06045070925292646,-0.007117215263024606
knn - convtu_means:auroc_common,-0.20533483333333313,-0.22465898333333342,-0.18638667916666676
knn - convtu_means:auroc_extra,-0.21852749999999999,-0.23539484374999994,-0.20000781249999997
knn - convtu_means:aupr_common,-0.19417053820390273,-0.21399926208537223,-0.1706010883048116
knn - convtu_means:aupr_extra,-0.21088557110091954,-0.23398368200192715,-0.18418619682876997
knn - convtu_means:fpr95_common,0.4054000000000001,0.3652583333333333,0.4338066666666666
knn - convtu_means:fpr95_extra,0.40275,0.36750000000000005,0.43875625000000007
knn - convtu_means:rho_within,0.04380705495438819,-0.005045263114465479,0.09640655746037452
knn - convtu_means:rho_condition_lrp,0.044134938409854385,-0.04239886618141099,0.09913528835386336
knn - convtu_means:aurc_all,-0.011425179568300692,-0.026663110227413755,0.0020199365224161043
knn - ch_means_knn:auroc_common,-0.20533483333333313,-0.22465898333333342,-0.18638667916666676
knn - ch_means_knn:auroc_extra,-0.21852749999999999,-0.23539484374999994,-0.20000781249999997
knn - ch_means_knn:aupr_common,-0.19417053820390273,-0.21399926208537223,-0.1706010883048116
knn - ch_means_knn:aupr_extra,-0.21088557110091954,-0.23398368200192715,-0.18418619682876997
knn - ch_means_knn:fpr95_common,0.4054000000000001,0.3652583333333333,0.4338066666666666
knn - ch_means_knn:fpr95_extra,0.40275,0.36750000000000005,0.43875625000000007
knn - ch_means_knn:rho_within,0.04380705495438819,-0.005045263114465479,0.09640655746037452
knn - ch_means_knn:rho_condition_lrp,0.044134938409854385,-0.04239886618141099,0.09913528835386336
knn - ch_means_knn:aurc_all,-0.011425179568300692,-0.026663110227413755,0.0020199365224161043
knn - ch_means_own:auroc_common,-0.20071816666666664,-0.2229496416666668,-0.17789973333333342
knn - ch_means_own:auroc_extra,-0.18911499999999992,-0.20703915625,-0.16955364062499992
knn - ch_means_own:aupr_common,-0.20064027395311057,-0.22782045976553417,-0.1716060262169233
knn - ch_means_own:aupr_extra,-0.19367556586801737,-0.21876929916603813,-0.16659117472083723
knn - ch_means_own:fpr95_common,0.37953333333333333,0.34146499999999985,0.41083333333333333
knn - ch_means_own:fpr95_extra,0.34950000000000014,0.3034937500000001,0.37550625
knn - ch_means_own:rho_within,0.06289623104053424,-0.012864963534702843,0.13469924797841612
knn - ch_means_own:rho_condition_lrp,-0.13250279955207178,-0.22881998880179175,-0.07208566629339314
knn - ch_means_own:aurc_all,-0.022234941411224063,-0.04262350702919972,-0.0029196251198582053
knn - ch_top_knn:auroc_common,-0.04440316666666666,-0.06913176666666664,-0.019356083333333416
knn - ch_top_knn:auroc_extra,-0.09919874999999989,-0.11856248437499994,-0.07774806250000003
knn - ch_top_knn:aupr_common,-0.05412047986785118,-0.07763573800148732,-0.02898939361611941
knn - ch_top_knn:aupr_extra,-0.09875871526168478,-0.12236592557188553,-0.07221189617926767
knn - ch_top_knn:fpr95_common,0.18133333333333346,0.14313000000000023,0.20513500000000007
knn - ch_top_knn:fpr95_extra,0.18825000000000003,0.14725,0.21751875000000012
knn - ch_top_knn:rho_within,0.05839590496385185,-0.019857716416283158,0.13647084415601937
knn - ch_top_knn:rho_condition_lrp,0.16318589025755875,0.06804661254199326,0.22339515677491587
knn - ch_top_knn:aurc_all,-0.04126250388292241,-0.06481552391699957,-0.019028756161884233
knn - ch_top_own:auroc_common,-0.17222549999999992,-0.206275775,-0.13915951666666668
knn - ch_top_own:auroc_extra,-0.09268374999999995,-0.12033425000000014,-0.06686862499999982
knn - ch_top_own:aupr_common,-0.1826153691570388,-0.21557610802814572,-0.1481464951403507
knn - ch_top_own:aupr_extra,-0.0961526791888434,-0.12381333025173968,-0.06709775276981175
knn - ch_top_own:fpr95_common,0.31953333333333334,0.27033166666666664,0.36207999999999985
knn - ch_top_own:fpr95_extra,0.17425000000000013,0.12973750000000014,0.21300624999999995
knn - ch_top_own:rho_within,0.013406428136811185,-0.07299253546771953,0.09658408412880377
knn - ch_top_own:rho_condition_lrp,-0.10020996640537516,-0.19470919652855537,-0.02903975363941773
knn - ch_top_own:aurc_all,-0.03321503508801238,-0.058633635809862396,-0.009464022303327987
knn - ch_p99_knn:auroc_common,-0.03970683333333325,-0.06492713333333325,-0.016876320833333274
knn - ch_p99_knn:auroc_extra,-0.10098874999999996,-0.1219529374999999,-0.08035421874999989
knn - ch_p99_knn:aupr_common,-0.04655576786381854,-0.07004638135159001,-0.0230727762522556
knn - ch_p99_knn:aupr_extra,-0.09316646390340455,-0.11797574767836284,-0.06825258274455367
knn - ch_p99_knn:fpr95_common,0.1780666666666667,0.1404483333333332,0.2013999999999999
knn - ch_p99_knn:fpr95_extra,0.18875000000000008,0.14674375000000003,0.21724999999999983
knn - ch_p99_knn:rho_within,0.07578354198418283,-0.0017416837108665097,0.1519825133740216
knn - ch_p99_knn:rho_condition_lrp,0.19361702127659575,0.09457621780515113,0.2528404955207165
knn - ch_p99_knn:aurc_all,-0.04209785750683248,-0.06439241321296547,-0.02115473304403612
knn - ch_p99_own:auroc_common,-0.15838583333333323,-0.19182873333333345,-0.12629537083333336
knn - ch_p99_own:auroc_extra,-0.09735749999999999,-0.12368890625000015,-0.07295032812500005
knn - ch_p99_own:aupr_common,-0.1646883810187929,-0.1964218197195174,-0.13255716002384654
knn - ch_p99_own:aupr_extra,-0.09858059724603496,-0.12438090518663396,-0.0710202394537488
knn - ch_p99_own:fpr95_common,0.29846666666666666,0.25158,0.34060333333333326
knn - ch_p99_own:fpr95_extra,0.18174999999999997,0.13949374999999997,0.21700624999999996
knn - ch_p99_own:rho_within,0.03028558226434877,-0.055030893596427884,0.1126890260518243
knn - ch_p99_own:rho_condition_lrp,-0.11020436730123173,-0.20485442329227313,-0.03832936730123185
knn - ch_p99_own:aurc_all,-0.0354938665413993,-0.060313753914737665,-0.0114313677342405
knn - ch_grid_knn:auroc_common,0.08276616666666681,0.06301343333333331,0.10510938333333339
knn - ch_grid_knn:auroc_extra,0.022801250000000106,0.007329593750000016,0.040250375000000116
knn - ch_grid_knn:aupr_common,0.02245827002750056,0.0065458271429403225,0.041627445052585886
knn - ch_grid_knn:aupr_extra,0.0030493085268110676,-0.013125688925151476,0.021251271290390786
knn - ch_grid_knn:fpr95_common,0.05180000000000007,0.018779999999999922,0.07413333333333338
knn - ch_grid_knn:fpr95_extra,0.024250000000000105,-0.009543750000000273,0.05751249999999998
knn - ch_grid_knn:rho_within,0.021022653185348558,-0.0381986586826466,0.08642044784376278
knn - ch_grid_knn:rho_condition_lrp,0.2695548712206047,0.17694113941769324,0.3226070828667413
knn - ch_grid_knn:aurc_all,-0.0258611226906329,-0.04150929963881875,-0.011142020989055968
knn - ch_grid_own:auroc_common,-0.05326816666666645,-0.07418630416666663,-0.03133223333333341
knn - ch_grid_own:auroc_extra,-0.14537250000000013,-0.16257571874999993,-0.12790031249999986
knn - ch_grid_own:aupr_common,-0.08592128180891667,-0.10596900041112646,-0.061864075138538206
knn - ch_grid_own:aupr_extra,-0.1446900491223746,-0.16938326528573897,-0.11855359690107464
knn - ch_grid_own:fpr95_common,0.2145999999999999,0.17752333333333323,0.23824833333333348
knn - ch_grid_own:fpr95_extra,0.26125,0.22724374999999994,0.29075625000000005
knn - ch_grid_own:rho_within,0.04759532859370741,-0.018700079563855023,0.12043100740747728
knn - ch_grid_own:rho_condition_lrp,0.013955767077267534,-0.0871143617021276,0.07178156494960809
knn - ch_grid_own:aurc_all,-0.022438461595456816,-0.04162147222654905,-0.0037769797848998623
discopatch - hashemi:auroc_common,0.3255453333333333,0.2997604916666666,0.35610282500000007
discopatch - hashemi:auroc_extra,0.307346875,0.28428106250000007,0.335488359375
discopatch - hashemi:aupr_common,0.2801166381331788,0.2578520897920452,0.30493421210293065
discopatch - hashemi:aupr_extra,0.2667477475539583,0.24494595184116558,0.29014938577869315
discopatch - hashemi:fpr95_common,-0.3988666666666666,-0.4407333333333333,-0.35886499999999955
discopatch - hashemi:fpr95_extra,-0.37924999999999975,-0.41801874999999994,-0.33224375000000006
discopatch - hashemi:rho_within,-0.17933900047029,-0.2807989154152855,-0.07662079084210806
discopatch - hashemi:rho_condition_lrp,1.009476483762598,0.8146535554311309,1.1499296612541994
discopatch - hashemi:aurc_all,0.02377062919793782,-0.004247865097292419,0.04934011371297327
discopatch - hashemi_enc:auroc_common,0.41215716666666663,0.3870476791666667,0.4409963333333333
discopatch - hashemi_enc:auroc_extra,0.35250500000000007,0.32872415625000007,0.378611765625
discopatch - hashemi_enc:aupr_common,0.3153650717579237,0.294405419815017,0.3387670034878702
discopatch - hashemi_enc:aupr_extra,0.27687592736440236,0.25327057958199056,0.29992970819173936
discopatch - hashemi_enc:fpr95_common,-0.4081333333333331,-0.4488683333333333,-0.37145499999999987
discopatch - hashemi_enc:fpr95_extra,-0.3847499999999998,-0.4175062500000001,-0.34248749999999994
discopatch - hashemi_enc:rho_within,-0.0719584222972232,-0.16949855517494708,0.022148644392112355
discopatch - hashemi_enc:rho_condition_lrp,1.2791013437849945,1.2065215565509517,1.341994330907055
discopatch - hashemi_enc:aurc_all,-0.06084224513123693,-0.08528844579715968,-0.03701115110727778
discopatch - cdf:auroc_common,-0.0652586666666668,-0.08402962499999996,-0.045557525000000036
discopatch - cdf:auroc_extra,-0.060787499999999994,-0.07879159375000012,-0.04269243749999999
discopatch - cdf:aupr_common,-0.055144410409886824,-0.08264801278320678,-0.029841387451872533
discopatch - cdf:aupr_extra,-0.053820503799705155,-0.07874114700452126,-0.027955811470256643
discopatch - cdf:fpr95_common,0.15093333333333336,0.10933000000000001,0.18907833333333326
discopatch - cdf:fpr95_extra,0.139,0.10324999999999995,0.17725625000000012
discopatch - cdf:rho_within,-0.07563300314478694,-0.16697921602816965,0.02146011457109068
discopatch - cdf:rho_condition_lrp,-0.06093225083986564,-0.09789158734602459,-0.02791783314669647
discopatch - cdf:aurc_all,-0.007163340179668687,-0.024568632615204956,0.008923307108008845
discopatch - cdf_sum:auroc_common,-0.02457066666666663,-0.04411539166666683,-0.003372300000000042
discopatch - cdf_sum:auroc_extra,-0.010927499999999868,-0.029445781249999838,0.008219250000000152
discopatch - cdf_sum:aupr_common,-0.017349152027538284,-0.04063677755131863,0.004426165358567875
discopatch - cdf_sum:aupr_extra,-0.004853541902336778,-0.026306554828720987,0.017749196927984365
discopatch - cdf_sum:fpr95_common,0.05393333333333328,0.008445000000000067,0.09660666666666679
discopatch - cdf_sum:fpr95_extra,0.03300000000000003,-0.007756249999999923,0.07625624999999998
discopatch - cdf_sum:rho_within,-0.11192965277560266,-0.21944469179522388,-8.47846420875326e-05
discopatch - cdf_sum:rho_condition_lrp,-0.14685050391937282,-0.17867896136618142,-0.11109742441209397
discopatch - cdf_sum:aurc_all,-0.0049130394267067334,-0.023834376824327347,0.011886213579982145
discopatch - convtu_mst:auroc_common,0.09938199999999997,0.06789431666666661,0.13167794166666663
discopatch - convtu_mst:auroc_extra,0.13224750000000007,0.10786115624999999,0.15809709375
discopatch - convtu_mst:aupr_common,0.06257425960226082,0.03314678086944006,0.09323190326938488
discopatch - convtu_mst:aupr_extra,0.10256497776144213,0.07642026920067482,0.12874807703572116
discopatch - convtu_mst:fpr95_common,-0.18453333333333322,-0.23173666666666645,-0.13599166666666657
discopatch - convtu_mst:fpr95_extra,-0.20374999999999988,-0.24225625000000017,-0.15198750000000014
discopatch - convtu_mst:rho_within,-0.1544944006217588,-0.2742718987410104,-0.03580999391377869
discopatch - convtu_mst:rho_condition_lrp,0.034308510638297984,-0.017469204927211678,0.08875314949608054
discopatch - convtu_mst:aurc_all,-0.010336373231417229,-0.027018147259869445,0.005175346735414637
discopatch - convtu_edges:auroc_common,0.10198333333333343,0.06995144166666653,0.1342344833333332
discopatch - convtu_edges:auroc_extra,0.1383375,0.11175846874999992,0.16704756250000002
discopatch - convtu_edges:aupr_common,0.06933400267354628,0.03899657767202574,0.1008123805980298
discopatch - convtu_edges:aupr_extra,0.10769074648320232,0.08099781968969998,0.1343483331215997
discopatch - convtu_edges:fpr95_common,-0.17759999999999998,-0.23073999999999992,-0.13004500000000002
discopatch - convtu_edges:fpr95_extra,-0.19474999999999987,-0.23750625000000003,-0.14298749999999993
discopatch - convtu_edges:rho_within,-0.15076237971322592,-0.26812482150398426,-0.032169365838685376
discopatch - convtu_edges:rho_condition_lrp,0.044904815229563355,-0.008304871220604715,0.09991776315789473
discopatch - convtu_edges:aurc_all,-0.009016394764692737,-0.025513600458471664,0.006795818495497331
discopatch - convtu_acts:auroc_common,0.08932666666666678,0.059783949999999926,0.1182828416666667
discopatch - convtu_acts:auroc_extra,0.14376,0.12180031250000009,0.16816234374999994
discopatch - convtu_acts:aupr_common,0.05352836082510026,0.018648250407249586,0.08645657497147233
discopatch - convtu_acts:aupr_extra,0.1041342838614423,0.07601589973291334,0.13031910488446674
discopatch - convtu_acts:fpr95_common,-0.15339999999999998,-0.20347,-0.10262166666666661
discopatch - convtu_acts:fpr95_extra,-0.21224999999999994,-0.25350000000000006,-0.16199375000000005
discopatch - convtu_acts:rho_within,-0.15352555940765167,-0.2687471034410449,-0.03933085576341446
discopatch - convtu_acts:rho_condition_lrp,-0.10060190369540878,-0.14809805431131012,-0.05234182530795069
discopatch - convtu_acts:aurc_all,-0.014080335173629388,-0.03107403722695716,0.002207605632884203
discopatch - convtu_means:auroc_common,-0.03830033333333327,-0.059139833333333364,-0.01569102499999995
discopatch - convtu_means:auroc_extra,-0.09985,-0.12120971875000018,-0.07847896874999995
discopatch - convtu_means:aupr_common,-0.029163615237791762,-0.05566393540116069,-0.0018070098594935304
discopatch - convtu_means:aupr_extra,-0.09313717074754224,-0.12216202146541867,-0.06304024427179851
discopatch - convtu_means:fpr95_common,0.11313333333333342,0.06512833333333327,0.1553416666666667
discopatch - convtu_means:fpr95_extra,0.18924999999999997,0.15371250000000006,0.23977499999999982
discopatch - convtu_means:rho_within,-0.12866340471013596,-0.22211639064470018,-0.04083353313932244
discopatch - convtu_means:rho_condition_lrp,0.11613941769316916,0.08123285274356096,0.15764662653975364
discopatch - convtu_means:aurc_all,0.008343094861500422,-0.011496638715253443,0.028216587582953583
discopatch - ch_means_knn:auroc_common,-0.03830033333333327,-0.059139833333333364,-0.01569102499999995
discopatch - ch_means_knn:auroc_extra,-0.09985,-0.12120971875000018,-0.07847896874999995
discopatch - ch_means_knn:aupr_common,-0.029163615237791762,-0.05566393540116069,-0.0018070098594935304
discopatch - ch_means_knn:aupr_extra,-0.09313717074754224,-0.12216202146541867,-0.06304024427179851
discopatch - ch_means_knn:fpr95_common,0.11313333333333342,0.06512833333333327,0.1553416666666667
discopatch - ch_means_knn:fpr95_extra,0.18924999999999997,0.15371250000000006,0.23977499999999982
discopatch - ch_means_knn:rho_within,-0.12866340471013596,-0.22211639064470018,-0.04083353313932244
discopatch - ch_means_knn:rho_condition_lrp,0.11613941769316916,0.08123285274356096,0.15764662653975364
discopatch - ch_means_knn:aurc_all,0.008343094861500422,-0.011496638715253443,0.028216587582953583
discopatch - ch_means_own:auroc_common,-0.03368366666666678,-0.05383718333333324,-0.013914216666666566
discopatch - ch_means_own:auroc_extra,-0.07043749999999993,-0.08966018749999977,-0.05151396874999982
discopatch - ch_means_own:aupr_common,-0.0356333509869996,-0.06219374228172552,-0.007732060784988179
discopatch - ch_means_own:aupr_extra,-0.07592716551464007,-0.10233291150130354,-0.04677042213175816
discopatch - ch_means_own:fpr95_common,0.08726666666666666,0.04804833333333337,0.12580166666666662
discopatch - ch_means_own:fpr95_extra,0.13600000000000012,0.09224375000000005,0.17749999999999988
discopatch - ch_means_own:rho_within,-0.10957422862398991,-0.20178608627223468,-0.021407328037956693
discopatch - ch_means_own:rho_condition_lrp,-0.06049832026875701,-0.09024741041433378,-0.026311590145576685
discopatch - ch_means_own:aurc_all,-0.002466666981422949,-0.0187072307259245,0.012868204265014322
discopatch - ch_top_knn:auroc_common,0.1226313333333332,0.09557581666666659,0.15084951666666663
discopatch - ch_top_knn:auroc_extra,0.0194787500000001,-0.002651812500000039,0.043797593750000086
discopatch - ch_top_knn:aupr_common,0.11088644309825979,0.08117851769214493,0.14086741764796204
discopatch - ch_top_knn:aupr_extra,0.01898968509169252,-0.010664707392474274,0.04766286521567671
discopatch - ch_top_knn:fpr95_common,-0.11093333333333322,-0.15180000000000005,-0.06912666666666671
discopatch - ch_top_knn:fpr95_extra,-0.025249999999999995,-0.06600624999999985,0.019768750000000026
discopatch - ch_top_knn:rho_within,-0.11407455470067229,-0.230354027738916,0.0034325350273006557
discopatch - ch_top_knn:rho_condition_lrp,0.23519036954087352,0.18607152855543113,0.27302946528555433
discopatch - ch_top_knn:aurc_all,-0.021494229453121294,-0.04696611294478725,0.004798119510212397
discopatch - ch_top_own:auroc_common,-0.005191000000000057,-0.02979225833333349,0.02145541666666665
discopatch - ch_top_own:auroc_extra,0.025993750000000038,0.0073624687500000036,0.04661665625000005
discopatch - ch_top_own:aupr_common,-0.01760844619092783,-0.04295583295979844,0.004935445024283235
discopatch - ch_top_own:aupr_extra,0.0215957211645339,0.0008464938265844992,0.040369177903052715
discopatch - ch_top_own:fpr95_common,0.02726666666666666,-0.023266666666666658,0.07702166666666667
discopatch - ch_top_own:fpr95_extra,-0.039249999999999896,-0.08050625000000013,0.009018749999999989
discopatch - ch_top_own:rho_within,-0.15906403152771298,-0.27610101065181675,-0.03735123638214482
discopatch - ch_top_own:rho_condition_lrp,-0.02820548712206039,-0.07341335386338181,0.018002169652855577
discopatch - ch_top_own:aurc_all,-0.013446760658211265,-0.02937631234887395,0.0009948540281585593
discopatch - ch_p99_knn:auroc_common,0.12732766666666662,0.10132149166666665,0.15506491666666664
discopatch - ch_p99_knn:auroc_extra,0.01768875000000003,-0.006174749999999962,0.04276399999999997
discopatch - ch_p99_knn:aupr_common,0.11845115510229243,0.08902782992577249,0.14753568268272113
discopatch - ch_p99_knn:aupr_extra,0.024581936449972752,-0.005731404800212369,0.052939282611652705
discopatch - ch_p99_knn:fpr95_common,-0.11419999999999997,-0.15627166666666667,-0.07492999999999997
discopatch - ch_p99_knn:fpr95_extra,-0.02474999999999994,-0.06574999999999998,0.02050624999999996
discopatch - ch_p99_knn:rho_within,-0.09668691768034132,-0.2112084122102098,0.01720348895418388
discopatch - ch_p99_knn:rho_condition_lrp,0.2656215005599105,0.21673887178051496,0.3081830907054871
discopatch - ch_p99_knn:aurc_all,-0.022329583077031367,-0.049819701607386184,0.005082973113613949
discopatch - ch_p99_own:auroc_common,0.008648666666666638,-0.01576446666666672,0.03489121666666672
discopatch - ch_p99_own:auroc_extra,0.021320000000000006,0.0026154374999999425,0.04109087499999996
discopatch - ch_p99_own:aupr_common,0.00031854194731806285,-0.025100019266581435,0.024009752068763015
discopatch - ch_p99_own:aupr_extra,0.01916780310734234,-0.0023153666738298466,0.038090220222457394
discopatch - ch_p99_own:fpr95_common,0.006199999999999983,-0.04261333333333341,0.058211666666666745
discopatch - ch_p99_own:fpr95_extra,-0.031750000000000056,-0.071525,0.012499999999999959
discopatch - ch_p99_own:rho_within,-0.14218487740017538,-0.2572964156213267,-0.018134197706863597
discopatch - ch_p99_own:rho_condition_lrp,-0.03819988801791696,-0.08279990201567747,0.007961226203807313
discopatch - ch_p99_own:aurc_all,-0.015725592111598186,-0.03191811509226184,-0.00020189623447219073
discopatch - ch_grid_knn:auroc_common,0.24980066666666667,0.2233126583333334,0.27910278333333327
discopatch - ch_grid_knn:auroc_extra,0.1414787500000001,0.11655709374999983,0.16606912499999998
discopatch - ch_grid_knn:aupr_common,0.18746519299361153,0.1645570653066523,0.21255777799879993
discopatch - ch_grid_knn:aupr_extra,0.12079770888018837,0.09686187385957441,0.14548923992696178
discopatch - ch_grid_knn:fpr95_common,-0.2404666666666666,-0.2830700000000001,-0.19951000000000002
discopatch - ch_grid_knn:fpr95_extra,-0.18924999999999992,-0.23200625000000008,-0.13275000000000003
discopatch - ch_grid_knn:rho_within,-0.1514478064791756,-0.2715223304810957,-0.034317751835123075
discopatch - ch_grid_knn:rho_condition_lrp,0.34155935050391945,0.28713430851063826,0.3886369680851064
discopatch - ch_grid_knn:aurc_all,-0.006092848260831785,-0.02840564296753644,0.016526286726292402
discopatch - ch_grid_own:auroc_common,0.11376633333333341,0.09197988333333333,0.13776865833333315
discopatch - ch_grid_own:auroc_extra,-0.026695000000000135,-0.04858693749999994,-0.005346187499999942
discopatch - ch_grid_own:aupr_common,0.0790856411571943,0.05408609487614256,0.10659569370520997
discopatch - ch_grid_own:aupr_extra,-0.026941648768997295,-0.057772387470581964,0.002515919668886864
discopatch - ch_grid_own:fpr95_common,-0.07766666666666677,-0.12166833333333325,-0.03259666666666685
discopatch - ch_grid_own:fpr95_extra,0.04774999999999996,0.005993750000000003,0.09900625000000009
discopatch - ch_grid_own:rho_within,-0.12487513107081674,-0.2313215331905892,-0.02561017537963778
discopatch - ch_grid_own:rho_condition_lrp,0.0859602463605823,0.04285764277715558,0.11888787793952967
discopatch - ch_grid_own:aurc_all,-0.002670187165655702,-0.020113718324587748,0.014477801017283652
hashemi - hashemi_enc:auroc_common,0.08661183333333333,0.061022312500000044,0.11069859583333327
hashemi - hashemi_enc:auroc_extra,0.04515812500000005,0.02290554687499994,0.06715206250000007
hashemi - hashemi_enc:aupr_common,0.035248433624744946,0.02377264696046698,0.04852271754798416
hashemi - hashemi_enc:aupr_extra,0.01012817981044406,-0.0019638331788258273,0.022654128380178346
hashemi - hashemi_enc:fpr95_common,-0.009266666666666534,-0.031269999999999784,0.013799999999999929
hashemi - hashemi_enc:fpr95_extra,-0.00550000000000006,-0.027250000000000114,0.015249999999999994
hashemi - hashemi_enc:rho_within,0.10738057817306679,0.04493419888363993,0.17034889989920027
hashemi - hashemi_enc:rho_condition_lrp,0.26962486002239644,0.12773691209406488,0.458250279955207
hashemi - hashemi_enc:aurc_all,-0.08461287432917475,-0.10721485491070523,-0.06150160086563063
hashemi - cdf:auroc_common,-0.3908040000000001,-0.42159760416666664,-0.36149352083333325
hashemi - cdf:auroc_extra,-0.368134375,-0.39304384375000007,-0.343145359375
hashemi - cdf:aupr_common,-0.3352610485430656,-0.3633958704268564,-0.3091095118500149
hashemi - cdf:aupr_extra,-0.32056825135366346,-0.34344191085566406,-0.2964616179317051
hashemi - cdf:fpr95_common,0.5498,0.5093316666666667,0.588365
hashemi - cdf:fpr95_extra,0.5182499999999998,0.4757374999999999,0.5535062500000001
hashemi - cdf:rho_within,0.10370599732550305,0.016090207459909613,0.19521113885571256
hashemi - cdf:rho_condition_lrp,-1.0704087346024638,-1.2119180431131018,-0.8790715985442331
hashemi - cdf:aurc_all,-0.030933969377606507,-0.05677861983801241,-0.005316013028327155
hashemi - cdf_sum:auroc_common,-0.3501159999999999,-0.3806423958333333,-0.32118702500000007
hashemi - cdf_sum:auroc_extra,-0.3182743749999999,-0.34324748437499986,-0.29412498437499995
hashemi - cdf_sum:aupr_common,-0.29746579016071706,-0.32202697227222865,-0.27465657104872726
hashemi - cdf_sum:aupr_extra,-0.2716012894562951,-0.29288336753669886,-0.24994134541220211
hashemi - cdf_sum:fpr95_common,0.45279999999999987,0.41225499999999987,0.4944083333333332
hashemi - cdf_sum:fpr95_extra,0.4122499999999998,0.37048124999999993,0.45225625
hashemi - cdf_sum:rho_within,0.06740934769468734,-0.021397831707906285,0.1520656675043844
hashemi - cdf_sum:rho_condition_lrp,-1.1563269876819708,-1.2942843645016797,-0.9592052115677505
hashemi - cdf_sum:aurc_all,-0.028683668624644554,-0.05515157233284569,-0.001961768463277606
hashemi - convtu_mst:auroc_common,-0.22616333333333333,-0.2576467458333332,-0.1937629583333333
hashemi - convtu_mst:auroc_extra,-0.17509937499999995,-0.20092228125000003,-0.14905681250000008
hashemi - convtu_mst:aupr_common,-0.21754237853091796,-0.24375482612907118,-0.18732159691082606
hashemi - convtu_mst:aupr_extra,-0.16418276979251617,-0.1849688096823,-0.14165643054013966
hashemi - convtu_mst:fpr95_common,0.21433333333333338,0.18279833333333317,0.2530283333333331
hashemi - convtu_mst:fpr95_extra,0.17549999999999988,0.14374375000000006,0.2105062499999999
hashemi - convtu_mst:rho_within,0.024844599848531213,-0.059574550167563425,0.1043456749137631
hashemi - convtu_mst:rho_condition_lrp,-0.9751679731243001,-1.1068221584546472,-0.7817420212765958
hashemi - convtu_mst:aurc_all,-0.03410700242935505,-0.06204992840212719,-0.008007252107860586
hashemi - convtu_edges:auroc_common,-0.22356199999999987,-0.2570473041666667,-0.19078489166666654
hashemi - convtu_edges:auroc_extra,-0.16900937500000002,-0.19624629687499995,-0.140717078125
hashemi - convtu_edges:aupr_common,-0.2107826354596325,-0.23842677088702285,-0.1813351304647973
hashemi - convtu_edges:aupr_extra,-0.159057001070756,-0.18107970062927264,-0.13648598008911766
hashemi - convtu_edges:fpr95_common,0.2212666666666666,0.18572166666666676,0.2586116666666666
hashemi - convtu_edges:fpr95_extra,0.1844999999999999,0.14725,0.21825624999999982
hashemi - convtu_edges:rho_within,0.02857662075706406,-0.06036188004862299,0.10885591143984394
hashemi - convtu_edges:rho_condition_lrp,-0.9645716685330348,-1.0971318589025756,-0.7686971584546474
hashemi - convtu_edges:aurc_all,-0.03278702396263056,-0.05999344572119957,-0.006626296093396651
hashemi - convtu_acts:auroc_common,-0.23621866666666652,-0.2671912083333333,-0.20635940833333327
hashemi - convtu_acts:auroc_extra,-0.16358687500000002,-0.18786540624999995,-0.13901624999999995
hashemi - convtu_acts:aupr_common,-0.2265882773080785,-0.2556516439419255,-0.19548186663369158
hashemi - convtu_acts:aupr_extra,-0.162613463692516,-0.18265649982516216,-0.14235828304695897
hashemi - convtu_acts:fpr95_common,0.2454666666666666,0.2079916666666664,0.28887000000000007
hashemi - convtu_acts:fpr95_extra,0.16699999999999982,0.13224374999999988,0.20226250000000004
hashemi - convtu_acts:rho_within,0.025813441062638318,-0.06380959996486227,0.10885631690959409
hashemi - convtu_acts:rho_condition_lrp,-1.110078387458007,-1.2424772536394177,-0.9155469624860022
hashemi - convtu_acts:aurc_all,-0.03785096437156721,-0.06574252406445832,-0.00881192041953625
hashemi - convtu_means:auroc_common,-0.36384566666666657,-0.39639373750000007,-0.332871575
hashemi - convtu_means:auroc_extra,-0.407196875,-0.43459460937499983,-0.380437640625
hashemi - convtu_means:aupr_common,-0.30928025337097054,-0.33585043226724354,-0.2813170364632557
hashemi - convtu_means:aupr_extra,-0.35988491830150054,-0.3866199528871571,-0.33148505438940234
hashemi - convtu_means:fpr95_common,0.512,0.4679316666666668,0.5490016666666667
hashemi - convtu_means:fpr95_extra,0.5684999999999998,0.5302437499999999,0.61175
hashemi - convtu_means:rho_within,0.05067559576015403,-0.040747827756701285,0.14653272493615024
hashemi - convtu_means:rho_condition_lrp,-0.8933370660694289,-1.0291394876819708,-0.6899272116461366
hashemi - convtu_means:aurc_all,-0.015427534336437398,-0.03762363725072233,0.008732189605541545
hashemi - ch_means_knn:auroc_common,-0.36384566666666657,-0.39639373750000007,-0.332871575
hashemi - ch_means_knn:auroc_extra,-0.407196875,-0.43459460937499983,-0.380437640625
hashemi - ch_means_knn:aupr_common,-0.30928025337097054,-0.33585043226724354,-0.2813170364632557
hashemi - ch_means_knn:aupr_extra,-0.35988491830150054,-0.3866199528871571,-0.33148505438940234
hashemi - ch_means_knn:fpr95_common,0.512,0.4679316666666668,0.5490016666666667
hashemi - ch_means_knn:fpr95_extra,0.5684999999999998,0.5302437499999999,0.61175
hashemi - ch_means_knn:rho_within,0.05067559576015403,-0.040747827756701285,0.14653272493615024
hashemi - ch_means_knn:rho_condition_lrp,-0.8933370660694289,-1.0291394876819708,-0.6899272116461366
hashemi - ch_means_knn:aurc_all,-0.015427534336437398,-0.03762363725072233,0.008732189605541545
hashemi - ch_means_own:auroc_common,-0.3592290000000001,-0.38821077916666663,-0.33125860833333337
hashemi - ch_means_own:auroc_extra,-0.37778437499999995,-0.40254735937500025,-0.35642821875
hashemi - ch_means_own:aupr_common,-0.3157499891201784,-0.342774615857818,-0.2883388829282137
hashemi - ch_means_own:aupr_extra,-0.3426749130685984,-0.36686362090716707,-0.31750121816761456
hashemi - ch_means_own:fpr95_common,0.48613333333333325,0.45265666666666676,0.521145
hashemi - ch_means_own:fpr95_extra,0.5152499999999999,0.47074374999999996,0.54775625
hashemi - ch_means_own:rho_within,0.06976477184630006,-0.016045729639987398,0.15382469355034895
hashemi - ch_means_own:rho_condition_lrp,-1.069974804031355,-1.2067770156774915,-0.8789169232922733
hashemi - ch_means_own:aurc_all,-0.02623729617936077,-0.0506968298112901,-0.0013047942811355007
hashemi - ch_top_knn:auroc_common,-0.2029140000000001,-0.23505324583333323,-0.16866503333333321
hashemi - ch_top_knn:auroc_extra,-0.2878681249999999,-0.31457868750000006,-0.2612861406250001
hashemi - ch_top_knn:aupr_common,-0.16923019503491898,-0.1935001136942022,-0.1453528508361734
hashemi - ch_top_knn:aupr_extra,-0.24775806246226578,-0.2730649212120154,-0.22453730010422907
hashemi - ch_top_knn:fpr95_common,0.2879333333333334,0.25799666666666665,0.3180799999999997
hashemi - ch_top_knn:fpr95_extra,0.35399999999999976,0.3184874999999999,0.38775625000000014
hashemi - ch_top_knn:rho_within,0.06526444576961768,-0.0333162976869712,0.16232435362898184
hashemi - ch_top_knn:rho_condition_lrp,-0.7742861142217246,-0.9173712206047032,-0.5806036534154536
hashemi - ch_top_knn:aurc_all,-0.045264858651059114,-0.07377787825059079,-0.017986578227409157
hashemi - ch_top_own:auroc_common,-0.33073633333333335,-0.3611074583333332,-0.30209395
hashemi - ch_top_own:auroc_extra,-0.281353125,-0.30485018750000004,-0.260301015625
hashemi - ch_top_own:aupr_common,-0.2977250843241066,-0.3287335487069895,-0.2707507133938645
hashemi - ch_top_own:aupr_extra,-0.2451520263894244,-0.2686346348574124,-0.22339872200899247
hashemi - ch_top_own:fpr95_common,0.42613333333333325,0.38292999999999994,0.4673483333333331
hashemi - ch_top_own:fpr95_extra,0.33999999999999986,0.302475,0.37675000000000014
hashemi - ch_top_own:rho_within,0.02027496894257702,-0.06135254749698675,0.11145579402963712
hashemi - ch_top_own:rho_condition_lrp,-1.0376819708846585,-1.1713332866741324,-0.8404328807390817
hashemi - ch_top_own:aurc_all,-0.037217389856149086,-0.06433149148706072,-0.009239398976380491
hashemi - ch_p99_knn:auroc_common,-0.19821766666666668,-0.23018877499999998,-0.1670745208333333
hashemi - ch_p99_knn:auroc_extra,-0.289658125,-0.3194733125,-0.26213078125000006
hashemi - ch_p99_knn:aupr_common,-0.16166548303088635,-0.1869999714921174,-0.13632780238825704
hashemi - ch_p99_knn:aupr_extra,-0.24216581110398555,-0.26902139082895976,-0.2162330299114575
hashemi - ch_p99_knn:fpr95_common,0.2846666666666666,0.25473166666666636,0.3130683333333335
hashemi - ch_p99_knn:fpr95_extra,0.3544999999999998,0.3157500000000001,0.38825624999999997
hashemi - ch_p99_knn:rho_within,0.08265208278994866,-0.015211857798998927,0.1807927665248071
hashemi - ch_p99_knn:rho_condition_lrp,-0.7438549832026875,-0.8886740621500561,-0.5439512178051512
hashemi - ch_p99_knn:aurc_all,-0.04610021227496919,-0.07423826614842245,-0.018591122500646637
hashemi - ch_p99_own:auroc_common,-0.31689666666666666,-0.34673550833333344,-0.28835614166666673
hashemi - ch_p99_own:auroc_extra,-0.286026875,-0.30970060937499994,-0.2637211249999999
hashemi - ch_p99_own:aupr_common,-0.2797980961858607,-0.3088420396856297,-0.25464862427103896
hashemi - ch_p99_own:aupr_extra,-0.24757994444661596,-0.269694539089216,-0.22713233061085236
hashemi - ch_p99_own:fpr95_common,0.4050666666666666,0.3628516666666669,0.4467383333333332
hashemi - ch_p99_own:fpr95_extra,0.3474999999999997,0.3102499999999999,0.38175625
hashemi - ch_p99_own:rho_within,0.037154123070114606,-0.044806157983332685,0.12531061011582167
hashemi - ch_p99_own:rho_condition_lrp,-1.047676371780515,-1.1804818729003361,-0.8518952967525196
hashemi - ch_p99_own:aurc_all,-0.039496221309536006,-0.06592135284306784,-0.011557285715337144
hashemi - ch_grid_knn:auroc_common,-0.07574466666666663,-0.10488752083333323,-0.0479441916666667
hashemi - ch_grid_knn:auroc_extra,-0.16586812499999992,-0.19235684375000006,-0.14074787500000013
hashemi - ch_grid_knn:aupr_common,-0.09265144513956725,-0.10960362571895006,-0.07458786333323614
hashemi - ch_grid_knn:aupr_extra,-0.14595003867376993,-0.1648795200923386,-0.1275303620389096
hashemi - ch_grid_knn:fpr95_common,0.15839999999999999,0.12745499999999985,0.1898683333333334
hashemi - ch_grid_knn:fpr95_extra,0.18999999999999984,0.15500000000000025,0.23450624999999992
hashemi - ch_grid_knn:rho_within,0.027891193991114394,-0.0671967617936277,0.11978946137996412
hashemi - ch_grid_knn:rho_condition_lrp,-0.6679171332586786,-0.8093694008958566,-0.4734315509518477
hashemi - ch_grid_knn:aurc_all,-0.029863477458769605,-0.053067534486809384,-0.006034859299701813
hashemi - ch_grid_own:auroc_common,-0.21177899999999988,-0.23768812500000008,-0.1854162958333334
hashemi - ch_grid_own:auroc_extra,-0.33404187500000015,-0.3584482968749999,-0.31034084375000004
hashemi - ch_grid_own:aupr_common,-0.20103099697598448,-0.22251228985940502,-0.17884987018644166
hashemi - ch_grid_own:aupr_extra,-0.2936893963229556,-0.3193886695855752,-0.27016735797838004
hashemi - ch_grid_own:fpr95_common,0.3211999999999998,0.29172499999999996,0.3512666666666665
hashemi - ch_grid_own:fpr95_extra,0.4269999999999997,0.3912499999999999,0.4652562499999999
hashemi - ch_grid_own:rho_within,0.054463869399473244,-0.0329653939197691,0.12967793518985432
hashemi - ch_grid_own:rho_condition_lrp,-0.9235162374020158,-1.0635389837625981,-0.7313560330347146
hashemi - ch_grid_own:aurc_all,-0.026440816363593522,-0.04946012684298093,-0.0007819185149592177
hashemi_enc - cdf:auroc_common,-0.47741583333333343,-0.5049634,-0.4513090291666666
hashemi_enc - cdf:auroc_extra,-0.41329250000000006,-0.4373570000000001,-0.39011287499999986
hashemi_enc - cdf:aupr_common,-0.37050948216781054,-0.3981736508563067,-0.34488346630688343
hashemi_enc - cdf:aupr_extra,-0.3306964311641075,-0.3523783414950712,-0.31014113835760176
hashemi_enc - cdf:fpr95_common,0.5590666666666665,0.5218633333333336,0.595805
hashemi_enc - cdf:fpr95_extra,0.5237499999999998,0.4859812500000001,0.5572499999999999
hashemi_enc - cdf:rho_within,-0.003674580847563731,-0.08606223947184082,0.0829217010332459
hashemi_enc - cdf:rho_condition_lrp,-1.34003359462486,-1.3993060610302352,-1.2742605683090706
hashemi_enc - cdf:aurc_all,0.05367890495156824,0.031559048403844776,0.07686719682629466
hashemi_enc - cdf_sum:auroc_common,-0.43672783333333326,-0.46444619583333335,-0.4091623875
hashemi_enc - cdf_sum:auroc_extra,-0.36343249999999994,-0.3868082031250001,-0.34032771875
hashemi_enc - cdf_sum:aupr_common,-0.332714223785462,-0.35767924433082016,-0.31020342770467874
hashemi_enc - cdf_sum:aupr_extra,-0.28172946926673914,-0.30063104248086464,-0.26332253143985046
hashemi_enc - cdf_sum:fpr95_common,0.4620666666666664,0.4269299999999998,0.5009433333333332
hashemi_enc - cdf_sum:fpr95_extra,0.41774999999999984,0.3819875,0.45449999999999985
hashemi_enc - cdf_sum:rho_within,-0.039971230478379444,-0.12425263581014372,0.0490865273573345
hashemi_enc - cdf_sum:rho_condition_lrp,-1.4259518477043673,-1.48231173012318,-1.3582831746920494
hashemi_enc - cdf_sum:aurc_all,0.055929205704530194,0.03118978746998013,0.07983571980945418
hashemi_enc - convtu_mst:auroc_common,-0.31277516666666666,-0.34540211666666676,-0.2819153875000001
hashemi_enc - convtu_mst:auroc_extra,-0.2202575,-0.247008828125,-0.19327389062500006
hashemi_enc - convtu_mst:aupr_common,-0.2527908121556629,-0.279803797443436,-0.22438421161511005
hashemi_enc - convtu_mst:aupr_extra,-0.17431094960296023,-0.1953096155191256,-0.15175289588952395
hashemi_enc - convtu_mst:fpr95_common,0.2235999999999999,0.1930383333333336,0.2627999999999999
hashemi_enc - convtu_mst:fpr95_extra,0.18099999999999994,0.15548750000000008,0.21551875000000031
hashemi_enc - convtu_mst:rho_within,-0.08253597832453557,-0.1735380768478678,0.0028800020084472026
hashemi_enc - convtu_mst:rho_condition_lrp,-1.2447928331466964,-1.300304801231803,-1.1692500699888018
hashemi_enc - convtu_mst:aurc_all,0.0505058718998197,0.025654266426358617,0.07299505296822928
hashemi_enc - convtu_edges:auroc_common,-0.3101738333333332,-0.3442785583333333,-0.2777431041666667
hashemi_enc - convtu_edges:auroc_extra,-0.21416750000000007,-0.24363637499999996,-0.18511815625000003
hashemi_enc - convtu_edges:aupr_common,-0.24603106908437744,-0.27425963932084,-0.21759433779852194
hashemi_enc - convtu_edges:aupr_extra,-0.16918518088120005,-0.1916818420682482,-0.14441615959072754
hashemi_enc - convtu_edges:fpr95_common,0.23053333333333315,0.19579666666666654,0.2704033333333333
hashemi_enc - convtu_edges:fpr95_extra,0.18999999999999995,0.15725000000000022,0.22475
hashemi_enc - convtu_edges:rho_within,-0.07880395741600273,-0.17008040512350273,0.0035783877400693102
hashemi_enc - convtu_edges:rho_condition_lrp,-1.2341965285554313,-1.292078317469205,-1.1588661814109744
hashemi_enc - convtu_edges:aurc_all,0.05182585036654419,0.02698177417099771,0.07405004467180405
hashemi_enc - convtu_acts:auroc_common,-0.32283049999999985,-0.35569117499999997,-0.2903770124999999
hashemi_enc - convtu_acts:auroc_extra,-0.20874500000000007,-0.2353193281250001,-0.18118964062499987
hashemi_enc - convtu_acts:aupr_common,-0.26183671093282346,-0.2918438683493581,-0.23016840424038185
hashemi_enc - convtu_acts:aupr_extra,-0.17274164350296006,-0.19403413135431216,-0.15140776442758544
hashemi_enc - convtu_acts:fpr95_common,0.25473333333333315,0.21892333333333333,0.297955
hashemi_enc - convtu_acts:fpr95_extra,0.17249999999999988,0.14099374999999992,0.205275
hashemi_enc - convtu_acts:rho_within,-0.08156713711042847,-0.17296659499837072,0.003355825125244973
hashemi_enc - convtu_acts:rho_condition_lrp,-1.3797032474804034,-1.4362699468085107,-1.3111163213885777
hashemi_enc - convtu_acts:aurc_all,0.04676190995760754,0.022499273918065183,0.07037431479347772
hashemi_enc - convtu_means:auroc_common,-0.4504574999999999,-0.4784257916666666,-0.4226599458333332
hashemi_enc - convtu_means:auroc_extra,-0.45235500000000006,-0.47909878125000005,-0.426146921875
hashemi_enc - convtu_means:aupr_common,-0.3445286869957155,-0.3684009341648424,-0.3200495916231256
hashemi_enc - convtu_means:aupr_extra,-0.3700130981119446,-0.39616952615465467,-0.34193015879593147
hashemi_enc - convtu_means:fpr95_common,0.5212666666666665,0.4819316666666667,0.557033333333333
hashemi_enc - convtu_means:fpr95_extra,0.5739999999999998,0.53775,0.6127499999999999
hashemi_enc - convtu_means:rho_within,-0.05670498241291276,-0.14027205318260294,0.03471405006279824
hashemi_enc - convtu_means:rho_condition_lrp,-1.1629619260918254,-1.2144901315789474,-1.0949982502799553
hashemi_enc - convtu_means:aurc_all,0.06918533999273735,0.05012174962906094,0.08709644395261053
hashemi_enc - ch_means_knn:auroc_common,-0.4504574999999999,-0.4784257916666666,-0.4226599458333332
hashemi_enc - ch_means_knn:auroc_extra,-0.45235500000000006,-0.47909878125000005,-0.426146921875
hashemi_enc - ch_means_knn:aupr_common,-0.3445286869957155,-0.3684009341648424,-0.3200495916231256
hashemi_enc - ch_means_knn:aupr_extra,-0.3700130981119446,-0.39616952615465467,-0.34193015879593147
hashemi_enc - ch_means_knn:fpr95_common,0.5212666666666665,0.4819316666666667,0.557033333333333
hashemi_enc - ch_means_knn:fpr95_extra,0.5739999999999998,0.53775,0.6127499999999999
hashemi_enc - ch_means_knn:rho_within,-0.05670498241291276,-0.14027205318260294,0.03471405006279824
hashemi_enc - ch_means_knn:rho_condition_lrp,-1.1629619260918254,-1.2144901315789474,-1.0949982502799553
hashemi_enc - ch_means_knn:aurc_all,0.06918533999273735,0.05012174962906094,0.08709644395261053
hashemi_enc - ch_means_own:auroc_common,-0.4458408333333334,-0.4726429250000001,-0.42123510416666676
hashemi_enc - ch_means_own:auroc_extra,-0.4229425,-0.44688901562500005,-0.4018738281249999
hashemi_enc - ch_means_own:aupr_common,-0.3509984227449233,-0.37703096143319575,-0.3253755609867223
hashemi_enc - ch_means_own:aupr_extra,-0.35280309287904243,-0.3767302330466547,-0.3274257577299787
hashemi_enc - ch_means_own:fpr95_common,0.4953999999999998,0.4668483333333334,0.527671666666667
hashemi_enc - ch_means_own:fpr95_extra,0.5207499999999999,0.4782500000000002,0.5507499999999999
hashemi_enc - ch_means_own:rho_within,-0.03761580632676671,-0.11778623173848743,0.0432798572388
hashemi_enc - ch_means_own:rho_condition_lrp,-1.3395996640537515,-1.3964316209406495,-1.2746329087346024
hashemi_enc - ch_means_own:aurc_all,0.05837557814981398,0.037473598542455175,0.07950821247566255
hashemi_enc - ch_top_knn:auroc_common,-0.2895258333333334,-0.3183833541666667,-0.26093972499999996
hashemi_enc - ch_top_knn:auroc_extra,-0.33302624999999997,-0.35866040625000006,-0.30866184374999983
hashemi_enc - ch_top_knn:aupr_common,-0.20447862865966393,-0.22828391126877084,-0.18317314984678992
hashemi_enc - ch_top_knn:aupr_extra,-0.25788624227270984,-0.28099124264200853,-0.2347335902628455
hashemi_enc - ch_top_knn:fpr95_common,0.2971999999999999,0.27126499999999976,0.32233500000000015
hashemi_enc - ch_top_knn:fpr95_extra,0.3594999999999998,0.3254937499999999,0.3889999999999999
hashemi_enc - ch_top_knn:rho_within,-0.042116132403449094,-0.13439148456364944,0.054708264052333117
hashemi_enc - ch_top_knn:rho_condition_lrp,-1.043910974244121,-1.1017514697648378,-0.9802593085106381
hashemi_enc - ch_top_knn:aurc_all,0.03934801567811563,0.018125446507422302,0.06005524966926392
hashemi_enc - ch_top_own:auroc_common,-0.4173481666666667,-0.44851596666666665,-0.3896973916666667
hashemi_enc - ch_top_own:auroc_extra,-0.32651125000000003,-0.3509723125,-0.3042579218749999
hashemi_enc - ch_top_own:aupr_common,-0.33297351794885155,-0.36290678494041184,-0.304438943133614
hashemi_enc - ch_top_own:aupr_extra,-0.25528020619986846,-0.27846302060398487,-0.2325912683127594
hashemi_enc - ch_top_own:fpr95_common,0.4353999999999998,0.39399833333333334,0.47864000000000007
hashemi_enc - ch_top_own:fpr95_extra,0.3454999999999999,0.31125,0.38150624999999994
hashemi_enc - ch_top_own:rho_within,-0.08710560923048977,-0.17638850470023915,0.0022109852140055454
hashemi_enc - ch_top_own:rho_condition_lrp,-1.3073068309070548,-1.3564480683090707,-1.2406526455767077
hashemi_enc - ch_top_own:aurc_all,0.04739548447302566,0.02346000767411221,0.06963124479473186
hashemi_enc - ch_p99_knn:auroc_common,-0.2848295,-0.3128087041666665,-0.2553675416666665
hashemi_enc - ch_p99_knn:auroc_extra,-0.33481625000000004,-0.3598516875000001,-0.30837315625
hashemi_enc - ch_p99_knn:aupr_common,-0.1969139166556313,-0.21998966831391434,-0.1757169578075584
hashemi_enc - ch_p99_knn:aupr_extra,-0.2522939909144296,-0.27727492819663085,-0.22790288215787707
hashemi_enc - ch_p99_knn:fpr95_common,0.29393333333333316,0.26926499999999975,0.31821000000000027
hashemi_enc - ch_p99_knn:fpr95_extra,0.3599999999999999,0.32399374999999997,0.38825624999999997
hashemi_enc - ch_p99_knn:rho_within,-0.02472849538311812,-0.1180059607463707,0.06963183537393677
hashemi_enc - ch_p99_knn:rho_condition_lrp,-1.013479843225084,-1.0726483762597985,-0.9462790453527438
hashemi_enc - ch_p99_knn:aurc_all,0.03851266205420556,0.01753271487625132,0.05899046893157773
hashemi_enc - ch_p99_own:auroc_common,-0.4035085,-0.4340458125,-0.3759439875
hashemi_enc - ch_p99_own:auroc_extra,-0.33118500000000006,-0.35545914062500006,-0.3087755312499999
hashemi_enc - ch_p99_own:aupr_common,-0.31504652981060566,-0.34425342913582346,-0.2887913024561264
hashemi_enc - ch_p99_own:aupr_extra,-0.25770812425706,-0.2796056843013761,-0.23498688884144361
hashemi_enc - ch_p99_own:fpr95_common,0.4143333333333331,0.37466000000000005,0.45854
hashemi_enc - ch_p99_own:fpr95_extra,0.35299999999999976,0.32074375,0.3877499999999997
hashemi_enc - ch_p99_own:rho_within,-0.07022645510295218,-0.16080250646437932,0.019026164199962146
hashemi_enc - ch_p99_own:rho_condition_lrp,-1.3173012318029116,-1.3693774496080626,-1.248775545912654
hashemi_enc - ch_p99_own:aurc_all,0.04511665301963874,0.021489476549068263,0.0678010675427813
hashemi_enc - ch_grid_knn:auroc_common,-0.16235649999999996,-0.18714677083333345,-0.13869122500000008
hashemi_enc - ch_grid_knn:auroc_extra,-0.21102624999999997,-0.23715420312500005,-0.18540040624999993
hashemi_enc - ch_grid_knn:aupr_common,-0.1278998787643122,-0.1413248883941009,-0.11275380798577975
hashemi_enc - ch_grid_knn:aupr_extra,-0.156078218484214,-0.17416239779865897,-0.1372517103690086
hashemi_enc - ch_grid_knn:fpr95_common,0.16766666666666652,0.1448599999999999,0.19280166666666673
hashemi_enc - ch_grid_knn:fpr95_extra,0.1954999999999999,0.1664937500000003,0.23251250000000004
hashemi_enc - ch_grid_knn:rho_within,-0.0794893841819524,-0.16938753856369002,0.01035251669530597
hashemi_enc - ch_grid_knn:rho_condition_lrp,-0.9375419932810751,-0.9924020156774916,-0.8752964025755879
hashemi_enc - ch_grid_knn:aurc_all,0.05474939687040514,0.0355714410735868,0.07323243015566598
hashemi_enc - ch_grid_own:auroc_common,-0.2983908333333332,-0.32221020000000017,-0.27561259999999993
hashemi_enc - ch_grid_own:auroc_extra,-0.3792000000000002,-0.40313570312499997,-0.35604034374999993
hashemi_enc - ch_grid_own:aupr_common,-0.23627943060072942,-0.25624322123659254,-0.21746294125438026
hashemi_enc - ch_grid_own:aupr_extra,-0.30381757613339966,-0.3312600456080654,-0.27906762401497043
hashemi_enc - ch_grid_own:fpr95_common,0.33046666666666635,0.3045233333333332,0.359733333333333
hashemi_enc - ch_grid_own:fpr95_extra,0.4324999999999998,0.40125,0.4669999999999997
hashemi_enc - ch_grid_own:rho_within,-0.05291670877359354,-0.1322081589444969,0.025307250933859278
hashemi_enc - ch_grid_own:rho_condition_lrp,-1.1931410974244123,-1.2546248600223966,-1.1310851763717804
hashemi_enc - ch_grid_own:aurc_all,0.058172057965581225,0.03829542998444159,0.07771092033285854
cdf - cdf_sum:auroc_common,0.04068800000000017,0.03355012499999995,0.047627791666666794
cdf - cdf_sum:auroc_extra,0.049860000000000126,0.043875718749999945,0.05580309374999998
cdf - cdf_sum:aupr_common,0.03779525838234854,0.029394430066726613,0.0479295383468428
cdf - cdf_sum:aupr_extra,0.04896696189736838,0.04055692203991608,0.058804049269961245
cdf - cdf_sum:fpr95_common,-0.09700000000000009,-0.11013500000000008,-0.07993166666666664
cdf - cdf_sum:fpr95_extra,-0.10599999999999998,-0.12349999999999989,-0.08700000000000008
cdf - cdf_sum:rho_within,-0.03629664963081572,-0.06464356056225333,-0.007197091420688922
cdf - cdf_sum:rho_condition_lrp,-0.08591825307950718,-0.09164368701007837,-0.07259063549832029
cdf - cdf_sum:aurc_all,0.0022503007529619534,-0.0020344478747790994,0.006347117548030506
cdf - convtu_mst:auroc_common,0.16464066666666677,0.13773532500000008,0.1924665083333334
cdf - convtu_mst:auroc_extra,0.19303500000000007,0.17095831249999996,0.2159123749999999
cdf - convtu_mst:aupr_common,0.11771867001214764,0.08918609530384415,0.14976424545368525
cdf - convtu_mst:aupr_extra,0.1563854815611473,0.1304522846717869,0.1830707993473466
cdf - convtu_mst:fpr95_common,-0.3354666666666666,-0.36849499999999996,-0.2950283333333333
cdf - convtu_mst:fpr95_extra,-0.3427499999999999,-0.3762562499999999,-0.29973749999999993
cdf - convtu_mst:rho_within,-0.07886139747697184,-0.15056404292817674,-0.0028118844643720436
cdf - convtu_mst:rho_condition_lrp,0.09524076147816363,0.065311450167973,0.14132278835386333
cdf - convtu_mst:aurc_all,-0.0031730330517485417,-0.015491353608688354,0.00853892789698101
cdf - convtu_edges:auroc_common,0.16724200000000022,0.13730512499999975,0.19554302500000006
cdf - convtu_edges:auroc_extra,0.199125,0.1741133124999998,0.22454140625
cdf - convtu_edges:aupr_common,0.1244784130834331,0.09288054382926612,0.1577066879112585
cdf - convtu_edges:aupr_extra,0.16151125028290747,0.13312667288377522,0.18805312557594328
cdf - convtu_edges:fpr95_common,-0.32853333333333334,-0.36520666666666673,-0.28685
cdf - convtu_edges:fpr95_extra,-0.3337499999999999,-0.3730125000000001,-0.292
cdf - convtu_edges:rho_within,-0.07512937656843899,-0.14754733550607468,-0.0028735027723906705
cdf - convtu_edges:rho_condition_lrp,0.105837066069429,0.0760470324748041,0.1520601203807391
cdf - convtu_edges:aurc_all,-0.0018530545850240498,-0.014548098279185366,0.009794986410532489
cdf - convtu_acts:auroc_common,0.15458533333333357,0.12963604166666642,0.18144007499999992
cdf - convtu_acts:auroc_extra,0.2045475,0.18379240625000015,0.22773528125000017
cdf - convtu_acts:aupr_common,0.10867277123498709,0.07806429719365782,0.13915468640811487
cdf - convtu_acts:aupr_extra,0.15795478766114746,0.13407544105466862,0.18236034067100268
cdf - convtu_acts:fpr95_common,-0.30433333333333334,-0.3346133333333333,-0.2647283333333334
cdf - convtu_acts:fpr95_extra,-0.35124999999999995,-0.3872562499999999,-0.31249375
cdf - convtu_acts:rho_within,-0.07789255626286473,-0.14839567963439507,-0.010362039634496353
cdf - convtu_acts:rho_condition_lrp,-0.039669652855543136,-0.06370730683090715,-0.007331326987682027
cdf - convtu_acts:aurc_all,-0.006916994993960701,-0.016827236899537933,0.002904543733332354
cdf - convtu_means:auroc_common,0.02695833333333353,0.0053338916666666935,0.04861570833333319
cdf - convtu_means:auroc_extra,-0.0390625,-0.057814718749999994,-0.020682062499999893
cdf - convtu_means:aupr_common,0.02598079517209506,0.0005551910493664075,0.054333717412951704
cdf - convtu_means:aupr_extra,-0.03931666694783709,-0.06532517810601836,-0.011827331053531084
cdf - convtu_means:fpr95_common,-0.037799999999999945,-0.07526833333333337,-0.0013299999999999148
cdf - convtu_means:fpr95_extra,0.05024999999999996,0.015487499999999963,0.09277499999999997
cdf - convtu_means:rho_within,-0.05303040156534902,-0.10932361612821882,0.0031321467519013035
cdf - convtu_means:rho_condition_lrp,0.1770716685330348,0.15506159014557674,0.21208006718924977
cdf - convtu_means:aurc_all,0.015506435041169109,0.0012621443837511459,0.03122589569208055
cdf - ch_means_knn:auroc_common,0.02695833333333353,0.0053338916666666935,0.04861570833333319
cdf - ch_means_knn:auroc_extra,-0.0390625,-0.057814718749999994,-0.020682062499999893
cdf - ch_means_knn:aupr_common,0.02598079517209506,0.0005551910493664075,0.054333717412951704
cdf - ch_means_knn:aupr_extra,-0.03931666694783709,-0.06532517810601836,-0.011827331053531084
cdf - ch_means_knn:fpr95_common,-0.037799999999999945,-0.07526833333333337,-0.0013299999999999148
cdf - ch_means_knn:fpr95_extra,0.05024999999999996,0.015487499999999963,0.09277499999999997
cdf - ch_means_knn:rho_within,-0.05303040156534902,-0.10932361612821882,0.0031321467519013035
cdf - ch_means_knn:rho_condition_lrp,0.1770716685330348,0.15506159014557674,0.21208006718924977
cdf - ch_means_knn:aurc_all,0.015506435041169109,0.0012621443837511459,0.03122589569208055
cdf - ch_means_own:auroc_common,0.03157500000000002,0.017900108333333352,0.045234066666666774
cdf - ch_means_own:auroc_extra,-0.009649999999999936,-0.020854093749999872,0.0016692499999999939
cdf - ch_means_own:aupr_common,0.019511059422887223,-0.0022459311346655795,0.041469174844316774
cdf - ch_means_own:aupr_extra,-0.022106661714934916,-0.043538539852311424,0.0017556129101365925
cdf - ch_means_own:fpr95_common,-0.0636666666666667,-0.08333833333333342,-0.040063333333333256
cdf - ch_means_own:fpr95_extra,-0.0029999999999998916,-0.03100625000000008,0.016506250000000118
cdf - ch_means_own:rho_within,-0.03394122547920299,-0.05998350834003681,-0.007493722028857056
cdf - ch_means_own:rho_condition_lrp,0.00043393057110863165,-0.013889277715565576,0.020660694288913817
cdf - ch_means_own:aurc_all,0.004696673198245738,-0.0004810908192262125,0.010237484981359849
cdf - ch_top_knn:auroc_common,0.18789,0.16020522499999992,0.21855365000000002
cdf - ch_top_knn:auroc_extra,0.0802662500000001,0.05723943750000005,0.10483740624999996
cdf - ch_top_knn:aupr_common,0.16603085350814661,0.13612953715716475,0.19881460143499266
cdf - ch_top_knn:aupr_extra,0.07281018889139768,0.04228320360338919,0.10431525096406606
cdf - ch_top_knn:fpr95_common,-0.2618666666666666,-0.2976149999999999,-0.2246616666666668
cdf - ch_top_knn:fpr95_extra,-0.16425,-0.20750625000000011,-0.12223750000000004
cdf - ch_top_knn:rho_within,-0.03844155155588537,-0.12410901798861386,0.045782284934648025
cdf - ch_top_knn:rho_condition_lrp,0.29612262038073917,0.26386233202687565,0.32434385498320273
cdf - ch_top_knn:aurc_all,-0.014330889273452607,-0.03259444168735905,0.005123828831141413
cdf - ch_top_own:auroc_common,0.06006766666666674,0.039020925000000074,0.08164634999999998
cdf - ch_top_own:auroc_extra,0.08678125000000003,0.07038524999999993,0.10353434375000001
cdf - ch_top_own:aupr_common,0.037535964218958995,0.011262927630115688,0.06086920533859059
cdf - ch_top_own:aupr_extra,0.07541622496423905,0.05365870582195844,0.09471667128908143
cdf - ch_top_own:fpr95_common,-0.1236666666666667,-0.15346999999999997,-0.09000000000000002
cdf - ch_top_own:fpr95_extra,-0.1782499999999999,-0.21225624999999992,-0.1475000000000002
cdf - ch_top_own:rho_within,-0.08343102838292603,-0.14761804698094863,-0.017335794413135045
cdf - ch_top_own:rho_condition_lrp,0.03272676371780525,0.010902855543113123,0.061591195408734596
cdf - ch_top_own:aurc_all,-0.0062834204785425785,-0.01461459812429212,0.0016799885058066727
cdf - ch_p99_knn:auroc_common,0.19258633333333341,0.16655339166666683,0.22137663333333338
cdf - ch_p99_knn:auroc_extra,0.07847625000000003,0.054534937499999894,0.10232453125000004
cdf - ch_p99_knn:aupr_common,0.17359556551217925,0.14462018817605093,0.20479174704747988
cdf - ch_p99_knn:aupr_extra,0.07840244024967791,0.04762129648051941,0.10872002978693779
cdf - ch_p99_knn:fpr95_common,-0.26513333333333333,-0.29940666666666665,-0.22899666666666665
cdf - ch_p99_knn:fpr95_extra,-0.16374999999999995,-0.20575,-0.12246250000000009
cdf - ch_p99_knn:rho_within,-0.02105391453555439,-0.10465554622995772,0.060792206984559706
cdf - ch_p99_knn:rho_condition_lrp,0.32655375139977616,0.29358692609182535,0.35918183090705497
cdf - ch_p99_knn:aurc_all,-0.01516624289736268,-0.03330093811412168,0.005646281123274706
cdf - ch_p99_own:auroc_common,0.07390733333333344,0.05463485833333336,0.09374321666666677
cdf - ch_p99_own:auroc_extra,0.0821075,0.06790212500000012,0.09619396875000001
cdf - ch_p99_own:aupr_common,0.05546295235720489,0.03325411075191852,0.07596854497760878
cdf - ch_p99_own:aupr_extra,0.0729883069070475,0.05553937588301364,0.08948774273130958
cdf - ch_p99_own:fpr95_common,-0.14473333333333338,-0.17320166666666664,-0.11333000000000001
cdf - ch_p99_own:fpr95_extra,-0.17075000000000007,-0.1995,-0.14525000000000005
cdf - ch_p99_own:rho_within,-0.06655187425538844,-0.12565426310281522,-0.00701583444172437
cdf - ch_p99_own:rho_condition_lrp,0.022732362821948682,0.00484217525195965,0.049846724524076166
cdf - ch_p99_own:aurc_all,-0.008562251931929499,-0.01591419807083836,-0.0011093945526656468
cdf - ch_grid_knn:auroc_common,0.31505933333333347,0.28824202499999996,0.3443064333333333
cdf - ch_grid_knn:auroc_extra,0.2022662500000001,0.17792725,0.22634643749999986
cdf - ch_grid_knn:aupr_common,0.24260960340349835,0.21836756118905476,0.27083966298667433
cdf - ch_grid_knn:aupr_extra,0.17461821267989353,0.14909299762635456,0.20033852164845248
cdf - ch_grid_knn:fpr95_common,-0.39139999999999997,-0.42480666666666655,-0.35586666666666666
cdf - ch_grid_knn:fpr95_extra,-0.32824999999999993,-0.3690062500000001,-0.27873125
cdf - ch_grid_knn:rho_within,-0.07581480333438866,-0.14684284349727952,-0.005397964977763175
cdf - ch_grid_knn:rho_condition_lrp,0.4024916013437851,0.3638542833146697,0.43998285274356114
cdf - ch_grid_knn:aurc_all,0.0010704919188369022,-0.01940692877140379,0.02213567889914308
cdf - ch_grid_own:auroc_common,0.1790250000000002,0.15736544166666686,0.20027305833333345
cdf - ch_grid_own:auroc_extra,0.03409249999999986,0.01520309374999993,0.052651843749999976
cdf - ch_grid_own:aupr_common,0.13423005156708112,0.10896354629256183,0.16042532166882217
cdf - ch_grid_own:aupr_extra,0.02687885503070786,-0.0014560990377924827,0.05314730931815948
cdf - ch_grid_own:fpr95_common,-0.22860000000000014,-0.2596716666666667,-0.1948366666666667
cdf - ch_grid_own:fpr95_extra,-0.09125000000000005,-0.12475000000000003,-0.051250000000000066
cdf - ch_grid_own:rho_within,-0.049242127926029805,-0.0935443401978516,-0.0054218795152931685
cdf - ch_grid_own:rho_condition_lrp,0.14689249720044795,0.118572228443449,0.17018931970884654
cdf - ch_grid_own:aurc_all,0.004493153014012985,-0.007017001770438294,0.01648958204000732
cdf_sum - convtu_mst:auroc_common,0.1239526666666666,0.09707554166666658,0.15196977500000006
cdf_sum - convtu_mst:auroc_extra,0.14317499999999994,0.12169521874999993,0.1665546562499998
cdf_sum - convtu_mst:aupr_common,0.0799234116297991,0.0533541852755718,0.10757031008603303
cdf_sum - convtu_mst:aupr_extra,0.10741851966377891,0.08426085447406974,0.1311571388733653
cdf_sum - convtu_mst:fpr95_common,-0.2384666666666665,-0.2723450000000001,-0.2003949999999999
cdf_sum - convtu_mst:fpr95_extra,-0.2367499999999999,-0.27425000000000005,-0.19323750000000003
cdf_sum - convtu_mst:rho_within,-0.042564747846156124,-0.11169044812818077,0.028281315706738457
cdf_sum - convtu_mst:rho_condition_lrp,0.1811590145576708,0.14817364221724524,0.22236667133258678
cdf_sum - convtu_mst:aurc_all,-0.005423333804710495,-0.019773612307266684,0.007833311416134683
cdf_sum - convtu_edges:auroc_common,0.12655400000000006,0.09824580000000009,0.15579890833333332
cdf_sum - convtu_edges:auroc_extra,0.14926499999999987,0.12421728124999983,0.17452290625
cdf_sum - convtu_edges:aupr_common,0.08668315470108456,0.05876611483660342,0.11512876571939702
cdf_sum - convtu_edges:aupr_extra,0.11254428838553909,0.08756518408969811,0.13752991859147912
cdf_sum - convtu_edges:fpr95_common,-0.23153333333333326,-0.2708016666666666,-0.19132833333333346
cdf_sum - convtu_edges:fpr95_extra,-0.2277499999999999,-0.27049999999999985,-0.18599375000000007
cdf_sum - convtu_edges:rho_within,-0.038832726937623276,-0.10840038276370781,0.03189482279033043
cdf_sum - convtu_edges:rho_condition_lrp,0.19175531914893618,0.15572018477043684,0.2338899776035834
cdf_sum - convtu_edges:aurc_all,-0.004103355337986003,-0.018410485270808106,0.00964984385310191
cdf_sum - convtu_acts:auroc_common,0.1138973333333334,0.08843207500000005,0.14137502499999988
cdf_sum - convtu_acts:auroc_extra,0.15468749999999987,0.13340959375000008,0.17897540625000008
cdf_sum - convtu_acts:aupr_common,0.07087751285263855,0.04150036536608996,0.10219295724261263
cdf_sum - convtu_acts:aupr_extra,0.10898782576377908,0.08671523507479928,0.1333376763662903
cdf_sum - convtu_acts:fpr95_common,-0.20733333333333326,-0.2431333333333332,-0.16845666666666667
cdf_sum - convtu_acts:fpr95_extra,-0.24524999999999997,-0.2819999999999999,-0.20749375000000003
cdf_sum - convtu_acts:rho_within,-0.04159590663204902,-0.10702112333708651,0.022354363957518796
cdf_sum - convtu_acts:rho_condition_lrp,0.04624860022396404,0.016069428891377555,0.0754706746920493
cdf_sum - convtu_acts:aurc_all,-0.009167295746922655,-0.02145883704024224,0.0026776281995729194
cdf_sum - convtu_means:auroc_common,-0.01372966666666664,-0.037488341666666695,0.009331900000000011
cdf_sum - convtu_means:auroc_extra,-0.08892250000000013,-0.10966096874999999,-0.06769915624999988
cdf_sum - convtu_means:aupr_common,-0.011814463210253479,-0.03732728756534927,0.014909914540695318
cdf_sum - convtu_means:aupr_extra,-0.08828362884520546,-0.11506117439834157,-0.06107887915767957
cdf_sum - convtu_means:fpr95_common,0.05920000000000014,0.01699166666666679,0.09680166666666672
cdf_sum - convtu_means:fpr95_extra,0.15624999999999994,0.11749374999999983,0.20249999999999996
cdf_sum - convtu_means:rho_within,-0.01673375193453331,-0.0811841496010407,0.04624202483191361
cdf_sum - convtu_means:rho_condition_lrp,0.262989921612542,0.23498005319148943,0.2960823768197088
cdf_sum - convtu_means:aurc_all,0.013256134288207155,-0.0018489323427610116,0.030201441336661024
cdf_sum - ch_means_knn:auroc_common,-0.01372966666666664,-0.037488341666666695,0.009331900000000011
cdf_sum - ch_means_knn:auroc_extra,-0.08892250000000013,-0.10966096874999999,-0.06769915624999988
cdf_sum - ch_means_knn:aupr_common,-0.011814463210253479,-0.03732728756534927,0.014909914540695318
cdf_sum - ch_means_knn:aupr_extra,-0.08828362884520546,-0.11506117439834157,-0.06107887915767957
cdf_sum - ch_means_knn:fpr95_common,0.05920000000000014,0.01699166666666679,0.09680166666666672
cdf_sum - ch_means_knn:fpr95_extra,0.15624999999999994,0.11749374999999983,0.20249999999999996
cdf_sum - ch_means_knn:rho_within,-0.01673375193453331,-0.0811841496010407,0.04624202483191361
cdf_sum - ch_means_knn:rho_condition_lrp,0.262989921612542,0.23498005319148943,0.2960823768197088
cdf_sum - ch_means_knn:aurc_all,0.013256134288207155,-0.0018489323427610116,0.030201441336661024
cdf_sum - ch_means_own:auroc_common,-0.009113000000000149,-0.023605258333333396,0.006187008333333337
cdf_sum - ch_means_own:auroc_extra,-0.05951000000000006,-0.07238343750000023,-0.04630306249999989
cdf_sum - ch_means_own:aupr_common,-0.018284198959461317,-0.04053755172795489,0.0028574992260975316
cdf_sum - ch_means_own:aupr_extra,-0.0710736236123033,-0.09270229970388337,-0.04908092333249438
cdf_sum - ch_means_own:fpr95_common,0.03333333333333338,0.012198333333333212,0.057335000000000066
cdf_sum - ch_means_own:fpr95_extra,0.10300000000000009,0.07174999999999998,0.1275
cdf_sum - ch_means_own:rho_within,0.002355424151612731,-0.03708489567873818,0.04100402629901643
cdf_sum - ch_means_own:rho_condition_lrp,0.08635218365061581,0.06794372900335946,0.10373845184770436
cdf_sum - ch_means_own:aurc_all,0.0024463724452837843,-0.004743526328132857,0.010336838010673982
cdf_sum - ch_top_knn:auroc_common,0.14720199999999983,0.11580434166666656,0.17949553333333346
cdf_sum - ch_top_knn:auroc_extra,0.030406249999999968,0.004911374999999961,0.056192687500000005
cdf_sum - ch_top_knn:aupr_common,0.12823559512579807,0.09784150941142276,0.16094796594506652
cdf_sum - ch_top_knn:aupr_extra,0.0238432269940293,-0.00469641509830612,0.05395670774498092
cdf_sum - ch_top_knn:fpr95_common,-0.1648666666666665,-0.20280333333333325,-0.1261883333333332
cdf_sum - ch_top_knn:fpr95_extra,-0.058250000000000024,-0.10375000000000012,-0.01272500000000017
cdf_sum - ch_top_knn:rho_within,-0.0021449019250696505,-0.08966166984287965,0.08619225849019785
cdf_sum - ch_top_knn:rho_condition_lrp,0.38204087346024634,0.34036849104143346,0.4079997200447929
cdf_sum - ch_top_knn:aurc_all,-0.01658119002641456,-0.03608104583012614,0.004199304483453135
cdf_sum - ch_top_own:auroc_common,0.019379666666666573,-0.0005394583333332589,0.0393968583333333
cdf_sum - ch_top_own:auroc_extra,0.036921249999999906,0.021180687499999934,0.05295809374999997
cdf_sum - ch_top_own:aupr_common,-0.00025929416338954514,-0.02430418110230676,0.019462962962929552
cdf_sum - ch_top_own:aupr_extra,0.026449263066870676,0.007293453083004062,0.04316576948803314
cdf_sum - ch_top_own:fpr95_common,-0.026666666666666616,-0.05787166666666662,0.005408333333333285
cdf_sum - ch_top_own:fpr95_extra,-0.07224999999999993,-0.10725624999999996,-0.04150000000000009
cdf_sum - ch_top_own:rho_within,-0.047134378752110316,-0.10307574463449067,0.0046139592539183125
cdf_sum - ch_top_own:rho_condition_lrp,0.11864501679731243,0.09407614781634949,0.14389557670772676
cdf_sum - ch_top_own:aurc_all,-0.008533721231504532,-0.018990061760602757,0.0014313297139722802
cdf_sum - ch_p99_knn:auroc_common,0.15189833333333325,0.12321239166666662,0.18273030000000004
cdf_sum - ch_p99_knn:auroc_extra,0.0286162499999999,0.0033473125000000104,0.05395296875000003
cdf_sum - ch_p99_knn:aupr_common,0.1358003071298307,0.10695683174688031,0.1663195290817884
cdf_sum - ch_p99_knn:aupr_extra,0.02943547835230953,-0.0002590875317835138,0.05769928661260437
cdf_sum - ch_p99_knn:fpr95_common,-0.16813333333333325,-0.20666833333333343,-0.13157999999999995
cdf_sum - ch_p99_knn:fpr95_extra,-0.05774999999999997,-0.10149999999999992,-0.011500000000000172
cdf_sum - ch_p99_knn:rho_within,0.015242735095261327,-0.06946403362029671,0.10225123957612088
cdf_sum - ch_p99_knn:rho_condition_lrp,0.41247200447928334,0.37351798712206047,0.4412723964165734
cdf_sum - ch_p99_knn:aurc_all,-0.017416543650324634,-0.03640786391317422,0.004524275082204139
cdf_sum - ch_p99_own:auroc_common,0.03321933333333327,0.01479454166666656,0.0514482250000001
cdf_sum - ch_p99_own:auroc_extra,0.032247499999999873,0.018839156249999874,0.046435656250000006
cdf_sum - ch_p99_own:aupr_common,0.017667693974856347,-0.0025965904388295736,0.035603217234563354
cdf_sum - ch_p99_own:aupr_extra,0.024021345009679118,0.007274157384908051,0.03905873409305813
cdf_sum - ch_p99_own:fpr95_common,-0.047733333333333294,-0.0744783333333334,-0.0192600000000001
cdf_sum - ch_p99_own:fpr95_extra,-0.06475000000000009,-0.09300625000000008,-0.03799374999999993
cdf_sum - ch_p99_own:rho_within,-0.03025522462457273,-0.08086114044620965,0.019089723592449294
cdf_sum - ch_p99_own:rho_condition_lrp,0.10865061590145586,0.08727428611422167,0.13139802631578942
cdf_sum - ch_p99_own:aurc_all,-0.010812552684891452,-0.019927630360055335,-0.0015602283067624096
cdf_sum - ch_grid_knn:auroc_common,0.2743713333333333,0.2460588583333333,0.30293464166666667
cdf_sum - ch_grid_knn:auroc_extra,0.15240624999999997,0.12713621875000003,0.17776515625000025
cdf_sum - ch_grid_knn:aupr_common,0.2048143450211498,0.18335922113580475,0.2307649437140161
cdf_sum - ch_grid_knn:aupr_extra,0.12565125078252515,0.10253285681819803,0.14961028848913074
cdf_sum - ch_grid_knn:fpr95_common,-0.2943999999999999,-0.3286866666666668,-0.2578516666666667
cdf_sum - ch_grid_knn:fpr95_extra,-0.22224999999999995,-0.2640062500000001,-0.17175000000000007
cdf_sum - ch_grid_knn:rho_within,-0.03951815370357294,-0.10837640797414608,0.027346104245890294
cdf_sum - ch_grid_knn:rho_condition_lrp,0.48840985442329227,0.4434514977603584,0.5234361002239643
cdf_sum - ch_grid_knn:aurc_all,-0.0011798088341250512,-0.022588639607890728,0.022899009830647608
cdf_sum - ch_grid_own:auroc_common,0.13833700000000004,0.11539649999999994,0.1615877249999999
cdf_sum - ch_grid_own:auroc_extra,-0.015767500000000267,-0.03544618750000018,0.004533906250000008
cdf_sum - ch_grid_own:aupr_common,0.09643479318473258,0.07298351197692259,0.12167498582430276
cdf_sum - ch_grid_own:aupr_extra,-0.022088106866660517,-0.049029148931331944,0.003959417258574739
cdf_sum - ch_grid_own:fpr95_common,-0.13160000000000005,-0.16460333333333318,-0.0971933333333334
cdf_sum - ch_grid_own:fpr95_extra,0.01474999999999993,-0.022499999999999857,0.05652499999999997
cdf_sum - ch_grid_own:rho_within,-0.012945478295214093,-0.06196163543897888,0.036118161217888786
cdf_sum - ch_grid_own:rho_condition_lrp,0.23281075027995513,0.1995499720044792,0.25416363381858903
cdf_sum - ch_grid_own:aurc_all,0.0022428522610510315,-0.010567458510872879,0.016477446259721213
convtu_mst - convtu_edges:auroc_common,0.0026013333333334554,-0.004137758333333588,0.009332699999999883
convtu_mst - convtu_edges:auroc_extra,0.006089999999999929,-0.0011365624999999518,0.013035031249999907
convtu_mst - convtu_edges:aupr_common,0.006759743071285462,0.0008828938563025801,0.01279974905116052
convtu_mst - convtu_edges:aupr_extra,0.005125768721760182,-0.0003130353676003506,0.010240945660786165
convtu_mst - convtu_edges:fpr95_common,0.006933333333333236,-0.0044033333333332895,0.014466666666666633
convtu_mst - convtu_edges:fpr95_extra,0.009000000000000008,-0.01025624999999998,0.020000000000000018
convtu_mst - convtu_edges:rho_within,0.0037320209085328487,-0.011371142098285623,0.018333190113168512
convtu_mst - convtu_edges:rho_condition_lrp,0.01059630459126537,0.0006855403135497651,0.019569218924972064
convtu_mst - convtu_edges:aurc_all,0.0013199784667244918,-0.0004205922020686398,0.0031558092804549404
convtu_mst - convtu_acts:auroc_common,-0.010055333333333194,-0.027960325000000154,0.006715833333333345
convtu_mst - convtu_acts:auroc_extra,0.011512499999999926,-0.005607718749999882,0.02762596875000001
convtu_mst - convtu_acts:aupr_common,-0.009045898777160555,-0.03007525236736741,0.010145070161947939
convtu_mst - convtu_acts:aupr_extra,0.0015693061000001673,-0.01509170228035614,0.016512463648560106
convtu_mst - convtu_acts:fpr95_common,0.031133333333333235,0.0030649999999999983,0.05933500000000001
convtu_mst - convtu_acts:fpr95_extra,-0.008500000000000063,-0.04075625000000006,0.015506249999999952
convtu_mst - convtu_acts:rho_within,0.0009688412141071051,-0.03935257673642812,0.04167880934037244
convtu_mst - convtu_acts:rho_condition_lrp,-0.13491041433370676,-0.162179101343785,-0.11300146976483762
convtu_mst - convtu_acts:aurc_all,-0.0037439619422121595,-0.011724222601597441,0.004748177745137121
convtu_mst - convtu_means:auroc_common,-0.13768233333333324,-0.1706577916666668,-0.1065042583333333
convtu_mst - convtu_means:auroc_extra,-0.23209750000000007,-0.25832956249999994,-0.20845459375000006
convtu_mst - convtu_means:aupr_common,-0.09173787484005258,-0.12266491779500105,-0.060720405144435885
convtu_mst - convtu_means:aupr_extra,-0.19570214850898437,-0.22372458420714464,-0.169032683182395
convtu_mst - convtu_means:fpr95_common,0.29766666666666663,0.24784999999999996,0.33754
convtu_mst - convtu_means:fpr95_extra,0.39299999999999985,0.35075,0.43600000000000005
convtu_mst - convtu_means:rho_within,0.025830995911622814,-0.04410961089503933,0.10043263264919468
convtu_mst - convtu_means:rho_condition_lrp,0.08183090705487117,0.031125419932810698,0.1303968365061589
convtu_mst - convtu_means:aurc_all,0.01867946809291765,0.000886344416579063,0.037896826370419405
convtu_mst - ch_means_knn:auroc_common,-0.13768233333333324,-0.1706577916666668,-0.1065042583333333
convtu_mst - ch_means_knn:auroc_extra,-0.23209750000000007,-0.25832956249999994,-0.20845459375000006
convtu_mst - ch_means_knn:aupr_common,-0.09173787484005258,-0.12266491779500105,-0.060720405144435885
convtu_mst - ch_means_knn:aupr_extra,-0.19570214850898437,-0.22372458420714464,-0.169032683182395
convtu_mst - ch_means_knn:fpr95_common,0.29766666666666663,0.24784999999999996,0.33754
convtu_mst - ch_means_knn:fpr95_extra,0.39299999999999985,0.35075,0.43600000000000005
convtu_mst - ch_means_knn:rho_within,0.025830995911622814,-0.04410961089503933,0.10043263264919468
convtu_mst - ch_means_knn:rho_condition_lrp,0.08183090705487117,0.031125419932810698,0.1303968365061589
convtu_mst - ch_means_knn:aurc_all,0.01867946809291765,0.000886344416579063,0.037896826370419405
convtu_mst - ch_means_own:auroc_common,-0.13306566666666675,-0.16082951666666662,-0.10773024166666673
convtu_mst - ch_means_own:auroc_extra,-0.202685,-0.22461603125000001,-0.1825826875
convtu_mst - ch_means_own:aupr_common,-0.09820761058926042,-0.12719017655330858,-0.06960381666684527
convtu_mst - ch_means_own:aupr_extra,-0.1784921432760822,-0.2045335341232171,-0.15187195671075943
convtu_mst - ch_means_own:fpr95_common,0.2717999999999999,0.23712999999999992,0.30321500000000007
convtu_mst - ch_means_own:fpr95_extra,0.33975,0.29200000000000004,0.37001874999999995
convtu_mst - ch_means_own:rho_within,0.044920171997768855,-0.03214325661931561,0.11636233388007941
convtu_mst - ch_means_own:rho_condition_lrp,-0.094806830907055,-0.14246990481522956,-0.05293638017917143
convtu_mst - ch_means_own:aurc_all,0.00786970624999428,-0.005140709621554182,0.020947130128151272
convtu_mst - ch_top_knn:auroc_common,0.023249333333333233,-0.0031513999999999505,0.05049210000000002
convtu_mst - ch_top_knn:auroc_extra,-0.11276874999999997,-0.13528518750000015,-0.09091200000000017
convtu_mst - ch_top_knn:aupr_common,0.04831218349599897,0.022832945399376123,0.07321454767609577
convtu_mst - ch_top_knn:aupr_extra,-0.08357529266974961,-0.10894679649739002,-0.05883290004424005
convtu_mst - ch_top_knn:fpr95_common,0.0736,0.038398333333333534,0.10394833333333331
convtu_mst - ch_top_knn:fpr95_extra,0.17849999999999988,0.13474375000000013,0.21050625000000012
convtu_mst - ch_top_knn:rho_within,0.040419845921086474,-0.02655463335877953,0.10512787083809635
convtu_mst - ch_top_knn:rho_condition_lrp,0.20088185890257554,0.14254934210526318,0.24159084546472565
convtu_mst - ch_top_knn:aurc_all,-0.011157856221704066,-0.028759731152017076,0.008466341370053067
convtu_mst - ch_top_own:auroc_common,-0.10457300000000003,-0.12859801666666662,-0.08204914166666659
convtu_mst - ch_top_own:auroc_extra,-0.10625375000000004,-0.12787087500000008,-0.08593075000000003
convtu_mst - ch_top_own:aupr_common,-0.08018270579318865,-0.10575664369879763,-0.0579405223606957
convtu_mst - ch_top_own:aupr_extra,-0.08096925659690823,-0.10237608210144641,-0.060652209179441204
convtu_mst - ch_top_own:fpr95_common,0.21179999999999988,0.17546666666666666,0.24766666666666665
convtu_mst - ch_top_own:fpr95_extra,0.16449999999999998,0.12573749999999992,0.19500624999999983
convtu_mst - ch_top_own:rho_within,-0.004569630905954192,-0.059234663050835,0.04795256199397659
convtu_mst - ch_top_own:rho_condition_lrp,-0.06251399776035838,-0.09413668812989923,-0.03793917973124303
convtu_mst - ch_top_own:aurc_all,-0.003110387426794037,-0.012365425674247222,0.006748656301347297
convtu_mst - ch_p99_knn:auroc_common,0.027945666666666646,0.0008274583333332118,0.0551797833333334
convtu_mst - ch_p99_knn:auroc_extra,-0.11455875000000004,-0.13674265624999998,-0.09084015625000008
convtu_mst - ch_p99_knn:aupr_common,0.05587689550003161,0.029267519667560044,0.08142816919371083
convtu_mst - ch_p99_knn:aupr_extra,-0.07798304131146938,-0.10488571747805622,-0.052473630663729044
convtu_mst - ch_p99_knn:fpr95_common,0.07033333333333325,0.03351999999999997,0.09880499999999999
convtu_mst - ch_p99_knn:fpr95_extra,0.17899999999999994,0.13475000000000015,0.21274999999999988
convtu_mst - ch_p99_knn:rho_within,0.05780748294141745,-0.008353446714089302,0.1219730060873575
convtu_mst - ch_p99_knn:rho_condition_lrp,0.23131298992161253,0.17118875979843223,0.2786982082866741
convtu_mst - ch_p99_knn:aurc_all,-0.011993209845614139,-0.030937718498239227,0.008512888232257147
convtu_mst - ch_p99_own:auroc_common,-0.09073333333333333,-0.1164430250000002,-0.06810226666666654
convtu_mst - ch_p99_own:auroc_extra,-0.11092750000000007,-0.13215215624999993,-0.09056762500000004
convtu_mst - ch_p99_own:aupr_common,-0.062255717654942755,-0.08804649543297487,-0.04022672445089209
convtu_mst - ch_p99_own:aupr_extra,-0.08339717465409979,-0.10570371752634841,-0.062478539455218716
convtu_mst - ch_p99_own:fpr95_common,0.1907333333333332,0.15492500000000003,0.22667833333333323
convtu_mst - ch_p99_own:fpr95_extra,0.17199999999999982,0.1352500000000001,0.19976249999999987
convtu_mst - ch_p99_own:rho_within,0.012309523221583393,-0.04324929448510004,0.06722653280489711
convtu_mst - ch_p99_own:rho_condition_lrp,-0.07250839865621495,-0.10510918253079504,-0.04677386618141098
convtu_mst - ch_p99_own:aurc_all,-0.005389218880180957,-0.014843886345391966,0.005323782576336765
convtu_mst - ch_grid_knn:auroc_common,0.1504186666666667,0.12404336666666659,0.17848611666666675
convtu_mst - ch_grid_knn:auroc_extra,0.009231250000000024,-0.014247062500000011,0.03154778124999983
convtu_mst - ch_grid_knn:aupr_common,0.12489093339135071,0.10070945651255289,0.14873619481941588
convtu_mst - ch_grid_knn:aupr_extra,0.018232731118746237,-0.0020427372610949983,0.03815269648674493
convtu_mst - ch_grid_knn:fpr95_common,-0.05593333333333339,-0.09400999999999997,-0.02199333333333325
convtu_mst - ch_grid_knn:fpr95_extra,0.014499999999999957,-0.028000000000000025,0.054262499999999894
convtu_mst - ch_grid_knn:rho_within,0.003046594142583181,-0.0629032274348204,0.06998849081750776
convtu_mst - ch_grid_knn:rho_condition_lrp,0.30725083986562146,0.24358517637178057,0.3543235582306831
convtu_mst - ch_grid_knn:aurc_all,0.004243524970585444,-0.017435292450376047,0.025013373205176537
convtu_mst - ch_grid_own:auroc_common,0.014384333333333443,-0.010432000000000035,0.03909028333333347
convtu_mst - ch_grid_own:auroc_extra,-0.1589425000000002,-0.1816535,-0.1379256875
convtu_mst - ch_grid_own:aupr_common,0.01651138155493348,-0.007931627383726955,0.041473658570357785
convtu_mst - ch_grid_own:aupr_extra,-0.12950662653043943,-0.15600280328210103,-0.10281828668753464
convtu_mst - ch_grid_own:fpr95_common,0.10686666666666644,0.0693266666666668,0.13793499999999992
convtu_mst - ch_grid_own:fpr95_extra,0.25149999999999983,0.20900000000000007,0.28775625000000005
convtu_mst - ch_grid_own:rho_within,0.02961926955094203,-0.030780389838953245,0.0894753586357944
convtu_mst - ch_grid_own:rho_condition_lrp,0.05165173572228432,-0.004897116461366207,0.08973649216125419
convtu_mst - ch_grid_own:aurc_all,0.007666186065761527,-0.006564287577747135,0.0228624247564757
convtu_edges - convtu_acts:auroc_common,-0.01265666666666665,-0.031905991666666834,0.005675666666666698
convtu_edges - convtu_acts:auroc_extra,0.005422499999999997,-0.013998593749999977,0.022866562500000173
convtu_edges - convtu_acts:aupr_common,-0.015805641848446017,-0.03776963073253415,0.005367337817028007
convtu_edges - convtu_acts:aupr_extra,-0.003556462621760015,-0.021244530999713584,0.012955469825606174
convtu_edges - convtu_acts:fpr95_common,0.0242,-0.0021999999999999824,0.054678333333333294
convtu_edges - convtu_acts:fpr95_extra,-0.01750000000000007,-0.04600624999999982,0.011999999999999903
convtu_edges - convtu_acts:rho_within,-0.0027631796944257436,-0.04255015036019607,0.034663300966200516
convtu_edges - convtu_acts:rho_condition_lrp,-0.14550671892497213,-0.17364816629339316,-0.12204297312430014
convtu_edges - convtu_acts:aurc_all,-0.005063940408936651,-0.013561990234255658,0.0039736232336822766
convtu_edges - convtu_means:auroc_common,-0.1402836666666667,-0.17237329999999998,-0.10844505833333337
convtu_edges - convtu_means:auroc_extra,-0.2381875,-0.26561478124999993,-0.21378906250000018
convtu_edges - convtu_means:aupr_common,-0.09849761791133804,-0.1300963063089091,-0.06721263164306968
convtu_edges - convtu_means:aupr_extra,-0.20082791723074456,-0.23037701017638015,-0.1735531182480278
convtu_edges - convtu_means:fpr95_common,0.2907333333333334,0.24043999999999993,0.3358299999999999
convtu_edges - convtu_means:fpr95_extra,0.38399999999999984,0.3427437500000002,0.43274999999999986
convtu_edges - convtu_means:rho_within,0.022098975003089966,-0.05117787441044732,0.09572935882299162
convtu_edges - convtu_means:rho_condition_lrp,0.0712346024636058,0.018979913213885806,0.12247690369540862
convtu_edges - convtu_means:aurc_all,0.01735948962619316,-5.5023265822864546e-05,0.036176058063127466
convtu_edges - ch_means_knn:auroc_common,-0.1402836666666667,-0.17237329999999998,-0.10844505833333337
convtu_edges - ch_means_knn:auroc_extra,-0.2381875,-0.26561478124999993,-0.21378906250000018
convtu_edges - ch_means_knn:aupr_common,-0.09849761791133804,-0.1300963063089091,-0.06721263164306968
convtu_edges - ch_means_knn:aupr_extra,-0.20082791723074456,-0.23037701017638015,-0.1735531182480278
convtu_edges - ch_means_knn:fpr95_common,0.2907333333333334,0.24043999999999993,0.3358299999999999
convtu_edges - ch_means_knn:fpr95_extra,0.38399999999999984,0.3427437500000002,0.43274999999999986
convtu_edges - ch_means_knn:rho_within,0.022098975003089966,-0.05117787441044732,0.09572935882299162
convtu_edges - ch_means_knn:rho_condition_lrp,0.0712346024636058,0.018979913213885806,0.12247690369540862
convtu_edges - ch_means_knn:aurc_all,0.01735948962619316,-5.5023265822864546e-05,0.036176058063127466
convtu_edges - ch_means_own:auroc_common,-0.1356670000000002,-0.16339926666666657,-0.1076028083333334
convtu_edges - ch_means_own:auroc_extra,-0.20877499999999993,-0.23218496874999991,-0.18595387500000005
convtu_edges - ch_means_own:aupr_common,-0.10496735366054588,-0.13384275976269833,-0.07706762377864393
convtu_edges - ch_means_own:aupr_extra,-0.1836179119978424,-0.20899857937342184,-0.15626265932124692
convtu_edges - ch_means_own:fpr95_common,0.26486666666666664,0.22986499999999999,0.3011366666666667
convtu_edges - ch_means_own:fpr95_extra,0.33075,0.28249375,0.36600625
convtu_edges - ch_means_own:rho_within,0.04118815108923601,-0.034360607362817236,0.10977554470701602
convtu_edges - ch_means_own:rho_condition_lrp,-0.10540313549832037,-0.15194988801791712,-0.06440299552071667
convtu_edges - ch_means_own:aurc_all,0.0065497277832697876,-0.006712097689792573,0.01967544716403359
convtu_edges - ch_top_knn:auroc_common,0.020647999999999778,-0.00782907499999987,0.048083758333333414
convtu_edges - ch_top_knn:auroc_extra,-0.1188587499999999,-0.14285665625000005,-0.09506890624999988
convtu_edges - ch_top_knn:aupr_common,0.04155244042471351,0.014372348563699422,0.06744957057373818
convtu_edges - ch_top_knn:aupr_extra,-0.0887010613915098,-0.11423160083378242,-0.06391461509539102
convtu_edges - ch_top_knn:fpr95_common,0.06666666666666676,0.03152666666666663,0.1010783333333333
convtu_edges - ch_top_knn:fpr95_extra,0.16949999999999987,0.13148124999999997,0.20975624999999976
convtu_edges - ch_top_knn:rho_within,0.036687825012553625,-0.029293089902617996,0.10154038989636775
convtu_edges - ch_top_knn:rho_condition_lrp,0.19028555431131017,0.13253709406494957,0.23356243001119817
convtu_edges - ch_top_knn:aurc_all,-0.012477834688428557,-0.030733573581792874,0.007563946191278133
convtu_edges - ch_top_own:auroc_common,-0.10717433333333348,-0.13200100833333323,-0.08434232500000005
convtu_edges - ch_top_own:auroc_extra,-0.11234374999999996,-0.13530043749999981,-0.08998340624999998
convtu_edges - ch_top_own:aupr_common,-0.08694244886447411,-0.1125797530595703,-0.0638334550499337
convtu_edges - ch_top_own:aupr_extra,-0.08609502531866842,-0.10910742802877886,-0.06465710007125844
convtu_edges - ch_top_own:fpr95_common,0.20486666666666664,0.16939999999999988,0.24133666666666662
convtu_edges - ch_top_own:fpr95_extra,0.15549999999999997,0.11924374999999997,0.19174999999999998
convtu_edges - ch_top_own:rho_within,-0.00830165181448704,-0.06256981951866608,0.044287168661447725
convtu_edges - ch_top_own:rho_condition_lrp,-0.07311030235162375,-0.10319883818589021,-0.04606627939529666
convtu_edges - ch_top_own:aurc_all,-0.004430365893518529,-0.013971825350515912,0.005970819895954945
convtu_edges - ch_p99_knn:auroc_common,0.02534433333333319,-0.004231833333333432,0.05325264166666679
convtu_edges - ch_p99_knn:auroc_extra,-0.12064874999999997,-0.14587909375000005,-0.09566093750000003
convtu_edges - ch_p99_knn:aupr_common,0.04911715242874615,0.021124439476374986,0.07587029748426666
convtu_edges - ch_p99_knn:aupr_extra,-0.08310881003322956,-0.11058302080347598,-0.056996320528788426
convtu_edges - ch_p99_knn:fpr95_common,0.06340000000000001,0.02839666666666654,0.09727666666666683
convtu_edges - ch_p99_knn:fpr95_extra,0.16999999999999993,0.12950000000000017,0.20900624999999984
convtu_edges - ch_p99_knn:rho_within,0.0540754620328846,-0.01134041086487336,0.12148080370763975
convtu_edges - ch_p99_knn:rho_condition_lrp,0.22071668533034716,0.16168498040313556,0.2669414893617022
convtu_edges - ch_p99_knn:aurc_all,-0.01331318831233863,-0.032447955741974635,0.007478564276673576
convtu_edges - ch_p99_own:auroc_common,-0.09333466666666679,-0.12004385833333332,-0.06950881666666672
convtu_edges - ch_p99_own:auroc_extra,-0.1170175,-0.14063965624999997,-0.09493562499999994
convtu_edges - ch_p99_own:aupr_common,-0.06901546072622822,-0.0955103535940713,-0.04623454778549896
convtu_edges - ch_p99_own:aupr_extra,-0.08852294337585997,-0.11191595733074361,-0.06729679558007891
convtu_edges - ch_p99_own:fpr95_common,0.18379999999999996,0.14753166666666662,0.22286833333333317
convtu_edges - ch_p99_own:fpr95_extra,0.1629999999999998,0.127975,0.19775625000000008
convtu_edges - ch_p99_own:rho_within,0.008577502313050545,-0.04740136098666887,0.06482448484908605
convtu_edges - ch_p99_own:rho_condition_lrp,-0.08310470324748032,-0.1162437010078386,-0.05443029115341549
convtu_edges - ch_p99_own:aurc_all,-0.006709197346905449,-0.01661523534490371,0.004713774751602894
convtu_edges - ch_grid_knn:auroc_common,0.14781733333333325,0.12038475833333352,0.175695
convtu_edges - ch_grid_knn:auroc_extra,0.0031412500000000954,-0.02098109375,0.02655431249999987
convtu_edges - ch_grid_knn:aupr_common,0.11813119032006525,0.09352771836612227,0.1433844271062902
convtu_edges - ch_grid_knn:aupr_extra,0.013106962396986055,-0.007837300085707127,0.03336939043229005
convtu_edges - ch_grid_knn:fpr95_common,-0.06286666666666663,-0.10007166666666663,-0.025384999999999987
convtu_edges - ch_grid_knn:fpr95_extra,0.005499999999999949,-0.033043750000000024,0.04900624999999993
convtu_edges - ch_grid_knn:rho_within,-0.0006854267659496677,-0.0681115023986274,0.06835368921136123
convtu_edges - ch_grid_knn:rho_condition_lrp,0.2966545352743561,0.2360274356103023,0.34448733202687576
convtu_edges - ch_grid_knn:aurc_all,0.002923546503860952,-0.018414453601007342,0.023252930314178553
convtu_edges - ch_grid_own:auroc_common,0.011782999999999988,-0.013225725000000072,0.03659333333333348
convtu_edges - ch_grid_own:auroc_extra,-0.16503250000000014,-0.1890400937500002,-0.14245171874999987
convtu_edges - ch_grid_own:aupr_common,0.009751638483648017,-0.014524153088408764,0.0356900621654405
convtu_edges - ch_grid_own:aupr_extra,-0.1346323952521996,-0.16150094765345882,-0.10788864979144168
convtu_edges - ch_grid_own:fpr95_common,0.09993333333333321,0.061920000000000065,0.13573833333333327
convtu_edges - ch_grid_own:fpr95_extra,0.24249999999999983,0.20373125,0.2845062500000002
convtu_edges - ch_grid_own:rho_within,0.025887248642409183,-0.034798259596415186,0.08756227490145607
convtu_edges - ch_grid_own:rho_condition_lrp,0.04105543113101895,-0.013299622060470357,0.07939039753639425
convtu_edges - ch_grid_own:aurc_all,0.006346207599037035,-0.007972999366849167,0.02114517063569223
convtu_acts - convtu_means:auroc_common,-0.12762700000000005,-0.1554834083333334,-0.09932939166666661
convtu_acts - convtu_means:auroc_extra,-0.24361,-0.26830321874999985,-0.21946075000000007
convtu_acts - convtu_means:aupr_common,-0.08269197606289203,-0.11132170116801621,-0.04898544100675474
convtu_acts - convtu_means:aupr_extra,-0.19727145460898454,-0.22466840147414274,-0.16654533362232538
convtu_acts - convtu_means:fpr95_common,0.2665333333333334,0.21539833333333339,0.30655000000000004
convtu_acts - convtu_means:fpr95_extra,0.4014999999999999,0.3615,0.44799999999999995
convtu_acts - convtu_means:rho_within,0.02486215469751571,-0.042564003575934435,0.09463400961695968
convtu_acts - convtu_means:rho_condition_lrp,0.21674132138857793,0.17583566629339317,0.2629524776035834
convtu_acts - convtu_means:aurc_all,0.02242343003512981,0.005194605219822174,0.03989269930662895
convtu_acts - ch_means_knn:auroc_common,-0.12762700000000005,-0.1554834083333334,-0.09932939166666661
convtu_acts - ch_means_knn:auroc_extra,-0.24361,-0.26830321874999985,-0.21946075000000007
convtu_acts - ch_means_knn:aupr_common,-0.08269197606289203,-0.11132170116801621,-0.04898544100675474
convtu_acts - ch_means_knn:aupr_extra,-0.19727145460898454,-0.22466840147414274,-0.16654533362232538
convtu_acts - ch_means_knn:fpr95_common,0.2665333333333334,0.21539833333333339,0.30655000000000004
convtu_acts - ch_means_knn:fpr95_extra,0.4014999999999999,0.3615,0.44799999999999995
convtu_acts - ch_means_knn:rho_within,0.02486215469751571,-0.042564003575934435,0.09463400961695968
convtu_acts - ch_means_knn:rho_condition_lrp,0.21674132138857793,0.17583566629339317,0.2629524776035834
convtu_acts - ch_means_knn:aurc_all,0.02242343003512981,0.005194605219822174,0.03989269930662895
convtu_acts - ch_means_own:auroc_common,-0.12301033333333355,-0.14905869166666666,-0.09888759999999998
convtu_acts - ch_means_own:auroc_extra,-0.21419749999999993,-0.23600418749999993,-0.19421609375
convtu_acts - ch_means_own:aupr_common,-0.08916171181209986,-0.11970122759625389,-0.056029182896735516
convtu_acts - ch_means_own:aupr_extra,-0.18006144937608237,-0.20586195835029258,-0.15201271318166995
convtu_acts - ch_means_own:fpr95_common,0.24066666666666664,0.20318833333333333,0.27434
convtu_acts - ch_means_own:fpr95_extra,0.34825000000000006,0.3004937499999999,0.38125624999999996
convtu_acts - ch_means_own:rho_within,0.04395133078366175,-0.02425139836407117,0.1092698511832334
convtu_acts - ch_means_own:rho_condition_lrp,0.04010358342665177,0.00351203807390823,0.07731592945128779
convtu_acts - ch_means_own:aurc_all,0.011613668192206439,0.0002498545590276624,0.022890125731177425
convtu_acts - ch_top_knn:auroc_common,0.03330466666666643,0.00982075000000002,0.05981665000000006
convtu_acts - ch_top_knn:auroc_extra,-0.1242812499999999,-0.14385962499999985,-0.10454475000000006
convtu_acts - ch_top_knn:aupr_common,0.05735808227315953,0.03159875327493746,0.0840632042910015
convtu_acts - ch_top_knn:aupr_extra,-0.08514459876974978,-0.10855040127111304,-0.06059958377445099
convtu_acts - ch_top_knn:fpr95_common,0.042466666666666764,0.005398333333333294,0.07480166666666664
convtu_acts - ch_top_knn:fpr95_extra,0.18699999999999994,0.15049374999999998,0.22201250000000028
convtu_acts - ch_top_knn:rho_within,0.03945100470697937,-0.02209697493687077,0.10184593088879396
convtu_acts - ch_top_knn:rho_condition_lrp,0.3357922732362823,0.2875913353863382,0.36976273796192605
convtu_acts - ch_top_knn:aurc_all,-0.007413894279491906,-0.024572238906277483,0.011719325798932841
convtu_acts - ch_top_own:auroc_common,-0.09451766666666683,-0.11823566666666671,-0.07145039166666674
convtu_acts - ch_top_own:auroc_extra,-0.11776624999999996,-0.13773378125000008,-0.09772371875000015
convtu_acts - ch_top_own:aupr_common,-0.07113680701602809,-0.10174344643107185,-0.043128527989685604
convtu_acts - ch_top_own:aupr_extra,-0.0825385626969084,-0.10608795231487578,-0.05980134849405856
convtu_acts - ch_top_own:fpr95_common,0.18066666666666664,0.14213,0.21580166666666661
convtu_acts - ch_top_own:fpr95_extra,0.17300000000000004,0.1412437499999999,0.20601249999999974
convtu_acts - ch_top_own:rho_within,-0.005538472120061297,-0.05612952208576746,0.04324576880385505
convtu_acts - ch_top_own:rho_condition_lrp,0.07239641657334839,0.05485267357222834,0.09273621220604701
convtu_acts - ch_top_own:aurc_all,0.0006335745154181227,-0.00753657235550042,0.008496843554463517
convtu_acts - ch_p99_knn:auroc_common,0.03800099999999984,0.014033916666666693,0.06360969166666652
convtu_acts - ch_p99_knn:auroc_extra,-0.12607124999999997,-0.14752168750000005,-0.1051941875000001
convtu_acts - ch_p99_knn:aupr_common,0.06492279427719216,0.04012066816968711,0.09205510361691804
convtu_acts - ch_p99_knn:aupr_extra,-0.07955234741146955,-0.10331419534381024,-0.05485356415937116
convtu_acts - ch_p99_knn:fpr95_common,0.03920000000000001,0.0020566666666665574,0.0702849999999999
convtu_acts - ch_p99_knn:fpr95_extra,0.1875,0.14550000000000018,0.22325624999999993
convtu_acts - ch_p99_knn:rho_within,0.056838641727310346,-0.0004734596338554736,0.11860501859710841
convtu_acts - ch_p99_knn:rho_condition_lrp,0.3662234042553193,0.3171227603583428,0.40704192329227323
convtu_acts - ch_p99_knn:aurc_all,-0.00824924790340198,-0.027186249174233092,0.011670939094005881
convtu_acts - ch_p99_own:auroc_common,-0.08067800000000014,-0.1044259000000001,-0.057122108333333234
convtu_acts - ch_p99_own:auroc_extra,-0.12244,-0.14246318749999987,-0.10240353125000012
convtu_acts - ch_p99_own:aupr_common,-0.0532098188777822,-0.08124057797088734,-0.026863044716459835
convtu_acts - ch_p99_own:aupr_extra,-0.08496648075409996,-0.10764336593114635,-0.063966087143826
convtu_acts - ch_p99_own:fpr95_common,0.15959999999999996,0.12218666666666664,0.1954016666666667
convtu_acts - ch_p99_own:fpr95_extra,0.18049999999999988,0.14849999999999997,0.21228125
convtu_acts - ch_p99_own:rho_within,0.011340682007476288,-0.040794092671148946,0.06382819109167259
convtu_acts - ch_p99_own:rho_condition_lrp,0.06240201567749182,0.0434350503919374,0.08174832026875697
convtu_acts - ch_p99_own:aurc_all,-0.0016452569379687976,-0.00975781491579462,0.006475911707470904
convtu_acts - ch_grid_knn:auroc_common,0.1604739999999999,0.13456950833333345,0.18976014166666652
convtu_acts - ch_grid_knn:auroc_extra,-0.0022812499999999014,-0.025510687500000125,0.022361687499999745
convtu_acts - ch_grid_knn:aupr_common,0.13393683216851127,0.10882506327472176,0.1605446912775994
convtu_acts - ch_grid_knn:aupr_extra,0.01666342501874607,-0.0015672582864900112,0.037192256650217366
convtu_acts - ch_grid_knn:fpr95_common,-0.08706666666666663,-0.12847333333333338,-0.050333333333333556
convtu_acts - ch_grid_knn:fpr95_extra,0.02300000000000002,-0.01576875000000004,0.06825624999999992
convtu_acts - ch_grid_knn:rho_within,0.002077752928476076,-0.06455153401539261,0.06939694427766796
convtu_acts - ch_grid_knn:rho_condition_lrp,0.4421612541993282,0.3900052491601344,0.4857506298992161
convtu_acts - ch_grid_knn:aurc_all,0.007987486912797603,-0.01325686826646858,0.029371150944396712
convtu_acts - ch_grid_own:auroc_common,0.024439666666666637,0.0007875249999998225,0.048397949999999905
convtu_acts - ch_grid_own:auroc_extra,-0.17045500000000013,-0.19166346874999993,-0.1486004375000001
convtu_acts - ch_grid_own:aupr_common,0.025557280332094034,0.0003557107342393788,0.05463996321992905
convtu_acts - ch_grid_own:aupr_extra,-0.1310759326304396,-0.15551918437036502,-0.10381631212453142
convtu_acts - ch_grid_own:fpr95_common,0.07573333333333321,0.03718833333333313,0.10834333333333349
convtu_acts - ch_grid_own:fpr95_extra,0.2599999999999999,0.22349999999999992,0.2979999999999998
convtu_acts - ch_grid_own:rho_within,0.028650428336834927,-0.0294312854248145,0.09144540389683431
convtu_acts - ch_grid_own:rho_condition_lrp,0.18656215005599108,0.13820513717805147,0.2211527155655094
convtu_acts - ch_grid_own:aurc_all,0.011410148007973686,-0.002082571140160369,0.025326885857705036
convtu_means - ch_means_knn:auroc_common,0.0,0.0,0.0
convtu_means - ch_means_knn:auroc_extra,0.0,0.0,0.0
convtu_means - ch_means_knn:aupr_common,0.0,0.0,0.0
convtu_means - ch_means_knn:aupr_extra,0.0,0.0,0.0
convtu_means - ch_means_knn:fpr95_common,0.0,0.0,0.0
convtu_means - ch_means_knn:fpr95_extra,0.0,0.0,0.0
convtu_means - ch_means_knn:rho_within,0.0,0.0,0.0
convtu_means - ch_means_knn:rho_condition_lrp,0.0,0.0,0.0
convtu_means - ch_means_knn:aurc_all,0.0,0.0,0.0
convtu_means - ch_means_own:auroc_common,0.004616666666666491,-0.011431349999999988,0.02144128333333324
convtu_means - ch_means_own:auroc_extra,0.029412500000000064,0.01643609374999993,0.04333371875
convtu_means - ch_means_own:aupr_common,-0.006469735749207839,-0.02507143851094555,0.012301502635112382
convtu_means - ch_means_own:aupr_extra,0.01721000523290217,-0.0024281630890639503,0.03485797460427393
convtu_means - ch_means_own:fpr95_common,-0.02586666666666676,-0.05433500000000001,0.008411666666666564
convtu_means - ch_means_own:fpr95_extra,-0.05324999999999985,-0.09599999999999997,-0.027249999999999996
convtu_means - ch_means_own:rho_within,0.01908917608614604,-0.03485592341593093,0.07262625550853277
convtu_means - ch_means_own:rho_condition_lrp,-0.17663773796192617,-0.19900860862262035,-0.16067189249720043
convtu_means - ch_means_own:aurc_all,-0.010809761842923371,-0.023009541166823515,-0.0002469963030377168
convtu_means - ch_top_knn:auroc_common,0.16093166666666647,0.13845420833333327,0.18377479999999985
convtu_means - ch_top_knn:auroc_extra,0.1193287500000001,0.09992959374999996,0.13833212500000008
convtu_means - ch_top_knn:aupr_common,0.14005005833605155,0.11553689084663037,0.16435914221761821
convtu_means - ch_top_knn:aupr_extra,0.11212685583923476,0.08341405097444456,0.1377728031522771
convtu_means - ch_top_knn:fpr95_common,-0.22406666666666664,-0.2562133333333335,-0.18859666666666677
convtu_means - ch_top_knn:fpr95_extra,-0.21449999999999997,-0.2565375000000001,-0.18198749999999997
convtu_means - ch_top_knn:rho_within,0.01458885000946366,-0.04809496334060233,0.07546644415059808
convtu_means - ch_top_knn:rho_condition_lrp,0.11905095184770437,0.0810823768197088,0.13827197648376258
convtu_means - ch_top_knn:aurc_all,-0.029837324314621716,-0.04582082792594947,-0.01416086481801187
convtu_means - ch_top_own:auroc_common,0.03310933333333321,0.0030021083333332255,0.06341036666666663
convtu_means - ch_top_own:auroc_extra,0.12584375000000003,0.10168343749999996,0.14941987500000006
convtu_means - ch_top_own:aupr_common,0.011555169046863933,-0.021639702334734487,0.04230534099053141
convtu_means - ch_top_own:aupr_extra,0.11473289191207614,0.08393306271637813,0.1436535832865633
convtu_means - ch_top_own:fpr95_common,-0.08586666666666676,-0.13427333333333327,-0.03452666666666681
convtu_means - ch_top_own:fpr95_extra,-0.22849999999999987,-0.27776250000000013,-0.18574999999999986
convtu_means - ch_top_own:rho_within,-0.030400626817577006,-0.10786192677599765,0.043052180491268376
convtu_means - ch_top_own:rho_condition_lrp,-0.14434490481522955,-0.18957481802911533,-0.10295142777155662
convtu_means - ch_top_own:aurc_all,-0.021789855519711687,-0.03954343289016569,-0.006176501605423614
convtu_means - ch_p99_knn:auroc_common,0.1656279999999999,0.145821025,0.18652356666666675
convtu_means - ch_p99_knn:auroc_extra,0.11753875000000003,0.09975815625000005,0.13559646875000012
convtu_means - ch_p99_knn:aupr_common,0.1476147703400842,0.12425130759267408,0.16943613374360433
convtu_means - ch_p99_knn:aupr_extra,0.117719107197515,0.08838542277321744,0.14072890512134847
convtu_means - ch_p99_knn:fpr95_common,-0.2273333333333334,-0.258805,-0.1947783333333334
convtu_means - ch_p99_knn:fpr95_extra,-0.2139999999999999,-0.25575624999999985,-0.18374374999999998
convtu_means - ch_p99_knn:rho_within,0.03197648702979464,-0.024353006532956908,0.08663717587849541
convtu_means - ch_p99_knn:rho_condition_lrp,0.14948208286674136,0.11548292273236284,0.16806270996640538
convtu_means - ch_p99_knn:aurc_all,-0.03067267793853179,-0.045264957763158656,-0.01608712005581981
convtu_means - ch_p99_own:auroc_common,0.04694899999999991,0.017213741666666678,0.07679132500000001
convtu_means - ch_p99_own:auroc_extra,0.12117,0.09746475000000013,0.14446399999999993
convtu_means - ch_p99_own:aupr_common,0.029482157185109825,-0.0037946311357089286,0.05902064336504916
convtu_means - ch_p99_own:aupr_extra,0.11230497385488458,0.08282305580780343,0.1403802921396215
convtu_means - ch_p99_own:fpr95_common,-0.10693333333333344,-0.15247166666666676,-0.05712999999999982
convtu_means - ch_p99_own:fpr95_extra,-0.22100000000000003,-0.2692749999999999,-0.18225000000000002
convtu_means - ch_p99_own:rho_within,-0.013521472690039421,-0.08998242541683024,0.058737582092533366
convtu_means - ch_p99_own:rho_condition_lrp,-0.15433930571108612,-0.19902855543113102,-0.11529535274356092
convtu_means - ch_p99_own:aurc_all,-0.024068686973098607,-0.04186128854036208,-0.00812366298136775
convtu_means - ch_grid_knn:auroc_common,0.28810099999999994,0.2686671750000001,0.30999174999999995
convtu_means - ch_grid_knn:auroc_extra,0.2413287500000001,0.22393693749999985,0.26000512499999984
convtu_means - ch_grid_knn:aupr_common,0.2166288082314033,0.19832293364860318,0.23730996920339337
convtu_means - ch_grid_knn:aupr_extra,0.2139348796277306,0.19495185980164767,0.23455113153730764
convtu_means - ch_grid_knn:fpr95_common,-0.3536,-0.3849416666666666,-0.3179966666666667
convtu_means - ch_grid_knn:fpr95_extra,-0.3784999999999999,-0.4174999999999999,-0.33973749999999997
convtu_means - ch_grid_knn:rho_within,-0.022784401769039633,-0.07329675674143497,0.02573435529778144
convtu_means - ch_grid_knn:rho_condition_lrp,0.2254199328107503,0.19199048152295634,0.24488556830907052
convtu_means - ch_grid_knn:aurc_all,-0.014435943122332207,-0.02510737846106879,-0.003214222234058928
convtu_means - ch_grid_own:auroc_common,0.15206666666666668,0.13399440833333315,0.17149819999999993
convtu_means - ch_grid_own:auroc_extra,0.07315499999999986,0.05995384374999976,0.08798087500000006
convtu_means - ch_grid_own:aupr_common,0.10824925639498606,0.09040555438796725,0.1278688653142401
convtu_means - ch_grid_own:aupr_extra,0.06619552197854495,0.04756875747414444,0.08378628003172041
convtu_means - ch_grid_own:fpr95_common,-0.1908000000000002,-0.22227166666666662,-0.1548
convtu_means - ch_grid_own:fpr95_extra,-0.14150000000000001,-0.17525625000000006,-0.11124374999999997
convtu_means - ch_grid_own:rho_within,0.0037882736393192173,-0.050902836749692676,0.05794163564621786
convtu_means - ch_grid_own:rho_condition_lrp,-0.03017917133258685,-0.05753114501679726,-0.019070548712205978
convtu_means - ch_grid_own:aurc_all,-0.011013282027156124,-0.022576971843683673,-5.824378098699414e-05
ch_means_knn - ch_means_own:auroc_common,0.004616666666666491,-0.011431349999999988,0.02144128333333324
ch_means_knn - ch_means_own:auroc_extra,0.029412500000000064,0.01643609374999993,0.04333371875
ch_means_knn - ch_means_own:aupr_common,-0.006469735749207839,-0.02507143851094555,0.012301502635112382
ch_means_knn - ch_means_own:aupr_extra,0.01721000523290217,-0.0024281630890639503,0.03485797460427393
ch_means_knn - ch_means_own:fpr95_common,-0.02586666666666676,-0.05433500000000001,0.008411666666666564
ch_means_knn - ch_means_own:fpr95_extra,-0.05324999999999985,-0.09599999999999997,-0.027249999999999996
ch_means_knn - ch_means_own:rho_within,0.01908917608614604,-0.03485592341593093,0.07262625550853277
ch_means_knn - ch_means_own:rho_condition_lrp,-0.17663773796192617,-0.19900860862262035,-0.16067189249720043
ch_means_knn - ch_means_own:aurc_all,-0.010809761842923371,-0.023009541166823515,-0.0002469963030377168
ch_means_knn - ch_top_knn:auroc_common,0.16093166666666647,0.13845420833333327,0.18377479999999985
ch_means_knn - ch_top_knn:auroc_extra,0.1193287500000001,0.09992959374999996,0.13833212500000008
ch_means_knn - ch_top_knn:aupr_common,0.14005005833605155,0.11553689084663037,0.16435914221761821
ch_means_knn - ch_top_knn:aupr_extra,0.11212685583923476,0.08341405097444456,0.1377728031522771
ch_means_knn - ch_top_knn:fpr95_common,-0.22406666666666664,-0.2562133333333335,-0.18859666666666677
ch_means_knn - ch_top_knn:fpr95_extra,-0.21449999999999997,-0.2565375000000001,-0.18198749999999997
ch_means_knn - ch_top_knn:rho_within,0.01458885000946366,-0.04809496334060233,0.07546644415059808
ch_means_knn - ch_top_knn:rho_condition_lrp,0.11905095184770437,0.0810823768197088,0.13827197648376258
ch_means_knn - ch_top_knn:aurc_all,-0.029837324314621716,-0.04582082792594947,-0.01416086481801187
ch_means_knn - ch_top_own:auroc_common,0.03310933333333321,0.0030021083333332255,0.06341036666666663
ch_means_knn - ch_top_own:auroc_extra,0.12584375000000003,0.10168343749999996,0.14941987500000006
ch_means_knn - ch_top_own:aupr_common,0.011555169046863933,-0.021639702334734487,0.04230534099053141
ch_means_knn - ch_top_own:aupr_extra,0.11473289191207614,0.08393306271637813,0.1436535832865633
ch_means_knn - ch_top_own:fpr95_common,-0.08586666666666676,-0.13427333333333327,-0.03452666666666681
ch_means_knn - ch_top_own:fpr95_extra,-0.22849999999999987,-0.27776250000000013,-0.18574999999999986
ch_means_knn - ch_top_own:rho_within,-0.030400626817577006,-0.10786192677599765,0.043052180491268376
ch_means_knn - ch_top_own:rho_condition_lrp,-0.14434490481522955,-0.18957481802911533,-0.10295142777155662
ch_means_knn - ch_top_own:aurc_all,-0.021789855519711687,-0.03954343289016569,-0.006176501605423614
ch_means_knn - ch_p99_knn:auroc_common,0.1656279999999999,0.145821025,0.18652356666666675
ch_means_knn - ch_p99_knn:auroc_extra,0.11753875000000003,0.09975815625000005,0.13559646875000012
ch_means_knn - ch_p99_knn:aupr_common,0.1476147703400842,0.12425130759267408,0.16943613374360433
ch_means_knn - ch_p99_knn:aupr_extra,0.117719107197515,0.08838542277321744,0.14072890512134847
ch_means_knn - ch_p99_knn:fpr95_common,-0.2273333333333334,-0.258805,-0.1947783333333334
ch_means_knn - ch_p99_knn:fpr95_extra,-0.2139999999999999,-0.25575624999999985,-0.18374374999999998
ch_means_knn - ch_p99_knn:rho_within,0.03197648702979464,-0.024353006532956908,0.08663717587849541
ch_means_knn - ch_p99_knn:rho_condition_lrp,0.14948208286674136,0.11548292273236284,0.16806270996640538
ch_means_knn - ch_p99_knn:aurc_all,-0.03067267793853179,-0.045264957763158656,-0.01608712005581981
ch_means_knn - ch_p99_own:auroc_common,0.04694899999999991,0.017213741666666678,0.07679132500000001
ch_means_knn - ch_p99_own:auroc_extra,0.12117,0.09746475000000013,0.14446399999999993
ch_means_knn - ch_p99_own:aupr_common,0.029482157185109825,-0.0037946311357089286,0.05902064336504916
ch_means_knn - ch_p99_own:aupr_extra,0.11230497385488458,0.08282305580780343,0.1403802921396215
ch_means_knn - ch_p99_own:fpr95_common,-0.10693333333333344,-0.15247166666666676,-0.05712999999999982
ch_means_knn - ch_p99_own:fpr95_extra,-0.22100000000000003,-0.2692749999999999,-0.18225000000000002
ch_means_knn - ch_p99_own:rho_within,-0.013521472690039421,-0.08998242541683024,0.058737582092533366
ch_means_knn - ch_p99_own:rho_condition_lrp,-0.15433930571108612,-0.19902855543113102,-0.11529535274356092
ch_means_knn - ch_p99_own:aurc_all,-0.024068686973098607,-0.04186128854036208,-0.00812366298136775
ch_means_knn - ch_grid_knn:auroc_common,0.28810099999999994,0.2686671750000001,0.30999174999999995
ch_means_knn - ch_grid_knn:auroc_extra,0.2413287500000001,0.22393693749999985,0.26000512499999984
ch_means_knn - ch_grid_knn:aupr_common,0.2166288082314033,0.19832293364860318,0.23730996920339337
ch_means_knn - ch_grid_knn:aupr_extra,0.2139348796277306,0.19495185980164767,0.23455113153730764
ch_means_knn - ch_grid_knn:fpr95_common,-0.3536,-0.3849416666666666,-0.3179966666666667
ch_means_knn - ch_grid_knn:fpr95_extra,-0.3784999999999999,-0.4174999999999999,-0.33973749999999997
ch_means_knn - ch_grid_knn:rho_within,-0.022784401769039633,-0.07329675674143497,0.02573435529778144
ch_means_knn - ch_grid_knn:rho_condition_lrp,0.2254199328107503,0.19199048152295634,0.24488556830907052
ch_means_knn - ch_grid_knn:aurc_all,-0.014435943122332207,-0.02510737846106879,-0.003214222234058928
ch_means_knn - ch_grid_own:auroc_common,0.15206666666666668,0.13399440833333315,0.17149819999999993
ch_means_knn - ch_grid_own:auroc_extra,0.07315499999999986,0.05995384374999976,0.08798087500000006
ch_means_knn - ch_grid_own:aupr_common,0.10824925639498606,0.09040555438796725,0.1278688653142401
ch_means_knn - ch_grid_own:aupr_extra,0.06619552197854495,0.04756875747414444,0.08378628003172041
ch_means_knn - ch_grid_own:fpr95_common,-0.1908000000000002,-0.22227166666666662,-0.1548
ch_means_knn - ch_grid_own:fpr95_extra,-0.14150000000000001,-0.17525625000000006,-0.11124374999999997
ch_means_knn - ch_grid_own:rho_within,0.0037882736393192173,-0.050902836749692676,0.05794163564621786
ch_means_knn - ch_grid_own:rho_condition_lrp,-0.03017917133258685,-0.05753114501679726,-0.019070548712205978
ch_means_knn - ch_grid_own:aurc_all,-0.011013282027156124,-0.022576971843683673,-5.824378098699414e-05
ch_means_own - ch_top_knn:auroc_common,0.15631499999999998,0.1326826249999999,0.18111214166666675
ch_means_own - ch_top_knn:auroc_extra,0.08991625000000003,0.07077437499999997,0.10971196874999997
ch_means_own - ch_top_knn:aupr_common,0.1465197940852594,0.12012319422585299,0.17364163270998265
ch_means_own - ch_top_knn:aupr_extra,0.09491685060633259,0.0678863763827156,0.12204915435626057
ch_means_own - ch_top_knn:fpr95_common,-0.19819999999999988,-0.22887500000000005,-0.16893166666666662
ch_means_own - ch_top_knn:fpr95_extra,-0.16125000000000012,-0.1965187500000001,-0.11550000000000005
ch_means_own - ch_top_knn:rho_within,-0.004500326076682382,-0.08549636712823196,0.08054594768205078
ch_means_own - ch_top_knn:rho_condition_lrp,0.29568868980963053,0.2622196948488241,0.31741321388577814
ch_means_own - ch_top_knn:aurc_all,-0.019027562471698345,-0.03581969185186141,-0.0006718012241876885
ch_means_own - ch_top_own:auroc_common,0.02849266666666672,0.0060958750000000865,0.05057298333333328
ch_means_own - ch_top_own:auroc_extra,0.09643124999999997,0.07866581250000011,0.11359803125000002
ch_means_own - ch_top_own:aupr_common,0.018024904796071772,-0.009611694230918155,0.04344698146483407
ch_means_own - ch_top_own:aupr_extra,0.09752288667917397,0.07304244075987178,0.11977464828626568
ch_means_own - ch_top_own:fpr95_common,-0.06,-0.09361666666666674,-0.027450000000000044
ch_means_own - ch_top_own:fpr95_extra,-0.17525000000000002,-0.20825625000000003,-0.13649375000000016
ch_means_own - ch_top_own:rho_within,-0.04948980290372305,-0.11119011160571905,0.01849573829895463
ch_means_own - ch_top_own:rho_condition_lrp,0.03229283314669662,-0.003336016237402092,0.06885533314669652
ch_means_own - ch_top_own:aurc_all,-0.010980093676788316,-0.021158871546908854,-0.0014779972162114138
ch_means_own - ch_p99_knn:auroc_common,0.1610113333333334,0.13865649166666646,0.18438700833333324
ch_means_own - ch_p99_knn:auroc_extra,0.08812624999999996,0.06803612499999998,0.10811199999999993
ch_means_own - ch_p99_knn:aupr_common,0.15408450608929203,0.12763945465154913,0.179727621646423
ch_means_own - ch_p99_knn:aupr_extra,0.10050910196461282,0.07352063422451105,0.12588012664968845
ch_means_own - ch_p99_knn:fpr95_common,-0.20146666666666663,-0.23180166666666652,-0.17559333333333343
ch_means_own - ch_p99_knn:fpr95_extra,-0.16075000000000006,-0.19301875000000004,-0.11699375
ch_means_own - ch_p99_knn:rho_within,0.012887310943648596,-0.06556256950452943,0.0920350644660908
ch_means_own - ch_p99_knn:rho_condition_lrp,0.32611982082866753,0.29341475363941766,0.3494778835386338
ch_means_own - ch_p99_knn:aurc_all,-0.01986291609560842,-0.03681832312820931,-0.0015918656654825229
ch_means_own - ch_p99_own:auroc_common,0.042332333333333416,0.020760866666666586,0.06307607500000002
ch_means_own - ch_p99_own:auroc_extra,0.09175749999999994,0.07537096874999996,0.10740462500000002
ch_means_own - ch_p99_own:aupr_common,0.035951892934317664,0.010100124506117334,0.05937559526017339
ch_means_own - ch_p99_own:aupr_extra,0.09509496862198241,0.07179698277213978,0.1154354764715165
ch_means_own - ch_p99_own:fpr95_common,-0.08106666666666668,-0.11328333333333329,-0.048715000000000036
ch_means_own - ch_p99_own:fpr95_extra,-0.16775000000000018,-0.19625625000000002,-0.13074375000000005
ch_means_own - ch_p99_own:rho_within,-0.03261064877618546,-0.0889230610168937,0.031182848622964224
ch_means_own - ch_p99_own:rho_condition_lrp,0.02229843225084005,-0.011498110302351568,0.05533314669652862
ch_means_own - ch_p99_own:aurc_all,-0.013258925130175236,-0.02237004608770354,-0.004348745853393502
ch_means_own - ch_grid_knn:auroc_common,0.28348433333333345,0.26293640833333337,0.305785075
ch_means_own - ch_grid_knn:auroc_extra,0.21191625000000003,0.19351256249999985,0.23077293750000008
ch_means_own - ch_grid_knn:aupr_common,0.22309854398061113,0.20247681093523884,0.2456485520460621
ch_means_own - ch_grid_knn:aupr_extra,0.19672487439482844,0.17575482533933737,0.21861375762848478
ch_means_own - ch_grid_knn:fpr95_common,-0.32773333333333327,-0.3544666666666666,-0.3011633333333334
ch_means_own - ch_grid_knn:fpr95_extra,-0.32525000000000004,-0.3575062500000001,-0.27224375
ch_means_own - ch_grid_knn:rho_within,-0.041873577855185674,-0.10922847643651491,0.025902704523833735
ch_means_own - ch_grid_knn:rho_condition_lrp,0.40205767077267646,0.366122970324748,0.42907544792833147
ch_means_own - ch_grid_knn:aurc_all,-0.0036261812794088355,-0.021023698083139315,0.01537671599812073
ch_means_own - ch_grid_own:auroc_common,0.1474500000000002,0.1352018083333333,0.16024792499999982
ch_means_own - ch_grid_own:auroc_extra,0.043742499999999795,0.03149750000000004,0.0565009687500001
ch_means_own - ch_grid_own:aupr_common,0.1147189921441939,0.10003482475931369,0.1313345586849071
ch_means_own - ch_grid_own:aupr_extra,0.048985516745642776,0.03275994007356129,0.06499697706144919
ch_means_own - ch_grid_own:fpr95_common,-0.16493333333333343,-0.18813833333333332,-0.1427316666666666
ch_means_own - ch_grid_own:fpr95_extra,-0.08825000000000016,-0.11650624999999994,-0.04548125
ch_means_own - ch_grid_own:rho_within,-0.015300902446826824,-0.05057016335148689,0.01870335445280564
ch_means_own - ch_grid_own:rho_condition_lrp,0.14645856662933932,0.1255847564389698,0.1557471304591266
ch_means_own - ch_grid_own:aurc_all,-0.00020352018423275275,-0.009093049502913198,0.00935175067447007
ch_top_knn - ch_top_own:auroc_common,-0.12782233333333326,-0.1622239500000001,-0.09718439166666665
ch_top_knn - ch_top_own:auroc_extra,0.0065149999999999375,-0.019944437499999867,0.030088031249999963
ch_top_knn - ch_top_own:aupr_common,-0.12849488928918762,-0.16480023538963978,-0.0956366348939907
ch_top_knn - ch_top_own:aupr_extra,0.002606036072841378,-0.029010561100677307,0.03318484939210899
ch_top_knn - ch_top_own:fpr95_common,0.13819999999999988,0.098865,0.18239999999999984
ch_top_knn - ch_top_own:fpr95_extra,-0.013999999999999901,-0.05830000000000013,0.03200624999999991
ch_top_knn - ch_top_own:rho_within,-0.044989476827040666,-0.127344490530508,0.03283906001808736
ch_top_knn - ch_top_own:rho_condition_lrp,-0.2633958566629339,-0.29863941769316915,-0.21325202967525209
ch_top_knn - ch_top_own:aurc_all,0.008047468794910029,-0.012779819433146305,0.02635573313205653
ch_top_knn - ch_p99_knn:auroc_common,0.004696333333333413,-0.0026105000000001405,0.01189723333333329
ch_top_knn - ch_p99_knn:auroc_extra,-0.0017900000000000693,-0.007844812500000038,0.0045535312500000445
ch_top_knn - ch_p99_knn:aupr_common,0.0075647120040326365,-7.590809531412831e-05,0.01431268168229466
ch_top_knn - ch_p99_knn:aupr_extra,0.005592251358280231,-0.002381365472773758,0.012637927993114003
ch_top_knn - ch_p99_knn:fpr95_common,-0.003266666666666751,-0.013934999999999911,0.006670000000000037
ch_top_knn - ch_p99_knn:fpr95_extra,0.000500000000000056,-0.021250000000000102,0.018499999999999853
ch_top_knn - ch_p99_knn:rho_within,0.017387637020330977,-0.00047024277980607285,0.03615449096017423
ch_top_knn - ch_p99_knn:rho_condition_lrp,0.030431131019036994,0.018192889137737943,0.04424902015677497
ch_top_knn - ch_p99_knn:aurc_all,-0.0008353536239100734,-0.0048980591512445965,0.003003276393508771
ch_top_knn - ch_p99_own:auroc_common,-0.11398266666666657,-0.1477973583333332,-0.08443262500000016
ch_top_knn - ch_p99_own:auroc_extra,0.0018412499999999055,-0.022716937500000083,0.02574531249999991
ch_top_knn - ch_p99_own:aupr_common,-0.11056790115094173,-0.14462383398883097,-0.07999484406458217
ch_top_knn - ch_p99_own:aupr_extra,0.00017811801564981966,-0.030209971708126265,0.029830893014523786
ch_top_knn - ch_p99_own:fpr95_common,0.1171333333333332,0.07859666666666666,0.1590099999999999
ch_top_knn - ch_p99_own:fpr95_extra,-0.006500000000000061,-0.04700624999999993,0.03626250000000021
ch_top_knn - ch_p99_own:rho_within,-0.02811032269950308,-0.1096541563231882,0.048266466237105836
ch_top_knn - ch_p99_own:rho_condition_lrp,-0.2733902575587905,-0.3073222284434491,-0.22603373460246354
ch_top_knn - ch_p99_own:aurc_all,0.0057686373415231085,-0.014551501833320152,0.023911134114979467
ch_top_knn - ch_grid_knn:auroc_common,0.12716933333333347,0.10624618333333345,0.14838171666666658
ch_top_knn - ch_grid_knn:auroc_extra,0.122,0.10306034375000005,0.14098106250000003
ch_top_knn - ch_grid_knn:aupr_common,0.07657874989535174,0.05798533964232402,0.09728617379467094
ch_top_knn - ch_grid_knn:aupr_extra,0.10180802378849585,0.08035775938857137,0.12490611980163908
ch_top_knn - ch_grid_knn:fpr95_common,-0.1295333333333334,-0.15306833333333333,-0.10532499999999985
ch_top_knn - ch_grid_knn:fpr95_extra,-0.16399999999999992,-0.19725625000000002,-0.125
ch_top_knn - ch_grid_knn:rho_within,-0.03737325177850329,-0.10221823645245304,0.030034169939503745
ch_top_knn - ch_grid_knn:rho_condition_lrp,0.10636898096304592,0.0785907754759239,0.14066454367301237
ch_top_knn - ch_grid_knn:aurc_all,0.01540138119228951,-0.0005738422513177826,0.03278977498231571
ch_top_knn - ch_grid_own:auroc_common,-0.00886499999999979,-0.02982078333333323,0.011467541666666674
ch_top_knn - ch_grid_own:auroc_extra,-0.046173750000000235,-0.06599862499999994,-0.02642046875000013
ch_top_knn - ch_grid_own:aupr_common,-0.03180080194106549,-0.053493040081506044,-0.009782146882187459
ch_top_knn - ch_grid_own:aupr_extra,-0.045931333860689816,-0.07375864428311815,-0.01870412983630082
ch_top_knn - ch_grid_own:fpr95_common,0.033266666666666445,0.007530000000000059,0.05840000000000001
ch_top_knn - ch_grid_own:fpr95_extra,0.07299999999999995,0.03799374999999992,0.11250625000000004
ch_top_knn - ch_grid_own:rho_within,-0.010800576370144442,-0.07959873217012325,0.058120712498907934
ch_top_knn - ch_grid_own:rho_condition_lrp,-0.14923012318029122,-0.17902435610302356,-0.11768931970884654
ch_top_knn - ch_grid_own:aurc_all,0.018824042287465592,0.002104990782465319,0.0355276862772071
ch_top_own - ch_p99_knn:auroc_common,0.13251866666666667,0.10316325,0.16494495833333328
ch_top_own - ch_p99_knn:auroc_extra,-0.008305000000000007,-0.03232203124999994,0.01777093750000016
ch_top_own - ch_p99_knn:aupr_common,0.13605960129322026,0.10429220653346934,0.17098114807961937
ch_top_own - ch_p99_knn:aupr_extra,0.0029862152854388535,-0.027612242856525547,0.03327242216067327
ch_top_own - ch_p99_knn:fpr95_common,-0.14146666666666663,-0.1854666666666665,-0.1025916666666666
ch_top_own - ch_p99_knn:fpr95_extra,0.014499999999999957,-0.03200625000000003,0.05650625000000009
ch_top_own - ch_p99_knn:rho_within,0.06237711384737164,-0.015043824792190389,0.14386284875200925
ch_top_own - ch_p99_knn:rho_condition_lrp,0.2938269876819709,0.24258818589025763,0.3361870100783875
ch_top_own - ch_p99_knn:aurc_all,-0.008882822418820102,-0.02859737800911628,0.01387688074336452
ch_top_own - ch_p99_own:auroc_common,0.013839666666666695,0.009706233333333317,0.018450791666666546
ch_top_own - ch_p99_own:auroc_extra,-0.004673750000000032,-0.008909156250000123,-0.00027025000000005885
ch_top_own - ch_p99_own:aupr_common,0.017926988138245892,0.01186384543201922,0.02443418218934279
ch_top_own - ch_p99_own:aupr_extra,-0.002427918057191558,-0.007369354261229593,0.0029797630444502116
ch_top_own - ch_p99_own:fpr95_common,-0.021066666666666678,-0.02926833333333343,-0.011798333333333261
ch_top_own - ch_p99_own:fpr95_extra,0.00749999999999984,-0.006000000000000008,0.02075000000000005
ch_top_own - ch_p99_own:rho_within,0.016879154127537585,0.003429922586703862,0.029919387700105382
ch_top_own - ch_p99_own:rho_condition_lrp,-0.00999440089585657,-0.018729003359462374,-0.0005039193729002855
ch_top_own - ch_p99_own:aurc_all,-0.0022788314533869203,-0.0040595949275325895,2.026605899341169e-05
ch_top_own - ch_grid_knn:auroc_common,0.2549916666666667,0.22795275,0.2840856833333332
ch_top_own - ch_grid_knn:auroc_extra,0.11548500000000006,0.0924251249999998,0.14106271874999987
ch_top_own - ch_grid_knn:aupr_common,0.20507363918453936,0.17697132713719355,0.23642099692191196
ch_top_own - ch_grid_knn:aupr_extra,0.09920198771565447,0.07543192851181203,0.12550758816031285
ch_top_own - ch_grid_knn:fpr95_common,-0.26773333333333327,-0.30900833333333316,-0.22566166666666657
ch_top_own - ch_grid_knn:fpr95_extra,-0.15000000000000002,-0.1905125000000001,-0.10248125000000005
ch_top_own - ch_grid_knn:rho_within,0.007616225048537373,-0.05721055011040897,0.07349955138876452
ch_top_own - ch_grid_knn:rho_condition_lrp,0.36976483762597984,0.3161950587905935,0.4103814389697647
ch_top_own - ch_grid_knn:aurc_all,0.007353912397379481,-0.01265177276490336,0.029385755279390594
ch_top_own - ch_grid_own:auroc_common,0.11895733333333347,0.0982959,0.14421831666666665
ch_top_own - ch_grid_own:auroc_extra,-0.05268875000000017,-0.07181099999999986,-0.03266890624999987
ch_top_own - ch_grid_own:aupr_common,0.09669408734812213,0.07111353954772352,0.1265531107714586
ch_top_own - ch_grid_own:aupr_extra,-0.048537369933531194,-0.07478003043833482,-0.020323395574863314
ch_top_own - ch_grid_own:fpr95_common,-0.10493333333333343,-0.14274166666666693,-0.06672666666666666
ch_top_own - ch_grid_own:fpr95_extra,0.08699999999999986,0.0504875,0.1247687499999999
ch_top_own - ch_grid_own:rho_within,0.034188900456896223,-0.025519658943053268,0.08804206838800324
ch_top_own - ch_grid_own:rho_condition_lrp,0.1141657334826427,0.06769141937290041,0.14807810750279946
ch_top_own - ch_grid_own:aurc_all,0.010776573492555563,-0.0016424257832542864,0.025181468802032696
ch_p99_knn - ch_p99_own:auroc_common,-0.11867899999999998,-0.14999030833333327,-0.09068849166666665
ch_p99_knn - ch_p99_own:auroc_extra,0.0036312499999999748,-0.021246906250000096,0.02708018750000008
ch_p99_knn - ch_p99_own:aupr_common,-0.11813261315497436,-0.15166248902783683,-0.0889197913554905
ch_p99_knn - ch_p99_own:aupr_extra,-0.005414133342630412,-0.035697062677978376,0.024722340523690402
ch_p99_knn - ch_p99_own:fpr95_common,0.12039999999999995,0.08412833333333339,0.16340166666666675
ch_p99_knn - ch_p99_own:fpr95_extra,-0.007000000000000117,-0.04601875000000014,0.03501250000000013
ch_p99_knn - ch_p99_own:rho_within,-0.04549795971983406,-0.12999614096339351,0.03258312861575229
ch_p99_knn - ch_p99_own:rho_condition_lrp,-0.3038213885778275,-0.3436296192609182,-0.25455067189249725
ch_p99_knn - ch_p99_own:aurc_all,0.006603990965433182,-0.015153973800285119,0.026293625512099607
ch_p99_knn - ch_grid_knn:auroc_common,0.12247300000000005,0.10169016666666682,0.14283965833333329
ch_p99_knn - ch_grid_knn:auroc_extra,0.12379000000000007,0.10417581250000008,0.143814125
ch_p99_knn - ch_grid_knn:aupr_common,0.0690140378913191,0.05130241491651112,0.08945719301302234
ch_p99_knn - ch_grid_knn:aupr_extra,0.09621577243021562,0.07497685162079981,0.11964025670876356
ch_p99_knn - ch_grid_knn:fpr95_common,-0.12626666666666664,-0.15041333333333343,-0.10152833333333337
ch_p99_knn - ch_grid_knn:fpr95_extra,-0.16449999999999998,-0.19901250000000006,-0.12050000000000005
ch_p99_knn - ch_grid_knn:rho_within,-0.05476088879883427,-0.11618829311722154,0.011068882718572173
ch_p99_knn - ch_grid_knn:rho_condition_lrp,0.07593784994400893,0.048921822508398695,0.10621815509518476
ch_p99_knn - ch_grid_knn:aurc_all,0.016236734816199583,0.001697186235835163,0.03289462637506522
ch_p99_knn - ch_grid_own:auroc_common,-0.013561333333333203,-0.033540908333333244,0.006423933333333329
ch_p99_knn - ch_grid_own:auroc_extra,-0.044383750000000166,-0.06405928124999988,-0.024872625000000027
ch_p99_knn - ch_grid_own:aupr_common,-0.03936551394509813,-0.059696717744662224,-0.01716293325606937
ch_p99_knn - ch_grid_own:aupr_extra,-0.05152358521897005,-0.07747617261577243,-0.023215370369960818
ch_p99_knn - ch_grid_own:fpr95_common,0.036533333333333196,0.012049999999999896,0.06188333333333317
ch_p99_knn - ch_grid_own:fpr95_extra,0.0724999999999999,0.03974374999999995,0.11399999999999988
ch_p99_knn - ch_grid_own:rho_within,-0.02818821339047542,-0.09265781957012431,0.040458928654408755
ch_p99_knn - ch_grid_own:rho_condition_lrp,-0.1796612541993282,-0.20894806830907053,-0.15247200447928327
ch_p99_knn - ch_grid_own:aurc_all,0.019659395911375666,0.00318890604034531,0.03527851877704006
ch_p99_own - ch_grid_knn:auroc_common,0.24115200000000003,0.21398396666666683,0.2698276750000001
ch_p99_own - ch_grid_knn:auroc_extra,0.12015875000000009,0.09730534375000005,0.14446124999999993
ch_p99_own - ch_grid_knn:aupr_common,0.18714665104629347,0.16255636427204473,0.21568169220009215
ch_p99_own - ch_grid_knn:aupr_extra,0.10162990577284603,0.07830848335832748,0.12663926125055033
ch_p99_own - ch_grid_knn:fpr95_common,-0.2466666666666666,-0.2868183333333334,-0.2067983333333333
ch_p99_own - ch_grid_knn:fpr95_extra,-0.15749999999999986,-0.19574999999999998,-0.11099374999999999
ch_p99_own - ch_grid_knn:rho_within,-0.009262929079000212,-0.07178917232330684,0.05472311953908507
ch_p99_own - ch_grid_knn:rho_condition_lrp,0.3797592385218364,0.3267227743561031,0.42066804311310196
ch_p99_own - ch_grid_knn:aurc_all,0.009632743850766401,-0.010647555325216749,0.031173498828185063
ch_p99_own - ch_grid_own:auroc_common,0.10511766666666678,0.08425520833333328,0.12914259166666672
ch_p99_own - ch_grid_own:auroc_extra,-0.04801500000000014,-0.06670999999999998,-0.028644687500000043
ch_p99_own - ch_grid_own:aupr_common,0.07876709920987623,0.05533978669412999,0.10612807436245114
ch_p99_own - ch_grid_own:aupr_extra,-0.046109451876339635,-0.07127355475048085,-0.019408714959099446
ch_p99_own - ch_grid_own:fpr95_common,-0.08386666666666676,-0.11966833333333336,-0.04825666666666658
ch_p99_own - ch_grid_own:fpr95_extra,0.07950000000000002,0.04400000000000004,0.11575000000000013
ch_p99_own - ch_grid_own:rho_within,0.01730974632935864,-0.038058772441628065,0.0703754391944948
ch_p99_own - ch_grid_own:rho_condition_lrp,0.12416013437849927,0.08087346024636054,0.156722774356103
ch_p99_own - ch_grid_own:aurc_all,0.013055404945942484,0.0010824732493339955,0.027493508995509258
ch_grid_knn - ch_grid_own:auroc_common,-0.13603433333333326,-0.15021951666666677,-0.12192392500000006
ch_grid_knn - ch_grid_own:auroc_extra,-0.16817375000000023,-0.18295268749999985,-0.15310015624999995
ch_grid_knn - ch_grid_own:aupr_common,-0.10837955183641723,-0.12098027255065794,-0.0969348172706622
ch_grid_knn - ch_grid_own:aupr_extra,-0.14773935764918567,-0.16496831318468158,-0.13264705840834165
ch_grid_knn - ch_grid_own:fpr95_common,0.16279999999999983,0.1413283333333333,0.183285
ch_grid_knn - ch_grid_own:fpr95_extra,0.23699999999999988,0.20424374999999984,0.26800625
ch_grid_knn - ch_grid_own:rho_within,0.02657267540835885,-0.02012013194157665,0.07367964357642054
ch_grid_knn - ch_grid_own:rho_condition_lrp,-0.25559910414333714,-0.2833153695408735,-0.23331711926091833
ch_grid_knn - ch_grid_own:aurc_all,0.0034226610951760827,-0.010172988473555657,0.015144784551061087
