method,family,severity,group,pooling,auroc,aupr,fpr95
saod_top3,gaussian_noise,1,common,pooled,0.56105,0.5397199789988414,0.9
saod_top3,gaussian_noise,2,common,pooled,0.61075,0.5772445464448787,0.9
saod_top3,gaussian_noise,3,common,pooled,0.6803,0.6350458044037572,0.77
saod_top3,gaussian_noise,4,common,pooled,0.7751,0.7414642876330276,0.63
saod_top3,gaussian_noise,5,common,pooled,0.8914,0.8718007640968239,0.43
saod_top3,shot_noise,1,common,pooled,0.5639,0.5452268159734599,0.9
saod_top3,shot_noise,2,common,pooled,0.608175,0.5758987556399444,0.88
saod_top3,shot_noise,3,common,pooled,0.670675,0.6326542945433826,0.815
saod_top3,shot_noise,4,common,pooled,0.778375,0.7438968725150157,0.625
saod_top3,shot_noise,5,common,pooled,0.86675,0.836769750741429,0.535
saod_top3,impulse_noise,1,common,pooled,0.62035,0.5959828837028656,0.885
saod_top3,impulse_noise,2,common,pooled,0.6532,0.6216021786744208,0.825
saod_top3,impulse_noise,3,common,pooled,0.69435,0.6621415742710677,0.785
saod_top3,impulse_noise,4,common,pooled,0.779075,0.7513771174425652,0.61
saod_top3,impulse_noise,5,common,pooled,0.884725,0.8596018491571724,0.465
saod_top3,defocus_blur,1,common,pooled,0.591975,0.560669942104372,0.875
saod_top3,defocus_blur,2,common,pooled,0.632175,0.5892888569224961,0.805
saod_top3,defocus_blur,3,common,pooled,0.70995,0.6658363305621521,0.71
saod_top3,defocus_blur,4,common,pooled,0.77725,0.7354324153975196,0.615
saod_top3,defocus_blur,5,common,pooled,0.833275,0.8009050725140979,0.52
saod_top3,glass_blur,1,common,pooled,0.60015,0.5747319038659853,0.865
saod_top3,glass_blur,2,common,pooled,0.663925,0.6227054001188628,0.805
saod_top3,glass_blur,3,common,pooled,0.81885,0.7835199154307897,0.585
saod_top3,glass_blur,4,common,pooled,0.860125,0.8333106983924402,0.5
saod_top3,glass_blur,5,common,pooled,0.8834,0.8551936733263925,0.43
saod_top3,motion_blur,1,common,pooled,0.558925,0.5382557240856012,0.905
saod_top3,motion_blur,2,common,pooled,0.6255,0.5943117964027271,0.88
saod_top3,motion_blur,3,common,pooled,0.698325,0.6392213949618675,0.765
saod_top3,motion_blur,4,common,pooled,0.798175,0.7482464440835372,0.615
saod_top3,motion_blur,5,common,pooled,0.8288,0.7950515325647803,0.555
saod_top3,zoom_blur,1,common,pooled,0.708825,0.6654869473137393,0.765
saod_top3,zoom_blur,2,common,pooled,0.775925,0.7339763190899287,0.66
saod_top3,zoom_blur,3,common,pooled,0.797575,0.7457750560879671,0.585
saod_top3,zoom_blur,4,common,pooled,0.83215,0.782049099897002,0.5
saod_top3,zoom_blur,5,common,pooled,0.851975,0.7925878387990571,0.46
saod_top3,snow,1,common,pooled,0.589625,0.5721149481474647,0.9
saod_top3,snow,2,common,pooled,0.6618,0.6314320573326698,0.815
saod_top3,snow,3,common,pooled,0.669525,0.6342567818797047,0.815
saod_top3,snow,4,common,pooled,0.717225,0.6870591369335378,0.77
saod_top3,snow,5,common,pooled,0.73065,0.7001359860300117,0.765
saod_top3,frost,1,common,pooled,0.56785,0.5585468418412862,0.905
saod_top3,frost,2,common,pooled,0.62585,0.6047323526096553,0.87
saod_top3,frost,3,common,pooled,0.65725,0.6324249973085974,0.86
saod_top3,frost,4,common,pooled,0.668825,0.6428975600920183,0.815
saod_top3,frost,5,common,pooled,0.70235,0.6693446102687988,0.8
saod_top3,fog,1,common,pooled,0.52735,0.5221057204062933,0.925
saod_top3,fog,2,common,pooled,0.533675,0.5220066198113602,0.925
saod_top3,fog,3,common,pooled,0.5422,0.5311530424105102,0.92
saod_top3,fog,4,common,pooled,0.54155,0.5288902368604902,0.91
saod_top3,fog,5,common,pooled,0.56495,0.5488348026372207,0.905
saod_top3,brightness,1,common,pooled,0.503875,0.5042102474448201,0.935
saod_top3,brightness,2,common,pooled,0.517925,0.5136912261823292,0.935
saod_top3,brightness,3,common,pooled,0.533025,0.5238973040220585,0.925
saod_top3,brightness,4,common,pooled,0.55385,0.539360338647285,0.925
saod_top3,brightness,5,common,pooled,0.5751,0.5588639986501497,0.905
saod_top3,contrast,1,common,pooled,0.529825,0.5276022293548257,0.93
saod_top3,contrast,2,common,pooled,0.544775,0.5375839228134184,0.925
saod_top3,contrast,3,common,pooled,0.56925,0.5533667842818693,0.91
saod_top3,contrast,4,common,pooled,0.645225,0.6244166641838234,0.815
saod_top3,contrast,5,common,pooled,0.7882,0.776606180035078,0.655
saod_top3,elastic_transform,1,common,pooled,0.56625,0.5525885032964529,0.905
saod_top3,elastic_transform,2,common,pooled,0.5907,0.563709557600536,0.9
saod_top3,elastic_transform,3,common,pooled,0.6439,0.6064471283117887,0.87
saod_top3,elastic_transform,4,common,pooled,0.677175,0.6363111773034636,0.795
saod_top3,elastic_transform,5,common,pooled,0.71705,0.6767998199531,0.775
saod_top3,pixelate,1,common,pooled,0.589975,0.5729864280759469,0.905
saod_top3,pixelate,2,common,pooled,0.631475,0.6007321083369028,0.88
saod_top3,pixelate,3,common,pooled,0.791025,0.7576770773695831,0.635
saod_top3,pixelate,4,common,pooled,0.910075,0.8906338827075394,0.33
saod_top3,pixelate,5,common,pooled,0.95215,0.9404158919906415,0.14
saod_top3,jpeg_compression,1,common,pooled,0.601675,0.570738215053676,0.9
saod_top3,jpeg_compression,2,common,pooled,0.63715,0.6066966641868841,0.825
saod_top3,jpeg_compression,3,common,pooled,0.676225,0.645222431285286,0.805
saod_top3,jpeg_compression,4,common,pooled,0.7665,0.7309187678923359,0.715
saod_top3,jpeg_compression,5,common,pooled,0.857675,0.8412515458702625,0.525
saod_top3,speckle_noise,1,extra,pooled,0.553275,0.532094891270781,0.9
saod_top3,speckle_noise,2,extra,pooled,0.575425,0.5516942278320103,0.9
saod_top3,speckle_noise,3,extra,pooled,0.631675,0.592825726714515,0.845
saod_top3,speckle_noise,4,extra,pooled,0.68235,0.6561967504439691,0.825
saod_top3,speckle_noise,5,extra,pooled,0.738825,0.7098835980312524,0.75
saod_top3,gaussian_blur,1,extra,pooled,0.5546,0.534929980919306,0.905
saod_top3,gaussian_blur,2,extra,pooled,0.61855,0.5784348404379436,0.815
saod_top3,gaussian_blur,3,extra,pooled,0.69155,0.6507239171224422,0.75
saod_top3,gaussian_blur,4,extra,pooled,0.754725,0.7153087015221692,0.67
saod_top3,gaussian_blur,5,extra,pooled,0.8641,0.8419380890746337,0.5
saod_top3,spatter,1,extra,pooled,0.5077,0.5127834386986594,0.935
saod_top3,spatter,2,extra,pooled,0.580875,0.5589595359079871,0.9
saod_top3,spatter,3,extra,pooled,0.604875,0.5881581495067759,0.88
saod_top3,spatter,4,extra,pooled,0.666975,0.6311080273539355,0.815
saod_top3,spatter,5,extra,pooled,0.74085,0.7005120571796122,0.72
saod_top3,saturate,1,extra,pooled,0.5178125,0.5119905097591239,0.93
saod_top3,saturate,2,extra,pooled,0.5322375,0.518325431030011,0.925
saod_top3,saturate,3,extra,pooled,0.5100375,0.508995111418834,0.935
saod_top3,saturate,4,extra,pooled,0.5401,0.5309264034997749,0.925
saod_top3,saturate,5,extra,pooled,0.57245,0.5521622424207238,0.905
saod_min,gaussian_noise,1,common,pooled,0.5945,0.606521076115317,0.895
saod_min,gaussian_noise,2,common,pooled,0.66355,0.6804497815979162,0.87
saod_min,gaussian_noise,3,common,pooled,0.760125,0.7798284251357113,0.775
saod_min,gaussian_noise,4,common,pooled,0.874725,0.8807850235162396,0.6
saod_min,gaussian_noise,5,common,pooled,0.953075,0.9539189315329027,0.235
saod_min,shot_noise,1,common,pooled,0.5886,0.597753214504748,0.92
saod_min,shot_noise,2,common,pooled,0.665775,0.6785426056341601,0.845
saod_min,shot_noise,3,common,pooled,0.7462,0.7685282113673485,0.775
saod_min,shot_noise,4,common,pooled,0.869175,0.8776966350872208,0.585
saod_min,shot_noise,5,common,pooled,0.932475,0.9351904947616134,0.4
saod_min,impulse_noise,1,common,pooled,0.6628,0.6975363363557932,0.855
saod_min,impulse_noise,2,common,pooled,0.7379,0.7578880475579344,0.765
saod_min,impulse_noise,3,common,pooled,0.77785,0.8023321935191089,0.725
saod_min,impulse_noise,4,common,pooled,0.8655,0.8781436026367616,0.615
saod_min,impulse_noise,5,common,pooled,0.953875,0.953726987481199,0.24
saod_min,defocus_blur,1,common,pooled,0.65085,0.6552781681214392,0.865
saod_min,defocus_blur,2,common,pooled,0.712025,0.7168889867848763,0.79
saod_min,defocus_blur,3,common,pooled,0.810775,0.8191128188003578,0.63
saod_min,defocus_blur,4,common,pooled,0.879725,0.8819469138905562,0.53
saod_min,defocus_blur,5,common,pooled,0.9232,0.923600409507387,0.405
saod_min,glass_blur,1,common,pooled,0.66425,0.6665959716432888,0.815
saod_min,glass_blur,2,common,pooled,0.759275,0.756949386051859,0.715
saod_min,glass_blur,3,common,pooled,0.912925,0.9130465868516611,0.385
saod_min,glass_blur,4,common,pooled,0.9429,0.9430274313431848,0.31
saod_min,glass_blur,5,common,pooled,0.95405,0.9522227749287093,0.225
saod_min,motion_blur,1,common,pooled,0.593275,0.5889085836700636,0.9
saod_min,motion_blur,2,common,pooled,0.681275,0.6922787116254082,0.82
saod_min,motion_blur,3,common,pooled,0.781325,0.7855333717517541,0.68
saod_min,motion_blur,4,common,pooled,0.8783,0.8828461163361301,0.505
saod_min,motion_blur,5,common,pooled,0.914425,0.9152766596990247,0.38
saod_min,zoom_blur,1,common,pooled,0.78605,0.7929013536489696,0.66
saod_min,zoom_blur,2,common,pooled,0.851975,0.8569446507452345,0.61
saod_min,zoom_blur,3,common,pooled,0.885275,0.8868503825674002,0.505
saod_min,zoom_blur,4,common,pooled,0.918125,0.9173734304033825,0.38
saod_min,zoom_blur,5,common,pooled,0.92545,0.9216190404272883,0.305
saod_min,snow,1,common,pooled,0.64325,0.6677704905438866,0.835
saod_min,snow,2,common,pooled,0.75085,0.7773073489036189,0.815
saod_min,snow,3,common,pooled,0.757175,0.7771138459027631,0.795
saod_min,snow,4,common,pooled,0.80555,0.826097285180752,0.725
saod_min,snow,5,common,pooled,0.8118,0.8297162718530671,0.775
saod_min,frost,1,common,pooled,0.58905,0.6069098502993884,0.895
saod_min,frost,2,common,pooled,0.68605,0.7096250900860548,0.85
saod_min,frost,3,common,pooled,0.71835,0.7480554177861627,0.835
saod_min,frost,4,common,pooled,0.73095,0.7579781931022309,0.77
saod_min,frost,5,common,pooled,0.7815,0.7973922461153506,0.75
saod_min,fog,1,common,pooled,0.52665,0.5397622965454023,0.925
saod_min,fog,2,common,pooled,0.546575,0.5557051293763707,0.935
saod_min,fog,3,common,pooled,0.5525,0.5514963231702332,0.925
saod_min,fog,4,common,pooled,0.559325,0.5671102907956311,0.915
saod_min,fog,5,common,pooled,0.58535,0.594283706121318,0.915
saod_min,brightness,1,common,pooled,0.511825,0.515857019395798,0.945
saod_min,brightness,2,common,pooled,0.524175,0.5357070784655038,0.945
saod_min,brightness,3,common,pooled,0.544725,0.5647519608618203,0.945
saod_min,brightness,4,common,pooled,0.561575,0.5888445950465555,0.925
saod_min,brightness,5,common,pooled,0.596775,0.621766046487352,0.93
saod_min,contrast,1,common,pooled,0.533425,0.5402448164734039,0.92
saod_min,contrast,2,common,pooled,0.55565,0.5638627281670151,0.905
saod_min,contrast,3,common,pooled,0.595125,0.6024997926191159,0.89
saod_min,contrast,4,common,pooled,0.703075,0.7218622191674338,0.815
saod_min,contrast,5,common,pooled,0.87695,0.884420156598574,0.585
saod_min,elastic_transform,1,common,pooled,0.596375,0.6175134043585168,0.885
saod_min,elastic_transform,2,common,pooled,0.651475,0.6649389570309905,0.885
saod_min,elastic_transform,3,common,pooled,0.6995,0.716140536455742,0.775
saod_min,elastic_transform,4,common,pooled,0.74335,0.7552518417216705,0.775
saod_min,elastic_transform,5,common,pooled,0.74855,0.7537244505045931,0.75
saod_min,pixelate,1,common,pooled,0.6227,0.6255475932949106,0.85
saod_min,pixelate,2,common,pooled,0.68895,0.7033813294110917,0.795
saod_min,pixelate,3,common,pooled,0.87285,0.8813127062249129,0.58
saod_min,pixelate,4,common,pooled,0.967125,0.9673161978352184,0.13
saod_min,pixelate,5,common,pooled,0.9818,0.9800282572424425,0.095
saod_min,jpeg_compression,1,common,pooled,0.66385,0.6666850601166249,0.835
saod_min,jpeg_compression,2,common,pooled,0.729,0.7406370733723922,0.8
saod_min,jpeg_compression,3,common,pooled,0.77605,0.7887846052319744,0.745
saod_min,jpeg_compression,4,common,pooled,0.866425,0.8734524872584462,0.585
saod_min,jpeg_compression,5,common,pooled,0.935175,0.9368752993182803,0.34
saod_min,speckle_noise,1,extra,pooled,0.573775,0.581159142808424,0.925
saod_min,speckle_noise,2,extra,pooled,0.6045,0.6127200627138933,0.915
saod_min,speckle_noise,3,extra,pooled,0.694425,0.71318293178807,0.835
saod_min,speckle_noise,4,extra,pooled,0.750025,0.7703756377648101,0.745
saod_min,speckle_noise,5,extra,pooled,0.811825,0.8222930718761985,0.705
saod_min,gaussian_blur,1,extra,pooled,0.578775,0.5799576968496989,0.905
saod_min,gaussian_blur,2,extra,pooled,0.6932,0.7000054453549007,0.835
saod_min,gaussian_blur,3,extra,pooled,0.7879,0.7943774273318485,0.685
saod_min,gaussian_blur,4,extra,pooled,0.864725,0.863357425945639,0.57
saod_min,gaussian_blur,5,extra,pooled,0.9428,0.9428508137223696,0.27
saod_min,spatter,1,extra,pooled,0.51485,0.5127282978558718,0.945
saod_min,spatter,2,extra,pooled,0.62635,0.6448126802531013,0.875
saod_min,spatter,3,extra,pooled,0.6700125,0.6915967730482466,0.835
saod_min,spatter,4,extra,pooled,0.750325,0.7668252330889079,0.75
saod_min,spatter,5,extra,pooled,0.822025,0.8321431433640066,0.685
saod_min,saturate,1,extra,pooled,0.5099875,0.5189478231865647,0.93
saod_min,saturate,2,extra,pooled,0.5244625,0.535687712153053,0.92
saod_min,saturate,3,extra,pooled,0.5215375,0.5287271470709348,0.945
saod_min,saturate,4,extra,pooled,0.55065,0.5631492490631881,0.935
saod_min,saturate,5,extra,pooled,0.587025,0.6046609380937644,0.905
contrastive,gaussian_noise,1,common,fold-averaged,0.54575,0.5593140221782441,0.885
contrastive,gaussian_noise,2,common,fold-averaged,0.5775,0.5792345131031882,0.8549999999999999
contrastive,gaussian_noise,3,common,fold-averaged,0.6355,0.6214789626850583,0.8400000000000001
contrastive,gaussian_noise,4,common,fold-averaged,0.700875,0.6766504337341295,0.72
contrastive,gaussian_noise,5,common,fold-averaged,0.6946249999999999,0.6418447500815727,0.605
contrastive,shot_noise,1,common,fold-averaged,0.53325,0.5439037586810176,0.89
contrastive,shot_noise,2,common,fold-averaged,0.5715,0.5721390902236728,0.8549999999999999
contrastive,shot_noise,3,common,fold-averaged,0.61225,0.6007366709887976,0.8150000000000001
contrastive,shot_noise,4,common,fold-averaged,0.6675000000000001,0.6382123475192671,0.695
contrastive,shot_noise,5,common,fold-averaged,0.6805,0.6305340802012431,0.675
contrastive,impulse_noise,1,common,fold-averaged,0.5494999999999999,0.5511177826928544,0.885
contrastive,impulse_noise,2,common,fold-averaged,0.592,0.5720575354300029,0.8400000000000001
contrastive,impulse_noise,3,common,fold-averaged,0.623125,0.5979571900026264,0.8549999999999999
contrastive,impulse_noise,4,common,fold-averaged,0.6846249999999999,0.6508052909140727,0.77
contrastive,impulse_noise,5,common,fold-averaged,0.702375,0.6476357646301512,0.595
contrastive,defocus_blur,1,common,fold-averaged,0.5173749999999999,0.5086545801070648,0.885
contrastive,defocus_blur,2,common,fold-averaged,0.534125,0.5138603812609575,0.8699999999999999
contrastive,defocus_blur,3,common,fold-averaged,0.5827500000000001,0.5521697833761416,0.7950000000000002
contrastive,defocus_blur,4,common,fold-averaged,0.62875,0.5764610706996769,0.7100000000000001
contrastive,defocus_blur,5,common,fold-averaged,0.6533749999999999,0.5915069172042434,0.6950000000000001
contrastive,glass_blur,1,common,fold-averaged,0.521,0.5125940466681437,0.9
contrastive,glass_blur,2,common,fold-averaged,0.5398750000000001,0.5143271191802645,0.865
contrastive,glass_blur,3,common,fold-averaged,0.572,0.5189244115515346,0.8099999999999999
contrastive,glass_blur,4,common,fold-averaged,0.58875,0.5305431300246168,0.7300000000000001
contrastive,glass_blur,5,common,fold-averaged,0.58575,0.5279115701737317,0.725
contrastive,motion_blur,1,common,fold-averaged,0.5047499999999999,0.503064659464789,0.8950000000000001
contrastive,motion_blur,2,common,fold-averaged,0.52375,0.5176557589110086,0.885
contrastive,motion_blur,3,common,fold-averaged,0.5902499999999999,0.5673723347890621,0.8099999999999999
contrastive,motion_blur,4,common,fold-averaged,0.66225,0.6163657674340401,0.8150000000000001
contrastive,motion_blur,5,common,fold-averaged,0.680125,0.636215915191485,0.7150000000000001
contrastive,zoom_blur,1,common,fold-averaged,0.59375,0.5610322688096296,0.835
contrastive,zoom_blur,2,common,fold-averaged,0.6206250000000001,0.5762649483853798,0.7899999999999999
contrastive,zoom_blur,3,common,fold-averaged,0.632125,0.5767257142714787,0.74
contrastive,zoom_blur,4,common,fold-averaged,0.6568750000000001,0.5855921744500748,0.6649999999999999
contrastive,zoom_blur,5,common,fold-averaged,0.6547499999999999,0.5815424625968777,0.625
contrastive,snow,1,common,fold-averaged,0.554875,0.5610340858343529,0.8800000000000001
contrastive,snow,2,common,fold-averaged,0.595375,0.5828713958596978,0.845
contrastive,snow,3,common,fold-averaged,0.653125,0.63666841157955,0.795
contrastive,snow,4,common,fold-averaged,0.6942499999999999,0.6699660473741053,0.75
contrastive,snow,5,common,fold-averaged,0.639875,0.6021341529747566,0.74
contrastive,frost,1,common,fold-averaged,0.525,0.5331889484705024,0.915
contrastive,frost,2,common,fold-averaged,0.555125,0.5482890589460627,0.86
contrastive,frost,3,common,fold-averaged,0.57,0.5517453463586733,0.8400000000000001
contrastive,frost,4,common,fold-averaged,0.56975,0.5569344309692924,0.845
contrastive,frost,5,common,fold-averaged,0.5967499999999999,0.5698179756679759,0.805
contrastive,fog,1,common,fold-averaged,0.49837500000000007,0.5155884781122153,0.9399999999999998
contrastive,fog,2,common,fold-averaged,0.496375,0.5154351435954836,0.9499999999999998
contrastive,fog,3,common,fold-averaged,0.49712500000000004,0.515693804867254,0.945
contrastive,fog,4,common,fold-averaged,0.499625,0.5132671246027043,0.945
contrastive,fog,5,common,fold-averaged,0.5051249999999999,0.5154571529814793,0.945
contrastive,brightness,1,common,fold-averaged,0.509,0.5243845521703661,0.9400000000000001
contrastive,brightness,2,common,fold-averaged,0.515625,0.5328612475449723,0.9400000000000001
contrastive,brightness,3,common,fold-averaged,0.525625,0.5352082458180194,0.9400000000000001
contrastive,brightness,4,common,fold-averaged,0.532,0.5430029611784122,0.9299999999999999
contrastive,brightness,5,common,fold-averaged,0.5405,0.5457860575516696,0.9049999999999999
contrastive,contrast,1,common,fold-averaged,0.49375,0.511078945838185,0.9349999999999999
contrastive,contrast,2,common,fold-averaged,0.492875,0.5116100878246088,0.945
contrastive,contrast,3,common,fold-averaged,0.5043749999999999,0.5154697834781994,0.915
contrastive,contrast,4,common,fold-averaged,0.5403749999999999,0.5333105821965576,0.8700000000000001
contrastive,contrast,5,common,fold-averaged,0.6291249999999999,0.5815239794390515,0.82
contrastive,elastic_transform,1,common,fold-averaged,0.507125,0.5113427531047309,0.915
contrastive,elastic_transform,2,common,fold-averaged,0.512,0.5064990608746169,0.9
contrastive,elastic_transform,3,common,fold-averaged,0.51475,0.4969579877892983,0.875
contrastive,elastic_transform,4,common,fold-averaged,0.49524999999999997,0.48152554310379553,0.85
contrastive,elastic_transform,5,common,fold-averaged,0.488375,0.47201664009764377,0.835
contrastive,pixelate,1,common,fold-averaged,0.54675,0.558657018343504,0.8799999999999999
contrastive,pixelate,2,common,fold-averaged,0.557,0.5636031780088794,0.85
contrastive,pixelate,3,common,fold-averaged,0.581125,0.5469855532210683,0.775
contrastive,pixelate,4,common,fold-averaged,0.57575,0.5197196302415807,0.6699999999999999
contrastive,pixelate,5,common,fold-averaged,0.5307499999999999,0.49295309212540783,0.75
contrastive,jpeg_compression,1,common,fold-averaged,0.5666249999999999,0.5727669441724157,0.865
contrastive,jpeg_compression,2,common,fold-averaged,0.609,0.6044304293337553,0.8549999999999999
contrastive,jpeg_compression,3,common,fold-averaged,0.6221249999999999,0.6115012207800673,0.8549999999999999
contrastive,jpeg_compression,4,common,fold-averaged,0.6613749999999999,0.6306700386330938,0.725
contrastive,jpeg_compression,5,common,fold-averaged,0.6748749999999999,0.6249019959542886,0.655
contrastive,speckle_noise,1,extra,fold-averaged,0.5191250000000001,0.5372724689705203,0.9
contrastive,speckle_noise,2,extra,fold-averaged,0.5282500000000001,0.5391301828068897,0.8800000000000001
contrastive,speckle_noise,3,extra,fold-averaged,0.567375,0.5548114715775239,0.8300000000000001
contrastive,speckle_noise,4,extra,fold-averaged,0.601125,0.5785177179778203,0.825
contrastive,speckle_noise,5,extra,fold-averaged,0.6202499999999999,0.5859876625190885,0.785
contrastive,gaussian_blur,1,extra,fold-averaged,0.49750000000000005,0.5083326032584049,0.9200000000000002
contrastive,gaussian_blur,2,extra,fold-averaged,0.52325,0.5084985039841581,0.865
contrastive,gaussian_blur,3,extra,fold-averaged,0.569625,0.5376574561451324,0.85
contrastive,gaussian_blur,4,extra,fold-averaged,0.60225,0.5579858607375269,0.8049999999999999
contrastive,gaussian_blur,5,extra,fold-averaged,0.665375,0.59239248762069,0.645
contrastive,spatter,1,extra,fold-averaged,0.514625,0.5274694829816691,0.9
contrastive,spatter,2,extra,fold-averaged,0.57225,0.5744995357493273,0.875
contrastive,spatter,3,extra,fold-averaged,0.552125,0.5542179239057197,0.8699999999999999
contrastive,spatter,4,extra,fold-averaged,0.632625,0.6569771296009905,0.8150000000000001
contrastive,spatter,5,extra,fold-averaged,0.6196249999999999,0.6279764861591187,0.79
contrastive,saturate,1,extra,fold-averaged,0.48981250000000004,0.5069422760676736,0.945
contrastive,saturate,2,extra,fold-averaged,0.4931875,0.5097132739298444,0.9299999999999999
contrastive,saturate,3,extra,fold-averaged,0.5134375,0.5273532523320247,0.9400000000000001
contrastive,saturate,4,extra,fold-averaged,0.5251250000000001,0.5317372080777202,0.9
contrastive,saturate,5,extra,fold-averaged,0.539625,0.5391953870961246,0.89
knn,gaussian_noise,1,common,pooled,0.4698,0.4592078256479903,0.895
knn,gaussian_noise,2,common,pooled,0.47075,0.45321939253260246,0.88
knn,gaussian_noise,3,common,pooled,0.482525,0.4530645871440848,0.81
knn,gaussian_noise,4,common,pooled,0.50635,0.4570078554494449,0.755
knn,gaussian_noise,5,common,pooled,0.572125,0.48645056456073,0.6
knn,shot_noise,1,common,pooled,0.4731,0.4592660905496309,0.89
knn,shot_noise,2,common,pooled,0.475875,0.4535592922588541,0.86
knn,shot_noise,3,common,pooled,0.493525,0.45768886777104534,0.795
knn,shot_noise,4,common,pooled,0.5516,0.4817673127239135,0.685
knn,shot_noise,5,common,pooled,0.61025,0.5130340346024551,0.565
knn,impulse_noise,1,common,pooled,0.724975,0.6792048514406103,0.75
knn,impulse_noise,2,common,pooled,0.61435,0.5554874475926078,0.75
knn,impulse_noise,3,common,pooled,0.5578,0.5014281889200747,0.76
knn,impulse_noise,4,common,pooled,0.527125,0.46951734442660875,0.745
knn,impulse_noise,5,common,pooled,0.573875,0.48904734201552325,0.595
knn,defocus_blur,1,common,pooled,0.553325,0.5267256629910194,0.915
knn,defocus_blur,2,common,pooled,0.589075,0.5516969303675725,0.91
knn,defocus_blur,3,common,pooled,0.64755,0.5959015001330226,0.9
knn,defocus_blur,4,common,pooled,0.694425,0.6425988595042704,0.87
knn,defocus_blur,5,common,pooled,0.725675,0.6758882613534196,0.87
knn,glass_blur,1,common,pooled,0.509325,0.4955681161925256,0.945
knn,glass_blur,2,common,pooled,0.5478,0.519386074680001,0.935
knn,glass_blur,3,common,pooled,0.5724,0.5327457467645618,0.93
knn,glass_blur,4,common,pooled,0.5756,0.5270783881091535,0.915
knn,glass_blur,5,common,pooled,0.624975,0.5695342007037096,0.9
knn,motion_blur,1,common,pooled,0.539,0.5120459215008938,0.91
knn,motion_blur,2,common,pooled,0.57985,0.5353484367854321,0.91
knn,motion_blur,3,common,pooled,0.650475,0.600982744360009,0.86
knn,motion_blur,4,common,pooled,0.701875,0.6538820802043571,0.795
knn,motion_blur,5,common,pooled,0.72015,0.6835696117680927,0.8
knn,zoom_blur,1,common,pooled,0.60365,0.5448798429086357,0.87
knn,zoom_blur,2,common,pooled,0.62465,0.5577671208917505,0.87
knn,zoom_blur,3,common,pooled,0.583225,0.517444511880758,0.865
knn,zoom_blur,4,common,pooled,0.5908,0.5194019853734618,0.83
knn,zoom_blur,5,common,pooled,0.566925,0.5002837517447477,0.87
knn,snow,1,common,pooled,0.71935,0.7116150794433265,0.845
knn,snow,2,common,pooled,0.6429,0.614343958365147,0.91
knn,snow,3,common,pooled,0.745375,0.7347221485536715,0.86
knn,snow,4,common,pooled,0.770525,0.7670840727986283,0.87
knn,snow,5,common,pooled,0.644625,0.6107475175629543,0.935
knn,frost,1,common,pooled,0.507975,0.4919086565257874,0.91
knn,frost,2,common,pooled,0.53175,0.509163545350121,0.9
knn,frost,3,common,pooled,0.548375,0.5215113606623286,0.87
knn,frost,4,common,pooled,0.54705,0.5235448743505174,0.89
knn,frost,5,common,pooled,0.562375,0.5318683566076189,0.87
knn,fog,1,common,pooled,0.447425,0.46028892315477693,0.96
knn,fog,2,common,pooled,0.44815,0.45678971426676174,0.96
knn,fog,3,common,pooled,0.443525,0.45271994590309184,0.96
knn,fog,4,common,pooled,0.4629,0.46061152695748975,0.955
knn,fog,5,common,pooled,0.516,0.4823182507411279,0.89
knn,brightness,1,common,pooled,0.48915,0.4943815915559626,0.955
knn,brightness,2,common,pooled,0.493675,0.49512250998338503,0.95
knn,brightness,3,common,pooled,0.50675,0.5016870921327048,0.95
knn,brightness,4,common,pooled,0.5288,0.5157223862962439,0.935
knn,brightness,5,common,pooled,0.55445,0.5354908535136091,0.935
knn,contrast,1,common,pooled,0.4627,0.47124438191606155,0.96
knn,contrast,2,common,pooled,0.460425,0.46778156595148157,0.96
knn,contrast,3,common,pooled,0.46,0.46317047027322267,0.96
knn,contrast,4,common,pooled,0.464825,0.4622518773624536,0.965
knn,contrast,5,common,pooled,0.4137,0.43263837580485776,0.965
knn,elastic_transform,1,common,pooled,0.6111,0.6015735265642064,0.95
knn,elastic_transform,2,common,pooled,0.666325,0.6636011650155241,0.945
knn,elastic_transform,3,common,pooled,0.7394,0.7544552969952372,0.9
knn,elastic_transform,4,common,pooled,0.79255,0.8125677636904274,0.87
knn,elastic_transform,5,common,pooled,0.84745,0.8730269715568304,0.85
knn,pixelate,1,common,pooled,0.517625,0.5103698009466091,0.95
knn,pixelate,2,common,pooled,0.54615,0.5368271510023195,0.92
knn,pixelate,3,common,pooled,0.6627375,0.6558085552715801,0.88
knn,pixelate,4,common,pooled,0.7556,0.7669688420207229,0.8
knn,pixelate,5,common,pooled,0.811175,0.8283636256768144,0.75
knn,jpeg_compression,1,common,pooled,0.590225,0.5326055940311376,0.775
knn,jpeg_compression,2,common,pooled,0.6921,0.6112918761584367,0.575
knn,jpeg_compression,3,common,pooled,0.7561,0.6780815225592866,0.53
knn,jpeg_compression,4,common,pooled,0.8774,0.8414077549530116,0.42
knn,jpeg_compression,5,common,pooled,0.932775,0.9272619240162145,0.255
knn,speckle_noise,1,extra,pooled,0.4730875,0.4629929368328229,0.895
knn,speckle_noise,2,extra,pooled,0.475875,0.45875942920511104,0.86
knn,speckle_noise,3,extra,pooled,0.493625,0.4594542491500211,0.805
knn,speckle_noise,4,extra,pooled,0.521,0.47109997332613723,0.775
knn,speckle_noise,5,extra,pooled,0.5635,0.4908921503595741,0.69
knn,gaussian_blur,1,extra,pooled,0.529175,0.5166668059598402,0.935
knn,gaussian_blur,2,extra,pooled,0.587475,0.5515375425192338,0.91
knn,gaussian_blur,3,extra,pooled,0.639725,0.590668143242725,0.905
knn,gaussian_blur,4,extra,pooled,0.68705,0.634880586280815,0.89
knn,gaussian_blur,5,extra,pooled,0.7659,0.7291786819517669,0.855
knn,spatter,1,extra,pooled,0.61055,0.5913364368356965,0.835
knn,spatter,2,extra,pooled,0.8362,0.8232511471467749,0.575
knn,spatter,3,extra,pooled,0.793375,0.772083501969297,0.76
knn,spatter,4,extra,pooled,0.93515,0.9326178509395111,0.325
knn,spatter,5,extra,pooled,0.950775,0.942881178116153,0.16
knn,saturate,1,extra,pooled,0.48105,0.4828145283073011,0.955
knn,saturate,2,extra,pooled,0.4791125,0.47915792316703837,0.955
knn,saturate,3,extra,pooled,0.5244625,0.515812022132757,0.915
knn,saturate,4,extra,pooled,0.58425,0.5504306517864916,0.845
knn,saturate,5,extra,pooled,0.636425,0.590279024902353,0.765
discopatch,gaussian_noise,1,common,pooled,0.8777,0.8767430773635104,0.455
discopatch,gaussian_noise,2,common,pooled,0.95445,0.9523648048125818,0.21
discopatch,gaussian_noise,3,common,pooled,0.9901,0.9893018806378,0.05
discopatch,gaussian_noise,4,common,pooled,0.99865,0.9986330847268257,0.02
discopatch,gaussian_noise,5,common,pooled,1.0,1.0,0.0
discopatch,shot_noise,1,common,pooled,0.870675,0.8634346866338409,0.43
discopatch,shot_noise,2,common,pooled,0.945125,0.9412897466485369,0.23
discopatch,shot_noise,3,common,pooled,0.9779,0.9763005814088351,0.095
discopatch,shot_noise,4,common,pooled,0.991525,0.9912373325507887,0.05
discopatch,shot_noise,5,common,pooled,0.99445,0.9944155686734897,0.03
discopatch,impulse_noise,1,common,pooled,0.92425,0.9168552346867241,0.275
discopatch,impulse_noise,2,common,pooled,0.982175,0.9807374142754859,0.085
discopatch,impulse_noise,3,common,pooled,0.994125,0.9936967168111561,0.025
discopatch,impulse_noise,4,common,pooled,1.0,1.0,0.0
discopatch,impulse_noise,5,common,pooled,1.0,1.0,0.0
discopatch,defocus_blur,1,common,pooled,0.652325,0.6256343594876579,0.8
discopatch,defocus_blur,2,common,pooled,0.715375,0.6783997847774954,0.71
discopatch,defocus_blur,3,common,pooled,0.782225,0.7384393021567863,0.575
discopatch,defocus_blur,4,common,pooled,0.80975,0.7629501864305476,0.49
discopatch,defocus_blur,5,common,pooled,0.827175,0.7799799932199276,0.46
discopatch,glass_blur,1,common,pooled,0.672825,0.6406153757122205,0.775
discopatch,glass_blur,2,common,pooled,0.76655,0.7328192841558203,0.69
discopatch,glass_blur,3,common,pooled,0.87815,0.8515214172515195,0.395
discopatch,glass_blur,4,common,pooled,0.905025,0.8851623602067278,0.31
discopatch,glass_blur,5,common,pooled,0.929275,0.915607029654919,0.245
discopatch,motion_blur,1,common,pooled,0.57935,0.5672159646451028,0.9
discopatch,motion_blur,2,common,pooled,0.65605,0.6286730546100072,0.79
discopatch,motion_blur,3,common,pooled,0.732425,0.6934084529822031,0.7
discopatch,motion_blur,4,common,pooled,0.781375,0.7406054977353702,0.67
discopatch,motion_blur,5,common,pooled,0.8139,0.7730631837352202,0.55
discopatch,zoom_blur,1,common,pooled,0.7375,0.6999560832964997,0.695
discopatch,zoom_blur,2,common,pooled,0.777025,0.7369558348056382,0.57
discopatch,zoom_blur,3,common,pooled,0.8083,0.7689861458603893,0.49
discopatch,zoom_blur,4,common,pooled,0.824525,0.7843331882952467,0.495
discopatch,zoom_blur,5,common,pooled,0.8414,0.8054297267356836,0.445
discopatch,snow,1,common,pooled,0.7517,0.6934557744305101,0.6
discopatch,snow,2,common,pooled,0.84095,0.7962629187818002,0.42
discopatch,snow,3,common,pooled,0.833975,0.7748063569847184,0.405
discopatch,snow,4,common,pooled,0.8612,0.7991056875544156,0.33
discopatch,snow,5,common,pooled,0.8339,0.7682651215452169,0.39
discopatch,frost,1,common,pooled,0.66285,0.6200767113554315,0.745
discopatch,frost,2,common,pooled,0.777625,0.7334318766056828,0.565
discopatch,frost,3,common,pooled,0.8256,0.7807196647334471,0.475
discopatch,frost,4,common,pooled,0.8441,0.8052762722376314,0.45
discopatch,frost,5,common,pooled,0.873525,0.8337688832496168,0.355
discopatch,fog,1,common,pooled,0.59705,0.5878524814159485,0.88
discopatch,fog,2,common,pooled,0.644775,0.629588851987946,0.84
discopatch,fog,3,common,pooled,0.7041,0.6868628271532004,0.76
discopatch,fog,4,common,pooled,0.7535,0.7303104806859974,0.705
discopatch,fog,5,common,pooled,0.833625,0.8187472262497137,0.485
discopatch,brightness,1,common,pooled,0.49125,0.49589043823820494,0.95
discopatch,brightness,2,common,pooled,0.494075,0.4923430372037044,0.92
discopatch,brightness,3,common,pooled,0.5032,0.49252931606761285,0.875
discopatch,brightness,4,common,pooled,0.51335,0.4924013241449482,0.86
discopatch,brightness,5,common,pooled,0.51915,0.490926661613966,0.815
discopatch,contrast,1,common,pooled,0.548025,0.5236573122784554,0.88
discopatch,contrast,2,common,pooled,0.5707,0.5385163909995854,0.85
discopatch,contrast,3,common,pooled,0.606975,0.5641183738486629,0.82
discopatch,contrast,4,common,pooled,0.685475,0.6260742450401471,0.68
discopatch,contrast,5,common,pooled,0.763875,0.7090838377737247,0.535
discopatch,elastic_transform,1,common,pooled,0.61035,0.5845623190768559,0.81
discopatch,elastic_transform,2,common,pooled,0.639,0.6033616477691938,0.76
discopatch,elastic_transform,3,common,pooled,0.6734,0.6295240250387184,0.72
discopatch,elastic_transform,4,common,pooled,0.694875,0.6422032073313116,0.69
discopatch,elastic_transform,5,common,pooled,0.715175,0.6576094550514371,0.65
discopatch,pixelate,1,common,pooled,0.547,0.5407306992710175,0.9
discopatch,pixelate,2,common,pooled,0.555375,0.5477453788642735,0.9
discopatch,pixelate,3,common,pooled,0.640475,0.6095597649601335,0.79
discopatch,pixelate,4,common,pooled,0.712325,0.674424433418852,0.72
discopatch,pixelate,5,common,pooled,0.7468,0.7052044633889878,0.67
discopatch,jpeg_compression,1,common,pooled,0.630275,0.5782239835774332,0.76
discopatch,jpeg_compression,2,common,pooled,0.639925,0.575701374393619,0.75
discopatch,jpeg_compression,3,common,pooled,0.645225,0.5737327454054971,0.735
discopatch,jpeg_compression,4,common,pooled,0.633075,0.5554787369244436,0.71
discopatch,jpeg_compression,5,common,pooled,0.594375,0.5232397131669654,0.71
discopatch,speckle_noise,1,extra,pooled,0.8045,0.7898858312677817,0.57
discopatch,speckle_noise,2,extra,pooled,0.862125,0.84618200592244,0.42
discopatch,speckle_noise,3,extra,pooled,0.942075,0.9337339324037943,0.22
discopatch,speckle_noise,4,extra,pooled,0.961925,0.9568806894812404,0.165
discopatch,speckle_noise,5,extra,pooled,0.975325,0.9724545669809592,0.115
discopatch,gaussian_blur,1,extra,pooled,0.555325,0.5472151856658346,0.915
discopatch,gaussian_blur,2,extra,pooled,0.703025,0.6689066636107356,0.74
discopatch,gaussian_blur,3,extra,pooled,0.786875,0.7449261893146996,0.565
discopatch,gaussian_blur,4,extra,pooled,0.823625,0.7796683685970403,0.465
discopatch,gaussian_blur,5,extra,pooled,0.84775,0.8014714823270384,0.41
discopatch,spatter,1,extra,pooled,0.5225,0.5186612393641014,0.92
discopatch,spatter,2,extra,pooled,0.677175,0.6211070089789759,0.73
discopatch,spatter,3,extra,pooled,0.806725,0.759760642343614,0.465
discopatch,spatter,4,extra,pooled,0.8219,0.771473407117174,0.415
discopatch,spatter,5,extra,pooled,0.882725,0.8373623995667181,0.265
discopatch,saturate,1,extra,pooled,0.6545125,0.6259330111810559,0.76
discopatch,saturate,2,extra,pooled,0.7646875,0.7312021074978728,0.585
discopatch,saturate,3,extra,pooled,0.4664625,0.47819227986469187,0.955
discopatch,saturate,4,extra,pooled,0.517375,0.49523282345316855,0.88
discopatch,saturate,5,extra,pooled,0.5647,0.521512936260029,0.78
hashemi,gaussian_noise,1,common,pooled,0.4477375,0.4567471377427821,0.955
hashemi,gaussian_noise,2,common,pooled,0.4161875,0.4361458910170458,0.965
hashemi,gaussian_noise,3,common,pooled,0.3951125,0.4261120723938773,0.97
hashemi,gaussian_noise,4,common,pooled,0.4381375,0.44485733518806947,0.955
hashemi,gaussian_noise,5,common,pooled,0.460425,0.45597859098581806,0.95
hashemi,shot_noise,1,common,pooled,0.4341,0.451260844423404,0.955
hashemi,shot_noise,2,common,pooled,0.4137375,0.4350931281066327,0.97
hashemi,shot_noise,3,common,pooled,0.387975,0.4212304477447645,0.955
hashemi,shot_noise,4,common,pooled,0.4314625,0.4355303012137866,0.94
hashemi,shot_noise,5,common,pooled,0.452275,0.4466528211490114,0.955
hashemi,impulse_noise,1,common,pooled,0.4289625,0.4463767520716989,0.955
hashemi,impulse_noise,2,common,pooled,0.4235375,0.44090645872732925,0.965
hashemi,impulse_noise,3,common,pooled,0.416575,0.4353784016188196,0.97
hashemi,impulse_noise,4,common,pooled,0.4467875,0.44798147425768975,0.95
hashemi,impulse_noise,5,common,pooled,0.4984875,0.4786347298067232,0.93
hashemi,defocus_blur,1,common,pooled,0.39425,0.41885481523989254,0.97
hashemi,defocus_blur,2,common,pooled,0.364075,0.4019142629862602,0.97
hashemi,defocus_blur,3,common,pooled,0.350825,0.3928431937391398,0.955
hashemi,defocus_blur,4,common,pooled,0.3773625,0.40449423253264394,0.95
hashemi,defocus_blur,5,common,pooled,0.392625,0.41648522620012113,0.95
hashemi,glass_blur,1,common,pooled,0.4014625,0.4218956272413719,0.955
hashemi,glass_blur,2,common,pooled,0.3708,0.40499744729229853,0.97
hashemi,glass_blur,3,common,pooled,0.37775,0.4105267981229857,0.955
hashemi,glass_blur,4,common,pooled,0.3761375,0.40743954894749074,0.97
hashemi,glass_blur,5,common,pooled,0.3583,0.3967391576251178,0.965
hashemi,motion_blur,1,common,pooled,0.424625,0.4405090264001481,0.96
hashemi,motion_blur,2,common,pooled,0.4013,0.4222247912994339,0.955
hashemi,motion_blur,3,common,pooled,0.3907,0.41477077218717684,0.955
hashemi,motion_blur,4,common,pooled,0.409075,0.4232444526518157,0.955
hashemi,motion_blur,5,common,pooled,0.4298,0.4348249312261063,0.94
hashemi,zoom_blur,1,common,pooled,0.3983625,0.4179989768089822,0.95
hashemi,zoom_blur,2,common,pooled,0.4054875,0.41949226586342825,0.955
hashemi,zoom_blur,3,common,pooled,0.4373,0.4378525090516584,0.925
hashemi,zoom_blur,4,common,pooled,0.4514375,0.443449369551581,0.92
hashemi,zoom_blur,5,common,pooled,0.4523375,0.44149026829761584,0.92
hashemi,snow,1,common,pooled,0.4518625,0.4715959620459849,0.955
hashemi,snow,2,common,pooled,0.41805,0.4431394739859352,0.985
hashemi,snow,3,common,pooled,0.4719375,0.49197043464367995,0.965
hashemi,snow,4,common,pooled,0.4644,0.48280421667011475,0.955
hashemi,snow,5,common,pooled,0.4622875,0.4768511032911805,0.95
hashemi,frost,1,common,pooled,0.45965,0.4719727131346467,0.96
hashemi,frost,2,common,pooled,0.43035,0.45874246505271427,0.96
hashemi,frost,3,common,pooled,0.418475,0.44550123075944914,0.96
hashemi,frost,4,common,pooled,0.4194125,0.4430384052969621,0.97
hashemi,frost,5,common,pooled,0.4067625,0.43551186904420125,0.965
hashemi,fog,1,common,pooled,0.47615,0.4815757712642893,0.94
hashemi,fog,2,common,pooled,0.4715,0.47724698656534015,0.95
hashemi,fog,3,common,pooled,0.463675,0.467900277485393,0.95
hashemi,fog,4,common,pooled,0.4554125,0.4629649603917595,0.95
hashemi,fog,5,common,pooled,0.4358375,0.45011981292654846,0.96
hashemi,brightness,1,common,pooled,0.50485,0.5107003806734575,0.93
hashemi,brightness,2,common,pooled,0.508,0.5128868279832837,0.935
hashemi,brightness,3,common,pooled,0.50235,0.5061681482654314,0.955
hashemi,brightness,4,common,pooled,0.4987,0.4992670051003113,0.955
hashemi,brightness,5,common,pooled,0.481875,0.4866284701496496,0.96
hashemi,contrast,1,common,pooled,0.471325,0.4834047976199747,0.95
hashemi,contrast,2,common,pooled,0.46045,0.47159957920998563,0.955
hashemi,contrast,3,common,pooled,0.4399625,0.4520257554923137,0.955
hashemi,contrast,4,common,pooled,0.3817375,0.41761591903287065,0.97
hashemi,contrast,5,common,pooled,0.3664125,0.40698569789152017,0.975
hashemi,elastic_transform,1,common,pooled,0.4844125,0.48200519790362834,0.95
hashemi,elastic_transform,2,common,pooled,0.493275,0.4896863977286126,0.92
hashemi,elastic_transform,3,common,pooled,0.5144,0.5174425569365211,0.93
hashemi,elastic_transform,4,common,pooled,0.5312875,0.5382525148228311,0.935
hashemi,elastic_transform,5,common,pooled,0.59075,0.60742103214367,0.935
hashemi,pixelate,1,common,pooled,0.465975,0.46936929621455437,0.955
hashemi,pixelate,2,common,pooled,0.4521375,0.45935179105402013,0.97
hashemi,pixelate,3,common,pooled,0.4159375,0.4335829939599999,0.95
hashemi,pixelate,4,common,pooled,0.390625,0.41376733863276943,0.935
hashemi,pixelate,5,common,pooled,0.2985,0.37462343727020553,0.96
hashemi,jpeg_compression,1,common,pooled,0.4188,0.4423568128387534,0.955
hashemi,jpeg_compression,2,common,pooled,0.413875,0.4374093885098425,0.965
hashemi,jpeg_compression,3,common,pooled,0.4186,0.43515451039481756,0.955
hashemi,jpeg_compression,4,common,pooled,0.4452625,0.45131033696726003,0.955
hashemi,jpeg_compression,5,common,pooled,0.477175,0.47050658574798,0.92
hashemi,speckle_noise,1,extra,pooled,0.45305,0.46635808132439194,0.96
hashemi,speckle_noise,2,extra,pooled,0.438875,0.45313664858373476,0.965
hashemi,speckle_noise,3,extra,pooled,0.399775,0.4251790605257304,0.955
hashemi,speckle_noise,4,extra,pooled,0.3969875,0.421486382810184,0.955
hashemi,speckle_noise,5,extra,pooled,0.404325,0.4211500329667171,0.955
hashemi,gaussian_blur,1,extra,pooled,0.42645,0.4421418415811208,0.955
hashemi,gaussian_blur,2,extra,pooled,0.36315,0.4018009413751885,0.97
hashemi,gaussian_blur,3,extra,pooled,0.346375,0.39183157746897246,0.97
hashemi,gaussian_blur,4,extra,pooled,0.3560375,0.39579296851547235,0.955
hashemi,gaussian_blur,5,extra,pooled,0.3913375,0.415763076852557,0.95
hashemi,spatter,1,extra,pooled,0.493675,0.4972465625605548,0.955
hashemi,spatter,2,extra,pooled,0.48635,0.4842698086881194,0.95
hashemi,spatter,3,extra,pooled,0.4289375,0.4490360556955765,0.955
hashemi,spatter,4,extra,pooled,0.5310375,0.4954781304020646,0.835
hashemi,spatter,5,extra,pooled,0.4753625,0.45821181164133434,0.905
hashemi,saturate,1,extra,pooled,0.4976,0.501369061927649,0.925
hashemi,saturate,2,extra,pooled,0.4849125,0.49172977589041295,0.94
hashemi,saturate,3,extra,pooled,0.4889875,0.4999396347744616,0.95
hashemi,saturate,4,extra,pooled,0.47025,0.4785999407730055,0.955
hashemi,saturate,5,extra,pooled,0.4609,0.47628642576255065,0.965
hashemi_enc,gaussian_noise,1,common,pooled,0.33135,0.3917638519522642,0.965
hashemi_enc,gaussian_noise,2,common,pooled,0.27025,0.3667530575579339,0.985
hashemi_enc,gaussian_noise,3,common,pooled,0.193825,0.3425301653827591,0.99
hashemi_enc,gaussian_noise,4,common,pooled,0.105875,0.3220528137868823,1.0
hashemi_enc,gaussian_noise,5,common,pooled,0.03405,0.31082644872794224,1.0
hashemi_enc,shot_noise,1,common,pooled,0.333225,0.395009124335844,0.97
hashemi_enc,shot_noise,2,common,pooled,0.2744875,0.36968304874260993,0.985
hashemi_enc,shot_noise,3,common,pooled,0.2082625,0.34664888839221053,0.995
hashemi_enc,shot_noise,4,common,pooled,0.111375,0.3231502452937046,1.0
hashemi_enc,shot_noise,5,common,pooled,0.062875,0.31467468350786726,1.0
hashemi_enc,impulse_noise,1,common,pooled,0.349775,0.4049147279256496,0.96
hashemi_enc,impulse_noise,2,common,pooled,0.2668375,0.366386928558002,0.985
hashemi_enc,impulse_noise,3,common,pooled,0.21325,0.3482268920316716,0.99
hashemi_enc,impulse_noise,4,common,pooled,0.110375,0.3228212151040049,1.0
hashemi_enc,impulse_noise,5,common,pooled,0.0366375,0.31133366790269823,1.0
hashemi_enc,defocus_blur,1,common,pooled,0.41965,0.43766112373281835,0.96
hashemi_enc,defocus_blur,2,common,pooled,0.3858,0.41813082898057163,0.96
hashemi_enc,defocus_blur,3,common,pooled,0.3255625,0.38897294086351103,0.96
hashemi_enc,defocus_blur,4,common,pooled,0.2765,0.37165469809276186,0.965
hashemi_enc,defocus_blur,5,common,pooled,0.233275,0.3590398006545341,0.97
hashemi_enc,glass_blur,1,common,pooled,0.44065,0.45305142254318914,0.945
hashemi_enc,glass_blur,2,common,pooled,0.384775,0.42009475462869195,0.96
hashemi_enc,glass_blur,3,common,pooled,0.29485,0.38290481188620595,0.96
hashemi_enc,glass_blur,4,common,pooled,0.2442,0.3634550285464677,0.965
hashemi_enc,glass_blur,5,common,pooled,0.204125,0.3498199003883737,0.985
hashemi_enc,motion_blur,1,common,pooled,0.4255875,0.44728233319279376,0.96
hashemi_enc,motion_blur,2,common,pooled,0.3863,0.4251450408722004,0.965
hashemi_enc,motion_blur,3,common,pooled,0.3553375,0.4022170802146496,0.96
hashemi_enc,motion_blur,4,common,pooled,0.3059,0.38030324910026225,0.965
hashemi_enc,motion_blur,5,common,pooled,0.289825,0.3741993106591087,0.965
hashemi_enc,zoom_blur,1,common,pooled,0.3052,0.38119276074024894,0.985
hashemi_enc,zoom_blur,2,common,pooled,0.2664,0.366204135285374,0.98
hashemi_enc,zoom_blur,3,common,pooled,0.25365,0.36185522211062554,0.985
hashemi_enc,zoom_blur,4,common,pooled,0.227525,0.35373374892025233,0.98
hashemi_enc,zoom_blur,5,common,pooled,0.221,0.35212863686207363,0.985
hashemi_enc,snow,1,common,pooled,0.437025,0.4496140393933559,0.945
hashemi_enc,snow,2,common,pooled,0.3185875,0.3867166492645482,0.965
hashemi_enc,snow,3,common,pooled,0.44245,0.4480913703594629,0.96
hashemi_enc,snow,4,common,pooled,0.4441125,0.4459410182954248,0.935
hashemi_enc,snow,5,common,pooled,0.3126125,0.38246532397368094,0.985
hashemi_enc,frost,1,common,pooled,0.408075,0.42794441551943224,0.945
hashemi_enc,frost,2,common,pooled,0.363825,0.4033375437734266,0.935
hashemi_enc,frost,3,common,pooled,0.3484625,0.3963939091062691,0.945
hashemi_enc,frost,4,common,pooled,0.35385,0.39845130579635546,0.96
hashemi_enc,frost,5,common,pooled,0.328175,0.38769789267556487,0.96
hashemi_enc,fog,1,common,pooled,0.5017375,0.5237330967357878,0.955
hashemi_enc,fog,2,common,pooled,0.4891875,0.513330990055477,0.96
hashemi_enc,fog,3,common,pooled,0.46965,0.4903735946171013,0.96
hashemi_enc,fog,4,common,pooled,0.4257875,0.44429159358562914,0.96
hashemi_enc,fog,5,common,pooled,0.339025,0.3998323284093396,0.965
hashemi_enc,brightness,1,common,pooled,0.504275,0.503393600119082,0.94
hashemi_enc,brightness,2,common,pooled,0.4992,0.49662851592987683,0.94
hashemi_enc,brightness,3,common,pooled,0.486675,0.4837332387485703,0.94
hashemi_enc,brightness,4,common,pooled,0.465025,0.46291006874945506,0.94
hashemi_enc,brightness,5,common,pooled,0.439025,0.4454324692715035,0.955
hashemi_enc,contrast,1,common,pooled,0.51465,0.5342717939683068,0.945
hashemi_enc,contrast,2,common,pooled,0.5125375,0.534356236475009,0.955
hashemi_enc,contrast,3,common,pooled,0.5028,0.5362565913154582,0.96
hashemi_enc,contrast,4,common,pooled,0.4799875,0.533459368273379,0.96
hashemi_enc,contrast,5,common,pooled,0.51085,0.5774996808716135,0.945
hashemi_enc,elastic_transform,1,common,pooled,0.469925,0.4768342600662153,0.96
hashemi_enc,elastic_transform,2,common,pooled,0.4531,0.46472014245657806,0.945
hashemi_enc,elastic_transform,3,common,pooled,0.4224125,0.4431213430052977,0.945
hashemi_enc,elastic_transform,4,common,pooled,0.3928125,0.42241401964181047,0.945
hashemi_enc,elastic_transform,5,common,pooled,0.38065,0.4131969580780569,0.945
hashemi_enc,pixelate,1,common,pooled,0.486325,0.48219693074418535,0.94
hashemi_enc,pixelate,2,common,pooled,0.46595,0.46506425758996206,0.955
hashemi_enc,pixelate,3,common,pooled,0.3769,0.4120740563452523,0.96
hashemi_enc,pixelate,4,common,pooled,0.246725,0.3602395386585707,0.985
hashemi_enc,pixelate,5,common,pooled,0.1481125,0.33190362349560787,1.0
hashemi_enc,jpeg_compression,1,common,pooled,0.4053375,0.42744483085795526,0.96
hashemi_enc,jpeg_compression,2,common,pooled,0.4242625,0.43671525996579874,0.935
hashemi_enc,jpeg_compression,3,common,pooled,0.4319125,0.4388115421478589,0.92
hashemi_enc,jpeg_compression,4,common,pooled,0.4604,0.45145435568722514,0.895
hashemi_enc,jpeg_compression,5,common,pooled,0.4810875,0.45958965145906205,0.895
hashemi_enc,speckle_noise,1,extra,pooled,0.35665,0.40720919132538885,0.965
hashemi_enc,speckle_noise,2,extra,pooled,0.3233,0.38975298241332357,0.985
hashemi_enc,speckle_noise,3,extra,pooled,0.25075,0.36062871411896835,0.99
hashemi_enc,speckle_noise,4,extra,pooled,0.2106875,0.34748798814823206,1.0
hashemi_enc,speckle_noise,5,extra,pooled,0.165725,0.3350964998560711,1.0
hashemi_enc,gaussian_blur,1,extra,pooled,0.4566,0.4666448999638374,0.96
hashemi_enc,gaussian_blur,2,extra,pooled,0.3825625,0.4171493630677965,0.96
hashemi_enc,gaussian_blur,3,extra,pooled,0.3255,0.38985870222518254,0.96
hashemi_enc,gaussian_blur,4,extra,pooled,0.2717125,0.36974138209757984,0.965
hashemi_enc,gaussian_blur,5,extra,pooled,0.189525,0.3498424055486953,0.985
hashemi_enc,spatter,1,extra,pooled,0.449075,0.46240465395943975,0.96
hashemi_enc,spatter,2,extra,pooled,0.5076,0.5019007127578233,0.935
hashemi_enc,spatter,3,extra,pooled,0.446275,0.4504294020900218,0.93
hashemi_enc,spatter,4,extra,pooled,0.658975,0.6724754522949231,0.815
hashemi_enc,spatter,5,extra,pooled,0.597025,0.6073127910292195,0.875
hashemi_enc,saturate,1,extra,pooled,0.487425,0.48960924071080236,0.95
hashemi_enc,saturate,2,extra,pooled,0.468225,0.47297195609452924,0.955
hashemi_enc,saturate,3,extra,pooled,0.4746125,0.47202916394114447,0.945
hashemi_enc,saturate,4,extra,pooled,0.4350125,0.44896522954132595,0.95
hashemi_enc,saturate,5,extra,pooled,0.433975,0.4527334927266141,0.95
cdf,gaussian_noise,1,common,pooled,0.8902,0.8267637564586479,0.26
cdf,gaussian_noise,2,common,pooled,0.959675,0.9347623579132368,0.1
cdf,gaussian_noise,3,common,pooled,0.99275,0.9902835037774271,0.02
cdf,gaussian_noise,4,common,pooled,0.999725,0.9997193146755682,0.005
cdf,gaussian_noise,5,common,pooled,1.0,1.0,0.0
cdf,shot_noise,1,common,pooled,0.8686,0.8186575820107771,0.33
cdf,shot_noise,2,common,pooled,0.9532,0.9334268665161486,0.105
cdf,shot_noise,3,common,pooled,0.9883,0.9849582117178234,0.025
cdf,shot_noise,4,common,pooled,0.9993,0.9992944781467757,0.005
cdf,shot_noise,5,common,pooled,0.9999,0.9998997462247162,0.0
cdf,impulse_noise,1,common,pooled,0.96345,0.9441264468496307,0.09
cdf,impulse_noise,2,common,pooled,0.983225,0.9749239008258759,0.05
cdf,impulse_noise,3,common,pooled,0.99255,0.9895110100039299,0.02
cdf,impulse_noise,4,common,pooled,0.999975,0.9999751243781094,0.0
cdf,impulse_noise,5,common,pooled,1.0,1.0,0.0
cdf,defocus_blur,1,common,pooled,0.807475,0.7341808667043878,0.45
cdf,defocus_blur,2,common,pooled,0.87965,0.812146365071364,0.29
cdf,defocus_blur,3,common,pooled,0.933525,0.8869179374055712,0.12
cdf,defocus_blur,4,common,pooled,0.96005,0.9318112576843534,0.09
cdf,defocus_blur,5,common,pooled,0.9771,0.9597624200217286,0.05
cdf,glass_blur,1,common,pooled,0.6953,0.6411194429533663,0.725
cdf,glass_blur,2,common,pooled,0.809975,0.7363239378010256,0.42
cdf,glass_blur,3,common,pooled,0.900925,0.8314791697346691,0.215
cdf,glass_blur,4,common,pooled,0.92465,0.8693081119857553,0.13
cdf,glass_blur,5,common,pooled,0.95725,0.9243751977919819,0.09
cdf,motion_blur,1,common,pooled,0.70895,0.65315193315505,0.74
cdf,motion_blur,2,common,pooled,0.807325,0.7452419231884287,0.4
cdf,motion_blur,3,common,pooled,0.888475,0.8366514961454734,0.295
cdf,motion_blur,4,common,pooled,0.93325,0.8972002224444091,0.155
cdf,motion_blur,5,common,pooled,0.952375,0.926119785210283,0.115
cdf,zoom_blur,1,common,pooled,0.794675,0.7241485915699174,0.445
cdf,zoom_blur,2,common,pooled,0.850925,0.7806898253418575,0.33
cdf,zoom_blur,3,common,pooled,0.819075,0.7544556776894145,0.405
cdf,zoom_blur,4,common,pooled,0.8527,0.7880689689558499,0.33
cdf,zoom_blur,5,common,pooled,0.833325,0.7713786330544699,0.4
cdf,snow,1,common,pooled,0.8475,0.7750485520729503,0.35
cdf,snow,2,common,pooled,0.919725,0.8855956336865507,0.265
cdf,snow,3,common,pooled,0.914475,0.8698250412711028,0.235
cdf,snow,4,common,pooled,0.939,0.906928032354337,0.135
cdf,snow,5,common,pooled,0.93,0.9029822744345405,0.225
cdf,frost,1,common,pooled,0.551625,0.5358000831535092,0.87
cdf,frost,2,common,pooled,0.665475,0.6083605618719828,0.79
cdf,frost,3,common,pooled,0.7367,0.6625689954272366,0.685
cdf,frost,4,common,pooled,0.753625,0.6779669738156356,0.705
cdf,frost,5,common,pooled,0.79,0.7096464429462852,0.525
cdf,fog,1,common,pooled,0.654475,0.6226366503505649,0.825
cdf,fog,2,common,pooled,0.708125,0.667933401456583,0.74
cdf,fog,3,common,pooled,0.7477,0.7015457019443838,0.685
cdf,fog,4,common,pooled,0.744275,0.6884168519555414,0.69
cdf,fog,5,common,pooled,0.77205,0.7087130470822528,0.555
cdf,brightness,1,common,pooled,0.513225,0.5219730248364258,0.945
cdf,brightness,2,common,pooled,0.550025,0.5485060976209644,0.94
cdf,brightness,3,common,pooled,0.59605,0.5804283649261643,0.885
cdf,brightness,4,common,pooled,0.650975,0.6212894644416352,0.825
cdf,brightness,5,common,pooled,0.7078,0.6667122089991151,0.71
cdf,contrast,1,common,pooled,0.681225,0.6547760819289632,0.79
cdf,contrast,2,common,pooled,0.764475,0.7259897082726717,0.675
cdf,contrast,3,common,pooled,0.860525,0.8230878090234934,0.365
cdf,contrast,4,common,pooled,0.95525,0.9387309129586654,0.12
cdf,contrast,5,common,pooled,0.991375,0.9889366660193599,0.025
cdf,elastic_transform,1,common,pooled,0.52915,0.5222052991790207,0.945
cdf,elastic_transform,2,common,pooled,0.56385,0.5427980041370724,0.9
cdf,elastic_transform,3,common,pooled,0.6233,0.5799093444081356,0.825
cdf,elastic_transform,4,common,pooled,0.668275,0.6137854049404774,0.745
cdf,elastic_transform,5,common,pooled,0.72625,0.6566972493851289,0.595
cdf,pixelate,1,common,pooled,0.5866,0.5586581171880297,0.875
cdf,pixelate,2,common,pooled,0.641775,0.598238738776236,0.82
cdf,pixelate,3,common,pooled,0.814175,0.7477456200466316,0.42
cdf,pixelate,4,common,pooled,0.923375,0.8853389798668189,0.185
cdf,pixelate,5,common,pooled,0.96535,0.9499911622615043,0.1
cdf,jpeg_compression,1,common,pooled,0.648175,0.5822237623539959,0.755
cdf,jpeg_compression,2,common,pooled,0.747425,0.6557872219112209,0.555
cdf,jpeg_compression,3,common,pooled,0.8031,0.7066345442292318,0.415
cdf,jpeg_compression,4,common,pooled,0.895225,0.8197226249044709,0.235
cdf,jpeg_compression,5,common,pooled,0.938725,0.8910024356981804,0.12
cdf,speckle_noise,1,extra,pooled,0.774675,0.7312732371539046,0.575
cdf,speckle_noise,2,extra,pooled,0.853875,0.8181093239521211,0.39
cdf,speckle_noise,3,extra,pooled,0.95695,0.9479831238996558,0.135
cdf,speckle_noise,4,extra,pooled,0.979875,0.9772657414706104,0.1
cdf,speckle_noise,5,extra,pooled,0.99215,0.9916557046379976,0.05
cdf,gaussian_blur,1,extra,pooled,0.661275,0.6128647544157513,0.78
cdf,gaussian_blur,2,extra,pooled,0.87175,0.8034496166473092,0.295
cdf,gaussian_blur,3,extra,pooled,0.934275,0.8871324716864082,0.12
cdf,gaussian_blur,4,extra,pooled,0.961725,0.9340294764019855,0.085
cdf,gaussian_blur,5,extra,pooled,0.98765,0.9776167884147378,0.025
cdf,spatter,1,extra,pooled,0.495575,0.49061338098385165,0.945
cdf,spatter,2,extra,pooled,0.753025,0.6532029405991704,0.52
cdf,spatter,3,extra,pooled,0.873375,0.7872025663821529,0.295
cdf,spatter,4,extra,pooled,0.952975,0.9378457448468538,0.13
cdf,spatter,5,extra,pooled,0.980175,0.9758386936698976,0.08
cdf,saturate,1,extra,pooled,0.5194125,0.5221199632677245,0.945
cdf,saturate,2,extra,pooled,0.5738625,0.551820647214822,0.865
cdf,saturate,3,extra,pooled,0.5769875,0.5488824546365482,0.87
cdf,saturate,4,extra,pooled,0.69215,0.6273041448678941,0.74
cdf,saturate,5,extra,pooled,0.765325,0.7019620720436736,0.615
cdf_sum,gaussian_noise,1,common,pooled,0.79175,0.7263866312430429,0.49
cdf_sum,gaussian_noise,2,common,pooled,0.89965,0.8532065120462348,0.27
cdf_sum,gaussian_noise,3,common,pooled,0.96495,0.953979637114658,0.1
cdf_sum,gaussian_noise,4,common,pooled,0.995475,0.9951825158185316,0.025
cdf_sum,gaussian_noise,5,common,pooled,1.0,1.0,0.0
cdf_sum,shot_noise,1,common,pooled,0.7692,0.7181502568331947,0.535
cdf_sum,shot_noise,2,common,pooled,0.890125,0.8509834733412904,0.3
cdf_sum,shot_noise,3,common,pooled,0.95505,0.941817662027998,0.125
cdf_sum,shot_noise,4,common,pooled,0.99485,0.9946758627153968,0.03
cdf_sum,shot_noise,5,common,pooled,0.999375,0.9993841185653631,0.0
cdf_sum,impulse_noise,1,common,pooled,0.912175,0.8744095758624277,0.22
cdf_sum,impulse_noise,2,common,pooled,0.945175,0.9240018518470174,0.13
cdf_sum,impulse_noise,3,common,pooled,0.969025,0.9598334475726834,0.08
cdf_sum,impulse_noise,4,common,pooled,0.997475,0.9973705276619458,0.015
cdf_sum,impulse_noise,5,common,pooled,1.0,1.0,0.0
cdf_sum,defocus_blur,1,common,pooled,0.705675,0.6480297366913903,0.725
cdf_sum,defocus_blur,2,common,pooled,0.781825,0.7124229127990718,0.495
cdf_sum,defocus_blur,3,common,pooled,0.865475,0.7968070659511233,0.315
cdf_sum,defocus_blur,4,common,pooled,0.91545,0.8612620286832535,0.155
cdf_sum,defocus_blur,5,common,pooled,0.94165,0.9049221074580254,0.115
cdf_sum,glass_blur,1,common,pooled,0.623475,0.599107231984567,0.86
cdf_sum,glass_blur,2,common,pooled,0.732075,0.6789813980626472,0.65
cdf_sum,glass_blur,3,common,pooled,0.88255,0.8164545702258093,0.27
cdf_sum,glass_blur,4,common,pooled,0.910875,0.8525639334114755,0.165
cdf_sum,glass_blur,5,common,pooled,0.9392,0.8979466126998044,0.12
cdf_sum,motion_blur,1,common,pooled,0.623725,0.5910496674244305,0.855
cdf_sum,motion_blur,2,common,pooled,0.706925,0.6564967294951083,0.645
cdf_sum,motion_blur,3,common,pooled,0.803225,0.7452977645834082,0.465
cdf_sum,motion_blur,4,common,pooled,0.88015,0.8304119801799398,0.33
cdf_sum,motion_blur,5,common,pooled,0.911925,0.8703961610090613,0.22
cdf_sum,zoom_blur,1,common,pooled,0.7345,0.6685146474547126,0.595
cdf_sum,zoom_blur,2,common,pooled,0.80395,0.72806339198514,0.42
cdf_sum,zoom_blur,3,common,pooled,0.7884,0.7200194558219069,0.455
cdf_sum,zoom_blur,4,common,pooled,0.826,0.7533549916729745,0.37
cdf_sum,zoom_blur,5,common,pooled,0.81745,0.7473203128662883,0.42
cdf_sum,snow,1,common,pooled,0.769575,0.7043207873557626,0.51
cdf_sum,snow,2,common,pooled,0.864325,0.8214254709300584,0.385
cdf_sum,snow,3,common,pooled,0.86265,0.8119277771732734,0.37
cdf_sum,snow,4,common,pooled,0.901,0.861769989304213,0.285
cdf_sum,snow,5,common,pooled,0.8925,0.8591271524691,0.335
cdf_sum,frost,1,common,pooled,0.533725,0.5339375319294046,0.915
cdf_sum,frost,2,common,pooled,0.6543,0.6195149280699589,0.865
cdf_sum,frost,3,common,pooled,0.731975,0.6888993213365219,0.755
cdf_sum,frost,4,common,pooled,0.751,0.7026037388588457,0.795
cdf_sum,frost,5,common,pooled,0.7944,0.7442270855613808,0.58
cdf_sum,fog,1,common,pooled,0.597625,0.5845233058823098,0.875
cdf_sum,fog,2,common,pooled,0.63415,0.6118806136915438,0.855
cdf_sum,fog,3,common,pooled,0.662875,0.6325959307882876,0.805
cdf_sum,fog,4,common,pooled,0.655925,0.6201466920683263,0.845
cdf_sum,fog,5,common,pooled,0.67975,0.6304131493577669,0.765
cdf_sum,brightness,1,common,pooled,0.506175,0.5170421692136844,0.95
cdf_sum,brightness,2,common,pooled,0.530275,0.537394315732862,0.95
cdf_sum,brightness,3,common,pooled,0.56445,0.5634914474890311,0.92
cdf_sum,brightness,4,common,pooled,0.612375,0.5999196110556451,0.875
cdf_sum,brightness,5,common,pooled,0.666075,0.6407799852075876,0.835
cdf_sum,contrast,1,common,pooled,0.62425,0.6117991308725522,0.875
cdf_sum,contrast,2,common,pooled,0.688425,0.6636945039956889,0.8
cdf_sum,contrast,3,common,pooled,0.776,0.7389369856561376,0.59
cdf_sum,contrast,4,common,pooled,0.901025,0.8734107409746157,0.315
cdf_sum,contrast,5,common,pooled,0.972975,0.9679729959578937,0.105
cdf_sum,elastic_transform,1,common,pooled,0.526525,0.5273757117847393,0.915
cdf_sum,elastic_transform,2,common,pooled,0.56965,0.5510608953593603,0.87
cdf_sum,elastic_transform,3,common,pooled,0.642125,0.598161602660902,0.84
cdf_sum,elastic_transform,4,common,pooled,0.69695,0.6385766835431187,0.7
cdf_sum,elastic_transform,5,common,pooled,0.765325,0.6968489478708607,0.575
cdf_sum,pixelate,1,common,pooled,0.5502,0.5408937711805083,0.91
cdf_sum,pixelate,2,common,pooled,0.59535,0.5722082254722597,0.87
cdf_sum,pixelate,3,common,pooled,0.76285,0.7141422537242217,0.595
cdf_sum,pixelate,4,common,pooled,0.903475,0.8681794974901806,0.26
cdf_sum,pixelate,5,common,pooled,0.95555,0.9403269960046599,0.12
cdf_sum,jpeg_compression,1,common,pooled,0.591975,0.5454121105609424,0.865
cdf_sum,jpeg_compression,2,common,pooled,0.6772,0.6023735736610385,0.755
cdf_sum,jpeg_compression,3,common,pooled,0.7384,0.6520283463939786,0.595
cdf_sum,jpeg_compression,4,common,pooled,0.852025,0.7656519667181609,0.345
cdf_sum,jpeg_compression,5,common,pooled,0.912475,0.8475260604016588,0.195
cdf_sum,speckle_noise,1,extra,pooled,0.6845,0.6547234083082197,0.755
cdf_sum,speckle_noise,2,extra,pooled,0.762125,0.7240140913789361,0.62
cdf_sum,speckle_noise,3,extra,pooled,0.904225,0.8826562211072221,0.3
cdf_sum,speckle_noise,4,extra,pooled,0.9453,0.9358277017350051,0.15
cdf_sum,speckle_noise,5,extra,pooled,0.9745,0.9723495519394354,0.11
cdf_sum,gaussian_blur,1,extra,pooled,0.5997,0.57367155527298,0.865
cdf_sum,gaussian_blur,2,extra,pooled,0.772475,0.7049859132926971,0.53
cdf_sum,gaussian_blur,3,extra,pooled,0.864875,0.795159072351153,0.325
cdf_sum,gaussian_blur,4,extra,pooled,0.916325,0.8622992643025662,0.155
cdf_sum,gaussian_blur,5,extra,pooled,0.9632,0.9446976465824208,0.08
cdf_sum,spatter,1,extra,pooled,0.497975,0.4926011533223372,0.945
cdf_sum,spatter,2,extra,pooled,0.710525,0.6307188612868604,0.645
cdf_sum,spatter,3,extra,pooled,0.80695,0.7255676801647507,0.435
cdf_sum,spatter,4,extra,pooled,0.9122,0.8806988956413324,0.245
cdf_sum,spatter,5,extra,pooled,0.9552,0.9412336414049679,0.13
cdf_sum,saturate,1,extra,pooled,0.4968375,0.5093468453064335,0.945
cdf_sum,saturate,2,extra,pooled,0.5265625,0.5257847294301112,0.905
cdf_sum,saturate,3,extra,pooled,0.5454125,0.5247893601267537,0.915
cdf_sum,saturate,4,extra,pooled,0.627025,0.5798552850467448,0.845
cdf_sum,saturate,5,extra,pooled,0.69395,0.6378527312447719,0.78
convtu_mst,gaussian_noise,1,common,pooled,0.55295,0.5656310011723703,0.915
convtu_mst,gaussian_noise,2,common,pooled,0.688775,0.6838474967066936,0.85
convtu_mst,gaussian_noise,3,common,pooled,0.848575,0.839504678875733,0.55
convtu_mst,gaussian_noise,4,common,pooled,0.960325,0.9567347462034311,0.185
convtu_mst,gaussian_noise,5,common,pooled,0.99695,0.9969559143045058,0.005
convtu_mst,shot_noise,1,common,pooled,0.5293,0.5556138398422024,0.95
convtu_mst,shot_noise,2,common,pooled,0.6761,0.6751424535774214,0.84
convtu_mst,shot_noise,3,common,pooled,0.82165,0.8088531694989114,0.55
convtu_mst,shot_noise,4,common,pooled,0.946675,0.9416467298500585,0.185
convtu_mst,shot_noise,5,common,pooled,0.986625,0.9858964799571057,0.07
convtu_mst,impulse_noise,1,common,pooled,0.50755,0.5279023084822148,0.975
convtu_mst,impulse_noise,2,common,pooled,0.681775,0.683200562449202,0.835
convtu_mst,impulse_noise,3,common,pooled,0.80895,0.803342595739583,0.605
convtu_mst,impulse_noise,4,common,pooled,0.967575,0.9650130081402828,0.16
convtu_mst,impulse_noise,5,common,pooled,0.997975,0.9979123832100858,0.005
convtu_mst,defocus_blur,1,common,pooled,0.600425,0.5994310990237226,0.955
convtu_mst,defocus_blur,2,common,pooled,0.748875,0.7219414170822589,0.625
convtu_mst,defocus_blur,3,common,pooled,0.89415,0.8739004483523126,0.3
convtu_mst,defocus_blur,4,common,pooled,0.951675,0.940675551461456,0.185
convtu_mst,defocus_blur,5,common,pooled,0.9764,0.9721581449146923,0.11
convtu_mst,glass_blur,1,common,pooled,0.5658,0.5823230883005768,0.925
convtu_mst,glass_blur,2,common,pooled,0.751675,0.7337346923449076,0.67
convtu_mst,glass_blur,3,common,pooled,0.855525,0.8434339855452523,0.5
convtu_mst,glass_blur,4,common,pooled,0.89365,0.8860789429045021,0.385
convtu_mst,glass_blur,5,common,pooled,0.9568,0.9516677968837182,0.17
convtu_mst,motion_blur,1,common,pooled,0.543125,0.5551518369660542,0.96
convtu_mst,motion_blur,2,common,pooled,0.613775,0.6058388843862186,0.895
convtu_mst,motion_blur,3,common,pooled,0.713175,0.7073732108162313,0.78
convtu_mst,motion_blur,4,common,pooled,0.8077,0.8054461083788487,0.735
convtu_mst,motion_blur,5,common,pooled,0.873475,0.8642607879718202,0.47
convtu_mst,zoom_blur,1,common,pooled,0.615775,0.6404812915964839,0.96
convtu_mst,zoom_blur,2,common,pooled,0.70965,0.7206513862444017,0.835
convtu_mst,zoom_blur,3,common,pooled,0.7094,0.7250003253268225,0.83
convtu_mst,zoom_blur,4,common,pooled,0.757025,0.7636337564797371,0.745
convtu_mst,zoom_blur,5,common,pooled,0.755725,0.765412944013256,0.745
convtu_mst,snow,1,common,pooled,0.515025,0.5033605654336264,0.94
convtu_mst,snow,2,common,pooled,0.73005,0.7063792455288624,0.75
convtu_mst,snow,3,common,pooled,0.65735,0.6274050265390807,0.765
convtu_mst,snow,4,common,pooled,0.726275,0.6927910140745218,0.74
convtu_mst,snow,5,common,pooled,0.79795,0.7866695054445052,0.67
convtu_mst,frost,1,common,pooled,0.4335,0.46097294808536016,0.985
convtu_mst,frost,2,common,pooled,0.44505,0.4839999226185435,0.995
convtu_mst,frost,3,common,pooled,0.492275,0.49574353405005606,0.985
convtu_mst,frost,4,common,pooled,0.50555,0.5102161302027053,0.97
convtu_mst,frost,5,common,pooled,0.523125,0.5387330941627854,0.955
convtu_mst,fog,1,common,pooled,0.527575,0.5464898886790921,0.92
convtu_mst,fog,2,common,pooled,0.567,0.5722687377208944,0.955
convtu_mst,fog,3,common,pooled,0.603075,0.6132374605390991,0.925
convtu_mst,fog,4,common,pooled,0.606025,0.6178649009489016,0.93
convtu_mst,fog,5,common,pooled,0.652625,0.6639428798996345,0.91
convtu_mst,brightness,1,common,pooled,0.488275,0.49534194391326025,0.955
convtu_mst,brightness,2,common,pooled,0.47725,0.4898832100006919,0.915
convtu_mst,brightness,3,common,pooled,0.480025,0.4907769155056315,0.955
convtu_mst,brightness,4,common,pooled,0.48975,0.5052407937956593,0.955
convtu_mst,brightness,5,common,pooled,0.49985,0.5226209158518672,0.955
convtu_mst,contrast,1,common,pooled,0.543125,0.5665445686657595,0.94
convtu_mst,contrast,2,common,pooled,0.60755,0.6229434299064516,0.93
convtu_mst,contrast,3,common,pooled,0.716825,0.7263433004435613,0.845
convtu_mst,contrast,4,common,pooled,0.92485,0.9245549091406592,0.305
convtu_mst,contrast,5,common,pooled,0.995925,0.9953329447695869,0.02
convtu_mst,elastic_transform,1,common,pooled,0.403025,0.4494226868873114,0.985
convtu_mst,elastic_transform,2,common,pooled,0.38725,0.4419287723838607,0.995
convtu_mst,elastic_transform,3,common,pooled,0.38635,0.43580077497144737,0.98
convtu_mst,elastic_transform,4,common,pooled,0.391375,0.4388228805980837,0.985
convtu_mst,elastic_transform,5,common,pooled,0.404725,0.44613667505838467,0.99
convtu_mst,pixelate,1,common,pooled,0.492825,0.5067905741960754,0.935
convtu_mst,pixelate,2,common,pooled,0.497275,0.5134755274796015,0.945
convtu_mst,pixelate,3,common,pooled,0.5952,0.5998500206617533,0.895
convtu_mst,pixelate,4,common,pooled,0.751625,0.7317698889749916,0.685
convtu_mst,pixelate,5,common,pooled,0.847,0.8268689878036248,0.53
convtu_mst,jpeg_compression,1,common,pooled,0.383075,0.43378475914756937,0.985
convtu_mst,jpeg_compression,2,common,pooled,0.39215,0.43801076432743635,0.98
convtu_mst,jpeg_compression,3,common,pooled,0.40205,0.44745609327426533,0.995
convtu_mst,jpeg_compression,4,common,pooled,0.427775,0.4494486198818571,0.97
convtu_mst,jpeg_compression,5,common,pooled,0.517075,0.5120530260638936,0.93
convtu_mst,speckle_noise,1,extra,pooled,0.501525,0.5303957220821784,0.955
convtu_mst,speckle_noise,2,extra,pooled,0.546275,0.5717427605968518,0.955
convtu_mst,speckle_noise,3,extra,pooled,0.707225,0.702482866339746,0.83
convtu_mst,speckle_noise,4,extra,pooled,0.7998,0.7862133019002325,0.595
convtu_mst,speckle_noise,5,extra,pooled,0.875675,0.8653760497718601,0.38
convtu_mst,gaussian_blur,1,extra,pooled,0.481675,0.49709720340347274,0.955
convtu_mst,gaussian_blur,2,extra,pooled,0.713025,0.688347072260344,0.695
convtu_mst,gaussian_blur,3,extra,pooled,0.879825,0.8581900717404523,0.43
convtu_mst,gaussian_blur,4,extra,pooled,0.949225,0.9402567258478255,0.175
convtu_mst,gaussian_blur,5,extra,pooled,0.9882,0.9866908208262314,0.05
convtu_mst,spatter,1,extra,pooled,0.459175,0.4677808754365598,0.955
convtu_mst,spatter,2,extra,pooled,0.361,0.4077998505224625,0.98
convtu_mst,spatter,3,extra,pooled,0.400925,0.4271662396427932,0.96
convtu_mst,spatter,4,extra,pooled,0.5023,0.5003836454431929,0.94
convtu_mst,spatter,5,extra,pooled,0.566775,0.5476576633682649,0.875
convtu_mst,saturate,1,extra,pooled,0.4944375,0.4968144628859126,0.955
convtu_mst,saturate,2,extra,pooled,0.5246375,0.5162684590276265,0.92
convtu_mst,saturate,3,extra,pooled,0.5121375,0.5209334229159908,0.955
convtu_mst,saturate,4,extra,pooled,0.47875,0.4968784590991751,0.96
convtu_mst,saturate,5,extra,pooled,0.553775,0.5419875428589478,0.895
convtu_edges,gaussian_noise,1,common,pooled,0.5393,0.5545849729789782,0.91
convtu_edges,gaussian_noise,2,common,pooled,0.67535,0.6743644406034772,0.84
convtu_edges,gaussian_noise,3,common,pooled,0.844475,0.8397916279829019,0.575
convtu_edges,gaussian_noise,4,common,pooled,0.961875,0.958587944196853,0.155
convtu_edges,gaussian_noise,5,common,pooled,0.99695,0.996986263726712,0.005
convtu_edges,shot_noise,1,common,pooled,0.516825,0.5437956768483398,0.915
convtu_edges,shot_noise,2,common,pooled,0.663575,0.6681975731279768,0.86
convtu_edges,shot_noise,3,common,pooled,0.8158,0.8080205204358589,0.57
convtu_edges,shot_noise,4,common,pooled,0.94955,0.944770545110728,0.17
convtu_edges,shot_noise,5,common,pooled,0.9861,0.9854757911477728,0.065
convtu_edges,impulse_noise,1,common,pooled,0.5111,0.537366478204949,0.97
convtu_edges,impulse_noise,2,common,pooled,0.6829,0.6928330815152617,0.86
convtu_edges,impulse_noise,3,common,pooled,0.808625,0.8102474812617657,0.615
convtu_edges,impulse_noise,4,common,pooled,0.968375,0.9664686188553869,0.155
convtu_edges,impulse_noise,5,common,pooled,0.997775,0.9977475358673261,0.005
convtu_edges,defocus_blur,1,common,pooled,0.605675,0.596653774613902,0.91
convtu_edges,defocus_blur,2,common,pooled,0.7506,0.7158738931190891,0.655
convtu_edges,defocus_blur,3,common,pooled,0.892225,0.8644737272182396,0.335
convtu_edges,defocus_blur,4,common,pooled,0.948675,0.9332663996190564,0.165
convtu_edges,defocus_blur,5,common,pooled,0.97365,0.9662625993628831,0.09
convtu_edges,glass_blur,1,common,pooled,0.567375,0.5721242043688689,0.91
convtu_edges,glass_blur,2,common,pooled,0.747575,0.7225292335929918,0.65
convtu_edges,glass_blur,3,common,pooled,0.85125,0.8329639814828799,0.47
convtu_edges,glass_blur,4,common,pooled,0.891625,0.877005020967589,0.385
convtu_edges,glass_blur,5,common,pooled,0.9545,0.9448674366347792,0.155
convtu_edges,motion_blur,1,common,pooled,0.542225,0.5454848851322806,0.92
convtu_edges,motion_blur,2,common,pooled,0.614475,0.5991888714752344,0.88
convtu_edges,motion_blur,3,common,pooled,0.719125,0.6971797094769767,0.76
convtu_edges,motion_blur,4,common,pooled,0.8057,0.7906073869206943,0.76
convtu_edges,motion_blur,5,common,pooled,0.8733,0.8552536335077057,0.535
convtu_edges,zoom_blur,1,common,pooled,0.616575,0.6231035596892365,0.91
convtu_edges,zoom_blur,2,common,pooled,0.7038,0.7024225711383307,0.82
convtu_edges,zoom_blur,3,common,pooled,0.7098,0.7120912821177086,0.795
convtu_edges,zoom_blur,4,common,pooled,0.7513,0.7458893746879778,0.77
convtu_edges,zoom_blur,5,common,pooled,0.754175,0.753008967314154,0.7
convtu_edges,snow,1,common,pooled,0.514475,0.5026948285657689,0.91
convtu_edges,snow,2,common,pooled,0.715725,0.6956150656487021,0.795
convtu_edges,snow,3,common,pooled,0.64655,0.6287844681712709,0.78
convtu_edges,snow,4,common,pooled,0.71895,0.6912007920328622,0.775
convtu_edges,snow,5,common,pooled,0.786975,0.7779135479461868,0.715
convtu_edges,frost,1,common,pooled,0.434825,0.46008837432946004,0.975
convtu_edges,frost,2,common,pooled,0.45215,0.4847764743419857,0.975
convtu_edges,frost,3,common,pooled,0.5089,0.5081001318425002,0.97
convtu_edges,frost,4,common,pooled,0.522525,0.5231116317940006,0.945
convtu_edges,frost,5,common,pooled,0.538375,0.5503337909615051,0.945
convtu_edges,fog,1,common,pooled,0.5241,0.5388056031254145,0.91
convtu_edges,fog,2,common,pooled,0.561825,0.5657239245132193,0.92
convtu_edges,fog,3,common,pooled,0.5956,0.6025690956231118,0.91
convtu_edges,fog,4,common,pooled,0.609125,0.6171604136514033,0.905
convtu_edges,fog,5,common,pooled,0.6495,0.6595324318450271,0.885
convtu_edges,brightness,1,common,pooled,0.48355,0.4878288527533615,0.95
convtu_edges,brightness,2,common,pooled,0.46955,0.479226402435286,0.91
convtu_edges,brightness,3,common,pooled,0.471425,0.48253280289153594,0.935
convtu_edges,brightness,4,common,pooled,0.482225,0.49795625833436474,0.945
convtu_edges,brightness,5,common,pooled,0.4917,0.5101773554805986,0.95
convtu_edges,contrast,1,common,pooled,0.544375,0.5621611319459681,0.915
convtu_edges,contrast,2,common,pooled,0.6099,0.6193244248224649,0.91
convtu_edges,contrast,3,common,pooled,0.71715,0.720062047793971,0.86
convtu_edges,contrast,4,common,pooled,0.922225,0.9165340357833327,0.335
convtu_edges,contrast,5,common,pooled,0.99475,0.9934612947229733,0.025
convtu_edges,elastic_transform,1,common,pooled,0.398725,0.4409126696140704,0.975
convtu_edges,elastic_transform,2,common,pooled,0.3761,0.4283600556236852,1.0
convtu_edges,elastic_transform,3,common,pooled,0.367,0.41718201174653363,0.97
convtu_edges,elastic_transform,4,common,pooled,0.3721,0.4175334561571144,0.975
convtu_edges,elastic_transform,5,common,pooled,0.379575,0.4213027051072732,0.995
convtu_edges,pixelate,1,common,pooled,0.4877,0.4928678904302613,0.915
convtu_edges,pixelate,2,common,pooled,0.485225,0.495790414514794,0.915
convtu_edges,pixelate,3,common,pooled,0.585825,0.5749929264285417,0.91
convtu_edges,pixelate,4,common,pooled,0.74215,0.6936624654011709,0.695
convtu_edges,pixelate,5,common,pooled,0.856975,0.8092131641568308,0.445
convtu_edges,jpeg_compression,1,common,pooled,0.3925,0.4360868138501983,1.0
convtu_edges,jpeg_compression,2,common,pooled,0.408225,0.44538499184814134,0.975
convtu_edges,jpeg_compression,3,common,pooled,0.411225,0.44608511659717187,0.975
convtu_edges,jpeg_compression,4,common,pooled,0.4242,0.4489457748874743,0.945
convtu_edges,jpeg_compression,5,common,pooled,0.508925,0.49660547226320784,0.91
convtu_edges,speckle_noise,1,extra,pooled,0.49715,0.5257975265464325,0.92
convtu_edges,speckle_noise,2,extra,pooled,0.53255,0.5578203618513091,0.95
convtu_edges,speckle_noise,3,extra,pooled,0.697775,0.6964769169016876,0.82
convtu_edges,speckle_noise,4,extra,pooled,0.79125,0.7821603937916625,0.6
convtu_edges,speckle_noise,5,extra,pooled,0.870725,0.862585549099258,0.42
convtu_edges,gaussian_blur,1,extra,pooled,0.4843,0.49626526761994616,0.915
convtu_edges,gaussian_blur,2,extra,pooled,0.7163,0.6826252714036618,0.7
convtu_edges,gaussian_blur,3,extra,pooled,0.87805,0.8493741243283587,0.43
convtu_edges,gaussian_blur,4,extra,pooled,0.9458,0.9318628484342311,0.165
convtu_edges,gaussian_blur,5,extra,pooled,0.985625,0.9827458079514012,0.065
convtu_edges,spatter,1,extra,pooled,0.461275,0.47469343600048697,0.915
convtu_edges,spatter,2,extra,pooled,0.368825,0.4138044441592369,0.95
convtu_edges,spatter,3,extra,pooled,0.408075,0.4337748320967556,0.96
convtu_edges,spatter,4,extra,pooled,0.486675,0.4970959806040752,0.92
convtu_edges,spatter,5,extra,pooled,0.54655,0.543422839108758,0.88
convtu_edges,saturate,1,extra,pooled,0.4835875,0.4873427385738118,0.95
convtu_edges,saturate,2,extra,pooled,0.5022875,0.4982099959262971,0.91
convtu_edges,saturate,3,extra,pooled,0.5084125,0.5142779828684607,0.91
convtu_edges,saturate,4,extra,pooled,0.470225,0.48825085657396505,0.945
convtu_edges,saturate,5,extra,pooled,0.539125,0.5293606676951227,0.91
convtu_acts,gaussian_noise,1,common,pooled,0.555975,0.5637550176976169,0.905
convtu_acts,gaussian_noise,2,common,pooled,0.682075,0.6780605057303937,0.765
convtu_acts,gaussian_noise,3,common,pooled,0.8551,0.8420534291166852,0.49
convtu_acts,gaussian_noise,4,common,pooled,0.979975,0.9743152473130128,0.065
convtu_acts,gaussian_noise,5,common,pooled,0.997675,0.9972740436276037,0.01
convtu_acts,shot_noise,1,common,pooled,0.5396,0.5571536924905678,0.91
convtu_acts,shot_noise,2,common,pooled,0.65125,0.6611091206180002,0.83
convtu_acts,shot_noise,3,common,pooled,0.81315,0.8071724828809453,0.62
convtu_acts,shot_noise,4,common,pooled,0.976925,0.971363062143333,0.065
convtu_acts,shot_noise,5,common,pooled,0.992475,0.9901509057195061,0.02
convtu_acts,impulse_noise,1,common,pooled,0.454175,0.46303743061879415,0.91
convtu_acts,impulse_noise,2,common,pooled,0.6575,0.6369095864923207,0.795
convtu_acts,impulse_noise,3,common,pooled,0.819275,0.7941142646031798,0.565
convtu_acts,impulse_noise,4,common,pooled,0.98465,0.976628705231272,0.045
convtu_acts,impulse_noise,5,common,pooled,0.997375,0.9967386348257953,0.01
convtu_acts,defocus_blur,1,common,pooled,0.58355,0.5864894772905797,0.86
convtu_acts,defocus_blur,2,common,pooled,0.6779,0.6740257992339515,0.805
convtu_acts,defocus_blur,3,common,pooled,0.82205,0.8113368056435593,0.62
convtu_acts,defocus_blur,4,common,pooled,0.9086,0.8997803173637301,0.355
convtu_acts,defocus_blur,5,common,pooled,0.955475,0.9489935600708479,0.235
convtu_acts,glass_blur,1,common,pooled,0.5796,0.5873471726984119,0.885
convtu_acts,glass_blur,2,common,pooled,0.7097,0.7052390429053246,0.805
convtu_acts,glass_blur,3,common,pooled,0.905175,0.8867697230708877,0.355
convtu_acts,glass_blur,4,common,pooled,0.938975,0.9243369436560843,0.315
convtu_acts,glass_blur,5,common,pooled,0.971275,0.957521217289083,0.1
convtu_acts,motion_blur,1,common,pooled,0.46105,0.4971547083153321,0.935
convtu_acts,motion_blur,2,common,pooled,0.51415,0.5496746372323915,0.89
convtu_acts,motion_blur,3,common,pooled,0.60435,0.6296391626482364,0.885
convtu_acts,motion_blur,4,common,pooled,0.75095,0.7525538310420031,0.68
convtu_acts,motion_blur,5,common,pooled,0.819225,0.8156162527304939,0.615
convtu_acts,zoom_blur,1,common,pooled,0.6431,0.652939489668271,0.895
convtu_acts,zoom_blur,2,common,pooled,0.717775,0.718021378110983,0.815
convtu_acts,zoom_blur,3,common,pooled,0.7054,0.7111280160545584,0.82
convtu_acts,zoom_blur,4,common,pooled,0.7586,0.754159386104666,0.71
convtu_acts,zoom_blur,5,common,pooled,0.749025,0.7487224648266145,0.735
convtu_acts,snow,1,common,pooled,0.459875,0.4839567034612721,0.94
convtu_acts,snow,2,common,pooled,0.62145,0.6060415944455634,0.86
convtu_acts,snow,3,common,pooled,0.63925,0.6145438777001834,0.825
convtu_acts,snow,4,common,pooled,0.72575,0.6998721482309334,0.755
convtu_acts,snow,5,common,pooled,0.700325,0.6874517687188613,0.82
convtu_acts,frost,1,common,pooled,0.4416,0.47753291772704,0.97
convtu_acts,frost,2,common,pooled,0.471325,0.505496416605164,0.94
convtu_acts,frost,3,common,pooled,0.54865,0.553899352224628,0.935
convtu_acts,frost,4,common,pooled,0.549725,0.5541828451723949,0.91
convtu_acts,frost,5,common,pooled,0.598225,0.5976456567837674,0.895
convtu_acts,fog,1,common,pooled,0.52115,0.5414219124862354,0.905
convtu_acts,fog,2,common,pooled,0.562875,0.5745505529644814,0.905
convtu_acts,fog,3,common,pooled,0.603625,0.6156678591942756,0.895
convtu_acts,fog,4,common,pooled,0.60885,0.6240896149998465,0.865
convtu_acts,fog,5,common,pooled,0.647675,0.6688748723566329,0.86
convtu_acts,brightness,1,common,pooled,0.473325,0.4857002116340498,0.97
convtu_acts,brightness,2,common,pooled,0.455775,0.47491993383203657,0.97
convtu_acts,brightness,3,common,pooled,0.4383,0.4663317246986882,0.98
convtu_acts,brightness,4,common,pooled,0.4351,0.47424797720474327,0.965
convtu_acts,brightness,5,common,pooled,0.433,0.48258550536910827,0.97
convtu_acts,contrast,1,common,pooled,0.52985,0.5542302774509105,0.915
convtu_acts,contrast,2,common,pooled,0.58625,0.608319662255987,0.89
convtu_acts,contrast,3,common,pooled,0.69495,0.7087125801374518,0.795
convtu_acts,contrast,4,common,pooled,0.924425,0.9170706123951309,0.395
convtu_acts,contrast,5,common,pooled,0.9931,0.990130317693032,0.02
convtu_acts,elastic_transform,1,common,pooled,0.405725,0.451727713817121,0.965
convtu_acts,elastic_transform,2,common,pooled,0.39135,0.44518632172913986,0.96
convtu_acts,elastic_transform,3,common,pooled,0.3942,0.44442603004459036,0.965
convtu_acts,elastic_transform,4,common,pooled,0.404525,0.4528506849165971,0.94
convtu_acts,elastic_transform,5,common,pooled,0.42335,0.4628016881266454,0.935
convtu_acts,pixelate,1,common,pooled,0.504,0.5153798532181053,0.935
convtu_acts,pixelate,2,common,pooled,0.546325,0.5476533132137218,0.905
convtu_acts,pixelate,3,common,pooled,0.759675,0.7286864891113061,0.665
convtu_acts,pixelate,4,common,pooled,0.91045,0.8807500043661094,0.34
convtu_acts,pixelate,5,common,pooled,0.964625,0.9394647925739888,0.115
convtu_acts,jpeg_compression,1,common,pooled,0.42465,0.4693725369852016,0.935
convtu_acts,jpeg_compression,2,common,pooled,0.501125,0.5143050182798913,0.925
convtu_acts,jpeg_compression,3,common,pooled,0.5849,0.5763386856638054,0.875
convtu_acts,jpeg_compression,4,common,pooled,0.791725,0.7601550300130637,0.68
convtu_acts,jpeg_compression,5,common,pooled,0.9002,0.877652740054326,0.47
convtu_acts,speckle_noise,1,extra,pooled,0.48915,0.5204036084552256,0.93
convtu_acts,speckle_noise,2,extra,pooled,0.5348,0.5596520752726061,0.905
convtu_acts,speckle_noise,3,extra,pooled,0.6758,0.6865951033513691,0.83
convtu_acts,speckle_noise,4,extra,pooled,0.80485,0.8047889653278086,0.635
convtu_acts,speckle_noise,5,extra,pooled,0.90335,0.9026431521413302,0.41
convtu_acts,gaussian_blur,1,extra,pooled,0.495725,0.5066061090007178,0.905
convtu_acts,gaussian_blur,2,extra,pooled,0.6665,0.6587649085400376,0.795
convtu_acts,gaussian_blur,3,extra,pooled,0.83065,0.8148465827193755,0.55
convtu_acts,gaussian_blur,4,extra,pooled,0.920925,0.9124696164546373,0.355
convtu_acts,gaussian_blur,5,extra,pooled,0.9847,0.9789806014567037,0.065
convtu_acts,spatter,1,extra,pooled,0.43225,0.4488038953812172,0.97
convtu_acts,spatter,2,extra,pooled,0.327,0.3903752948825149,0.97
convtu_acts,spatter,3,extra,pooled,0.4253,0.44650239937681563,0.905
convtu_acts,spatter,4,extra,pooled,0.565325,0.57429260202566,0.88
convtu_acts,spatter,5,extra,pooled,0.72095,0.699837788047062,0.69
convtu_acts,saturate,1,extra,pooled,0.4598625,0.4867164465395699,0.965
convtu_acts,saturate,2,extra,pooled,0.4461875,0.4839589958925953,0.96
convtu_acts,saturate,3,extra,pooled,0.5010875,0.5092588612826738,0.965
convtu_acts,saturate,4,extra,pooled,0.433725,0.4593000910538435,0.965
convtu_acts,saturate,5,extra,pooled,0.447975,0.47427999676835464,0.935
convtu_means,gaussian_noise,1,common,pooled,0.9309,0.8666587778285321,0.12
convtu_means,gaussian_noise,2,common,pooled,0.981175,0.9639392845053115,0.045
convtu_means,gaussian_noise,3,common,pooled,0.998675,0.9985691560700632,0.005
convtu_means,gaussian_noise,4,common,pooled,1.0,1.0,0.0
convtu_means,gaussian_noise,5,common,pooled,1.0,1.0,0.0
convtu_means,shot_noise,1,common,pooled,0.924375,0.8745458610190315,0.16
convtu_means,shot_noise,2,common,pooled,0.97735,0.9661908884322916,0.065
convtu_means,shot_noise,3,common,pooled,0.9963,0.9959326855135663,0.015
convtu_means,shot_noise,4,common,pooled,0.999925,0.9999254950495049,0.0
convtu_means,shot_noise,5,common,pooled,1.0,1.0,0.0
convtu_means,impulse_noise,1,common,pooled,0.99295,0.9928079404113245,0.035
convtu_means,impulse_noise,2,common,pooled,0.996325,0.9960259155435721,0.02
convtu_means,impulse_noise,3,common,pooled,0.998625,0.9985552932296536,0.01
convtu_means,impulse_noise,4,common,pooled,1.0,1.0,0.0
convtu_means,impulse_noise,5,common,pooled,1.0,1.0,0.0
convtu_means,defocus_blur,1,common,pooled,0.7274,0.6642329903273334,0.67
convtu_means,defocus_blur,2,common,pooled,0.791975,0.7176628471806471,0.53
convtu_means,defocus_blur,3,common,pooled,0.833525,0.7497197953154122,0.455
convtu_means,defocus_blur,4,common,pooled,0.853825,0.7643678484556385,0.415
convtu_means,defocus_blur,5,common,pooled,0.861075,0.766308423137772,0.37
convtu_means,glass_blur,1,common,pooled,0.604825,0.5563805969401041,0.77
convtu_means,glass_blur,2,common,pooled,0.686825,0.6141076600398749,0.655
convtu_means,glass_blur,3,common,pooled,0.78535,0.6857371694208174,0.505
convtu_means,glass_blur,4,common,pooled,0.7854,0.6799372686552145,0.485
convtu_means,glass_blur,5,common,pooled,0.825925,0.717065297117585,0.405
convtu_means,motion_blur,1,common,pooled,0.8026,0.771443898574737,0.64
convtu_means,motion_blur,2,common,pooled,0.8582,0.835865380704767,0.53
convtu_means,motion_blur,3,common,pooled,0.905725,0.8876850521783695,0.275
convtu_means,motion_blur,4,common,pooled,0.92595,0.9172292646707629,0.275
convtu_means,motion_blur,5,common,pooled,0.9339,0.9272259032470347,0.27
convtu_means,zoom_blur,1,common,pooled,0.631,0.5597755729238914,0.705
convtu_means,zoom_blur,2,common,pooled,0.6573,0.5760491179877578,0.67
convtu_means,zoom_blur,3,common,pooled,0.6108,0.5404998909631595,0.705
convtu_means,zoom_blur,4,common,pooled,0.626525,0.5497196729089726,0.67
convtu_means,zoom_blur,5,common,pooled,0.599,0.5317914405652682,0.695
convtu_means,snow,1,common,pooled,0.95935,0.9567787147416489,0.12
convtu_means,snow,2,common,pooled,0.978625,0.9799716551976471,0.075
convtu_means,snow,3,common,pooled,0.978175,0.9799300604930459,0.09
convtu_means,snow,4,common,pooled,0.978575,0.9812000535879553,0.095
convtu_means,snow,5,common,pooled,0.970025,0.9744671604846304,0.1
convtu_means,frost,1,common,pooled,0.682475,0.6007740354213844,0.67
convtu_means,frost,2,common,pooled,0.77485,0.6743014310709956,0.54
convtu_means,frost,3,common,pooled,0.81105,0.7041008660005614,0.43
convtu_means,frost,4,common,pooled,0.827525,0.7165015116784973,0.44
convtu_means,frost,5,common,pooled,0.8481,0.7368186863873808,0.33
convtu_means,fog,1,common,pooled,0.42735,0.4389642979073133,0.925
convtu_means,fog,2,common,pooled,0.440925,0.4447527401417448,0.925
convtu_means,fog,3,common,pooled,0.449,0.44446937321864743,0.895
convtu_means,fog,4,common,pooled,0.456825,0.44968273385576424,0.885
convtu_means,fog,5,common,pooled,0.499925,0.46376550786451326,0.775
convtu_means,brightness,1,common,pooled,0.54895,0.5360131081036537,0.94
convtu_means,brightness,2,common,pooled,0.640925,0.6024096249879769,0.82
convtu_means,brightness,3,common,pooled,0.73655,0.6780446695125535,0.705
convtu_means,brightness,4,common,pooled,0.816025,0.7513643568521753,0.63
convtu_means,brightness,5,common,pooled,0.86855,0.8106478961832182,0.48
convtu_means,contrast,1,common,pooled,0.48475,0.4730777144374516,0.915
convtu_means,contrast,2,common,pooled,0.5158,0.4882127353952561,0.87
convtu_means,contrast,3,common,pooled,0.5526,0.5070606405306813,0.79
convtu_means,contrast,4,common,pooled,0.582425,0.5217781521555716,0.795
convtu_means,contrast,5,common,pooled,0.5973,0.5234736416306517,0.695
convtu_means,elastic_transform,1,common,pooled,0.558225,0.5379391488439784,0.885
convtu_means,elastic_transform,2,common,pooled,0.61465,0.582593795741441,0.835
convtu_means,elastic_transform,3,common,pooled,0.70595,0.6601424518125403,0.74
convtu_means,elastic_transform,4,common,pooled,0.769775,0.7301935263261288,0.655
convtu_means,elastic_transform,5,common,pooled,0.8415,0.8068981186446897,0.485
convtu_means,pixelate,1,common,pooled,0.697725,0.6607532195848884,0.81
convtu_means,pixelate,2,common,pooled,0.759125,0.7325337515351238,0.75
convtu_means,pixelate,3,common,pooled,0.895425,0.8942058080359377,0.49
convtu_means,pixelate,4,common,pooled,0.9574,0.9584745035411595,0.21
convtu_means,pixelate,5,common,pooled,0.978125,0.9794255325003884,0.11
convtu_means,jpeg_compression,1,common,pooled,0.810075,0.7107645480909619,0.445
convtu_means,jpeg_compression,2,common,pooled,0.89235,0.8110426630676042,0.23
convtu_means,jpeg_compression,3,common,pooled,0.92145,0.8629259873757652,0.16
convtu_means,jpeg_compression,4,common,pooled,0.963525,0.9477019353860162,0.1
convtu_means,jpeg_compression,5,common,pooled,0.9807,0.9772987703924523,0.08
convtu_means,speckle_noise,1,extra,pooled,0.863875,0.808577621031908,0.39
convtu_means,speckle_noise,2,extra,pooled,0.920975,0.8860431151983363,0.23
convtu_means,speckle_noise,3,extra,pooled,0.981625,0.9786412830423945,0.09
convtu_means,speckle_noise,4,extra,pooled,0.992175,0.991737303690833,0.045
convtu_means,speckle_noise,5,extra,pooled,0.997425,0.9974517517899645,0.02
convtu_means,gaussian_blur,1,extra,pooled,0.6241,0.5836814026553023,0.85
convtu_means,gaussian_blur,2,extra,pooled,0.80215,0.7335026843217671,0.53
convtu_means,gaussian_blur,3,extra,pooled,0.86155,0.7887070316975332,0.405
convtu_means,gaussian_blur,4,extra,pooled,0.8804,0.802155982176201,0.335
convtu_means,gaussian_blur,5,extra,pooled,0.8956,0.8142311990426652,0.25
convtu_means,spatter,1,extra,pooled,0.57075,0.546514201873772,0.875
convtu_means,spatter,2,extra,pooled,0.90205,0.8782424710211109,0.405
convtu_means,spatter,3,extra,pooled,0.9547,0.9471128488886084,0.195
convtu_means,spatter,4,extra,pooled,0.99135,0.9907048245124345,0.04
convtu_means,spatter,5,extra,pooled,0.997125,0.9969736456949274,0.015
convtu_means,saturate,1,extra,pooled,0.5526125,0.5234664369234836,0.875
convtu_means,saturate,2,extra,pooled,0.6265625,0.5759752247038452,0.755
convtu_means,saturate,3,extra,pooled,0.6856875,0.6424769652905084,0.775
convtu_means,saturate,4,extra,pooled,0.89505,0.8507030073699003,0.315
convtu_means,saturate,5,extra,pooled,0.94255,0.9276071852243138,0.16
ch_means_knn,gaussian_noise,1,common,pooled,0.9309,0.8666587778285321,0.12
ch_means_knn,gaussian_noise,2,common,pooled,0.981175,0.9639392845053115,0.045
ch_means_knn,gaussian_noise,3,common,pooled,0.998675,0.9985691560700632,0.005
ch_means_knn,gaussian_noise,4,common,pooled,1.0,1.0,0.0
ch_means_knn,gaussian_noise,5,common,pooled,1.0,1.0,0.0
ch_means_knn,shot_noise,1,common,pooled,0.924375,0.8745458610190315,0.16
ch_means_knn,shot_noise,2,common,pooled,0.97735,0.9661908884322916,0.065
ch_means_knn,shot_noise,3,common,pooled,0.9963,0.9959326855135663,0.015
ch_means_knn,shot_noise,4,common,pooled,0.999925,0.9999254950495049,0.0
ch_means_knn,shot_noise,5,common,pooled,1.0,1.0,0.0
ch_means_knn,impulse_noise,1,common,pooled,0.99295,0.9928079404113245,0.035
ch_means_knn,impulse_noise,2,common,pooled,0.996325,0.9960259155435721,0.02
ch_means_knn,impulse_noise,3,common,pooled,0.998625,0.9985552932296536,0.01
ch_means_knn,impulse_noise,4,common,pooled,1.0,1.0,0.0
ch_means_knn,impulse_noise,5,common,pooled,1.0,1.0,0.0
ch_means_knn,defocus_blur,1,common,pooled,0.7274,0.6642329903273334,0.67
ch_means_knn,defocus_blur,2,common,pooled,0.791975,0.7176628471806471,0.53
ch_means_knn,defocus_blur,3,common,pooled,0.833525,0.7497197953154122,0.455
ch_means_knn,defocus_blur,4,common,pooled,0.853825,0.7643678484556385,0.415
ch_means_knn,defocus_blur,5,common,pooled,0.861075,0.766308423137772,0.37
ch_means_knn,glass_blur,1,common,pooled,0.604825,0.5563805969401041,0.77
ch_means_knn,glass_blur,2,common,pooled,0.686825,0.6141076600398749,0.655
ch_means_knn,glass_blur,3,common,pooled,0.78535,0.6857371694208174,0.505
ch_means_knn,glass_blur,4,common,pooled,0.7854,0.6799372686552145,0.485
ch_means_knn,glass_blur,5,common,pooled,0.825925,0.717065297117585,0.405
ch_means_knn,motion_blur,1,common,pooled,0.8026,0.771443898574737,0.64
ch_means_knn,motion_blur,2,common,pooled,0.8582,0.835865380704767,0.53
ch_means_knn,motion_blur,3,common,pooled,0.905725,0.8876850521783695,0.275
ch_means_knn,motion_blur,4,common,pooled,0.92595,0.9172292646707629,0.275
ch_means_knn,motion_blur,5,common,pooled,0.9339,0.9272259032470347,0.27
ch_means_knn,zoom_blur,1,common,pooled,0.631,0.5597755729238914,0.705
ch_means_knn,zoom_blur,2,common,pooled,0.6573,0.5760491179877578,0.67
ch_means_knn,zoom_blur,3,common,pooled,0.6108,0.5404998909631595,0.705
ch_means_knn,zoom_blur,4,common,pooled,0.626525,0.5497196729089726,0.67
ch_means_knn,zoom_blur,5,common,pooled,0.599,0.5317914405652682,0.695
ch_means_knn,snow,1,common,pooled,0.95935,0.9567787147416489,0.12
ch_means_knn,snow,2,common,pooled,0.978625,0.9799716551976471,0.075
ch_means_knn,snow,3,common,pooled,0.978175,0.9799300604930459,0.09
ch_means_knn,snow,4,common,pooled,0.978575,0.9812000535879553,0.095
ch_means_knn,snow,5,common,pooled,0.970025,0.9744671604846304,0.1
ch_means_knn,frost,1,common,pooled,0.682475,0.6007740354213844,0.67
ch_means_knn,frost,2,common,pooled,0.77485,0.6743014310709956,0.54
ch_means_knn,frost,3,common,pooled,0.81105,0.7041008660005614,0.43
ch_means_knn,frost,4,common,pooled,0.827525,0.7165015116784973,0.44
ch_means_knn,frost,5,common,pooled,0.8481,0.7368186863873808,0.33
ch_means_knn,fog,1,common,pooled,0.42735,0.4389642979073133,0.925
ch_means_knn,fog,2,common,pooled,0.440925,0.4447527401417448,0.925
ch_means_knn,fog,3,common,pooled,0.449,0.44446937321864743,0.895
ch_means_knn,fog,4,common,pooled,0.456825,0.44968273385576424,0.885
ch_means_knn,fog,5,common,pooled,0.499925,0.46376550786451326,0.775
ch_means_knn,brightness,1,common,pooled,0.54895,0.5360131081036537,0.94
ch_means_knn,brightness,2,common,pooled,0.640925,0.6024096249879769,0.82
ch_means_knn,brightness,3,common,pooled,0.73655,0.6780446695125535,0.705
ch_means_knn,brightness,4,common,pooled,0.816025,0.7513643568521753,0.63
ch_means_knn,brightness,5,common,pooled,0.86855,0.8106478961832182,0.48
ch_means_knn,contrast,1,common,pooled,0.48475,0.4730777144374516,0.915
ch_means_knn,contrast,2,common,pooled,0.5158,0.4882127353952561,0.87
ch_means_knn,contrast,3,common,pooled,0.5526,0.5070606405306813,0.79
ch_means_knn,contrast,4,common,pooled,0.582425,0.5217781521555716,0.795
ch_means_knn,contrast,5,common,pooled,0.5973,0.5234736416306517,0.695
ch_means_knn,elastic_transform,1,common,pooled,0.558225,0.5379391488439784,0.885
ch_means_knn,elastic_transform,2,common,pooled,0.61465,0.582593795741441,0.835
ch_means_knn,elastic_transform,3,common,pooled,0.70595,0.6601424518125403,0.74
ch_means_knn,elastic_transform,4,common,pooled,0.769775,0.7301935263261288,0.655
ch_means_knn,elastic_transform,5,common,pooled,0.8415,0.8068981186446897,0.485
ch_means_knn,pixelate,1,common,pooled,0.697725,0.6607532195848884,0.81
ch_means_knn,pixelate,2,common,pooled,0.759125,0.7325337515351238,0.75
ch_means_knn,pixelate,3,common,pooled,0.895425,0.8942058080359377,0.49
ch_means_knn,pixelate,4,common,pooled,0.9574,0.9584745035411595,0.21
ch_means_knn,pixelate,5,common,pooled,0.978125,0.9794255325003884,0.11
ch_means_knn,jpeg_compression,1,common,pooled,0.810075,0.7107645480909619,0.445
ch_means_knn,jpeg_compression,2,common,pooled,0.89235,0.8110426630676042,0.23
ch_means_knn,jpeg_compression,3,common,pooled,0.92145,0.8629259873757652,0.16
ch_means_knn,jpeg_compression,4,common,pooled,0.963525,0.9477019353860162,0.1
ch_means_knn,jpeg_compression,5,common,pooled,0.9807,0.9772987703924523,0.08
ch_means_knn,speckle_noise,1,extra,pooled,0.863875,0.808577621031908,0.39
ch_means_knn,speckle_noise,2,extra,pooled,0.920975,0.8860431151983363,0.23
ch_means_knn,speckle_noise,3,extra,pooled,0.981625,0.9786412830423945,0.09
ch_means_knn,speckle_noise,4,extra,pooled,0.992175,0.991737303690833,0.045
ch_means_knn,speckle_noise,5,extra,pooled,0.997425,0.9974517517899645,0.02
ch_means_knn,gaussian_blur,1,extra,pooled,0.6241,0.5836814026553023,0.85
ch_means_knn,gaussian_blur,2,extra,pooled,0.80215,0.7335026843217671,0.53
ch_means_knn,gaussian_blur,3,extra,pooled,0.86155,0.7887070316975332,0.405
ch_means_knn,gaussian_blur,4,extra,pooled,0.8804,0.802155982176201,0.335
ch_means_knn,gaussian_blur,5,extra,pooled,0.8956,0.8142311990426652,0.25
ch_means_knn,spatter,1,extra,pooled,0.57075,0.546514201873772,0.875
ch_means_knn,spatter,2,extra,pooled,0.90205,0.8782424710211109,0.405
ch_means_knn,spatter,3,extra,pooled,0.9547,0.9471128488886084,0.195
ch_means_knn,spatter,4,extra,pooled,0.99135,0.9907048245124345,0.04
ch_means_knn,spatter,5,extra,pooled,0.997125,0.9969736456949274,0.015
ch_means_knn,saturate,1,extra,pooled,0.5526125,0.5234664369234836,0.875
ch_means_knn,saturate,2,extra,pooled,0.6265625,0.5759752247038452,0.755
ch_means_knn,saturate,3,extra,pooled,0.6856875,0.6424769652905084,0.775
ch_means_knn,saturate,4,extra,pooled,0.89505,0.8507030073699003,0.315
ch_means_knn,saturate,5,extra,pooled,0.94255,0.9276071852243138,0.16
ch_means_own,gaussian_noise,1,common,pooled,0.90535,0.8703182072451043,0.29
ch_means_own,gaussian_noise,2,common,pooled,0.9779,0.9655699141778207,0.065
ch_means_own,gaussian_noise,3,common,pooled,0.99645,0.9956693859721607,0.015
ch_means_own,gaussian_noise,4,common,pooled,1.0,1.0,0.0
ch_means_own,gaussian_noise,5,common,pooled,1.0,1.0,0.0
ch_means_own,shot_noise,1,common,pooled,0.88065,0.8544343746280002,0.365
ch_means_own,shot_noise,2,common,pooled,0.97085,0.9619221260609312,0.08
ch_means_own,shot_noise,3,common,pooled,0.994,0.9927545083232213,0.015
ch_means_own,shot_noise,4,common,pooled,0.9998,0.9998011046053507,0.0
ch_means_own,shot_noise,5,common,pooled,1.0,1.0,0.0
ch_means_own,impulse_noise,1,common,pooled,0.987025,0.983246721460995,0.05
ch_means_own,impulse_noise,2,common,pooled,0.993375,0.9913935752898477,0.015
ch_means_own,impulse_noise,3,common,pooled,0.997025,0.9965022019935447,0.015
ch_means_own,impulse_noise,4,common,pooled,1.0,1.0,0.0
ch_means_own,impulse_noise,5,common,pooled,1.0,1.0,0.0
ch_means_own,defocus_blur,1,common,pooled,0.763125,0.702339075580453,0.575
ch_means_own,defocus_blur,2,common,pooled,0.841425,0.7770370253483598,0.365
ch_means_own,defocus_blur,3,common,pooled,0.90715,0.849584795190409,0.25
ch_means_own,defocus_blur,4,common,pooled,0.942225,0.8917811662467303,0.15
ch_means_own,defocus_blur,5,common,pooled,0.9581,0.9168986108144677,0.09
ch_means_own,glass_blur,1,common,pooled,0.643775,0.601324503959155,0.765
ch_means_own,glass_blur,2,common,pooled,0.77825,0.7101594678060504,0.535
ch_means_own,glass_blur,3,common,pooled,0.90105,0.834742135012978,0.26
ch_means_own,glass_blur,4,common,pooled,0.92265,0.8604532483370996,0.19
ch_means_own,glass_blur,5,common,pooled,0.9522,0.9016339193509233,0.095
ch_means_own,motion_blur,1,common,pooled,0.740775,0.7056802990928621,0.73
ch_means_own,motion_blur,2,common,pooled,0.84185,0.8081827435685827,0.49
ch_means_own,motion_blur,3,common,pooled,0.915,0.8911035362233373,0.28
ch_means_own,motion_blur,4,common,pooled,0.95045,0.9351181956937269,0.185
ch_means_own,motion_blur,5,common,pooled,0.966975,0.9542119254448114,0.12
ch_means_own,zoom_blur,1,common,pooled,0.6941,0.6276415215470321,0.62
ch_means_own,zoom_blur,2,common,pooled,0.752975,0.6788095223622671,0.55
ch_means_own,zoom_blur,3,common,pooled,0.690575,0.6256360236121505,0.675
ch_means_own,zoom_blur,4,common,pooled,0.728875,0.6559366888873245,0.565
ch_means_own,zoom_blur,5,common,pooled,0.689575,0.625587176706955,0.65
ch_means_own,snow,1,common,pooled,0.91985,0.9058272251376523,0.325
ch_means_own,snow,2,common,pooled,0.962375,0.9557004336329077,0.18
ch_means_own,snow,3,common,pooled,0.95905,0.951131569663575,0.185
ch_means_own,snow,4,common,pooled,0.972375,0.9669459550248476,0.105
ch_means_own,snow,5,common,pooled,0.96605,0.9589562671482217,0.125
ch_means_own,frost,1,common,pooled,0.523575,0.5211096581479308,0.915
ch_means_own,frost,2,common,pooled,0.628025,0.5914601614154251,0.835
ch_means_own,frost,3,common,pooled,0.691975,0.6397859651598342,0.74
ch_means_own,frost,4,common,pooled,0.714825,0.65756865267412,0.73
ch_means_own,frost,5,common,pooled,0.7438,0.6812162276303032,0.62
ch_means_own,fog,1,common,pooled,0.446525,0.45299620416836855,0.945
ch_means_own,fog,2,common,pooled,0.464,0.462489910736345,0.93
ch_means_own,fog,3,common,pooled,0.480375,0.4717658087772515,0.91
ch_means_own,fog,4,common,pooled,0.4805,0.47082035123566823,0.915
ch_means_own,fog,5,common,pooled,0.504575,0.48805992787561314,0.91
ch_means_own,brightness,1,common,pooled,0.516725,0.5203957194654236,0.96
ch_means_own,brightness,2,common,pooled,0.55745,0.5496263873277283,0.93
ch_means_own,brightness,3,common,pooled,0.6029,0.5816373184188621,0.91
ch_means_own,brightness,4,common,pooled,0.6604,0.6299917403654709,0.855
ch_means_own,brightness,5,common,pooled,0.719525,0.6779583189790179,0.73
ch_means_own,contrast,1,common,pooled,0.48885,0.4898092579262026,0.93
ch_means_own,contrast,2,common,pooled,0.519925,0.5107014065695132,0.915
ch_means_own,contrast,3,common,pooled,0.58385,0.5574482819705796,0.87
ch_means_own,contrast,4,common,pooled,0.739275,0.6852403135376226,0.6
ch_means_own,contrast,5,common,pooled,0.897825,0.8428950211474058,0.29
ch_means_own,elastic_transform,1,common,pooled,0.5387,0.5339017684294678,0.92
ch_means_own,elastic_transform,2,common,pooled,0.590775,0.5760506334203328,0.91
ch_means_own,elastic_transform,3,common,pooled,0.6759,0.6511707578667926,0.83
ch_means_own,elastic_transform,4,common,pooled,0.739975,0.7112887607079044,0.725
ch_means_own,elastic_transform,5,common,pooled,0.813125,0.783803348669633,0.535
ch_means_own,pixelate,1,common,pooled,0.596575,0.568015459156653,0.9
ch_means_own,pixelate,2,common,pooled,0.663775,0.6292881067179275,0.785
ch_means_own,pixelate,3,common,pooled,0.850975,0.8313057437408825,0.49
ch_means_own,pixelate,4,common,pooled,0.946225,0.9368287520280166,0.215
ch_means_own,pixelate,5,common,pooled,0.97705,0.9729342362247178,0.08
ch_means_own,jpeg_compression,1,common,pooled,0.624775,0.5688245003435297,0.83
ch_means_own,jpeg_compression,2,common,pooled,0.75235,0.6748543565081021,0.615
ch_means_own,jpeg_compression,3,common,pooled,0.825975,0.7556093549484733,0.43
ch_means_own,jpeg_compression,4,common,pooled,0.93535,0.9019678862538414,0.25
ch_means_own,jpeg_compression,5,common,pooled,0.970475,0.9597862491337432,0.105
ch_means_own,speckle_noise,1,extra,pooled,0.7721,0.7569480039946747,0.605
ch_means_own,speckle_noise,2,extra,pooled,0.86105,0.8489044394019496,0.395
ch_means_own,speckle_noise,3,extra,pooled,0.969225,0.9663286849489132,0.095
ch_means_own,speckle_noise,4,extra,pooled,0.9878,0.9868779828615495,0.04
ch_means_own,speckle_noise,5,extra,pooled,0.996075,0.9959598749102141,0.015
ch_means_own,gaussian_blur,1,extra,pooled,0.62285,0.5922102962373526,0.835
ch_means_own,gaussian_blur,2,extra,pooled,0.840025,0.7764531052076138,0.38
ch_means_own,gaussian_blur,3,extra,pooled,0.914575,0.8593592801390041,0.245
ch_means_own,gaussian_blur,4,extra,pooled,0.94655,0.8982247757508995,0.125
ch_means_own,gaussian_blur,5,extra,pooled,0.971925,0.939439948926229,0.075
ch_means_own,spatter,1,extra,pooled,0.517075,0.5156154764008162,0.93
ch_means_own,spatter,2,extra,pooled,0.865725,0.8278932763006259,0.38
ch_means_own,spatter,3,extra,pooled,0.945575,0.9273534970652013,0.25
ch_means_own,spatter,4,extra,pooled,0.988175,0.9874261146689224,0.065
ch_means_own,spatter,5,extra,pooled,0.996675,0.9964437666560064,0.015
ch_means_own,saturate,1,extra,pooled,0.5073875,0.5052130759816065,0.915
ch_means_own,saturate,2,extra,pooled,0.5706375,0.5453643831969669,0.91
ch_means_own,saturate,3,extra,pooled,0.5891625,0.5678364838437483,0.91
ch_means_own,saturate,4,extra,pooled,0.705875,0.667507853103583,0.835
ch_means_own,saturate,5,extra,pooled,0.7816,0.7589457618958884,0.6
ch_top_knn,gaussian_noise,1,common,pooled,0.723975,0.6571929871604528,0.675
ch_top_knn,gaussian_noise,2,common,pooled,0.86285,0.7959275306226454,0.355
ch_top_knn,gaussian_noise,3,common,pooled,0.956825,0.9255729263639784,0.105
ch_top_knn,gaussian_noise,4,common,pooled,0.992825,0.990416579611674,0.025
ch_top_knn,gaussian_noise,5,common,pooled,1.0,1.0,0.0
ch_top_knn,shot_noise,1,common,pooled,0.721025,0.659302178424144,0.675
ch_top_knn,shot_noise,2,common,pooled,0.8685,0.8097733855010965,0.385
ch_top_knn,shot_noise,3,common,pooled,0.954825,0.9268379558476646,0.105
ch_top_knn,shot_noise,4,common,pooled,0.994875,0.9940358589328655,0.015
ch_top_knn,shot_noise,5,common,pooled,0.99965,0.9996486763982178,0.0
ch_top_knn,impulse_noise,1,common,pooled,0.90635,0.8942584324223899,0.375
ch_top_knn,impulse_noise,2,common,pooled,0.933375,0.9178144093096444,0.23
ch_top_knn,impulse_noise,3,common,pooled,0.9624,0.9500629189358433,0.115
ch_top_knn,impulse_noise,4,common,pooled,0.99385,0.9927098139043711,0.025
ch_top_knn,impulse_noise,5,common,pooled,1.0,1.0,0.0
ch_top_knn,defocus_blur,1,common,pooled,0.452975,0.4491635959838229,0.955
ch_top_knn,defocus_blur,2,common,pooled,0.5367,0.4967093757880279,0.895
ch_top_knn,defocus_blur,3,common,pooled,0.698575,0.6201418381740977,0.745
ch_top_knn,defocus_blur,4,common,pooled,0.825275,0.7471036258743892,0.45
ch_top_knn,defocus_blur,5,common,pooled,0.910475,0.8449646794160085,0.23
ch_top_knn,glass_blur,1,common,pooled,0.387875,0.4167974758843108,0.96
ch_top_knn,glass_blur,2,common,pooled,0.380025,0.40947067584504543,0.955
ch_top_knn,glass_blur,3,common,pooled,0.508,0.46559503538337166,0.825
ch_top_knn,glass_blur,4,common,pooled,0.568025,0.49944122580615147,0.73
ch_top_knn,glass_blur,5,common,pooled,0.73885,0.6276504237391369,0.47
ch_top_knn,motion_blur,1,common,pooled,0.5236,0.5122689717483653,0.945
ch_top_knn,motion_blur,2,common,pooled,0.5415,0.5295839663188366,0.91
ch_top_knn,motion_blur,3,common,pooled,0.621725,0.5770889492651377,0.83
ch_top_knn,motion_blur,4,common,pooled,0.724675,0.6646185884055575,0.685
ch_top_knn,motion_blur,5,common,pooled,0.77505,0.7227421641435132,0.685
ch_top_knn,zoom_blur,1,common,pooled,0.2819,0.37007833269460577,0.97
ch_top_knn,zoom_blur,2,common,pooled,0.2948,0.37653009062748377,0.97
ch_top_knn,zoom_blur,3,common,pooled,0.287125,0.3735626062588616,0.98
ch_top_knn,zoom_blur,4,common,pooled,0.3125,0.38424607306495523,0.97
ch_top_knn,zoom_blur,5,common,pooled,0.3091,0.3823536587158124,0.97
ch_top_knn,snow,1,common,pooled,0.573325,0.535934550336347,0.815
ch_top_knn,snow,2,common,pooled,0.681875,0.6083565020826527,0.705
ch_top_knn,snow,3,common,pooled,0.652775,0.5856979600800343,0.73
ch_top_knn,snow,4,common,pooled,0.69865,0.6234437662100248,0.66
ch_top_knn,snow,5,common,pooled,0.751225,0.668617924812994,0.625
ch_top_knn,frost,1,common,pooled,0.395475,0.4246611479597543,0.97
ch_top_knn,frost,2,common,pooled,0.351425,0.3997297938818157,0.97
ch_top_knn,frost,3,common,pooled,0.321725,0.38429894251540664,0.97
ch_top_knn,frost,4,common,pooled,0.331175,0.38781906735035887,0.97
ch_top_knn,frost,5,common,pooled,0.30865,0.37918457845853687,0.97
ch_top_knn,fog,1,common,pooled,0.423775,0.4344769009627673,0.96
ch_top_knn,fog,2,common,pooled,0.436875,0.44240619904453904,0.96
ch_top_knn,fog,3,common,pooled,0.4444,0.4437916231243655,0.955
ch_top_knn,fog,4,common,pooled,0.42575,0.4332848861131446,0.96
ch_top_knn,fog,5,common,pooled,0.413625,0.4276075691954214,0.95
ch_top_knn,brightness,1,common,pooled,0.4975,0.499228812858376,0.955
ch_top_knn,brightness,2,common,pooled,0.5301,0.5213939274285615,0.925
ch_top_knn,brightness,3,common,pooled,0.587025,0.56424612698562,0.89
ch_top_knn,brightness,4,common,pooled,0.66305,0.6276332915766865,0.84
ch_top_knn,brightness,5,common,pooled,0.746375,0.7062142214333564,0.745
ch_top_knn,contrast,1,common,pooled,0.45845,0.45459964519578333,0.925
ch_top_knn,contrast,2,common,pooled,0.50335,0.47870649389547226,0.9
ch_top_knn,contrast,3,common,pooled,0.60265,0.5498527756814775,0.815
ch_top_knn,contrast,4,common,pooled,0.860975,0.8129370085315065,0.385
ch_top_knn,contrast,5,common,pooled,0.9795,0.9714773197676903,0.055
ch_top_knn,elastic_transform,1,common,pooled,0.40275,0.4272116045106516,0.97
ch_top_knn,elastic_transform,2,common,pooled,0.42825,0.44072594390718106,0.96
ch_top_knn,elastic_transform,3,common,pooled,0.489625,0.4756185022869134,0.955
ch_top_knn,elastic_transform,4,common,pooled,0.5465,0.5133100261335302,0.91
ch_top_knn,elastic_transform,5,common,pooled,0.62125,0.5716711029754528,0.825
ch_top_knn,pixelate,1,common,pooled,0.618775,0.5590047952248948,0.77
ch_top_knn,pixelate,2,common,pooled,0.76055,0.6879207614198777,0.675
ch_top_knn,pixelate,3,common,pooled,0.88625,0.8175224207243091,0.315
ch_top_knn,pixelate,4,common,pooled,0.950125,0.9239584843033293,0.175
ch_top_knn,pixelate,5,common,pooled,0.97935,0.9731598795300621,0.075
ch_top_knn,jpeg_compression,1,common,pooled,0.38855,0.41535341001835036,0.945
ch_top_knn,jpeg_compression,2,common,pooled,0.4455,0.4378737290835173,0.88
ch_top_knn,jpeg_compression,3,common,pooled,0.5065,0.4674339583396065,0.775
ch_top_knn,jpeg_compression,4,common,pooled,0.712125,0.6059184129375103,0.585
ch_top_knn,jpeg_compression,5,common,pooled,0.880625,0.7877080689837495,0.26
ch_top_knn,speckle_noise,1,extra,pooled,0.631875,0.5859857106454536,0.81
ch_top_knn,speckle_noise,2,extra,pooled,0.720625,0.6585145073635367,0.685
ch_top_knn,speckle_noise,3,extra,pooled,0.907575,0.8679187389670627,0.28
ch_top_knn,speckle_noise,4,extra,pooled,0.95825,0.9397122565887146,0.11
ch_top_knn,speckle_noise,5,extra,pooled,0.987025,0.983693305629472,0.055
ch_top_knn,gaussian_blur,1,extra,pooled,0.42325,0.43982715180425613,0.965
ch_top_knn,gaussian_blur,2,extra,pooled,0.5033,0.47902411330449113,0.925
ch_top_knn,gaussian_blur,3,extra,pooled,0.691875,0.6159893164780992,0.75
ch_top_knn,gaussian_blur,4,extra,pooled,0.8325,0.7536819737073502,0.495
ch_top_knn,gaussian_blur,5,extra,pooled,0.951775,0.9130122338386639,0.115
ch_top_knn,spatter,1,extra,pooled,0.4921,0.49882233449454916,0.925
ch_top_knn,spatter,2,extra,pooled,0.602525,0.5605697892292277,0.78
ch_top_knn,spatter,3,extra,pooled,0.64075,0.5803015512304739,0.76
ch_top_knn,spatter,4,extra,pooled,0.97415,0.9754955759908421,0.125
ch_top_knn,spatter,5,extra,pooled,0.975275,0.9759560740681703,0.12
ch_top_knn,saturate,1,extra,pooled,0.4959625,0.4932297036310611,0.925
ch_top_knn,saturate,2,extra,pooled,0.5505875,0.5261598184178651,0.86
ch_top_knn,saturate,3,extra,pooled,0.5914375,0.5792719537455128,0.91
ch_top_knn,saturate,4,extra,pooled,0.73755,0.7152462875381662,0.77
ch_top_knn,saturate,5,extra,pooled,0.88335,0.8795566726921479,0.48
ch_top_own,gaussian_noise,1,common,pooled,0.668925,0.6625112582318445,0.83
ch_top_own,gaussian_noise,2,common,pooled,0.81355,0.789408751986121,0.565
ch_top_own,gaussian_noise,3,common,pooled,0.9358,0.914960392803773,0.235
ch_top_own,gaussian_noise,4,common,pooled,0.985975,0.9793364094981873,0.05
ch_top_own,gaussian_noise,5,common,pooled,0.997775,0.9972126357927231,0.005
ch_top_own,shot_noise,1,common,pooled,0.646475,0.6422082141365164,0.84
ch_top_own,shot_noise,2,common,pooled,0.791725,0.7710199766401705,0.565
ch_top_own,shot_noise,3,common,pooled,0.90895,0.8880679821645003,0.31
ch_top_own,shot_noise,4,common,pooled,0.980975,0.9742287074760351,0.085
ch_top_own,shot_noise,5,common,pooled,0.994025,0.9919502283259473,0.02
ch_top_own,impulse_noise,1,common,pooled,0.751575,0.7065585107542627,0.645
ch_top_own,impulse_noise,2,common,pooled,0.85655,0.825722904495204,0.475
ch_top_own,impulse_noise,3,common,pooled,0.92775,0.9031703449384936,0.235
ch_top_own,impulse_noise,4,common,pooled,0.988275,0.9810303793528243,0.035
ch_top_own,impulse_noise,5,common,pooled,0.9977,0.9970308246432469,0.005
ch_top_own,defocus_blur,1,common,pooled,0.804,0.7412889663132362,0.485
ch_top_own,defocus_blur,2,common,pooled,0.89145,0.8335867631982932,0.265
ch_top_own,defocus_blur,3,common,pooled,0.956575,0.9246773463255988,0.115
ch_top_own,defocus_blur,4,common,pooled,0.980475,0.9614692038851909,0.05
ch_top_own,defocus_blur,5,common,pooled,0.98895,0.9737412013437393,0.025
ch_top_own,glass_blur,1,common,pooled,0.71385,0.6766776123010898,0.695
ch_top_own,glass_blur,2,common,pooled,0.8525,0.7978291865553494,0.405
ch_top_own,glass_blur,3,common,pooled,0.952575,0.9156163820866692,0.12
ch_top_own,glass_blur,4,common,pooled,0.9715,0.9442948269980941,0.07
ch_top_own,glass_blur,5,common,pooled,0.985975,0.9695007612855642,0.035
ch_top_own,motion_blur,1,common,pooled,0.609325,0.5954001947228382,0.86
ch_top_own,motion_blur,2,common,pooled,0.753075,0.7135712419949646,0.595
ch_top_own,motion_blur,3,common,pooled,0.877425,0.8356502917617504,0.345
ch_top_own,motion_blur,4,common,pooled,0.945325,0.9155986791116139,0.145
ch_top_own,motion_blur,5,common,pooled,0.9655,0.9434873883962696,0.115
ch_top_own,zoom_blur,1,common,pooled,0.82375,0.7837053262475498,0.49
ch_top_own,zoom_blur,2,common,pooled,0.892025,0.8521209248714197,0.31
ch_top_own,zoom_blur,3,common,pooled,0.893275,0.8581092298354971,0.33
ch_top_own,zoom_blur,4,common,pooled,0.9237,0.8920127089049432,0.235
ch_top_own,zoom_blur,5,common,pooled,0.9249,0.8943032309529547,0.235
ch_top_own,snow,1,common,pooled,0.52395,0.5228532386435205,0.91
ch_top_own,snow,2,common,pooled,0.68615,0.6738846266366059,0.84
ch_top_own,snow,3,common,pooled,0.6047,0.5904041399519886,0.865
ch_top_own,snow,4,common,pooled,0.6896,0.6531963160754539,0.78
ch_top_own,snow,5,common,pooled,0.754125,0.7409539461657441,0.78
ch_top_own,frost,1,common,pooled,0.44515,0.4928666420556294,0.975
ch_top_own,frost,2,common,pooled,0.5593,0.5811697846840318,0.945
ch_top_own,frost,3,common,pooled,0.647675,0.6463309469388374,0.88
ch_top_own,frost,4,common,pooled,0.6763,0.6745584042652641,0.865
ch_top_own,frost,5,common,pooled,0.72325,0.7130089333238574,0.835
ch_top_own,fog,1,common,pooled,0.69545,0.684876970514439,0.76
ch_top_own,fog,2,common,pooled,0.762625,0.7400758564843768,0.64
ch_top_own,fog,3,common,pooled,0.81195,0.7853442935911478,0.515
ch_top_own,fog,4,common,pooled,0.807625,0.7811887816784521,0.52
ch_top_own,fog,5,common,pooled,0.8418,0.8141063489981089,0.475
ch_top_own,brightness,1,common,pooled,0.490575,0.5012504216963823,0.955
ch_top_own,brightness,2,common,pooled,0.498775,0.5074131833103356,0.94
ch_top_own,brightness,3,common,pooled,0.517025,0.5187517874119019,0.935
ch_top_own,brightness,4,common,pooled,0.553225,0.5457241098663494,0.91
ch_top_own,brightness,5,common,pooled,0.606,0.5902680302928224,0.865
ch_top_own,contrast,1,common,pooled,0.71695,0.7030997488564477,0.755
ch_top_own,contrast,2,common,pooled,0.82195,0.7945692344648498,0.515
ch_top_own,contrast,3,common,pooled,0.921,0.8939785253379984,0.235
ch_top_own,contrast,4,common,pooled,0.9853,0.9764703396905302,0.035
ch_top_own,contrast,5,common,pooled,0.9967,0.9951360504259869,0.005
ch_top_own,elastic_transform,1,common,pooled,0.420225,0.46519275922602643,0.965
ch_top_own,elastic_transform,2,common,pooled,0.434425,0.47096735655212785,0.945
ch_top_own,elastic_transform,3,common,pooled,0.47505,0.48901600080531726,0.91
ch_top_own,elastic_transform,4,common,pooled,0.5106,0.505891504441587,0.88
ch_top_own,elastic_transform,5,common,pooled,0.5672,0.5343098337871759,0.86
ch_top_own,pixelate,1,common,pooled,0.5593,0.5528175668335764,0.865
ch_top_own,pixelate,2,common,pooled,0.6397,0.6107341594715819,0.825
ch_top_own,pixelate,3,common,pooled,0.847775,0.7920576627748219,0.44
ch_top_own,pixelate,4,common,pooled,0.9516,0.9180535494686767,0.14
ch_top_own,pixelate,5,common,pooled,0.981475,0.961497362901604,0.05
ch_top_own,jpeg_compression,1,common,pooled,0.42405,0.4602364164540991,0.945
ch_top_own,jpeg_compression,2,common,pooled,0.4534,0.4710779030170495,0.935
ch_top_own,jpeg_compression,3,common,pooled,0.48845,0.48666979340576827,0.9
ch_top_own,jpeg_compression,4,common,pooled,0.60445,0.5514926090385234,0.795
ch_top_own,jpeg_compression,5,common,pooled,0.74615,0.6522197112516968,0.515
ch_top_own,speckle_noise,1,extra,pooled,0.571275,0.5816939663791324,0.91
ch_top_own,speckle_noise,2,extra,pooled,0.630375,0.6304854001599042,0.865
ch_top_own,speckle_noise,3,extra,pooled,0.79985,0.7819496096014719,0.52
ch_top_own,speckle_noise,4,extra,pooled,0.8791,0.8592670837950673,0.415
ch_top_own,speckle_noise,5,extra,pooled,0.939475,0.9254981709784382,0.195
ch_top_own,gaussian_blur,1,extra,pooled,0.605725,0.5827080132796703,0.85
ch_top_own,gaussian_blur,2,extra,pooled,0.87525,0.8141716295433703,0.32
ch_top_own,gaussian_blur,3,extra,pooled,0.95315,0.9186420547636107,0.115
ch_top_own,gaussian_blur,4,extra,pooled,0.97965,0.960383993340284,0.05
ch_top_own,gaussian_blur,5,extra,pooled,0.99295,0.9828435808037578,0.01
ch_top_own,spatter,1,extra,pooled,0.463975,0.4708936501278521,0.945
ch_top_own,spatter,2,extra,pooled,0.4974,0.4760397786079709,0.91
ch_top_own,spatter,3,extra,pooled,0.5693,0.5239605874932173,0.855
ch_top_own,spatter,4,extra,pooled,0.85685,0.8138326935285046,0.46
ch_top_own,spatter,5,extra,pooled,0.90095,0.865628723435399,0.34
ch_top_own,saturate,1,extra,pooled,0.5017375,0.5187225895939637,0.94
ch_top_own,saturate,2,extra,pooled,0.5723875,0.5651981688248846,0.875
ch_top_own,saturate,3,extra,pooled,0.5518625,0.5294243311653769,0.91
ch_top_own,saturate,4,extra,pooled,0.596325,0.5530390457292588,0.865
ch_top_own,saturate,5,extra,pooled,0.68385,0.6154652767571509,0.775
ch_p99_knn,gaussian_noise,1,common,pooled,0.745775,0.6717238270899584,0.665
ch_p99_knn,gaussian_noise,2,common,pooled,0.86875,0.7931677690809914,0.35
ch_p99_knn,gaussian_noise,3,common,pooled,0.95535,0.9137472177196488,0.11
ch_p99_knn,gaussian_noise,4,common,pooled,0.9911,0.984264747081592,0.025
ch_p99_knn,gaussian_noise,5,common,pooled,0.999725,0.9997193146755682,0.005
ch_p99_knn,shot_noise,1,common,pooled,0.740475,0.6678781759463429,0.645
ch_p99_knn,shot_noise,2,common,pooled,0.872675,0.8056409692515634,0.335
ch_p99_knn,shot_noise,3,common,pooled,0.9527,0.920136132019981,0.11
ch_p99_knn,shot_noise,4,common,pooled,0.99375,0.9911053243539598,0.015
ch_p99_knn,shot_noise,5,common,pooled,0.999225,0.9991918917115173,0.005
ch_p99_knn,impulse_noise,1,common,pooled,0.940325,0.9341315324848803,0.22
ch_p99_knn,impulse_noise,2,common,pooled,0.9483,0.938546145468208,0.18
ch_p99_knn,impulse_noise,3,common,pooled,0.965425,0.9542594465990998,0.135
ch_p99_knn,impulse_noise,4,common,pooled,0.9921,0.9888277170014456,0.03
ch_p99_knn,impulse_noise,5,common,pooled,0.9996,0.9995863284266141,0.005
ch_p99_knn,defocus_blur,1,common,pooled,0.455025,0.4505521389610579,0.935
ch_p99_knn,defocus_blur,2,common,pooled,0.505575,0.47481306481851787,0.88
ch_p99_knn,defocus_blur,3,common,pooled,0.612625,0.5383665509909821,0.815
ch_p99_knn,defocus_blur,4,common,pooled,0.7255,0.6203537658974043,0.645
ch_p99_knn,defocus_blur,5,common,pooled,0.80465,0.6854230326550632,0.415
ch_p99_knn,glass_blur,1,common,pooled,0.394325,0.42001297799452697,0.965
ch_p99_knn,glass_blur,2,common,pooled,0.375525,0.40687499917851677,0.95
ch_p99_knn,glass_blur,3,common,pooled,0.444925,0.4317233436372444,0.84
ch_p99_knn,glass_blur,4,common,pooled,0.47335,0.44258563132786055,0.83
ch_p99_knn,glass_blur,5,common,pooled,0.6061,0.5166538138827914,0.645
ch_p99_knn,motion_blur,1,common,pooled,0.5415,0.5170171382249419,0.935
ch_p99_knn,motion_blur,2,common,pooled,0.5609,0.5362615332473697,0.865
ch_p99_knn,motion_blur,3,common,pooled,0.624275,0.577810666985252,0.83
ch_p99_knn,motion_blur,4,common,pooled,0.70535,0.6397997888516318,0.705
ch_p99_knn,motion_blur,5,common,pooled,0.7326,0.6738415789747463,0.68
ch_p99_knn,zoom_blur,1,common,pooled,0.2651,0.3638052316323874,0.97
ch_p99_knn,zoom_blur,2,common,pooled,0.26285,0.3630994101473616,0.975
ch_p99_knn,zoom_blur,3,common,pooled,0.2587,0.3616025603972285,0.975
ch_p99_knn,zoom_blur,4,common,pooled,0.265875,0.3638065082327257,0.975
ch_p99_knn,zoom_blur,5,common,pooled,0.2582,0.36117091659274764,0.965
ch_p99_knn,snow,1,common,pooled,0.6956,0.6386315802874514,0.715
ch_p99_knn,snow,2,common,pooled,0.777525,0.7102229282087498,0.565
ch_p99_knn,snow,3,common,pooled,0.78675,0.7115444733358653,0.51
ch_p99_knn,snow,4,common,pooled,0.827025,0.7545620804410507,0.415
ch_p99_knn,snow,5,common,pooled,0.835325,0.7576601535548075,0.435
ch_p99_knn,frost,1,common,pooled,0.4126,0.432717570487434,0.965
ch_p99_knn,frost,2,common,pooled,0.3703,0.40725511811231085,0.975
ch_p99_knn,frost,3,common,pooled,0.348175,0.39410051081688036,0.965
ch_p99_knn,frost,4,common,pooled,0.35605,0.39690015605308,0.975
ch_p99_knn,frost,5,common,pooled,0.3322,0.38753687451760993,0.965
ch_p99_knn,fog,1,common,pooled,0.403475,0.423797624446957,0.965
ch_p99_knn,fog,2,common,pooled,0.405975,0.42435944048119234,0.965
ch_p99_knn,fog,3,common,pooled,0.399375,0.4184222567290958,0.955
ch_p99_knn,fog,4,common,pooled,0.38355,0.4107590317382125,0.955
ch_p99_knn,fog,5,common,pooled,0.358525,0.3991951646079998,0.955
ch_p99_knn,brightness,1,common,pooled,0.50265,0.5035413541232715,0.935
ch_p99_knn,brightness,2,common,pooled,0.544775,0.5308954905325762,0.925
ch_p99_knn,brightness,3,common,pooled,0.608225,0.5780515134643758,0.85
ch_p99_knn,brightness,4,common,pooled,0.68225,0.6381563216209214,0.82
ch_p99_knn,brightness,5,common,pooled,0.75765,0.7090904167050811,0.68
ch_p99_knn,contrast,1,common,pooled,0.435575,0.4420604683563469,0.955
ch_p99_knn,contrast,2,common,pooled,0.46355,0.453869945542832,0.93
ch_p99_knn,contrast,3,common,pooled,0.518325,0.4822909141640275,0.88
ch_p99_knn,contrast,4,common,pooled,0.700375,0.6067305444174812,0.68
ch_p99_knn,contrast,5,common,pooled,0.86295,0.7575517289778214,0.27
ch_p99_knn,elastic_transform,1,common,pooled,0.43595,0.44667855566714026,0.965
ch_p99_knn,elastic_transform,2,common,pooled,0.472275,0.46857062879995004,0.955
ch_p99_knn,elastic_transform,3,common,pooled,0.55005,0.5261686359816351,0.935
ch_p99_knn,elastic_transform,4,common,pooled,0.612075,0.5747016282158396,0.865
ch_p99_knn,elastic_transform,5,common,pooled,0.688825,0.6443046621878321,0.825
ch_p99_knn,pixelate,1,common,pooled,0.56845,0.5235568281775211,0.85
ch_p99_knn,pixelate,2,common,pooled,0.681125,0.6148070801984228,0.8
ch_p99_knn,pixelate,3,common,pooled,0.818475,0.7484978544483321,0.565
ch_p99_knn,pixelate,4,common,pooled,0.905075,0.858798648482782,0.315
ch_p99_knn,pixelate,5,common,pooled,0.954325,0.9351900546505614,0.145
ch_p99_knn,jpeg_compression,1,common,pooled,0.420675,0.4299575450329122,0.92
ch_p99_knn,jpeg_compression,2,common,pooled,0.492625,0.45964668860046914,0.815
ch_p99_knn,jpeg_compression,3,common,pooled,0.567575,0.49906523254670154,0.68
ch_p99_knn,jpeg_compression,4,common,pooled,0.7745,0.6561195543859826,0.485
ch_p99_knn,jpeg_compression,5,common,pooled,0.905275,0.8228352914904108,0.185
ch_p99_knn,speckle_noise,1,extra,pooled,0.650975,0.5986043415351916,0.82
ch_p99_knn,speckle_noise,2,extra,pooled,0.738725,0.6675185377387873,0.625
ch_p99_knn,speckle_noise,3,extra,pooled,0.91205,0.8667179150776394,0.23
ch_p99_knn,speckle_noise,4,extra,pooled,0.959125,0.9392326140119053,0.125
ch_p99_knn,speckle_noise,5,extra,pooled,0.9855,0.9809120964210399,0.065
ch_p99_knn,gaussian_blur,1,extra,pooled,0.4323,0.44466008916307054,0.955
ch_p99_knn,gaussian_blur,2,extra,pooled,0.488075,0.4682786944056731,0.93
ch_p99_knn,gaussian_blur,3,extra,pooled,0.617625,0.5454745030278937,0.815
ch_p99_knn,gaussian_blur,4,extra,pooled,0.742425,0.6381974916017755,0.64
ch_p99_knn,gaussian_blur,5,extra,pooled,0.8619,0.7547379914891004,0.265
ch_p99_knn,spatter,1,extra,pooled,0.514825,0.5136386904140788,0.92
ch_p99_knn,spatter,2,extra,pooled,0.709225,0.6607548824136389,0.68
ch_p99_knn,spatter,3,extra,pooled,0.7495,0.6864547793488416,0.64
ch_p99_knn,spatter,4,extra,pooled,0.98075,0.9813742907764605,0.12
ch_p99_knn,spatter,5,extra,pooled,0.9832,0.9833515941930341,0.105
ch_p99_knn,saturate,1,extra,pooled,0.4893375,0.4867215385398774,0.945
ch_p99_knn,saturate,2,extra,pooled,0.5421125,0.5194112943366981,0.88
ch_p99_knn,saturate,3,extra,pooled,0.5950625,0.5803571666533576,0.93
ch_p99_knn,saturate,4,extra,pooled,0.75245,0.7170814102180899,0.72
ch_p99_knn,saturate,5,extra,pooled,0.882375,0.8766441208333564,0.425
ch_p99_own,gaussian_noise,1,common,pooled,0.683275,0.6674677076601212,0.765
ch_p99_own,gaussian_noise,2,common,pooled,0.818625,0.788572832177841,0.54
ch_p99_own,gaussian_noise,3,common,pooled,0.935,0.9157236297142849,0.195
ch_p99_own,gaussian_noise,4,common,pooled,0.98555,0.9806732409230418,0.06
ch_p99_own,gaussian_noise,5,common,pooled,0.998675,0.9985151816237883,0.005
ch_p99_own,shot_noise,1,common,pooled,0.657475,0.6491436550504552,0.81
ch_p99_own,shot_noise,2,common,pooled,0.7955,0.7703112714115411,0.55
ch_p99_own,shot_noise,3,common,pooled,0.910825,0.8891151957291514,0.295
ch_p99_own,shot_noise,4,common,pooled,0.981475,0.9765212864683168,0.075
ch_p99_own,shot_noise,5,common,pooled,0.9951,0.9940543891570103,0.015
ch_p99_own,impulse_noise,1,common,pooled,0.798925,0.7467447958338932,0.545
ch_p99_own,impulse_noise,2,common,pooled,0.87525,0.8412925713515158,0.38
ch_p99_own,impulse_noise,3,common,pooled,0.9321,0.909871596427466,0.175
ch_p99_own,impulse_noise,4,common,pooled,0.988625,0.9840333516833005,0.04
ch_p99_own,impulse_noise,5,common,pooled,0.9988,0.9986473978427703,0.005
ch_p99_own,defocus_blur,1,common,pooled,0.765775,0.697955972219769,0.55
ch_p99_own,defocus_blur,2,common,pooled,0.856675,0.7859114200449914,0.36
ch_p99_own,defocus_blur,3,common,pooled,0.9315,0.8904258193046098,0.17
ch_p99_own,defocus_blur,4,common,pooled,0.966025,0.9405378199302526,0.09
ch_p99_own,defocus_blur,5,common,pooled,0.9829,0.9680077396385097,0.04
ch_p99_own,glass_blur,1,common,pooled,0.6564,0.6248047281103635,0.785
ch_p99_own,glass_blur,2,common,pooled,0.80215,0.7424419518465688,0.525
ch_p99_own,glass_blur,3,common,pooled,0.927075,0.878995543140528,0.17
ch_p99_own,glass_blur,4,common,pooled,0.952475,0.9185770707752279,0.11
ch_p99_own,glass_blur,5,common,pooled,0.976075,0.955619308290255,0.06
ch_p99_own,motion_blur,1,common,pooled,0.593125,0.5757430434258748,0.865
ch_p99_own,motion_blur,2,common,pooled,0.72045,0.6773354903805695,0.625
ch_p99_own,motion_blur,3,common,pooled,0.84755,0.8006463882325401,0.425
ch_p99_own,motion_blur,4,common,pooled,0.922225,0.8859165710426044,0.175
ch_p99_own,motion_blur,5,common,pooled,0.947425,0.9219577227142775,0.16
ch_p99_own,zoom_blur,1,common,pooled,0.776475,0.7317167105561772,0.56
ch_p99_own,zoom_blur,2,common,pooled,0.853575,0.8040515062202828,0.405
ch_p99_own,zoom_blur,3,common,pooled,0.847975,0.8052692688598556,0.48
ch_p99_own,zoom_blur,4,common,pooled,0.886875,0.8455522154894618,0.365
ch_p99_own,zoom_blur,5,common,pooled,0.8844,0.8474916493452962,0.375
ch_p99_own,snow,1,common,pooled,0.551025,0.5287188537514116,0.9
ch_p99_own,snow,2,common,pooled,0.6989,0.6713949640396962,0.755
ch_p99_own,snow,3,common,pooled,0.625825,0.5917370680713169,0.845
ch_p99_own,snow,4,common,pooled,0.710975,0.6545131615290165,0.665
ch_p99_own,snow,5,common,pooled,0.75095,0.7302646331891018,0.745
ch_p99_own,frost,1,common,pooled,0.42445,0.47458742374160356,0.985
ch_p99_own,frost,2,common,pooled,0.5105,0.534659822044431,0.96
ch_p99_own,frost,3,common,pooled,0.585525,0.5860991109612884,0.905
ch_p99_own,frost,4,common,pooled,0.613525,0.6113180034354676,0.905
ch_p99_own,frost,5,common,pooled,0.656025,0.6415389247245481,0.9
ch_p99_own,fog,1,common,pooled,0.64785,0.6443690907876457,0.81
ch_p99_own,fog,2,common,pooled,0.7109,0.6961623021593263,0.735
ch_p99_own,fog,3,common,pooled,0.760475,0.7393058870193869,0.625
ch_p99_own,fog,4,common,pooled,0.75435,0.7352530775465616,0.595
ch_p99_own,fog,5,common,pooled,0.79115,0.7686329626162153,0.585
ch_p99_own,brightness,1,common,pooled,0.489225,0.5025709425858264,0.965
ch_p99_own,brightness,2,common,pooled,0.497125,0.5087630137339785,0.95
ch_p99_own,brightness,3,common,pooled,0.518825,0.5233910362081218,0.935
ch_p99_own,brightness,4,common,pooled,0.55635,0.5478152731981071,0.905
ch_p99_own,brightness,5,common,pooled,0.604125,0.5896354777439506,0.875
ch_p99_own,contrast,1,common,pooled,0.670275,0.6669631651272684,0.81
ch_p99_own,contrast,2,common,pooled,0.77085,0.7522450494777669,0.59
ch_p99_own,contrast,3,common,pooled,0.887625,0.8623936716587088,0.37
ch_p99_own,contrast,4,common,pooled,0.975725,0.9669267396211182,0.08
ch_p99_own,contrast,5,common,pooled,0.9965,0.9954808181949224,0.015
ch_p99_own,elastic_transform,1,common,pooled,0.434675,0.4685653943760832,0.955
ch_p99_own,elastic_transform,2,common,pooled,0.45355,0.4767443501152365,0.935
ch_p99_own,elastic_transform,3,common,pooled,0.505,0.5018362323298337,0.905
ch_p99_own,elastic_transform,4,common,pooled,0.550675,0.5244019841722743,0.865
ch_p99_own,elastic_transform,5,common,pooled,0.613675,0.5600384749508859,0.825
ch_p99_own,pixelate,1,common,pooled,0.53075,0.5290581118274522,0.9
ch_p99_own,pixelate,2,common,pooled,0.600075,0.5751300090972822,0.835
ch_p99_own,pixelate,3,common,pooled,0.81065,0.7431501709871582,0.5
ch_p99_own,pixelate,4,common,pooled,0.929025,0.8873305467300885,0.175
ch_p99_own,pixelate,5,common,pooled,0.971225,0.9480303923510103,0.085
ch_p99_own,jpeg_compression,1,common,pooled,0.411075,0.44482768890809943,0.94
ch_p99_own,jpeg_compression,2,common,pooled,0.44335,0.4543566114847415,0.905
ch_p99_own,jpeg_compression,3,common,pooled,0.482575,0.47223825282946036,0.905
ch_p99_own,jpeg_compression,4,common,pooled,0.62925,0.5568535243214645,0.725
ch_p99_own,jpeg_compression,5,common,pooled,0.778275,0.6693014684843601,0.495
ch_p99_own,speckle_noise,1,extra,pooled,0.57635,0.5832340099877169,0.905
ch_p99_own,speckle_noise,2,extra,pooled,0.637925,0.6353991288784836,0.865
ch_p99_own,speckle_noise,3,extra,pooled,0.8073,0.7866422745961146,0.54
ch_p99_own,speckle_noise,4,extra,pooled,0.885,0.8653565482940931,0.38
ch_p99_own,speckle_noise,5,extra,pooled,0.9412,0.9290481109796251,0.175
ch_p99_own,gaussian_blur,1,extra,pooled,0.57365,0.5568126548975025,0.875
ch_p99_own,gaussian_blur,2,extra,pooled,0.83905,0.7683739133404193,0.385
ch_p99_own,gaussian_blur,3,extra,pooled,0.926625,0.883282984448803,0.17
ch_p99_own,gaussian_blur,4,extra,pooled,0.965025,0.9386671294994506,0.09
ch_p99_own,gaussian_blur,5,extra,pooled,0.989625,0.9788572044051065,0.02
ch_p99_own,spatter,1,extra,pooled,0.46865,0.47198123196789804,0.96
ch_p99_own,spatter,2,extra,pooled,0.5576,0.5099745060807502,0.865
ch_p99_own,spatter,3,extra,pooled,0.633925,0.5631157941133182,0.735
ch_p99_own,spatter,4,extra,pooled,0.893325,0.8671206638151623,0.38
ch_p99_own,spatter,5,extra,pooled,0.92895,0.9075527251024293,0.21
ch_p99_own,saturate,1,extra,pooled,0.4975625,0.5141581645378646,0.925
ch_p99_own,saturate,2,extra,pooled,0.5604125,0.554637879603696,0.9
ch_p99_own,saturate,3,extra,pooled,0.5517125,0.529967368295537,0.91
ch_p99_own,saturate,4,extra,pooled,0.598825,0.5562643148411102,0.895
ch_p99_own,saturate,5,extra,pooled,0.6822,0.6179601013670364,0.79
ch_grid_knn,gaussian_noise,1,common,pooled,0.45285,0.4435971175370682,0.905
ch_grid_knn,gaussian_noise,2,common,pooled,0.56165,0.4941666497520128,0.76
ch_grid_knn,gaussian_noise,3,common,pooled,0.771925,0.6579301445487069,0.47
ch_grid_knn,gaussian_noise,4,common,pooled,0.9473,0.8977638503282339,0.125
ch_grid_knn,gaussian_noise,5,common,pooled,0.99475,0.990761865581925,0.015
ch_grid_knn,shot_noise,1,common,pooled,0.490175,0.46609156351454106,0.905
ch_grid_knn,shot_noise,2,common,pooled,0.615475,0.5353989560489794,0.725
ch_grid_knn,shot_noise,3,common,pooled,0.8042,0.7126219457492537,0.41
ch_grid_knn,shot_noise,4,common,pooled,0.971975,0.9551272069314493,0.095
ch_grid_knn,shot_noise,5,common,pooled,0.995425,0.9938831386624742,0.015
ch_grid_knn,impulse_noise,1,common,pooled,0.902075,0.9102457144597673,0.48
ch_grid_knn,impulse_noise,2,common,pooled,0.8609,0.858655800814494,0.515
ch_grid_knn,impulse_noise,3,common,pooled,0.8603,0.8475250180808427,0.49
ch_grid_knn,impulse_noise,4,common,pooled,0.953225,0.9370314729349724,0.165
ch_grid_knn,impulse_noise,5,common,pooled,0.994225,0.9916481545625202,0.015
ch_grid_knn,defocus_blur,1,common,pooled,0.39935,0.4254029753177305,0.935
ch_grid_knn,defocus_blur,2,common,pooled,0.380875,0.41052605613489596,0.935
ch_grid_knn,defocus_blur,3,common,pooled,0.338775,0.388638251991249,0.935
ch_grid_knn,defocus_blur,4,common,pooled,0.3128,0.3782950397357479,0.935
ch_grid_knn,defocus_blur,5,common,pooled,0.283325,0.36808962457066086,0.935
ch_grid_knn,glass_blur,1,common,pooled,0.290975,0.3742596448032356,0.955
ch_grid_knn,glass_blur,2,common,pooled,0.242875,0.35703498107735343,0.945
ch_grid_knn,glass_blur,3,common,pooled,0.16625,0.33683799344381515,0.95
ch_grid_knn,glass_blur,4,common,pooled,0.143475,0.33219539536274567,0.95
ch_grid_knn,glass_blur,5,common,pooled,0.14195,0.33238448345478383,0.95
ch_grid_knn,motion_blur,1,common,pooled,0.567025,0.5491360616540635,0.91
ch_grid_knn,motion_blur,2,common,pooled,0.576725,0.5638815578686136,0.905
ch_grid_knn,motion_blur,3,common,pooled,0.586175,0.5830869077195031,0.905
ch_grid_knn,motion_blur,4,common,pooled,0.604875,0.5967149529241033,0.875
ch_grid_knn,motion_blur,5,common,pooled,0.60175,0.6077355205597335,0.935
ch_grid_knn,zoom_blur,1,common,pooled,0.484025,0.4599957628255382,0.915
ch_grid_knn,zoom_blur,2,common,pooled,0.4929,0.4650975123246597,0.92
ch_grid_knn,zoom_blur,3,common,pooled,0.4074,0.4169607151940131,0.935
ch_grid_knn,zoom_blur,4,common,pooled,0.417775,0.4214763604213456,0.935
ch_grid_knn,zoom_blur,5,common,pooled,0.3661,0.39920966969693616,0.945
ch_grid_knn,snow,1,common,pooled,0.792325,0.7701001424912497,0.725
ch_grid_knn,snow,2,common,pooled,0.8364,0.8327646499953878,0.6
ch_grid_knn,snow,3,common,pooled,0.86335,0.8525404884653128,0.56
ch_grid_knn,snow,4,common,pooled,0.8651,0.8621951569283517,0.615
ch_grid_knn,snow,5,common,pooled,0.845525,0.8512658173323582,0.655
ch_grid_knn,frost,1,common,pooled,0.34805,0.39721575717109614,0.935
ch_grid_knn,frost,2,common,pooled,0.259725,0.3610988356612822,0.94
ch_grid_knn,frost,3,common,pooled,0.214875,0.34787740832139147,0.945
ch_grid_knn,frost,4,common,pooled,0.20475,0.34535886755506334,0.95
ch_grid_knn,frost,5,common,pooled,0.181525,0.3399008115034079,0.945
ch_grid_knn,fog,1,common,pooled,0.2589,0.3620597007616555,0.965
ch_grid_knn,fog,2,common,pooled,0.2315,0.3529368394972525,0.965
ch_grid_knn,fog,3,common,pooled,0.210225,0.34671644742086344,0.97
ch_grid_knn,fog,4,common,pooled,0.209975,0.34654767747201776,0.965
ch_grid_knn,fog,5,common,pooled,0.176125,0.3379068412826979,0.955
ch_grid_knn,brightness,1,common,pooled,0.500475,0.5008697137904243,0.94
ch_grid_knn,brightness,2,common,pooled,0.51415,0.5080597384182683,0.94
ch_grid_knn,brightness,3,common,pooled,0.529675,0.520808298369972,0.935
ch_grid_knn,brightness,4,common,pooled,0.54215,0.5307571149621523,0.935
ch_grid_knn,brightness,5,common,pooled,0.550875,0.5399497661481584,0.94
ch_grid_knn,contrast,1,common,pooled,0.252275,0.35984375187020234,0.975
ch_grid_knn,contrast,2,common,pooled,0.1997,0.34397992816485196,0.98
ch_grid_knn,contrast,3,common,pooled,0.136825,0.32904594217516275,0.995
ch_grid_knn,contrast,4,common,pooled,0.06085,0.31657193041836107,0.995
ch_grid_knn,contrast,5,common,pooled,0.02465,0.31153898744419994,1.0
ch_grid_knn,elastic_transform,1,common,pooled,0.405275,0.42777677021603533,0.95
ch_grid_knn,elastic_transform,2,common,pooled,0.396175,0.4205869686275581,0.95
ch_grid_knn,elastic_transform,3,common,pooled,0.402875,0.4227265723033207,0.95
ch_grid_knn,elastic_transform,4,common,pooled,0.41905,0.431995184794349,0.94
ch_grid_knn,elastic_transform,5,common,pooled,0.454825,0.45166434057538773,0.935
ch_grid_knn,pixelate,1,common,pooled,0.469325,0.47031120250478575,0.94
ch_grid_knn,pixelate,2,common,pooled,0.506,0.49800720790383923,0.935
ch_grid_knn,pixelate,3,common,pooled,0.6409,0.6357160305830986,0.915
ch_grid_knn,pixelate,4,common,pooled,0.75405,0.7745523225225488,0.85
ch_grid_knn,pixelate,5,common,pooled,0.8285,0.8547308257767183,0.72
ch_grid_knn,jpeg_compression,1,common,pooled,0.4775,0.45585453781169144,0.9
ch_grid_knn,jpeg_compression,2,common,pooled,0.5512,0.4923885189681464,0.76
ch_grid_knn,jpeg_compression,3,common,pooled,0.608175,0.527933404289674,0.72
ch_grid_knn,jpeg_compression,4,common,pooled,0.7377,0.6463270073626123,0.615
ch_grid_knn,jpeg_compression,5,common,pooled,0.825425,0.7723613258338412,0.51
ch_grid_knn,speckle_noise,1,extra,pooled,0.50265,0.48045910471739156,0.92
ch_grid_knn,speckle_noise,2,extra,pooled,0.545325,0.5020084458213595,0.86
ch_grid_knn,speckle_noise,3,extra,pooled,0.736775,0.6689309706411285,0.615
ch_grid_knn,speckle_noise,4,extra,pooled,0.84575,0.805049718031027,0.48
ch_grid_knn,speckle_noise,5,extra,pooled,0.93415,0.9213382326357529,0.275
ch_grid_knn,gaussian_blur,1,extra,pooled,0.431375,0.44799206533942393,0.945
ch_grid_knn,gaussian_blur,2,extra,pooled,0.40005,0.42255204463442636,0.935
ch_grid_knn,gaussian_blur,3,extra,pooled,0.37055,0.4019328988694356,0.935
ch_grid_knn,gaussian_blur,4,extra,pooled,0.339475,0.38794849758452143,0.935
ch_grid_knn,gaussian_blur,5,extra,pooled,0.29105,0.3705153185387354,0.94
ch_grid_knn,spatter,1,extra,pooled,0.498925,0.4972827802457636,0.935
ch_grid_knn,spatter,2,extra,pooled,0.67895,0.6140098659894633,0.76
ch_grid_knn,spatter,3,extra,pooled,0.75705,0.696815934252368,0.73
ch_grid_knn,spatter,4,extra,pooled,0.933625,0.938575666825711,0.34
ch_grid_knn,spatter,5,extra,pooled,0.9508,0.9539277796004335,0.28
ch_grid_knn,saturate,1,extra,pooled,0.4243375,0.44423734779185886,0.95
ch_grid_knn,saturate,2,extra,pooled,0.4220625,0.4417468515621529,0.95
ch_grid_knn,saturate,3,extra,pooled,0.5851375,0.5785164778280145,0.905
ch_grid_knn,saturate,4,extra,pooled,0.6918,0.6591127277260156,0.775
ch_grid_knn,saturate,5,extra,pooled,0.7719,0.7528558649602157,0.66
ch_grid_own,gaussian_noise,1,common,pooled,0.83,0.7507297357907103,0.45
ch_grid_own,gaussian_noise,2,common,pooled,0.948525,0.9108256727917043,0.115
ch_grid_own,gaussian_noise,3,common,pooled,0.992025,0.9883900127592206,0.025
ch_grid_own,gaussian_noise,4,common,pooled,0.99965,0.9996399481149586,0.005
ch_grid_own,gaussian_noise,5,common,pooled,1.0,1.0,0.0
ch_grid_own,shot_noise,1,common,pooled,0.816875,0.7548016739492551,0.5
ch_grid_own,shot_noise,2,common,pooled,0.94865,0.9244802841943687,0.13
ch_grid_own,shot_noise,3,common,pooled,0.989575,0.9865144934519989,0.045
ch_grid_own,shot_noise,4,common,pooled,0.999775,0.9997728117598529,0.0
ch_grid_own,shot_noise,5,common,pooled,1.0,1.0,0.0
ch_grid_own,impulse_noise,1,common,pooled,0.981075,0.9778582186480728,0.09
ch_grid_own,impulse_noise,2,common,pooled,0.98745,0.9844622853797543,0.055
ch_grid_own,impulse_noise,3,common,pooled,0.99355,0.9920969510050481,0.03
ch_grid_own,impulse_noise,4,common,pooled,0.999775,0.999771534352706,0.0
ch_grid_own,impulse_noise,5,common,pooled,1.0,1.0,0.0
ch_grid_own,defocus_blur,1,common,pooled,0.66945,0.6170009064057804,0.695
ch_grid_own,defocus_blur,2,common,pooled,0.74365,0.6718231035118937,0.56
ch_grid_own,defocus_blur,3,common,pooled,0.796975,0.7133333729858926,0.45
ch_grid_own,defocus_blur,4,common,pooled,0.8409,0.7545103323903344,0.39
ch_grid_own,defocus_blur,5,common,pooled,0.860325,0.7760180700944468,0.36
ch_grid_own,glass_blur,1,common,pooled,0.450425,0.461986473626108,0.935
ch_grid_own,glass_blur,2,common,pooled,0.537975,0.507546547141364,0.85
ch_grid_own,glass_blur,3,common,pooled,0.586075,0.5280286800055873,0.78
ch_grid_own,glass_blur,4,common,pooled,0.614875,0.5439666079116114,0.775
ch_grid_own,glass_blur,5,common,pooled,0.72755,0.6299520616181664,0.58
ch_grid_own,motion_blur,1,common,pooled,0.6786,0.6472926542538268,0.8
ch_grid_own,motion_blur,2,common,pooled,0.76205,0.7221088383551593,0.63
ch_grid_own,motion_blur,3,common,pooled,0.820325,0.7853524663398015,0.575
ch_grid_own,motion_blur,4,common,pooled,0.863025,0.8330953430308446,0.45
ch_grid_own,motion_blur,5,common,pooled,0.887675,0.8601762197834171,0.395
ch_grid_own,zoom_blur,1,common,pooled,0.642425,0.5802194615987617,0.77
ch_grid_own,zoom_blur,2,common,pooled,0.698475,0.6245449195196764,0.695
ch_grid_own,zoom_blur,3,common,pooled,0.57895,0.5292535975542909,0.815
ch_grid_own,zoom_blur,4,common,pooled,0.623325,0.5592989244180727,0.78
ch_grid_own,zoom_blur,5,common,pooled,0.550525,0.5093535498233288,0.825
ch_grid_own,snow,1,common,pooled,0.86455,0.8348178961772503,0.425
ch_grid_own,snow,2,common,pooled,0.9196,0.907773235981393,0.33
ch_grid_own,snow,3,common,pooled,0.909125,0.8874405685365054,0.395
ch_grid_own,snow,4,common,pooled,0.9324,0.9148472671835904,0.23
ch_grid_own,snow,5,common,pooled,0.916075,0.8998002954200299,0.28
ch_grid_own,frost,1,common,pooled,0.317475,0.39642639277350944,0.995
ch_grid_own,frost,2,common,pooled,0.2734,0.37252025417343426,1.0
ch_grid_own,frost,3,common,pooled,0.266725,0.3663936129040404,0.995
ch_grid_own,frost,4,common,pooled,0.256825,0.3632902391181344,0.995
ch_grid_own,frost,5,common,pooled,0.25285,0.36135216908057965,0.995
ch_grid_own,fog,1,common,pooled,0.21285,0.34961864309374313,0.995
ch_grid_own,fog,2,common,pooled,0.1982,0.3449706548980682,0.995
ch_grid_own,fog,3,common,pooled,0.199775,0.3444677793102085,0.995
ch_grid_own,fog,4,common,pooled,0.19535,0.3432660604582552,0.995
ch_grid_own,fog,5,common,pooled,0.166275,0.33568300981583143,0.995
ch_grid_own,brightness,1,common,pooled,0.5037,0.5075950927033255,0.925
ch_grid_own,brightness,2,common,pooled,0.53165,0.5272407318901705,0.89
ch_grid_own,brightness,3,common,pooled,0.56355,0.5479594805464696,0.87
ch_grid_own,brightness,4,common,pooled,0.593425,0.5695821421795093,0.855
ch_grid_own,brightness,5,common,pooled,0.624825,0.5914066842242249,0.795
ch_grid_own,contrast,1,common,pooled,0.2246,0.35413036484599547,0.995
ch_grid_own,contrast,2,common,pooled,0.192075,0.343617514591144,1.0
ch_grid_own,contrast,3,common,pooled,0.17,0.3370841481094521,1.0
ch_grid_own,contrast,4,common,pooled,0.1824,0.3399840525325359,1.0
ch_grid_own,contrast,5,common,pooled,0.262025,0.36637597257892496,0.995
ch_grid_own,elastic_transform,1,common,pooled,0.437775,0.4621322063700426,0.975
ch_grid_own,elastic_transform,2,common,pooled,0.45645,0.47691551701815454,0.975
ch_grid_own,elastic_transform,3,common,pooled,0.50465,0.5139168905211389,0.94
ch_grid_own,elastic_transform,4,common,pooled,0.549025,0.5526733401403816,0.915
ch_grid_own,elastic_transform,5,common,pooled,0.61815,0.6113013758004089,0.895
ch_grid_own,pixelate,1,common,pooled,0.44325,0.4647530577162317,0.975
ch_grid_own,pixelate,2,common,pooled,0.491675,0.4993622148664258,0.94
ch_grid_own,pixelate,3,common,pooled,0.6669,0.6685557791796496,0.865
ch_grid_own,pixelate,4,common,pooled,0.80775,0.8106524157119189,0.725
ch_grid_own,pixelate,5,common,pooled,0.8888,0.8913983601852079,0.545
ch_grid_own,jpeg_compression,1,common,pooled,0.4462,0.45265632707091075,0.935
ch_grid_own,jpeg_compression,2,common,pooled,0.5668,0.51963229409657,0.8
ch_grid_own,jpeg_compression,3,common,pooled,0.6696,0.5918501336948634,0.695
ch_grid_own,jpeg_compression,4,common,pooled,0.851575,0.786487544978931,0.45
ch_grid_own,jpeg_compression,5,common,pooled,0.92255,0.9045798149708462,0.275
ch_grid_own,speckle_noise,1,extra,pooled,0.70515,0.6655749360888017,0.765
ch_grid_own,speckle_noise,2,extra,pooled,0.811475,0.7774410467866618,0.595
ch_grid_own,speckle_noise,3,extra,pooled,0.955675,0.9484814730407943,0.16
ch_grid_own,speckle_noise,4,extra,pooled,0.982375,0.9801443189170835,0.095
ch_grid_own,speckle_noise,5,extra,pooled,0.994525,0.9942455107025467,0.04
ch_grid_own,gaussian_blur,1,extra,pooled,0.560275,0.5431842869451721,0.865
ch_grid_own,gaussian_blur,2,extra,pooled,0.753175,0.6823060503632434,0.565
ch_grid_own,gaussian_blur,3,extra,pooled,0.819825,0.7401678027620053,0.415
ch_grid_own,gaussian_blur,4,extra,pooled,0.851975,0.7696376021603504,0.36
ch_grid_own,gaussian_blur,5,extra,pooled,0.892175,0.8142736022245055,0.275
ch_grid_own,spatter,1,extra,pooled,0.4719,0.48401031610420714,0.975
ch_grid_own,spatter,2,extra,pooled,0.7821,0.7322597781323579,0.65
ch_grid_own,spatter,3,extra,pooled,0.901325,0.8653390351462562,0.355
ch_grid_own,spatter,4,extra,pooled,0.97865,0.9806325168835166,0.085
ch_grid_own,spatter,5,extra,pooled,0.990775,0.9914057482360045,0.035
ch_grid_own,saturate,1,extra,pooled,0.4243125,0.4504226030774412,0.985
ch_grid_own,saturate,2,extra,pooled,0.4661375,0.47388245883162333,0.965
ch_grid_own,saturate,3,extra,pooled,0.6198375,0.5970045465780427,0.855
ch_grid_own,saturate,4,extra,pooled,0.7186,0.68285812562441,0.74
ch_grid_own,saturate,5,extra,pooled,0.79495,0.7673239879738846,0.605
