subset,method,family,severity,group,pooling,auroc,aupr,fpr95
all,two_axis,gaussian_noise,1,common,pooled,0.94424292,0.897595238424062,0.146
all,two_axis,gaussian_noise,2,common,pooled,0.98208204,0.9639754074658252,0.0414
all,two_axis,gaussian_noise,3,common,pooled,0.99793776,0.9939173085180236,0.0048
all,two_axis,gaussian_noise,4,common,pooled,0.99941456,0.9967597367654748,0.0006
all,two_axis,gaussian_noise,5,common,pooled,0.99967728,0.9991559310493737,0.0004
all,two_axis,shot_noise,1,common,pooled,0.9267232,0.8900747635138998,0.2364
all,two_axis,shot_noise,2,common,pooled,0.97511844,0.9657005858312903,0.087
all,two_axis,shot_noise,3,common,pooled,0.99487236,0.9916742472530705,0.0186
all,two_axis,shot_noise,4,common,pooled,0.9991828,0.9976574996064178,0.0008
all,two_axis,shot_noise,5,common,pooled,0.99974052,0.9996798446859592,0.0006
all,two_axis,impulse_noise,1,common,pooled,0.97712616,0.9568162012434116,0.0548
all,two_axis,impulse_noise,2,common,pooled,0.99586384,0.9905840612519661,0.0112
all,two_axis,impulse_noise,3,common,pooled,0.9988652,0.9955613656409894,0.0026
all,two_axis,impulse_noise,4,common,pooled,0.99948192,0.9975578961406183,0.0006
all,two_axis,impulse_noise,5,common,pooled,0.99972528,0.9994694246013156,0.0004
all,two_axis,defocus_blur,1,common,pooled,0.91953168,0.8673898374481447,0.2144
all,two_axis,defocus_blur,2,common,pooled,0.95833,0.922197439557302,0.106
all,two_axis,defocus_blur,3,common,pooled,0.9816618,0.960359176523895,0.0414
all,two_axis,defocus_blur,4,common,pooled,0.98916268,0.9741624972800147,0.0244
all,two_axis,defocus_blur,5,common,pooled,0.99304352,0.9815983149171303,0.0144
all,two_axis,glass_blur,1,common,pooled,0.80937952,0.738737223999352,0.4864
all,two_axis,glass_blur,2,common,pooled,0.88477508,0.8240030407410518,0.3018
all,two_axis,glass_blur,3,common,pooled,0.90185592,0.8437813677571322,0.2596
all,two_axis,glass_blur,4,common,pooled,0.93409136,0.8862328978835345,0.171
all,two_axis,glass_blur,5,common,pooled,0.97309576,0.9449250994675037,0.0628
all,two_axis,motion_blur,1,common,pooled,0.76224168,0.6924915622296419,0.605
all,two_axis,motion_blur,2,common,pooled,0.85264772,0.7873815111369343,0.3966
all,two_axis,motion_blur,3,common,pooled,0.91553804,0.8636796442585779,0.2388
all,two_axis,motion_blur,4,common,pooled,0.95021016,0.9107794135539576,0.1354
all,two_axis,motion_blur,5,common,pooled,0.9630944,0.9302223981328391,0.102
all,two_axis,zoom_blur,1,common,pooled,0.89909064,0.8437145796138814,0.272
all,two_axis,zoom_blur,2,common,pooled,0.92699844,0.8801256025180564,0.2006
all,two_axis,zoom_blur,3,common,pooled,0.930257,0.8816936852137917,0.1812
all,two_axis,zoom_blur,4,common,pooled,0.94280176,0.8991733370716952,0.1472
all,two_axis,zoom_blur,5,common,pooled,0.94474576,0.8998809838967059,0.1366
all,two_axis,snow,1,common,pooled,0.81516204,0.7333084545592168,0.5068
all,two_axis,snow,2,common,pooled,0.90091336,0.8456718858273085,0.3298
all,two_axis,snow,3,common,pooled,0.86575708,0.7960703876340138,0.4148
all,two_axis,snow,4,common,pooled,0.8766912,0.8137229549687724,0.389
all,two_axis,snow,5,common,pooled,0.88537968,0.8274066940536484,0.3422
all,two_axis,frost,1,common,pooled,0.7047694,0.6344173342216549,0.7148
all,two_axis,frost,2,common,pooled,0.8443002,0.7623976971683134,0.4152
all,two_axis,frost,3,common,pooled,0.8952844,0.8177042371352491,0.2788
all,two_axis,frost,4,common,pooled,0.90346156,0.828910191125463,0.266
all,two_axis,frost,5,common,pooled,0.92353572,0.853229375216893,0.199
all,two_axis,fog,1,common,pooled,0.89060824,0.8561652121738781,0.36
all,two_axis,fog,2,common,pooled,0.93240692,0.9048082609399535,0.2412
all,two_axis,fog,3,common,pooled,0.9529446,0.9290615638559558,0.1694
all,two_axis,fog,4,common,pooled,0.94884596,0.9217655429197821,0.18
all,two_axis,fog,5,common,pooled,0.95976608,0.9326100452941304,0.1322
all,two_axis,brightness,1,common,pooled,0.52216208,0.5172885219805753,0.9392
all,two_axis,brightness,2,common,pooled,0.55709396,0.5466630682610244,0.9192
all,two_axis,brightness,3,common,pooled,0.5913132,0.5776805119705859,0.884
all,two_axis,brightness,4,common,pooled,0.63003536,0.6135454146324284,0.8404
all,two_axis,brightness,5,common,pooled,0.66857032,0.6514095106630691,0.7892
all,two_axis,contrast,1,common,pooled,0.90575828,0.8724516125848083,0.312
all,two_axis,contrast,2,common,pooled,0.95987628,0.9386849086735458,0.1482
all,two_axis,contrast,3,common,pooled,0.98741212,0.9765108540244462,0.0402
all,two_axis,contrast,4,common,pooled,0.99733964,0.9925077025277012,0.0074
all,two_axis,contrast,5,common,pooled,0.99910052,0.9954480985548694,0.0018
all,two_axis,elastic_transform,1,common,pooled,0.54427784,0.517708379268623,0.9066
all,two_axis,elastic_transform,2,common,pooled,0.5353824,0.5117572271940558,0.9128
all,two_axis,elastic_transform,3,common,pooled,0.52247652,0.5034571003671366,0.92
all,two_axis,elastic_transform,4,common,pooled,0.51405648,0.49846123218030103,0.9278
all,two_axis,elastic_transform,5,common,pooled,0.50492304,0.4928659617473254,0.9312
all,two_axis,pixelate,1,common,pooled,0.60720548,0.5584616203063963,0.833
all,two_axis,pixelate,2,common,pooled,0.62504052,0.5716682465546692,0.8098
all,two_axis,pixelate,3,common,pooled,0.66915416,0.6079983900827626,0.7464
all,two_axis,pixelate,4,common,pooled,0.72896512,0.6665547388430872,0.6574
all,two_axis,pixelate,5,common,pooled,0.74246192,0.6798214731799477,0.625
all,two_axis,jpeg_compression,1,common,pooled,0.56508116,0.5206757215478571,0.8618
all,two_axis,jpeg_compression,2,common,pooled,0.587882,0.5333770275143002,0.8322
all,two_axis,jpeg_compression,3,common,pooled,0.601902,0.541625540672738,0.8128
all,two_axis,jpeg_compression,4,common,pooled,0.61618728,0.5507816796711095,0.793
all,two_axis,jpeg_compression,5,common,pooled,0.61095844,0.55222384238229,0.798
all,two_axis,speckle_noise,1,extra,pooled,0.86892588,0.8313350617856123,0.455
all,two_axis,speckle_noise,2,extra,pooled,0.90875228,0.8887898539546165,0.3536
all,two_axis,speckle_noise,3,extra,pooled,0.970413,0.9706255080080509,0.162
all,two_axis,speckle_noise,4,extra,pooled,0.98621244,0.9858042900020114,0.0546
all,two_axis,speckle_noise,5,extra,pooled,0.99448752,0.9944265518892379,0.0094
all,two_axis,gaussian_blur,1,extra,pooled,0.78935652,0.7198069742100859,0.538
all,two_axis,gaussian_blur,2,extra,pooled,0.9514006,0.9124092450494474,0.1266
all,two_axis,gaussian_blur,3,extra,pooled,0.981406,0.9600505514142057,0.0434
all,two_axis,gaussian_blur,4,extra,pooled,0.98993932,0.9758756368539505,0.0236
all,two_axis,gaussian_blur,5,extra,pooled,0.99536348,0.9867451527424873,0.0094
all,two_axis,spatter,1,extra,pooled,0.50012084,0.4952545185842818,0.9456
all,two_axis,spatter,2,extra,pooled,0.72302248,0.6311579707728422,0.6422
all,two_axis,spatter,3,extra,pooled,0.8922462,0.8207982245598436,0.2874
all,two_axis,spatter,4,extra,pooled,0.8819602,0.8685721856426794,0.429
all,two_axis,spatter,5,extra,pooled,0.93045196,0.9236459336630376,0.291
all,two_axis,saturate,1,extra,pooled,0.5630498,0.536249514978657,0.884
all,two_axis,saturate,2,extra,pooled,0.600056,0.5618904566610199,0.8464
all,two_axis,saturate,3,extra,pooled,0.52162544,0.5369015127752048,0.9522
all,two_axis,saturate,4,extra,pooled,0.65644304,0.6694484917956586,0.8784
all,two_axis,saturate,5,extra,pooled,0.75916576,0.7913962363636105,0.82
all,peak_share,gaussian_noise,1,common,pooled,0.89686264,0.8261780528683978,0.2802
all,peak_share,gaussian_noise,2,common,pooled,0.94338908,0.8852366182366753,0.145
all,peak_share,gaussian_noise,3,common,pooled,0.96235924,0.9086794868370094,0.0788
all,peak_share,gaussian_noise,4,common,pooled,0.96762236,0.9097441798835245,0.0564
all,peak_share,gaussian_noise,5,common,pooled,0.9655236,0.8966352920936654,0.0518
all,peak_share,shot_noise,1,common,pooled,0.86960576,0.803974361423418,0.3884
all,peak_share,shot_noise,2,common,pooled,0.91943132,0.8602211362889435,0.2298
all,peak_share,shot_noise,3,common,pooled,0.93858408,0.8797950462689389,0.164
all,peak_share,shot_noise,4,common,pooled,0.94166432,0.8726458515616171,0.1426
all,peak_share,shot_noise,5,common,pooled,0.93123968,0.847450072723849,0.15
all,peak_share,impulse_noise,1,common,pooled,0.92225044,0.8458071102495806,0.1884
all,peak_share,impulse_noise,2,common,pooled,0.95301212,0.8910554779586622,0.104
all,peak_share,impulse_noise,3,common,pooled,0.96204128,0.9042396556141445,0.0758
all,peak_share,impulse_noise,4,common,pooled,0.96662412,0.9057424247264667,0.0564
all,peak_share,impulse_noise,5,common,pooled,0.96321224,0.892810009723412,0.055
all,peak_share,defocus_blur,1,common,pooled,0.8581542,0.7708086743895589,0.3334
all,peak_share,defocus_blur,2,common,pooled,0.91825116,0.8473505021157324,0.1832
all,peak_share,defocus_blur,3,common,pooled,0.960789,0.9135361462217813,0.0802
all,peak_share,defocus_blur,4,common,pooled,0.97584044,0.941764080005171,0.0474
all,peak_share,defocus_blur,5,common,pooled,0.98325152,0.9579692012609697,0.029
all,peak_share,glass_blur,1,common,pooled,0.69538224,0.6158835818720518,0.678
all,peak_share,glass_blur,2,common,pooled,0.78928712,0.6963475062297848,0.4894
all,peak_share,glass_blur,3,common,pooled,0.80321952,0.708634202979481,0.4454
all,peak_share,glass_blur,4,common,pooled,0.85175444,0.7591243668466894,0.3254
all,peak_share,glass_blur,5,common,pooled,0.93516784,0.8703849065009697,0.1372
all,peak_share,motion_blur,1,common,pooled,0.6696126,0.5993755613580327,0.7246
all,peak_share,motion_blur,2,common,pooled,0.76073656,0.674460613701946,0.5576
all,peak_share,motion_blur,3,common,pooled,0.83642704,0.749417749017822,0.3904
all,peak_share,motion_blur,4,common,pooled,0.88959624,0.8115240725531516,0.2622
all,peak_share,motion_blur,5,common,pooled,0.91286804,0.842047826869464,0.2072
all,peak_share,zoom_blur,1,common,pooled,0.79876628,0.7086314734605313,0.4644
all,peak_share,zoom_blur,2,common,pooled,0.84357284,0.7557702366541329,0.3576
all,peak_share,zoom_blur,3,common,pooled,0.85098472,0.7607993853971713,0.3386
all,peak_share,zoom_blur,4,common,pooled,0.87352104,0.7877375213534779,0.2774
all,peak_share,zoom_blur,5,common,pooled,0.8782188,0.7910957260788484,0.2668
all,peak_share,snow,1,common,pooled,0.7432518,0.6450671183222678,0.578
all,peak_share,snow,2,common,pooled,0.88250748,0.8015501411168252,0.2908
all,peak_share,snow,3,common,pooled,0.83430024,0.7363760816565038,0.3894
all,peak_share,snow,4,common,pooled,0.86165984,0.7693467967428254,0.322
all,peak_share,snow,5,common,pooled,0.89071212,0.8157117162748928,0.2576
all,peak_share,frost,1,common,pooled,0.64611404,0.5773299960398538,0.7584
all,peak_share,frost,2,common,pooled,0.789484,0.6902091094972991,0.4948
all,peak_share,frost,3,common,pooled,0.8515842,0.7486499782377142,0.3392
all,peak_share,frost,4,common,pooled,0.85737968,0.7559900019339385,0.3326
all,peak_share,frost,5,common,pooled,0.88276168,0.7839460887189457,0.2504
all,peak_share,fog,1,common,pooled,0.702903,0.633741182576712,0.6628
all,peak_share,fog,2,common,pooled,0.76251076,0.6857454705110075,0.566
all,peak_share,fog,3,common,pooled,0.80314948,0.7226852052260034,0.4766
all,peak_share,fog,4,common,pooled,0.7957778,0.707914880906312,0.4796
all,peak_share,fog,5,common,pooled,0.82759136,0.7342053957978119,0.401
all,peak_share,brightness,1,common,pooled,0.51912036,0.5092465144339531,0.934
all,peak_share,brightness,2,common,pooled,0.55773972,0.5338012306808867,0.895
all,peak_share,brightness,3,common,pooled,0.60452204,0.5672705196511649,0.8258
all,peak_share,brightness,4,common,pooled,0.65589964,0.607644392260897,0.7424
all,peak_share,brightness,5,common,pooled,0.7041632,0.6496911687870859,0.6676
all,peak_share,contrast,1,common,pooled,0.74278792,0.6781618344490008,0.6188
all,peak_share,contrast,2,common,pooled,0.83278084,0.7682363716767865,0.4352
all,peak_share,contrast,3,common,pooled,0.91713244,0.8718165103386954,0.2218
all,peak_share,contrast,4,common,pooled,0.97936772,0.9647798185993252,0.0612
all,peak_share,contrast,5,common,pooled,0.99609332,0.9920464036149644,0.014
all,peak_share,elastic_transform,1,common,pooled,0.48837816,0.48565185597837945,0.9526
all,peak_share,elastic_transform,2,common,pooled,0.47991516,0.48114151096365326,0.9558
all,peak_share,elastic_transform,3,common,pooled,0.46847696,0.4753777028105436,0.9638
all,peak_share,elastic_transform,4,common,pooled,0.46252048,0.4722970362885158,0.9664
all,peak_share,elastic_transform,5,common,pooled,0.45520604,0.468534091665467,0.9654
all,peak_share,pixelate,1,common,pooled,0.51242536,0.4953640540694032,0.9246
all,peak_share,pixelate,2,common,pooled,0.52445464,0.5016699052649661,0.9128
all,peak_share,pixelate,3,common,pooled,0.55068184,0.5154264560294475,0.8782
all,peak_share,pixelate,4,common,pooled,0.62074904,0.5602347570235403,0.7672
all,peak_share,pixelate,5,common,pooled,0.6581744,0.5880445476781111,0.7052
all,peak_share,jpeg_compression,1,common,pooled,0.50915808,0.4878145600172856,0.9008
all,peak_share,jpeg_compression,2,common,pooled,0.52020328,0.4905195195450101,0.8804
all,peak_share,jpeg_compression,3,common,pooled,0.52780476,0.4933372433026151,0.8628
all,peak_share,jpeg_compression,4,common,pooled,0.5475662,0.5031610766062213,0.8186
all,peak_share,jpeg_compression,5,common,pooled,0.57350788,0.5229265438159303,0.7774
all,peak_share,speckle_noise,1,extra,pooled,0.79448308,0.7334772836133282,0.6084
all,peak_share,speckle_noise,2,extra,pooled,0.83315728,0.7731959998495868,0.5246
all,peak_share,speckle_noise,3,extra,pooled,0.86699708,0.8057175021301461,0.4528
all,peak_share,speckle_noise,4,extra,pooled,0.86487776,0.7984395584527386,0.464
all,peak_share,speckle_noise,5,extra,pooled,0.85208208,0.7718591303316936,0.444
all,peak_share,gaussian_blur,1,extra,pooled,0.6958696,0.6190197776839103,0.6834
all,peak_share,gaussian_blur,2,extra,pooled,0.90741456,0.8334360956289221,0.2122
all,peak_share,gaussian_blur,3,extra,pooled,0.9601888,0.9126562576280307,0.0836
all,peak_share,gaussian_blur,4,extra,pooled,0.97675892,0.9436451804307963,0.0456
all,peak_share,gaussian_blur,5,extra,pooled,0.98786052,0.9688830695062853,0.0218
all,peak_share,spatter,1,extra,pooled,0.46614628,0.46945034804581565,0.9548
all,peak_share,spatter,2,extra,pooled,0.565671,0.4989235497149953,0.786
all,peak_share,spatter,3,extra,pooled,0.79227472,0.6879610236858978,0.5048
all,peak_share,spatter,4,extra,pooled,0.6319212,0.5476929412896744,0.7488
all,peak_share,spatter,5,extra,pooled,0.69349076,0.6007517280699018,0.6822
all,peak_share,saturate,1,extra,pooled,0.51709896,0.5047356196617675,0.9252
all,peak_share,saturate,2,extra,pooled,0.53796924,0.5151490744548745,0.899
all,peak_share,saturate,3,extra,pooled,0.56260412,0.5473069632133792,0.9012
all,peak_share,saturate,4,extra,pooled,0.6962164,0.6579923791828144,0.7156
all,peak_share,saturate,5,extra,pooled,0.83410932,0.8176931252774043,0.5188
all,level,gaussian_noise,1,common,pooled,0.89102384,0.8164094900601756,0.2434
all,level,gaussian_noise,2,common,pooled,0.97943996,0.9611092551197843,0.0552
all,level,gaussian_noise,3,common,pooled,0.99796548,0.9939460270083073,0.0046
all,level,gaussian_noise,4,common,pooled,0.99941456,0.9967597367654748,0.0006
all,level,gaussian_noise,5,common,pooled,0.99967728,0.9991559310493737,0.0004
all,level,shot_noise,1,common,pooled,0.88193344,0.8352762350935257,0.3582
all,level,shot_noise,2,common,pooled,0.97423908,0.9647720642202681,0.1108
all,level,shot_noise,3,common,pooled,0.99542152,0.9920833165271737,0.0174
all,level,shot_noise,4,common,pooled,0.9992534,0.9977129768131305,0.0008
all,level,shot_noise,5,common,pooled,0.99975208,0.9996900361821595,0.0006
all,level,impulse_noise,1,common,pooled,0.97185456,0.9516961441163707,0.0826
all,level,impulse_noise,2,common,pooled,0.99596088,0.9907038485714373,0.011
all,level,impulse_noise,3,common,pooled,0.99886824,0.9955643845355843,0.0026
all,level,impulse_noise,4,common,pooled,0.99948192,0.9975578961406183,0.0006
all,level,impulse_noise,5,common,pooled,0.99972528,0.9994694246013156,0.0004
all,level,defocus_blur,1,common,pooled,0.90267524,0.8508142396947209,0.2764
all,level,defocus_blur,2,common,pooled,0.94731916,0.9107461453108523,0.1526
all,level,defocus_blur,3,common,pooled,0.97575844,0.9535968341438277,0.0704
all,level,defocus_blur,4,common,pooled,0.98546228,0.9694781738658969,0.0396
all,level,defocus_blur,5,common,pooled,0.99049036,0.9781321831771732,0.0254
all,level,glass_blur,1,common,pooled,0.77256996,0.7117920515862817,0.5844
all,level,glass_blur,2,common,pooled,0.86261552,0.8062225868687456,0.3938
all,level,glass_blur,3,common,pooled,0.88228588,0.8292762908758075,0.35
all,level,glass_blur,4,common,pooled,0.92011084,0.8752566683653459,0.243
all,level,glass_blur,5,common,pooled,0.96717292,0.9393312764325928,0.0988
all,level,motion_blur,1,common,pooled,0.73384004,0.666345789414616,0.6292
all,level,motion_blur,2,common,pooled,0.83434444,0.7679871077743594,0.4364
all,level,motion_blur,3,common,pooled,0.90271296,0.8500434707637576,0.2828
all,level,motion_blur,4,common,pooled,0.94058924,0.9002221602004096,0.1706
all,level,motion_blur,5,common,pooled,0.95616348,0.9225607686193428,0.1302
all,level,zoom_blur,1,common,pooled,0.88330944,0.834382588926152,0.3654
all,level,zoom_blur,2,common,pooled,0.91538392,0.8721648732661775,0.2686
all,level,zoom_blur,3,common,pooled,0.90465152,0.8610051230570113,0.3016
all,level,zoom_blur,4,common,pooled,0.9208522,0.8806677849776297,0.2584
all,level,zoom_blur,5,common,pooled,0.9146106,0.8728365256560816,0.2722
all,level,snow,1,common,pooled,0.6582466,0.5761476929922005,0.6494
all,level,snow,2,common,pooled,0.82737216,0.7329356710308373,0.3666
all,level,snow,3,common,pooled,0.77434508,0.6783237684393593,0.4564
all,level,snow,4,common,pooled,0.81766924,0.7266802798764636,0.3858
all,level,snow,5,common,pooled,0.8262548,0.7250883670981758,0.3368
all,level,frost,1,common,pooled,0.54966172,0.5024850580684898,0.8188
all,level,frost,2,common,pooled,0.59575664,0.5152494011231341,0.6916
all,level,frost,3,common,pooled,0.63123892,0.5322870841593215,0.6142
all,level,frost,4,common,pooled,0.62262476,0.5239656335032705,0.6178
all,level,frost,5,common,pooled,0.64756584,0.5380320232358259,0.5704
all,level,fog,1,common,pooled,0.8998622,0.867484024379308,0.3572
all,level,fog,2,common,pooled,0.9392768,0.9123858869841981,0.2168
all,level,fog,3,common,pooled,0.95770684,0.9343231752547919,0.1464
all,level,fog,4,common,pooled,0.9539058,0.927444606405619,0.157
all,level,fog,5,common,pooled,0.96267824,0.9361660932008768,0.1238
all,level,brightness,1,common,pooled,0.51511548,0.5098769700724818,0.929
all,level,brightness,2,common,pooled,0.55763228,0.5398812525672966,0.8854
all,level,brightness,3,common,pooled,0.61584548,0.582679953074388,0.802
all,level,brightness,4,common,pooled,0.68143704,0.6356199857562068,0.6986
all,level,brightness,5,common,pooled,0.7398264,0.6883689601044256,0.5834
all,level,contrast,1,common,pooled,0.91343364,0.8817120407496803,0.3122
all,level,contrast,2,common,pooled,0.96343088,0.9425865884508711,0.1306
all,level,contrast,3,common,pooled,0.98786772,0.9770948075318708,0.0388
all,level,contrast,4,common,pooled,0.99734064,0.9924624383189492,0.007
all,level,contrast,5,common,pooled,0.99907076,0.9952425622212657,0.0022
all,level,elastic_transform,1,common,pooled,0.49470592,0.49307413405721917,0.941
all,level,elastic_transform,2,common,pooled,0.48834448,0.4890075572425405,0.9404
all,level,elastic_transform,3,common,pooled,0.48377292,0.48586537381578476,0.942
all,level,elastic_transform,4,common,pooled,0.4838016,0.48566668487913056,0.9398
all,level,elastic_transform,5,common,pooled,0.48462468,0.48529397965728793,0.9296
all,level,pixelate,1,common,pooled,0.53868292,0.5210954697307569,0.915
all,level,pixelate,2,common,pooled,0.56089416,0.5356333561360864,0.893
all,level,pixelate,3,common,pooled,0.6196048,0.5793791323482702,0.8148
all,level,pixelate,4,common,pooled,0.69310168,0.6435200723099779,0.6996
all,level,pixelate,5,common,pooled,0.7028398,0.6490398594074175,0.6476
all,level,jpeg_compression,1,common,pooled,0.5107442,0.49317007846612215,0.9046
all,level,jpeg_compression,2,common,pooled,0.510136,0.49070842492342265,0.887
all,level,jpeg_compression,3,common,pooled,0.51343996,0.49157712187359937,0.8728
all,level,jpeg_compression,4,common,pooled,0.53435916,0.5015549270792957,0.8198
all,level,jpeg_compression,5,common,pooled,0.57590804,0.5259626993791593,0.747
all,level,speckle_noise,1,extra,pooled,0.79477604,0.7512279013471874,0.578
all,level,speckle_noise,2,extra,pooled,0.88620548,0.8658653154980235,0.4228
all,level,speckle_noise,3,extra,pooled,0.97704168,0.9747500999923652,0.1344
all,level,speckle_noise,4,extra,pooled,0.98995436,0.9881812721597327,0.0468
all,level,speckle_noise,5,extra,pooled,0.99610324,0.9954777486901675,0.009
all,level,gaussian_blur,1,extra,pooled,0.76191444,0.6987602669133527,0.5876
all,level,gaussian_blur,2,extra,pooled,0.93936924,0.8998721358935704,0.172
all,level,gaussian_blur,3,extra,pooled,0.97608436,0.9538906970940821,0.069
all,level,gaussian_blur,4,extra,pooled,0.98702012,0.9721115787294692,0.0346
all,level,gaussian_blur,5,extra,pooled,0.99399664,0.984726493898411,0.0154
all,level,spatter,1,extra,pooled,0.47174244,0.4806325629841286,0.9554
all,level,spatter,2,extra,pooled,0.5830964,0.532480379158392,0.7838
all,level,spatter,3,extra,pooled,0.79656936,0.7187063817562429,0.4864
all,level,spatter,4,extra,pooled,0.88964336,0.8773807149912517,0.4338
all,level,spatter,5,extra,pooled,0.9345372,0.9278228605719138,0.312
all,level,saturate,1,extra,pooled,0.5609902,0.5375930011094601,0.8956
all,level,saturate,2,extra,pooled,0.61148348,0.5689373045313298,0.8304
all,level,saturate,3,extra,pooled,0.56535028,0.5556332541589897,0.8966
all,level,saturate,4,extra,pooled,0.73131972,0.7075422222128669,0.671
all,level,saturate,5,extra,pooled,0.8406562,0.8372399891396846,0.5178
all,global_level,gaussian_noise,1,common,pooled,0.83869284,0.736733586356475,0.3054
all,global_level,gaussian_noise,2,common,pooled,0.95861024,0.9134418013369794,0.0868
all,global_level,gaussian_noise,3,common,pooled,0.99444084,0.987786737948967,0.0134
all,global_level,gaussian_noise,4,common,pooled,0.9993716,0.996481605335806,0.0008
all,global_level,gaussian_noise,5,common,pooled,0.99970856,0.9990513158810753,0.0004
all,global_level,shot_noise,1,common,pooled,0.83431736,0.7584679446359243,0.4458
all,global_level,shot_noise,2,common,pooled,0.95430888,0.9299839980490217,0.1714
all,global_level,shot_noise,3,common,pooled,0.9901766,0.9859671950991756,0.0384
all,global_level,shot_noise,4,common,pooled,0.99877276,0.9972017472459775,0.0012
all,global_level,shot_noise,5,common,pooled,0.99963924,0.9995541267073076,0.0006
all,global_level,impulse_noise,1,common,pooled,0.9503014,0.9056501921243763,0.1146
all,global_level,impulse_noise,2,common,pooled,0.9895126,0.9780372094273267,0.0238
all,global_level,impulse_noise,3,common,pooled,0.99742708,0.9933489742557136,0.0072
all,global_level,impulse_noise,4,common,pooled,0.9994372,0.997375664740059,0.0006
all,global_level,impulse_noise,5,common,pooled,0.99974448,0.999404916435269,0.0004
all,global_level,defocus_blur,1,common,pooled,0.82320588,0.745183285949224,0.4082
all,global_level,defocus_blur,2,common,pooled,0.8900932,0.8204498634845789,0.2666
all,global_level,defocus_blur,3,common,pooled,0.94194464,0.8902845793449372,0.138
all,global_level,defocus_blur,4,common,pooled,0.96293752,0.9226040802602107,0.0806
all,global_level,defocus_blur,5,common,pooled,0.97449096,0.9428927434327375,0.0526
all,global_level,glass_blur,1,common,pooled,0.67661268,0.6161087319739837,0.68
all,global_level,glass_blur,2,common,pooled,0.77819348,0.7034031504570151,0.5122
all,global_level,glass_blur,3,common,pooled,0.81160264,0.7373560067091802,0.4612
all,global_level,glass_blur,4,common,pooled,0.86024712,0.7892258919966026,0.3592
all,global_level,glass_blur,5,common,pooled,0.93012632,0.874341284527487,0.1732
all,global_level,motion_blur,1,common,pooled,0.64860428,0.5886311018051193,0.7042
all,global_level,motion_blur,2,common,pooled,0.74512932,0.6711244883235055,0.5666
all,global_level,motion_blur,3,common,pooled,0.82796548,0.7534774583179056,0.4222
all,global_level,motion_blur,4,common,pooled,0.88458036,0.8166791099693385,0.2926
all,global_level,motion_blur,5,common,pooled,0.91021972,0.8485444054172883,0.229
all,global_level,zoom_blur,1,common,pooled,0.80550532,0.7430349391953316,0.5402
all,global_level,zoom_blur,2,common,pooled,0.85236908,0.7891735634777597,0.416
all,global_level,zoom_blur,3,common,pooled,0.84010588,0.7785540575144912,0.4568
all,global_level,zoom_blur,4,common,pooled,0.86501732,0.8040904317669431,0.3872
all,global_level,zoom_blur,5,common,pooled,0.85801344,0.7956376097876886,0.4034
all,global_level,snow,1,common,pooled,0.61709056,0.5450907211508007,0.6626
all,global_level,snow,2,common,pooled,0.76983512,0.6608676063471415,0.4338
all,global_level,snow,3,common,pooled,0.73044444,0.6306878244158771,0.5074
all,global_level,snow,4,common,pooled,0.77465784,0.6739547174666064,0.4446
all,global_level,snow,5,common,pooled,0.75475128,0.6424018709974337,0.4258
all,global_level,frost,1,common,pooled,0.49854952,0.47466215916105825,0.8972
all,global_level,frost,2,common,pooled,0.50797796,0.4635292151247133,0.8136
all,global_level,frost,3,common,pooled,0.52867104,0.4682040123432391,0.734
all,global_level,frost,4,common,pooled,0.51438964,0.45908308296011446,0.7434
all,global_level,frost,5,common,pooled,0.53132632,0.4653419152739853,0.6976
all,global_level,fog,1,common,pooled,0.8023304,0.761774283064925,0.6328
all,global_level,fog,2,common,pooled,0.86067496,0.8178048366565848,0.4632
all,global_level,fog,3,common,pooled,0.89340332,0.8500793414570548,0.3576
all,global_level,fog,4,common,pooled,0.88714712,0.8374169935045725,0.3668
all,global_level,fog,5,common,pooled,0.90475364,0.8475335687948816,0.2886
all,global_level,brightness,1,common,pooled,0.51237572,0.509612054605716,0.9382
all,global_level,brightness,2,common,pooled,0.54378952,0.5331803879592023,0.9026
all,global_level,brightness,3,common,pooled,0.5870302,0.5654203367852613,0.857
all,global_level,brightness,4,common,pooled,0.63837276,0.6046848238163196,0.78
all,global_level,brightness,5,common,pooled,0.68681708,0.6444138827513504,0.681
all,global_level,contrast,1,common,pooled,0.82284,0.7803292528343685,0.567
all,global_level,contrast,2,common,pooled,0.90504476,0.865588131149604,0.3228
all,global_level,contrast,3,common,pooled,0.95981592,0.9340207243680788,0.1252
all,global_level,contrast,4,common,pooled,0.98929872,0.9798300653845912,0.0322
all,global_level,contrast,5,common,pooled,0.99758744,0.9932564497853172,0.0078
all,global_level,elastic_transform,1,common,pooled,0.48103808,0.479687171503585,0.943
all,global_level,elastic_transform,2,common,pooled,0.47668796,0.4764829099597767,0.942
all,global_level,elastic_transform,3,common,pooled,0.47208872,0.4728413973167056,0.9384
all,global_level,elastic_transform,4,common,pooled,0.46992188,0.4707172775192943,0.9332
all,global_level,elastic_transform,5,common,pooled,0.46870804,0.46880730211336175,0.9276
all,global_level,pixelate,1,common,pooled,0.49487584,0.49038867459727115,0.9362
all,global_level,pixelate,2,common,pooled,0.50602032,0.49680408058505304,0.9238
all,global_level,pixelate,3,common,pooled,0.5389762,0.5172034827956569,0.8692
all,global_level,pixelate,4,common,pooled,0.6101252,0.5627847552644336,0.7582
all,global_level,pixelate,5,common,pooled,0.64126972,0.5816622560392402,0.6964
all,global_level,jpeg_compression,1,common,pooled,0.48341204,0.47459827195105136,0.9168
all,global_level,jpeg_compression,2,common,pooled,0.4777922,0.4660946836020112,0.902
all,global_level,jpeg_compression,3,common,pooled,0.4787174,0.46371152263799953,0.8836
all,global_level,jpeg_compression,4,common,pooled,0.49649856,0.4681383839922884,0.8386
all,global_level,jpeg_compression,5,common,pooled,0.53727504,0.48823011220552404,0.7632
all,global_level,speckle_noise,1,extra,pooled,0.74409152,0.6801001529542734,0.6576
all,global_level,speckle_noise,2,extra,pooled,0.84573548,0.8027224828846721,0.5208
all,global_level,speckle_noise,3,extra,pooled,0.96289992,0.9593261395193726,0.197
all,global_level,speckle_noise,4,extra,pooled,0.98299424,0.9816069258094913,0.086
all,global_level,speckle_noise,5,extra,pooled,0.9931628,0.9927925000671785,0.0248
all,global_level,gaussian_blur,1,extra,pooled,0.666931,0.6055111210912707,0.6724
all,global_level,gaussian_blur,2,extra,pooled,0.87601996,0.803401096882765,0.3
all,global_level,gaussian_blur,3,extra,pooled,0.94099208,0.8878451071873714,0.1374
all,global_level,gaussian_blur,4,extra,pooled,0.96492124,0.9252441525038171,0.077
all,global_level,gaussian_blur,5,extra,pooled,0.98209236,0.9569183328979347,0.0352
all,global_level,spatter,1,extra,pooled,0.47107184,0.47551200511728003,0.953
all,global_level,spatter,2,extra,pooled,0.57796356,0.528210722843951,0.7648
all,global_level,spatter,3,extra,pooled,0.7692612,0.6726959090286244,0.4616
all,global_level,spatter,4,extra,pooled,0.88717896,0.8658817185065878,0.4256
all,global_level,spatter,5,extra,pooled,0.92744536,0.9156645907681653,0.3278
all,global_level,saturate,1,extra,pooled,0.51635408,0.5077379630470469,0.9412
all,global_level,saturate,2,extra,pooled,0.5433532,0.522469236363914,0.9088
all,global_level,saturate,3,extra,pooled,0.56053472,0.551631052512397,0.892
all,global_level,saturate,4,extra,pooled,0.69078296,0.6690280649598783,0.7116
all,global_level,saturate,5,extra,pooled,0.80197584,0.797317106943745,0.5896
all,means_knn,gaussian_noise,1,common,pooled,0.9238134,0.8898492730435783,0.2374
all,means_knn,gaussian_noise,2,common,pooled,0.98305292,0.9707916831758127,0.0568
all,means_knn,gaussian_noise,3,common,pooled,0.99649028,0.9916634483434691,0.0106
all,means_knn,gaussian_noise,4,common,pooled,0.99921112,0.9967391929129039,0.0014
all,means_knn,gaussian_noise,5,common,pooled,0.9997492,0.9994164950340029,0.0004
all,means_knn,shot_noise,1,common,pooled,0.90970404,0.8826766349457009,0.3068
all,means_knn,shot_noise,2,common,pooled,0.98031232,0.9698412458568958,0.0692
all,means_knn,shot_noise,3,common,pooled,0.99527912,0.9907171133165987,0.0144
all,means_knn,shot_noise,4,common,pooled,0.99934216,0.9979993966201973,0.0016
all,means_knn,shot_noise,5,common,pooled,0.99978636,0.9997014624851952,0.0004
all,means_knn,impulse_noise,1,common,pooled,0.96570864,0.9455650613821401,0.1054
all,means_knn,impulse_noise,2,common,pooled,0.99304032,0.9860804881710454,0.0198
all,means_knn,impulse_noise,3,common,pooled,0.99734116,0.993208621212879,0.0062
all,means_knn,impulse_noise,4,common,pooled,0.9994308,0.9977681469007091,0.0008
all,means_knn,impulse_noise,5,common,pooled,0.99978496,0.9995474829854634,0.0004
all,means_knn,defocus_blur,1,common,pooled,0.77875768,0.7108229796768649,0.5514
all,means_knn,defocus_blur,2,common,pooled,0.84369824,0.7774800861409008,0.4006
all,means_knn,defocus_blur,3,common,pooled,0.90560992,0.850949691775229,0.2484
all,means_knn,defocus_blur,4,common,pooled,0.94054336,0.8986958778587884,0.1562
all,means_knn,defocus_blur,5,common,pooled,0.96076776,0.92843759935053,0.1026
all,means_knn,glass_blur,1,common,pooled,0.6623724,0.603233503300067,0.7496
all,means_knn,glass_blur,2,common,pooled,0.7519878,0.6794193829487755,0.589
all,means_knn,glass_blur,3,common,pooled,0.8075044,0.7292677030468288,0.4646
all,means_knn,glass_blur,4,common,pooled,0.84188308,0.7666368762794339,0.3872
all,means_knn,glass_blur,5,common,pooled,0.91173604,0.8545292357053607,0.2224
all,means_knn,motion_blur,1,common,pooled,0.67016284,0.6209096958906749,0.7748
all,means_knn,motion_blur,2,common,pooled,0.75018264,0.690937259722091,0.6374
all,means_knn,motion_blur,3,common,pooled,0.81943088,0.7576801406936708,0.4814
all,means_knn,motion_blur,4,common,pooled,0.87257004,0.8161903504234508,0.3478
all,means_knn,motion_blur,5,common,pooled,0.89745528,0.8459689609040324,0.2886
all,means_knn,zoom_blur,1,common,pooled,0.69044476,0.6288486095620326,0.7008
all,means_knn,zoom_blur,2,common,pooled,0.74385676,0.6760228282970172,0.595
all,means_knn,zoom_blur,3,common,pooled,0.73952352,0.6719095201174434,0.6076
all,means_knn,zoom_blur,4,common,pooled,0.77037908,0.7007410575046502,0.5444
all,means_knn,zoom_blur,5,common,pooled,0.77386572,0.7025123807518373,0.5374
all,means_knn,snow,1,common,pooled,0.75649884,0.7045686899343762,0.6294
all,means_knn,snow,2,common,pooled,0.94021128,0.9098214304251884,0.18
all,means_knn,snow,3,common,pooled,0.90789852,0.8658984238903835,0.2686
all,means_knn,snow,4,common,pooled,0.94908812,0.9192483600502697,0.1464
all,means_knn,snow,5,common,pooled,0.96354472,0.9425242128368977,0.109
all,means_knn,frost,1,common,pooled,0.70891308,0.6750328045705128,0.763
all,means_knn,frost,2,common,pooled,0.81991128,0.7747760587182969,0.5098
all,means_knn,frost,3,common,pooled,0.87938244,0.8374924798451501,0.37
all,means_knn,frost,4,common,pooled,0.87583784,0.8290428366356425,0.3706
all,means_knn,frost,5,common,pooled,0.902845,0.860829742531935,0.298
all,means_knn,fog,1,common,pooled,0.5335134,0.49305707421059786,0.842
all,means_knn,fog,2,common,pooled,0.5674392,0.5137389957345131,0.796
all,means_knn,fog,3,common,pooled,0.58846592,0.5279985915148264,0.7758
all,means_knn,fog,4,common,pooled,0.573369,0.5147639211772377,0.7884
all,means_knn,fog,5,common,pooled,0.59583912,0.5274973095215193,0.7558
all,means_knn,brightness,1,common,pooled,0.56798672,0.5592821164619396,0.9148
all,means_knn,brightness,2,common,pooled,0.67171756,0.6523984666056132,0.8306
all,means_knn,brightness,3,common,pooled,0.77887852,0.7548712526703646,0.6664
all,means_knn,brightness,4,common,pooled,0.87344996,0.8510006238381025,0.4438
all,means_knn,brightness,5,common,pooled,0.93426704,0.9172050767301031,0.245
all,means_knn,contrast,1,common,pooled,0.69518944,0.6462263659953207,0.7182
all,means_knn,contrast,2,common,pooled,0.78123136,0.7301803895542472,0.57
all,means_knn,contrast,3,common,pooled,0.87721964,0.8375623096846355,0.3728
all,means_knn,contrast,4,common,pooled,0.96888948,0.9522125467485087,0.1066
all,means_knn,contrast,5,common,pooled,0.99426004,0.9874681853017119,0.018
all,means_knn,elastic_transform,1,common,pooled,0.48798084,0.4862323985193937,0.9442
all,means_knn,elastic_transform,2,common,pooled,0.4913978,0.48715485848836915,0.9398
all,means_knn,elastic_transform,3,common,pooled,0.50213356,0.4923778412578059,0.927
all,means_knn,elastic_transform,4,common,pooled,0.51560988,0.4997772217575622,0.9166
all,means_knn,elastic_transform,5,common,pooled,0.5397416,0.5142757466279628,0.8984
all,means_knn,pixelate,1,common,pooled,0.49513172,0.48817963672483633,0.9302
all,means_knn,pixelate,2,common,pooled,0.50961456,0.4964345164678577,0.9156
all,means_knn,pixelate,3,common,pooled,0.57391208,0.536937089259917,0.8556
all,means_knn,pixelate,4,common,pooled,0.69851396,0.6356108743214047,0.697
all,means_knn,pixelate,5,common,pooled,0.7792182,0.7121423319919933,0.555
all,means_knn,jpeg_compression,1,common,pooled,0.52177636,0.5065866369134252,0.9134
all,means_knn,jpeg_compression,2,common,pooled,0.53965112,0.5166289430303428,0.894
all,means_knn,jpeg_compression,3,common,pooled,0.55202272,0.5235669122135086,0.8822
all,means_knn,jpeg_compression,4,common,pooled,0.60032308,0.5545780928564363,0.8188
all,means_knn,jpeg_compression,5,common,pooled,0.66043152,0.5964685192284742,0.729
all,means_knn,speckle_noise,1,extra,pooled,0.82950772,0.8066151675936377,0.555
all,means_knn,speckle_noise,2,extra,pooled,0.90551232,0.888138850172175,0.3482
all,means_knn,speckle_noise,3,extra,pooled,0.98334016,0.9768085692986094,0.068
all,means_knn,speckle_noise,4,extra,pooled,0.99358952,0.990160144120534,0.0254
all,means_knn,speckle_noise,5,extra,pooled,0.99798696,0.9969232816797011,0.0086
all,means_knn,gaussian_blur,1,extra,pooled,0.65687228,0.6037038787378702,0.7746
all,means_knn,gaussian_blur,2,extra,pooled,0.8344178,0.7693290982009371,0.4262
all,means_knn,gaussian_blur,3,extra,pooled,0.90906764,0.856285059475192,0.2412
all,means_knn,gaussian_blur,4,extra,pooled,0.94475588,0.9043140645845172,0.1458
all,means_knn,gaussian_blur,5,extra,pooled,0.97547472,0.9508885477723249,0.0638
all,means_knn,spatter,1,extra,pooled,0.48930996,0.4917424203720908,0.955
all,means_knn,spatter,2,extra,pooled,0.597545,0.5689391097850462,0.8678
all,means_knn,spatter,3,extra,pooled,0.7640978,0.7109208195171012,0.6206
all,means_knn,spatter,4,extra,pooled,0.80814356,0.7818812576802141,0.5714
all,means_knn,spatter,5,extra,pooled,0.88126072,0.8497068808229046,0.3676
all,means_knn,saturate,1,extra,pooled,0.460189,0.4581965842781547,0.9392
all,means_knn,saturate,2,extra,pooled,0.49294104,0.47431862852104506,0.905
all,means_knn,saturate,3,extra,pooled,0.68903828,0.6781300005431758,0.8352
all,means_knn,saturate,4,extra,pooled,0.9081286,0.8941758579519403,0.365
all,means_knn,saturate,5,extra,pooled,0.96605124,0.9603483583260035,0.151
all,means_own,gaussian_noise,1,common,pooled,0.81087316,0.7092602828826435,0.3892
all,means_own,gaussian_noise,2,common,pooled,0.94541636,0.8902749002511324,0.1208
all,means_own,gaussian_noise,3,common,pooled,0.99104844,0.9805446259773608,0.0198
all,means_own,gaussian_noise,4,common,pooled,0.99931724,0.996295045987458,0.001
all,means_own,gaussian_noise,5,common,pooled,0.99970224,0.9993186542705189,0.0004
all,means_own,shot_noise,1,common,pooled,0.8065314,0.7303890685054844,0.5158
all,means_own,shot_noise,2,common,pooled,0.94133632,0.9096714133973716,0.2048
all,means_own,shot_noise,3,common,pooled,0.98633316,0.980338753035377,0.0492
all,means_own,shot_noise,4,common,pooled,0.99862408,0.9970255970246164,0.0034
all,means_own,shot_noise,5,common,pooled,0.99967108,0.9996169508226995,0.0006
all,means_own,impulse_noise,1,common,pooled,0.93664168,0.8799774068092648,0.1436
all,means_own,impulse_noise,2,common,pooled,0.98439784,0.9666568232333291,0.034
all,means_own,impulse_noise,3,common,pooled,0.99511972,0.9893142558609684,0.0104
all,means_own,impulse_noise,4,common,pooled,0.999421,0.997224856772562,0.0006
all,means_own,impulse_noise,5,common,pooled,0.99974548,0.9995244585298064,0.0004
all,means_own,defocus_blur,1,common,pooled,0.79655748,0.7238343790597009,0.4912
all,means_own,defocus_blur,2,common,pooled,0.87019964,0.8002633793291111,0.3206
all,means_own,defocus_blur,3,common,pooled,0.93099564,0.8765334968084476,0.164
all,means_own,defocus_blur,4,common,pooled,0.95684856,0.9144298916971447,0.0984
all,means_own,defocus_blur,5,common,pooled,0.97115108,0.9383506479733531,0.062
all,means_own,glass_blur,1,common,pooled,0.66294716,0.6110008811909429,0.7278
all,means_own,glass_blur,2,common,pooled,0.76509208,0.6956093522159428,0.556
all,means_own,glass_blur,3,common,pooled,0.82456488,0.7525021573107737,0.4382
all,means_own,glass_blur,4,common,pooled,0.87283364,0.8053964450439258,0.3194
all,means_own,glass_blur,5,common,pooled,0.93648916,0.8851933721080906,0.154
all,means_own,motion_blur,1,common,pooled,0.62212184,0.5773987236187805,0.7828
all,means_own,motion_blur,2,common,pooled,0.71752068,0.6536499658467008,0.6478
all,means_own,motion_blur,3,common,pooled,0.80965544,0.7376865232344314,0.4738
all,means_own,motion_blur,4,common,pooled,0.87743008,0.8089853034953235,0.312
all,means_own,motion_blur,5,common,pooled,0.90867388,0.8469983992780608,0.2358
all,means_own,zoom_blur,1,common,pooled,0.80130996,0.7358815007546025,0.526
all,means_own,zoom_blur,2,common,pooled,0.85616148,0.7891547393344078,0.39
all,means_own,zoom_blur,3,common,pooled,0.85514368,0.788236239064805,0.3938
all,means_own,zoom_blur,4,common,pooled,0.88258916,0.8180655100942038,0.3104
all,means_own,zoom_blur,5,common,pooled,0.88060116,0.8151550298842799,0.3166
all,means_own,snow,1,common,pooled,0.60796012,0.5389414048122186,0.7114
all,means_own,snow,2,common,pooled,0.75484276,0.6494228959005004,0.4938
all,means_own,snow,3,common,pooled,0.7286804,0.6272083851612633,0.5322
all,means_own,snow,4,common,pooled,0.78151788,0.6779991161800627,0.4526
all,means_own,snow,5,common,pooled,0.75157776,0.6462414744640854,0.4726
all,means_own,frost,1,common,pooled,0.50299516,0.4805960980591083,0.9052
all,means_own,frost,2,common,pooled,0.5186156,0.47398430841517103,0.8228
all,means_own,frost,3,common,pooled,0.54522608,0.482976527848922,0.7496
all,means_own,frost,4,common,pooled,0.53711344,0.4766015708419978,0.76
all,means_own,frost,5,common,pooled,0.56007992,0.48651451943120716,0.7058
all,means_own,fog,1,common,pooled,0.77339868,0.7340821626688742,0.6758
all,means_own,fog,2,common,pooled,0.83252852,0.7886975195995447,0.535
all,means_own,fog,3,common,pooled,0.86742216,0.8215920050587185,0.4334
all,means_own,fog,4,common,pooled,0.86097928,0.8101089422923105,0.4384
all,means_own,fog,5,common,pooled,0.88148328,0.82365507173995,0.3652
all,means_own,brightness,1,common,pooled,0.51041288,0.5081166779970514,0.943
all,means_own,brightness,2,common,pooled,0.53677748,0.5278982559871028,0.9254
all,means_own,brightness,3,common,pooled,0.57342284,0.5558167895988567,0.8944
all,means_own,brightness,4,common,pooled,0.6180736,0.590517950908392,0.8296
all,means_own,brightness,5,common,pooled,0.6623996,0.6269845307551516,0.755
all,means_own,contrast,1,common,pooled,0.79383068,0.7527972376143296,0.6294
all,means_own,contrast,2,common,pooled,0.88066012,0.8383384469635003,0.3932
all,means_own,contrast,3,common,pooled,0.94500484,0.9137790511927261,0.1708
all,means_own,contrast,4,common,pooled,0.98378388,0.9708805051179732,0.0466
all,means_own,contrast,5,common,pooled,0.99602472,0.9911557454593454,0.0112
all,means_own,elastic_transform,1,common,pooled,0.49052628,0.4874685486496485,0.9344
all,means_own,elastic_transform,2,common,pooled,0.49329968,0.4872816621176207,0.9274
all,means_own,elastic_transform,3,common,pooled,0.50325188,0.4904671731448876,0.9134
all,means_own,elastic_transform,4,common,pooled,0.51590996,0.495553127781292,0.8962
all,means_own,elastic_transform,5,common,pooled,0.53782832,0.5059582916426127,0.8588
all,means_own,pixelate,1,common,pooled,0.4956892,0.4931662909346734,0.9388
all,means_own,pixelate,2,common,pooled,0.50543456,0.4988634372596583,0.9252
all,means_own,pixelate,3,common,pooled,0.54860228,0.5236501225502529,0.867
all,means_own,pixelate,4,common,pooled,0.65728676,0.5974162805749409,0.7094
all,means_own,pixelate,5,common,pooled,0.73207196,0.6567284101452789,0.5836
all,means_own,jpeg_compression,1,common,pooled,0.48531508,0.4779988978419614,0.9218
all,means_own,jpeg_compression,2,common,pooled,0.48059912,0.46975171668703186,0.9042
all,means_own,jpeg_compression,3,common,pooled,0.48227832,0.46751256321591067,0.8904
all,means_own,jpeg_compression,4,common,pooled,0.50892864,0.47695789889135265,0.8348
all,means_own,jpeg_compression,5,common,pooled,0.5742918,0.5133362364927584,0.7494
all,means_own,speckle_noise,1,extra,pooled,0.71790748,0.6574764657028291,0.7128
all,means_own,speckle_noise,2,extra,pooled,0.82120032,0.7746103308887947,0.5738
all,means_own,speckle_noise,3,extra,pooled,0.95414316,0.9483684230349558,0.2342
all,means_own,speckle_noise,4,extra,pooled,0.97909296,0.9773633228345447,0.1042
all,means_own,speckle_noise,5,extra,pooled,0.99198032,0.9917177529996123,0.0316
all,means_own,gaussian_blur,1,extra,pooled,0.6440554,0.5951652217633842,0.7454
all,means_own,gaussian_blur,2,extra,pooled,0.85508056,0.7830182758347938,0.3558
all,means_own,gaussian_blur,3,extra,pooled,0.92886208,0.8724955150705445,0.1694
all,means_own,gaussian_blur,4,extra,pooled,0.9577602,0.9150063496046084,0.0964
all,means_own,gaussian_blur,5,extra,pooled,0.9793548,0.9531198209321559,0.0408
all,means_own,spatter,1,extra,pooled,0.47282148,0.47532888789439215,0.953
all,means_own,spatter,2,extra,pooled,0.56855464,0.5168129524900209,0.7742
all,means_own,spatter,3,extra,pooled,0.7525528,0.6514010985928544,0.5064
all,means_own,spatter,4,extra,pooled,0.8758054,0.8529263907304927,0.4666
all,means_own,spatter,5,extra,pooled,0.9214354,0.9059640263969382,0.3284
all,means_own,saturate,1,extra,pooled,0.51086084,0.5070671094493068,0.9426
all,means_own,saturate,2,extra,pooled,0.53099624,0.5185688507955104,0.9236
all,means_own,saturate,3,extra,pooled,0.55298708,0.5430627970277266,0.9146
all,means_own,saturate,4,extra,pooled,0.67088812,0.6484809465901615,0.774
all,means_own,saturate,5,extra,pooled,0.78104844,0.7762388627593039,0.6612
all,saod_top3,gaussian_noise,1,common,pooled,0.54097614,0.5283486974366569,0.9252
all,saod_top3,gaussian_noise,2,common,pooled,0.5755893,0.553899405625332,0.902
all,saod_top3,gaussian_noise,3,common,pooled,0.64602488,0.6194762858583607,0.8224
all,saod_top3,gaussian_noise,4,common,pooled,0.75597208,0.7324440858820058,0.6832
all,saod_top3,gaussian_noise,5,common,pooled,0.8912344,0.8740386913687348,0.4436
all,saod_top3,shot_noise,1,common,pooled,0.5368884,0.5259954183189934,0.9252
all,saod_top3,shot_noise,2,common,pooled,0.5772354,0.5583728367383085,0.8994
all,saod_top3,shot_noise,3,common,pooled,0.63839432,0.6140596191290564,0.8336
all,saod_top3,shot_noise,4,common,pooled,0.76734798,0.7442011050407129,0.6658
all,saod_top3,shot_noise,5,common,pooled,0.86540132,0.8459169817459942,0.4998
all,saod_top3,impulse_noise,1,common,pooled,0.57122394,0.5543978720465835,0.9102
all,saod_top3,impulse_noise,2,common,pooled,0.6129037,0.5891297182038906,0.8618
all,saod_top3,impulse_noise,3,common,pooled,0.652544,0.6252722224012295,0.8176
all,saod_top3,impulse_noise,4,common,pooled,0.76676168,0.7422095546670937,0.6696
all,saod_top3,impulse_noise,5,common,pooled,0.88592784,0.8675049003006192,0.4548
all,saod_top3,defocus_blur,1,common,pooled,0.5600589,0.5400412977653274,0.8914
all,saod_top3,defocus_blur,2,common,pooled,0.59413662,0.565019549016999,0.849
all,saod_top3,defocus_blur,3,common,pooled,0.65702824,0.6189542087755976,0.768
all,saod_top3,defocus_blur,4,common,pooled,0.71268336,0.6737184680551436,0.6988
all,saod_top3,defocus_blur,5,common,pooled,0.76373784,0.7279500930841388,0.6302
all,saod_top3,glass_blur,1,common,pooled,0.56452164,0.5431775671105206,0.902
all,saod_top3,glass_blur,2,common,pooled,0.61369142,0.581173158328186,0.8422
all,saod_top3,glass_blur,3,common,pooled,0.74377892,0.7151906842508297,0.6996
all,saod_top3,glass_blur,4,common,pooled,0.77201828,0.7449003237115032,0.6586
all,saod_top3,glass_blur,5,common,pooled,0.80980356,0.7855051013940529,0.5932
all,saod_top3,motion_blur,1,common,pooled,0.5428078,0.5288409034776043,0.9152
all,saod_top3,motion_blur,2,common,pooled,0.58034592,0.5563153938256991,0.8778
all,saod_top3,motion_blur,3,common,pooled,0.64611092,0.6100381696616026,0.7908
all,saod_top3,motion_blur,4,common,pooled,0.71885812,0.6800389347653376,0.698
all,saod_top3,motion_blur,5,common,pooled,0.76864106,0.7312613028649705,0.6258
all,saod_top3,zoom_blur,1,common,pooled,0.70869972,0.6651028980091159,0.7006
all,saod_top3,zoom_blur,2,common,pooled,0.76812888,0.727872862338037,0.626
all,saod_top3,zoom_blur,3,common,pooled,0.8171904,0.7784152533417953,0.5346
all,saod_top3,zoom_blur,4,common,pooled,0.85205842,0.8171283412695727,0.4666
all,saod_top3,zoom_blur,5,common,pooled,0.87853918,0.8450779253280819,0.3968
all,saod_top3,snow,1,common,pooled,0.56905654,0.5527601140552838,0.915
all,saod_top3,snow,2,common,pooled,0.62967904,0.6056261827654505,0.8616
all,saod_top3,snow,3,common,pooled,0.64107828,0.6223175832120256,0.8474
all,saod_top3,snow,4,common,pooled,0.69010068,0.6745062885241159,0.7802
all,saod_top3,snow,5,common,pooled,0.6847057,0.6651242816995534,0.7908
all,saod_top3,frost,1,common,pooled,0.54638074,0.5353706431303247,0.9332
all,saod_top3,frost,2,common,pooled,0.60164284,0.585607000982783,0.8938
all,saod_top3,frost,3,common,pooled,0.64477738,0.630734160016136,0.8544
all,saod_top3,frost,4,common,pooled,0.65245424,0.6384358914996003,0.8434
all,saod_top3,frost,5,common,pooled,0.6788012,0.667373901744649,0.8128
all,saod_top3,fog,1,common,pooled,0.52091146,0.516010174785049,0.9436
all,saod_top3,fog,2,common,pooled,0.5294113,0.5225296574654779,0.9398
all,saod_top3,fog,3,common,pooled,0.54091922,0.5310188677322834,0.9328
all,saod_top3,fog,4,common,pooled,0.54634172,0.5354761606444274,0.9314
all,saod_top3,fog,5,common,pooled,0.56756016,0.5528357368549388,0.916
all,saod_top3,brightness,1,common,pooled,0.49989842,0.5002459455523678,0.9512
all,saod_top3,brightness,2,common,pooled,0.50603728,0.5048140420858807,0.9472
all,saod_top3,brightness,3,common,pooled,0.5160391,0.511831459765118,0.9422
all,saod_top3,brightness,4,common,pooled,0.52905968,0.5209200671157881,0.938
all,saod_top3,brightness,5,common,pooled,0.54451504,0.533865277062685,0.9292
all,saod_top3,contrast,1,common,pooled,0.51724098,0.5139258095409307,0.9452
all,saod_top3,contrast,2,common,pooled,0.52887354,0.5224604141600615,0.9398
all,saod_top3,contrast,3,common,pooled,0.5513137,0.540195811005701,0.9266
all,saod_top3,contrast,4,common,pooled,0.61853982,0.5960912293705295,0.8586
all,saod_top3,contrast,5,common,pooled,0.75653094,0.7400383132361522,0.6808
all,saod_top3,elastic_transform,1,common,pooled,0.5381822,0.5263066669565544,0.926
all,saod_top3,elastic_transform,2,common,pooled,0.56419276,0.5515387526822243,0.9184
all,saod_top3,elastic_transform,3,common,pooled,0.61144204,0.5974173015484869,0.8792
all,saod_top3,elastic_transform,4,common,pooled,0.65126486,0.6377668000661214,0.8566
all,saod_top3,elastic_transform,5,common,pooled,0.70635012,0.6963484648458489,0.799
all,saod_top3,pixelate,1,common,pooled,0.52671914,0.5168203395457496,0.9342
all,saod_top3,pixelate,2,common,pooled,0.53447388,0.5231239975041709,0.9302
all,saod_top3,pixelate,3,common,pooled,0.61556688,0.5948906151646798,0.876
all,saod_top3,pixelate,4,common,pooled,0.77314284,0.7625686207679023,0.6942
all,saod_top3,pixelate,5,common,pooled,0.87869412,0.8693337288176657,0.4878
all,saod_top3,jpeg_compression,1,common,pooled,0.5528913,0.5319097791904737,0.904
all,saod_top3,jpeg_compression,2,common,pooled,0.57732672,0.5498481878425008,0.8838
all,saod_top3,jpeg_compression,3,common,pooled,0.59681154,0.5670504244191805,0.8654
all,saod_top3,jpeg_compression,4,common,pooled,0.6641236,0.6313897013108722,0.7872
all,saod_top3,jpeg_compression,5,common,pooled,0.75049358,0.7222663205735462,0.6906
all,saod_top3,speckle_noise,1,extra,pooled,0.52785864,0.520231985932527,0.9332
all,saod_top3,speckle_noise,2,extra,pooled,0.5457885,0.5334823417440928,0.9238
all,saod_top3,speckle_noise,3,extra,pooled,0.61187532,0.591302729609172,0.8718
all,saod_top3,speckle_noise,4,extra,pooled,0.65975676,0.6364295028455511,0.8128
all,saod_top3,speckle_noise,5,extra,pooled,0.7292234,0.7090090541298615,0.7388
all,saod_top3,gaussian_blur,1,extra,pooled,0.52454376,0.5143597485842639,0.9252
all,saod_top3,gaussian_blur,2,extra,pooled,0.5786638,0.5518592073810455,0.8714
all,saod_top3,gaussian_blur,3,extra,pooled,0.63190728,0.5959388150446769,0.7934
all,saod_top3,gaussian_blur,4,extra,pooled,0.6811566,0.6415469107528815,0.737
all,saod_top3,gaussian_blur,5,extra,pooled,0.76974752,0.7358004198747466,0.6246
all,saod_top3,spatter,1,extra,pooled,0.50679362,0.504425512150409,0.9454
all,saod_top3,spatter,2,extra,pooled,0.54935454,0.5355278030630635,0.9238
all,saod_top3,spatter,3,extra,pooled,0.57970238,0.5612120903736333,0.9034
all,saod_top3,spatter,4,extra,pooled,0.6282267,0.604767748171974,0.8494
all,saod_top3,spatter,5,extra,pooled,0.6875751,0.6634156314567006,0.7772
all,saod_top3,saturate,1,extra,pooled,0.5138736,0.5102152231410226,0.945
all,saod_top3,saturate,2,extra,pooled,0.52722116,0.5202663738550016,0.937
all,saod_top3,saturate,3,extra,pooled,0.51003918,0.5062661230334338,0.945
all,saod_top3,saturate,4,extra,pooled,0.53899274,0.5253400808921913,0.928
all,saod_top3,saturate,5,extra,pooled,0.57144488,0.5497866937942125,0.902
all,saod_min,gaussian_noise,1,common,pooled,0.55051664,0.5407225368998729,0.9286
all,saod_min,gaussian_noise,2,common,pooled,0.59376798,0.5803840682029077,0.9136
all,saod_min,gaussian_noise,3,common,pooled,0.67852114,0.6659705839034911,0.8534
all,saod_min,gaussian_noise,4,common,pooled,0.80468456,0.7919101539161884,0.7008
all,saod_min,gaussian_noise,5,common,pooled,0.92824894,0.9152155372960745,0.3204
all,saod_min,shot_noise,1,common,pooled,0.5438908,0.5360643186481096,0.9332
all,saod_min,shot_noise,2,common,pooled,0.59070234,0.5803051256439042,0.9094
all,saod_min,shot_noise,3,common,pooled,0.66835788,0.6561488264713309,0.8564
all,saod_min,shot_noise,4,common,pooled,0.81675774,0.8033718769264534,0.6736
all,saod_min,shot_noise,5,common,pooled,0.9097355,0.8947800387649264,0.3766
all,saod_min,impulse_noise,1,common,pooled,0.58539858,0.5771342399609656,0.9148
all,saod_min,impulse_noise,2,common,pooled,0.6347353,0.6239994921120264,0.8824
all,saod_min,impulse_noise,3,common,pooled,0.68444322,0.673026086068251,0.8504
all,saod_min,impulse_noise,4,common,pooled,0.81223928,0.799784123774172,0.6864
all,saod_min,impulse_noise,5,common,pooled,0.9232977,0.9092090674593895,0.334
all,saod_min,defocus_blur,1,common,pooled,0.57836948,0.5578155833681608,0.9108
all,saod_min,defocus_blur,2,common,pooled,0.6158572,0.5903961331640565,0.8894
all,saod_min,defocus_blur,3,common,pooled,0.68361172,0.6562805250076412,0.8398
all,saod_min,defocus_blur,4,common,pooled,0.74290618,0.716079241268695,0.7706
all,saod_min,defocus_blur,5,common,pooled,0.7956039,0.7729325304055845,0.67
all,saod_min,glass_blur,1,common,pooled,0.5782203,0.5626639019546988,0.9126
all,saod_min,glass_blur,2,common,pooled,0.63566612,0.6142390347501987,0.8758
all,saod_min,glass_blur,3,common,pooled,0.77044146,0.7604797568835168,0.7588
all,saod_min,glass_blur,4,common,pooled,0.79925518,0.7892917476289941,0.7044
all,saod_min,glass_blur,5,common,pooled,0.84047524,0.829902552116328,0.6156
all,saod_min,motion_blur,1,common,pooled,0.55206642,0.538989026660414,0.9286
all,saod_min,motion_blur,2,common,pooled,0.59485022,0.5751503621596845,0.9108
all,saod_min,motion_blur,3,common,pooled,0.6623909,0.6399914025976596,0.8638
all,saod_min,motion_blur,4,common,pooled,0.74219098,0.7217852790956869,0.7872
all,saod_min,motion_blur,5,common,pooled,0.7933673,0.7750019073426876,0.7094
all,saod_min,zoom_blur,1,common,pooled,0.73304036,0.7045256661457742,0.7808
all,saod_min,zoom_blur,2,common,pooled,0.7892846,0.7664931183176416,0.6932
all,saod_min,zoom_blur,3,common,pooled,0.83687176,0.8166597512819296,0.5998
all,saod_min,zoom_blur,4,common,pooled,0.86393938,0.8477941865721735,0.5466
all,saod_min,zoom_blur,5,common,pooled,0.8881412,0.8729344001892634,0.4798
all,saod_min,snow,1,common,pooled,0.5874092,0.5811747172252804,0.9118
all,saod_min,snow,2,common,pooled,0.65317674,0.6461397843158537,0.8772
all,saod_min,snow,3,common,pooled,0.67635758,0.6705445279707463,0.86
all,saod_min,snow,4,common,pooled,0.7356695,0.7290396834618902,0.8184
all,saod_min,snow,5,common,pooled,0.7245801,0.7174380590676152,0.8308
all,saod_min,frost,1,common,pooled,0.55443472,0.5512584434173486,0.9288
all,saod_min,frost,2,common,pooled,0.62050052,0.6153783602632618,0.9026
all,saod_min,frost,3,common,pooled,0.67270748,0.6682625139821905,0.855
all,saod_min,frost,4,common,pooled,0.67869276,0.6768760081956027,0.8554
all,saod_min,frost,5,common,pooled,0.7124111,0.7103345778735598,0.8262
all,saod_min,fog,1,common,pooled,0.51589232,0.51442772775349,0.9458
all,saod_min,fog,2,common,pooled,0.52573736,0.5229599386117421,0.9404
all,saod_min,fog,3,common,pooled,0.53974126,0.5333648579100208,0.9346
all,saod_min,fog,4,common,pooled,0.5470342,0.541757957400793,0.9292
all,saod_min,fog,5,common,pooled,0.57359152,0.5654296947646735,0.917
all,saod_min,brightness,1,common,pooled,0.49896802,0.5003483374409575,0.9492
all,saod_min,brightness,2,common,pooled,0.50603148,0.5075011131983486,0.947
all,saod_min,brightness,3,common,pooled,0.51632854,0.5163969996870041,0.9452
all,saod_min,brightness,4,common,pooled,0.53062592,0.5294081627735618,0.937
all,saod_min,brightness,5,common,pooled,0.54931612,0.5476018751873681,0.933
all,saod_min,contrast,1,common,pooled,0.51245256,0.511753126646948,0.9458
all,saod_min,contrast,2,common,pooled,0.52576544,0.5229516552347102,0.94
all,saod_min,contrast,3,common,pooled,0.55323218,0.5460774008236293,0.9296
all,saod_min,contrast,4,common,pooled,0.64156996,0.6249239079276414,0.8678
all,saod_min,contrast,5,common,pooled,0.80152446,0.7878083928317825,0.6806
all,saod_min,elastic_transform,1,common,pooled,0.54598114,0.538553293477275,0.927
all,saod_min,elastic_transform,2,common,pooled,0.57611626,0.5711551320357149,0.9158
all,saod_min,elastic_transform,3,common,pooled,0.62831606,0.6282935595590481,0.9006
all,saod_min,elastic_transform,4,common,pooled,0.6701565,0.6726564310760175,0.879
all,saod_min,elastic_transform,5,common,pooled,0.73501176,0.738404577114063,0.8286
all,saod_min,pixelate,1,common,pooled,0.53148786,0.5261025877375287,0.935
all,saod_min,pixelate,2,common,pooled,0.540877,0.534594008097937,0.9322
all,saod_min,pixelate,3,common,pooled,0.62906096,0.6275116740738338,0.904
all,saod_min,pixelate,4,common,pooled,0.79377216,0.7998573665631417,0.7936
all,saod_min,pixelate,5,common,pooled,0.8977952,0.8969261665970288,0.5204
all,saod_min,jpeg_compression,1,common,pooled,0.57631574,0.5555355735014214,0.9108
all,saod_min,jpeg_compression,2,common,pooled,0.60901656,0.5857253604306196,0.8898
all,saod_min,jpeg_compression,3,common,pooled,0.63518036,0.6108262617322521,0.866
all,saod_min,jpeg_compression,4,common,pooled,0.71776806,0.6961412933324966,0.7964
all,saod_min,jpeg_compression,5,common,pooled,0.80840516,0.7913229497733959,0.6684
all,saod_min,speckle_noise,1,extra,pooled,0.5324455,0.5267179093137809,0.9384
all,saod_min,speckle_noise,2,extra,pooled,0.55082136,0.5435648605176169,0.9314
all,saod_min,speckle_noise,3,extra,pooled,0.62980448,0.6218979716753554,0.887
all,saod_min,speckle_noise,4,extra,pooled,0.6883439,0.6781270180557013,0.8532
all,saod_min,speckle_noise,5,extra,pooled,0.76881656,0.7591847015162405,0.7456
all,saod_min,gaussian_blur,1,extra,pooled,0.5383358,0.525061133420959,0.9298
all,saod_min,gaussian_blur,2,extra,pooled,0.60210004,0.5773842921960949,0.8938
all,saod_min,gaussian_blur,3,extra,pooled,0.65935676,0.6315290339738431,0.857
all,saod_min,gaussian_blur,4,extra,pooled,0.71020316,0.6840037455913608,0.8086
all,saod_min,gaussian_blur,5,extra,pooled,0.80289706,0.7838726864872702,0.6706
all,saod_min,spatter,1,extra,pooled,0.50680024,0.5054899356757249,0.9474
all,saod_min,spatter,2,extra,pooled,0.5639167,0.5554950622049132,0.9158
all,saod_min,spatter,3,extra,pooled,0.59873818,0.5905876608526134,0.9066
all,saod_min,spatter,4,extra,pooled,0.669371,0.6560966699721329,0.856
all,saod_min,spatter,5,extra,pooled,0.73870792,0.7236999114045258,0.7824
all,saod_min,saturate,1,extra,pooled,0.512114,0.5108123092976486,0.9466
all,saod_min,saturate,2,extra,pooled,0.52728308,0.5243661418010436,0.9406
all,saod_min,saturate,3,extra,pooled,0.51166952,0.5092174456463361,0.947
all,saod_min,saturate,4,extra,pooled,0.54692672,0.5384135371806835,0.9322
all,saod_min,saturate,5,extra,pooled,0.58590644,0.5746230619843866,0.9134
all,contrastive,gaussian_noise,1,common,fold-averaged,0.5197123999999999,0.5131580601426269,0.9380000000000001
all,contrastive,gaussian_noise,2,common,fold-averaged,0.5415124,0.5286089946076418,0.9212
all,contrastive,gaussian_noise,3,common,fold-averaged,0.5933398,0.5682933370067353,0.8817999999999999
all,contrastive,gaussian_noise,4,common,fold-averaged,0.6755905999999999,0.6437667348691923,0.8051999999999999
all,contrastive,gaussian_noise,5,common,fold-averaged,0.798626,0.7680562808997708,0.6686
all,contrastive,shot_noise,1,common,fold-averaged,0.5132859999999999,0.5071904929372448,0.9352
all,contrastive,shot_noise,2,common,fold-averaged,0.5357406000000001,0.5234211925491155,0.9176
all,contrastive,shot_noise,3,common,fold-averaged,0.578829,0.5557789822399999,0.8892000000000001
all,contrastive,shot_noise,4,common,fold-averaged,0.6803964,0.6465957216940504,0.7976000000000001
all,contrastive,shot_noise,5,common,fold-averaged,0.777597,0.7477162420312339,0.7091999999999999
all,contrastive,impulse_noise,1,common,fold-averaged,0.5438054,0.5310765892841202,0.9198000000000001
all,contrastive,impulse_noise,2,common,fold-averaged,0.5673246,0.5497253100214966,0.9030000000000001
all,contrastive,impulse_noise,3,common,fold-averaged,0.5957479999999999,0.5735925558399674,0.8800000000000001
all,contrastive,impulse_noise,4,common,fold-averaged,0.6770446,0.6467293051728257,0.8030000000000002
all,contrastive,impulse_noise,5,common,fold-averaged,0.7839408000000001,0.7524638897340962,0.6931999999999998
all,contrastive,defocus_blur,1,common,fold-averaged,0.5038568000000001,0.4894038055763076,0.9228
all,contrastive,defocus_blur,2,common,fold-averaged,0.505307,0.4863351052249012,0.9152000000000001
all,contrastive,defocus_blur,3,common,fold-averaged,0.516564,0.49059796590100896,0.897
all,contrastive,defocus_blur,4,common,fold-averaged,0.5362752000000001,0.5014652882229336,0.8785999999999999
all,contrastive,defocus_blur,5,common,fold-averaged,0.5626545999999999,0.5213354239791173,0.8638
all,contrastive,glass_blur,1,common,fold-averaged,0.5254070000000001,0.5080692601075132,0.9148
all,contrastive,glass_blur,2,common,fold-averaged,0.5393508,0.5126443191885788,0.8922000000000001
all,contrastive,glass_blur,3,common,fold-averaged,0.6054446,0.5652808417832949,0.8314
all,contrastive,glass_blur,4,common,fold-averaged,0.6189396,0.5771012503393097,0.8287999999999999
all,contrastive,glass_blur,5,common,fold-averaged,0.6448691999999999,0.5989880139844056,0.8006
all,contrastive,motion_blur,1,common,fold-averaged,0.4980188,0.49102761575456555,0.9410000000000001
all,contrastive,motion_blur,2,common,fold-averaged,0.5012178,0.48859353224835517,0.9347999999999999
all,contrastive,motion_blur,3,common,fold-averaged,0.5191344,0.4966840727368272,0.9138
all,contrastive,motion_blur,4,common,fold-averaged,0.5520772,0.5212154459397753,0.884
all,contrastive,motion_blur,5,common,fold-averaged,0.582255,0.5447236780563897,0.8630000000000001
all,contrastive,zoom_blur,1,common,fold-averaged,0.540282,0.5102672213238539,0.891
all,contrastive,zoom_blur,2,common,fold-averaged,0.56728,0.5302801908411406,0.8736
all,contrastive,zoom_blur,3,common,fold-averaged,0.613192,0.5686550857089882,0.8375999999999999
all,contrastive,zoom_blur,4,common,fold-averaged,0.6351044000000001,0.5898721794266374,0.8183999999999999
all,contrastive,zoom_blur,5,common,fold-averaged,0.668863,0.62333377141784,0.7944
all,contrastive,snow,1,common,fold-averaged,0.5435871999999999,0.5315880389070345,0.9246000000000001
all,contrastive,snow,2,common,fold-averaged,0.5662871999999999,0.5444656320133299,0.9057999999999999
all,contrastive,snow,3,common,fold-averaged,0.5919742,0.5697030111406282,0.8956
all,contrastive,snow,4,common,fold-averaged,0.6225074,0.5983755658608876,0.8681999999999999
all,contrastive,snow,5,common,fold-averaged,0.6058163999999999,0.57802638298569,0.8800000000000001
all,contrastive,frost,1,common,fold-averaged,0.520891,0.5130740280222434,0.9384
all,contrastive,frost,2,common,fold-averaged,0.5447852,0.526516189232723,0.9212
all,contrastive,frost,3,common,fold-averaged,0.5693855999999999,0.5457300779971166,0.8972000000000001
all,contrastive,frost,4,common,fold-averaged,0.5737192,0.550055084379024,0.8984
all,contrastive,frost,5,common,fold-averaged,0.589295,0.5633313893883867,0.8878
all,contrastive,fog,1,common,fold-averaged,0.49988240000000006,0.49814170007417913,0.9494
all,contrastive,fog,2,common,fold-averaged,0.5012214,0.4983581271527788,0.9496
all,contrastive,fog,3,common,fold-averaged,0.5025211999999999,0.4983967201990632,0.9465999999999999
all,contrastive,fog,4,common,fold-averaged,0.507345,0.5013278464146792,0.9437999999999999
all,contrastive,fog,5,common,fold-averaged,0.5147104,0.5053880622809331,0.9362
all,contrastive,brightness,1,common,fold-averaged,0.5038932,0.5044673940303648,0.9461999999999999
all,contrastive,brightness,2,common,fold-averaged,0.5102589999999999,0.5088514071641062,0.9427999999999999
all,contrastive,brightness,3,common,fold-averaged,0.5148614,0.5117805554458217,0.9390000000000001
all,contrastive,brightness,4,common,fold-averaged,0.5207037999999999,0.5148412700448629,0.9368000000000001
all,contrastive,brightness,5,common,fold-averaged,0.5273530000000001,0.5185852828404934,0.9306000000000001
all,contrastive,contrast,1,common,fold-averaged,0.49702799999999997,0.4961950630878338,0.9518000000000001
all,contrastive,contrast,2,common,fold-averaged,0.4973444000000001,0.4951618771866781,0.9506
all,contrastive,contrast,3,common,fold-averaged,0.5025700000000001,0.4961712753789479,0.9444000000000001
all,contrastive,contrast,4,common,fold-averaged,0.5253158,0.5063531146442968,0.9242000000000001
all,contrastive,contrast,5,common,fold-averaged,0.6044503999999999,0.5661851703497078,0.8538
all,contrastive,elastic_transform,1,common,fold-averaged,0.5227548000000001,0.5145494509787156,0.9318
all,contrastive,elastic_transform,2,common,fold-averaged,0.5317366000000001,0.519234754119543,0.9242000000000001
all,contrastive,elastic_transform,3,common,fold-averaged,0.5518014,0.5311206754009518,0.907
all,contrastive,elastic_transform,4,common,fold-averaged,0.5651018000000001,0.5399128838892941,0.8948
all,contrastive,elastic_transform,5,common,fold-averaged,0.589305,0.5572077119777603,0.8768
all,contrastive,pixelate,1,common,fold-averaged,0.5221928,0.5188755219353501,0.9338000000000001
all,contrastive,pixelate,2,common,fold-averaged,0.5264255999999999,0.5217554026676697,0.9318000000000002
all,contrastive,pixelate,3,common,fold-averaged,0.5761218,0.5591725466391763,0.8954000000000001
all,contrastive,pixelate,4,common,fold-averaged,0.6657188,0.6330747043547429,0.8231999999999999
all,contrastive,pixelate,5,common,fold-averaged,0.7458107999999999,0.7034823394618893,0.7484
all,contrastive,jpeg_compression,1,common,fold-averaged,0.5254246,0.5117519193548429,0.9228000000000002
all,contrastive,jpeg_compression,2,common,fold-averaged,0.5447386000000001,0.5241136230597438,0.9030000000000001
all,contrastive,jpeg_compression,3,common,fold-averaged,0.5618958,0.5367553546209487,0.8888
all,contrastive,jpeg_compression,4,common,fold-averaged,0.6200544000000001,0.5840331197183731,0.841
all,contrastive,jpeg_compression,5,common,fold-averaged,0.6857918000000001,0.6509220174808619,0.7940000000000002
all,contrastive,speckle_noise,1,extra,fold-averaged,0.5084194,0.5042325481738729,0.9422
all,contrastive,speckle_noise,2,extra,fold-averaged,0.5170522,0.5093206425426982,0.933
all,contrastive,speckle_noise,3,extra,fold-averaged,0.555286,0.5362942703275223,0.9034000000000001
all,contrastive,speckle_noise,4,extra,fold-averaged,0.583261,0.5585472925758822,0.881
all,contrastive,speckle_noise,5,extra,fold-averaged,0.6329886,0.599612387693786,0.8402
all,contrastive,gaussian_blur,1,extra,fold-averaged,0.5232026,0.5104912173631947,0.9152000000000001
all,contrastive,gaussian_blur,2,extra,fold-averaged,0.522185,0.498482671347694,0.8968
all,contrastive,gaussian_blur,3,extra,fold-averaged,0.5298613999999999,0.5001375004915853,0.8859999999999999
all,contrastive,gaussian_blur,4,extra,fold-averaged,0.543762,0.5083247845247316,0.8751999999999999
all,contrastive,gaussian_blur,5,extra,fold-averaged,0.5889852,0.5438254451674869,0.8427999999999999
all,contrastive,spatter,1,extra,fold-averaged,0.5046633999999999,0.5038050183542548,0.9438000000000001
all,contrastive,spatter,2,extra,fold-averaged,0.5387033999999999,0.52820351985657,0.924
all,contrastive,spatter,3,extra,fold-averaged,0.5453662,0.5333680722822844,0.9202000000000001
all,contrastive,spatter,4,extra,fold-averaged,0.630716,0.6309872303502846,0.8550000000000001
all,contrastive,spatter,5,extra,fold-averaged,0.6407408,0.6199006846724012,0.8335999999999999
all,contrastive,saturate,1,extra,fold-averaged,0.49907520000000005,0.4954964471307921,0.9480000000000001
all,contrastive,saturate,2,extra,fold-averaged,0.5109948,0.5026075018163805,0.9366
all,contrastive,saturate,3,extra,fold-averaged,0.5085379999999999,0.5068940182428662,0.9452
all,contrastive,saturate,4,extra,fold-averaged,0.5220276,0.514583779094479,0.9288000000000001
all,contrastive,saturate,5,extra,fold-averaged,0.5404644,0.5248874282151899,0.9138
all,knn,gaussian_noise,1,common,pooled,0.53622598,0.5303186133153016,0.9276
all,knn,gaussian_noise,2,common,pooled,0.57957558,0.5698029039738052,0.8916
all,knn,gaussian_noise,3,common,pooled,0.6704731,0.6637061281873184,0.804
all,knn,gaussian_noise,4,common,pooled,0.79636006,0.801111406820488,0.6384
all,knn,gaussian_noise,5,common,pooled,0.92229398,0.9253646493084549,0.381
all,knn,shot_noise,1,common,pooled,0.53596048,0.5300705131697947,0.9276
all,knn,shot_noise,2,common,pooled,0.58446332,0.5737440676973309,0.8784
all,knn,shot_noise,3,common,pooled,0.66525542,0.6576921481872188,0.802
all,knn,shot_noise,4,common,pooled,0.81692906,0.8206925102836706,0.5976
all,knn,shot_noise,5,common,pooled,0.91649534,0.9191088117711536,0.3948
all,knn,impulse_noise,1,common,pooled,0.59053044,0.5818963561784276,0.8866
all,knn,impulse_noise,2,common,pooled,0.6330141,0.6245279719993655,0.8446
all,knn,impulse_noise,3,common,pooled,0.6804609,0.6748519059532514,0.7936
all,knn,impulse_noise,4,common,pooled,0.80420606,0.8090603553876439,0.6258
all,knn,impulse_noise,5,common,pooled,0.9130115,0.9172328507866716,0.4224
all,knn,defocus_blur,1,common,pooled,0.5844219,0.5584234467275033,0.8608
all,knn,defocus_blur,2,common,pooled,0.62036278,0.5859890537864889,0.818
all,knn,defocus_blur,3,common,pooled,0.6805521,0.6407071280614246,0.731
all,knn,defocus_blur,4,common,pooled,0.74104864,0.7032428099768887,0.64
all,knn,defocus_blur,5,common,pooled,0.79740404,0.7657870255950299,0.5584
all,knn,glass_blur,1,common,pooled,0.60001322,0.5760681930735257,0.8602
all,knn,glass_blur,2,common,pooled,0.66405844,0.6335923747027762,0.7928
all,knn,glass_blur,3,common,pooled,0.81362086,0.8058319015697745,0.6152
all,knn,glass_blur,4,common,pooled,0.83778016,0.83066051841427,0.5622
all,knn,glass_blur,5,common,pooled,0.86942866,0.8625905285828729,0.4836
all,knn,motion_blur,1,common,pooled,0.53978148,0.5301312386640176,0.9228
all,knn,motion_blur,2,common,pooled,0.57347038,0.5548780231543765,0.8864
all,knn,motion_blur,3,common,pooled,0.63621642,0.6094498258852422,0.821
all,knn,motion_blur,4,common,pooled,0.72124492,0.6928670649792814,0.6932
all,knn,motion_blur,5,common,pooled,0.77678834,0.7517935131584332,0.6158
all,knn,zoom_blur,1,common,pooled,0.70268454,0.6730514540371,0.7512
all,knn,zoom_blur,2,common,pooled,0.7707901,0.7444420908235498,0.6446
all,knn,zoom_blur,3,common,pooled,0.83077084,0.810191690864726,0.5458
all,knn,zoom_blur,4,common,pooled,0.86706504,0.8495461882165274,0.467
all,knn,zoom_blur,5,common,pooled,0.8875439,0.873009169537005,0.4182
all,knn,snow,1,common,pooled,0.58838358,0.5816786013871321,0.8916
all,knn,snow,2,common,pooled,0.63063606,0.6324924273181805,0.875
all,knn,snow,3,common,pooled,0.66800486,0.6738268661340816,0.832
all,knn,snow,4,common,pooled,0.71937724,0.7267954527011528,0.775
all,knn,snow,5,common,pooled,0.69942506,0.7065453941922072,0.8172
all,knn,frost,1,common,pooled,0.54674314,0.5396226187439315,0.9276
all,knn,frost,2,common,pooled,0.6114608,0.6026358013579385,0.8906
all,knn,frost,3,common,pooled,0.65994558,0.6547325098698487,0.8574
all,knn,frost,4,common,pooled,0.66919228,0.6655266811513826,0.8394
all,knn,frost,5,common,pooled,0.70385266,0.7002373888109958,0.8034
all,knn,fog,1,common,pooled,0.5195891,0.5162417905969731,0.9394
all,knn,fog,2,common,pooled,0.5274438,0.5228998818988493,0.9348
all,knn,fog,3,common,pooled,0.54082522,0.5334794088977868,0.925
all,knn,fog,4,common,pooled,0.55172434,0.5432663600454058,0.9176
all,knn,fog,5,common,pooled,0.58279694,0.5727093024354333,0.8922
all,knn,brightness,1,common,pooled,0.50141744,0.5014608822227408,0.9476
all,knn,brightness,2,common,pooled,0.50683492,0.5056409946381812,0.9446
all,knn,brightness,3,common,pooled,0.51446508,0.5115941564178681,0.9392
all,knn,brightness,4,common,pooled,0.5254895,0.520532757563274,0.9334
all,knn,brightness,5,common,pooled,0.54125088,0.534119447361414,0.9238
all,knn,contrast,1,common,pooled,0.51676964,0.5145925709643108,0.942
all,knn,contrast,2,common,pooled,0.52677568,0.5229934591122287,0.9326
all,knn,contrast,3,common,pooled,0.54940402,0.5422272942327134,0.9186
all,knn,contrast,4,common,pooled,0.63374676,0.6212303943679112,0.8428
all,knn,contrast,5,common,pooled,0.81593244,0.8098998989500845,0.5788
all,knn,elastic_transform,1,common,pooled,0.55470648,0.5374760453158894,0.924
all,knn,elastic_transform,2,common,pooled,0.58492276,0.562373110305121,0.9092
all,knn,elastic_transform,3,common,pooled,0.63253464,0.6066656178094356,0.8836
all,knn,elastic_transform,4,common,pooled,0.67004688,0.6449063004279447,0.8574
all,knn,elastic_transform,5,common,pooled,0.71780846,0.6961706675633381,0.8236
all,knn,pixelate,1,common,pooled,0.51820034,0.5124183515881293,0.936
all,knn,pixelate,2,common,pooled,0.52858276,0.5195141636648284,0.9276
all,knn,pixelate,3,common,pooled,0.6274999,0.6050470856260334,0.8358
all,knn,pixelate,4,common,pooled,0.81413766,0.8052371147617937,0.591
all,knn,pixelate,5,common,pooled,0.92198684,0.9201991430518834,0.3614
all,knn,jpeg_compression,1,common,pooled,0.53849438,0.5256878668017166,0.9112
all,knn,jpeg_compression,2,common,pooled,0.57045418,0.5491835554103867,0.8716
all,knn,jpeg_compression,3,common,pooled,0.59886142,0.5728769896094422,0.845
all,knn,jpeg_compression,4,common,pooled,0.69238706,0.6595365220045653,0.732
all,knn,jpeg_compression,5,common,pooled,0.7943241,0.7685570398436655,0.5952
all,knn,speckle_noise,1,extra,pooled,0.52659152,0.522138627427117,0.9314
all,knn,speckle_noise,2,extra,pooled,0.54614146,0.5385309929563987,0.9114
all,knn,speckle_noise,3,extra,pooled,0.62758082,0.6150033770319457,0.8376
all,knn,speckle_noise,4,extra,pooled,0.68701968,0.6786275145579169,0.7658
all,knn,speckle_noise,5,extra,pooled,0.76626986,0.7659026581543553,0.6644
all,knn,gaussian_blur,1,extra,pooled,0.56730922,0.5459561789740506,0.8784
all,knn,gaussian_blur,2,extra,pooled,0.63130652,0.5925298038885297,0.7936
all,knn,gaussian_blur,3,extra,pooled,0.6779159,0.6361121481786629,0.7338
all,knn,gaussian_blur,4,extra,pooled,0.72587382,0.6872838511483895,0.6688
all,knn,gaussian_blur,5,extra,pooled,0.82595392,0.80160491022952,0.5292
all,knn,spatter,1,extra,pooled,0.51881942,0.512298240554008,0.9322
all,knn,spatter,2,extra,pooled,0.60893094,0.5779688267445684,0.8404
all,knn,spatter,3,extra,pooled,0.60884588,0.592516430697427,0.8628
all,knn,spatter,4,extra,pooled,0.7766193,0.7412981461407391,0.5982
all,knn,spatter,5,extra,pooled,0.78690736,0.7512143792863375,0.5848
all,knn,saturate,1,extra,pooled,0.50918908,0.5084808467018443,0.9446
all,knn,saturate,2,extra,pooled,0.51965846,0.5160722303759746,0.9362
all,knn,saturate,3,extra,pooled,0.50624696,0.5056312052925007,0.9452
all,knn,saturate,4,extra,pooled,0.53544544,0.5275689160150447,0.9242
all,knn,saturate,5,extra,pooled,0.5821737,0.5622949246836649,0.8792
all,discopatch,gaussian_noise,1,common,pooled,0.87764306,0.8706053059683023,0.454
all,discopatch,gaussian_noise,2,common,pooled,0.95129506,0.946490814003858,0.2134
all,discopatch,gaussian_noise,3,common,pooled,0.98701246,0.9844215879236904,0.059
all,discopatch,gaussian_noise,4,common,pooled,0.99712596,0.9955427126173216,0.011
all,discopatch,gaussian_noise,5,common,pooled,0.99917088,0.9981614931302313,0.0016
all,discopatch,shot_noise,1,common,pooled,0.86875128,0.8550393605755371,0.4466
all,discopatch,shot_noise,2,common,pooled,0.9421872,0.9340484909861567,0.2334
all,discopatch,shot_noise,3,common,pooled,0.9749031,0.9707375800425324,0.1152
all,discopatch,shot_noise,4,common,pooled,0.98990798,0.9877790141673389,0.0466
all,discopatch,shot_noise,5,common,pooled,0.9930312,0.9911309850000469,0.0318
all,discopatch,impulse_noise,1,common,pooled,0.92312212,0.9123408800507629,0.2928
all,discopatch,impulse_noise,2,common,pooled,0.97809634,0.9739704928179902,0.1006
all,discopatch,impulse_noise,3,common,pooled,0.99180378,0.9893898356667632,0.0374
all,discopatch,impulse_noise,4,common,pooled,0.99853484,0.9971824033841354,0.0036
all,discopatch,impulse_noise,5,common,pooled,0.9993074,0.9983076165855005,0.001
all,discopatch,defocus_blur,1,common,pooled,0.65702672,0.6223014830659513,0.8282
all,discopatch,defocus_blur,2,common,pooled,0.72555248,0.6815633743485632,0.7246
all,discopatch,defocus_blur,3,common,pooled,0.79646428,0.7446790941574464,0.569
all,discopatch,defocus_blur,4,common,pooled,0.82854252,0.7734443627178146,0.4952
all,discopatch,defocus_blur,5,common,pooled,0.84752392,0.789782682050635,0.4372
all,discopatch,glass_blur,1,common,pooled,0.67571148,0.6386826473288425,0.8038
all,discopatch,glass_blur,2,common,pooled,0.77495192,0.7348335961528155,0.6324
all,discopatch,glass_blur,3,common,pooled,0.8807698,0.8511102193312996,0.3896
all,discopatch,glass_blur,4,common,pooled,0.91028324,0.8876184336677002,0.314
all,discopatch,glass_blur,5,common,pooled,0.9352564,0.9185573023551923,0.2428
all,discopatch,motion_blur,1,common,pooled,0.58111352,0.5601261218690146,0.9084
all,discopatch,motion_blur,2,common,pooled,0.66109192,0.6240068561531836,0.8286
all,discopatch,motion_blur,3,common,pooled,0.74317496,0.6964555556059533,0.6914
all,discopatch,motion_blur,4,common,pooled,0.8005836,0.7514977378306338,0.5732
all,discopatch,motion_blur,5,common,pooled,0.83004808,0.7819392784862516,0.5032
all,discopatch,zoom_blur,1,common,pooled,0.74685632,0.6944879291792031,0.679
all,discopatch,zoom_blur,2,common,pooled,0.78773672,0.7328346741075529,0.5924
all,discopatch,zoom_blur,3,common,pooled,0.82042532,0.7699555282154742,0.527
all,discopatch,zoom_blur,4,common,pooled,0.8372456,0.787637523261546,0.4814
all,discopatch,zoom_blur,5,common,pooled,0.85356528,0.8087859128759786,0.453
all,discopatch,snow,1,common,pooled,0.7556674,0.6949024622112696,0.6114
all,discopatch,snow,2,common,pooled,0.84100704,0.7873266463322242,0.4192
all,discopatch,snow,3,common,pooled,0.83528856,0.7671923059295349,0.407
all,discopatch,snow,4,common,pooled,0.86629084,0.799972718313019,0.3416
all,discopatch,snow,5,common,pooled,0.84288324,0.7731504596365063,0.3924
all,discopatch,frost,1,common,pooled,0.65804824,0.6074997401421174,0.7916
all,discopatch,frost,2,common,pooled,0.77793868,0.7234457346872842,0.5956
all,discopatch,frost,3,common,pooled,0.83162324,0.780296356578208,0.4708
all,discopatch,frost,4,common,pooled,0.84664188,0.8002590754344572,0.4542
all,discopatch,frost,5,common,pooled,0.87186848,0.8296759500428224,0.386
all,discopatch,fog,1,common,pooled,0.60353018,0.5885332295939003,0.892
all,discopatch,fog,2,common,pooled,0.6546192,0.6346028954632639,0.848
all,discopatch,fog,3,common,pooled,0.7237624,0.6986761642054912,0.7586
all,discopatch,fog,4,common,pooled,0.75559176,0.7339950840522188,0.7172
all,discopatch,fog,5,common,pooled,0.83810136,0.8221365725159737,0.5316
all,discopatch,brightness,1,common,pooled,0.49037776,0.4900214176577324,0.9478
all,discopatch,brightness,2,common,pooled,0.49055106,0.4844009753157667,0.9408
all,discopatch,brightness,3,common,pooled,0.49854426,0.48453236003908307,0.929
all,discopatch,brightness,4,common,pooled,0.51107176,0.4883396526716639,0.9132
all,discopatch,brightness,5,common,pooled,0.52198896,0.49170804443902005,0.8918
all,discopatch,contrast,1,common,pooled,0.54346896,0.5251269580888281,0.926
all,discopatch,contrast,2,common,pooled,0.56605696,0.5386563488974774,0.9058
all,discopatch,contrast,3,common,pooled,0.60523856,0.5652598230794512,0.8668
all,discopatch,contrast,4,common,pooled,0.69055348,0.6390175048273523,0.714
all,discopatch,contrast,5,common,pooled,0.77686728,0.7314141593182004,0.5756
all,discopatch,elastic_transform,1,common,pooled,0.60908184,0.5716879347518508,0.8526
all,discopatch,elastic_transform,2,common,pooled,0.64149384,0.5951121387945781,0.806
all,discopatch,elastic_transform,3,common,pooled,0.67709372,0.6219672147369176,0.7446
all,discopatch,elastic_transform,4,common,pooled,0.69869772,0.638730252445839,0.7036
all,discopatch,elastic_transform,5,common,pooled,0.72097136,0.6558098815364404,0.6576
all,discopatch,pixelate,1,common,pooled,0.5473942,0.533465626266411,0.9214
all,discopatch,pixelate,2,common,pooled,0.55508872,0.5394568739310462,0.9156
all,discopatch,pixelate,3,common,pooled,0.64084992,0.6048667294297272,0.8334
all,discopatch,pixelate,4,common,pooled,0.71760132,0.6729274358437284,0.716
all,discopatch,pixelate,5,common,pooled,0.75392564,0.7045219210190076,0.644
all,discopatch,jpeg_compression,1,common,pooled,0.62883576,0.5686168233725188,0.8102
all,discopatch,jpeg_compression,2,common,pooled,0.64115944,0.5693962150005467,0.778
all,discopatch,jpeg_compression,3,common,pooled,0.64532272,0.5670212614525445,0.7492
all,discopatch,jpeg_compression,4,common,pooled,0.6306944,0.5449916745069083,0.7182
all,discopatch,jpeg_compression,5,common,pooled,0.59282902,0.513372911299588,0.7276
all,discopatch,speckle_noise,1,extra,pooled,0.80311188,0.7787589548742724,0.5826
all,discopatch,speckle_noise,2,extra,pooled,0.85970798,0.8375444096807408,0.4456
all,discopatch,speckle_noise,3,extra,pooled,0.9400061,0.9273678192715807,0.2216
all,discopatch,speckle_noise,4,extra,pooled,0.96080212,0.9519940742012576,0.1574
all,discopatch,speckle_noise,5,extra,pooled,0.97451528,0.9683112093762756,0.1108
all,discopatch,gaussian_blur,1,extra,pooled,0.55500612,0.5411557307995322,0.9256
all,discopatch,gaussian_blur,2,extra,pooled,0.71183368,0.6694278117635406,0.7492
all,discopatch,gaussian_blur,3,extra,pooled,0.800859,0.7515133341423316,0.5676
all,discopatch,gaussian_blur,4,extra,pooled,0.83957608,0.7883391293151127,0.4654
all,discopatch,gaussian_blur,5,extra,pooled,0.86684744,0.8110065490536374,0.3834
all,discopatch,spatter,1,extra,pooled,0.52196004,0.5150412451030446,0.9388
all,discopatch,spatter,2,extra,pooled,0.68447524,0.6280618228805638,0.7406
all,discopatch,spatter,3,extra,pooled,0.81429428,0.7613615625518397,0.5044
all,discopatch,spatter,4,extra,pooled,0.83246784,0.7702081977965498,0.4204
all,discopatch,spatter,5,extra,pooled,0.89244804,0.8385705570197944,0.2894
all,discopatch,saturate,1,extra,pooled,0.65345014,0.6197025716353306,0.8144
all,discopatch,saturate,2,extra,pooled,0.76392946,0.7220856009970624,0.6146
all,discopatch,saturate,3,extra,pooled,0.46883472,0.47278625479451714,0.9572
all,discopatch,saturate,4,extra,pooled,0.514555,0.4863572090166325,0.899
all,discopatch,saturate,5,extra,pooled,0.56279428,0.505034677916103,0.8132
all,hashemi,gaussian_noise,1,common,pooled,0.45747578,0.462541141218747,0.9636
all,hashemi,gaussian_noise,2,common,pooled,0.43743526,0.4455291366139354,0.9682
all,hashemi,gaussian_noise,3,common,pooled,0.40970976,0.4252177903232591,0.9736
all,hashemi,gaussian_noise,4,common,pooled,0.38520326,0.40969465151506634,0.9768
all,hashemi,gaussian_noise,5,common,pooled,0.37123192,0.4015987993977037,0.9772
all,hashemi,shot_noise,1,common,pooled,0.46224556,0.46563239449733923,0.963
all,hashemi,shot_noise,2,common,pooled,0.43887706,0.44655492790734574,0.9676
all,hashemi,shot_noise,3,common,pooled,0.41525982,0.428396697169086,0.9732
all,hashemi,shot_noise,4,common,pooled,0.38816226,0.4115745235891536,0.9746
all,hashemi,shot_noise,5,common,pooled,0.38209174,0.40776852268637426,0.9792
all,hashemi,impulse_noise,1,common,pooled,0.44948922,0.4546197125388973,0.9684
all,hashemi,impulse_noise,2,common,pooled,0.42815264,0.43804592520647345,0.972
all,hashemi,impulse_noise,3,common,pooled,0.41114312,0.42617122474223457,0.9728
all,hashemi,impulse_noise,4,common,pooled,0.38150366,0.407718570951651,0.9762
all,hashemi,impulse_noise,5,common,pooled,0.36700932,0.39943246630717166,0.9736
all,hashemi,defocus_blur,1,common,pooled,0.51508904,0.47860242418242,0.8908
all,hashemi,defocus_blur,2,common,pooled,0.48785552,0.4579250350528148,0.8912
all,hashemi,defocus_blur,3,common,pooled,0.44034378,0.4303215703770941,0.9112
all,hashemi,defocus_blur,4,common,pooled,0.4203385,0.4198886086142649,0.9134
all,hashemi,defocus_blur,5,common,pooled,0.41004004,0.4148208098541979,0.9192
all,hashemi,glass_blur,1,common,pooled,0.5440724,0.4982539524115553,0.8648
all,hashemi,glass_blur,2,common,pooled,0.53937914,0.48786120553066337,0.8494
all,hashemi,glass_blur,3,common,pooled,0.53061584,0.4797264155570874,0.8416
all,hashemi,glass_blur,4,common,pooled,0.51829166,0.47191981042985076,0.853
all,hashemi,glass_blur,5,common,pooled,0.54833402,0.4900482285869626,0.8388
all,hashemi,motion_blur,1,common,pooled,0.48702404,0.4696284469542189,0.9338
all,hashemi,motion_blur,2,common,pooled,0.44377294,0.4384320841469362,0.9404
all,hashemi,motion_blur,3,common,pooled,0.40561814,0.4168091540356251,0.9496
all,hashemi,motion_blur,4,common,pooled,0.38245552,0.40508808039522026,0.95
all,hashemi,motion_blur,5,common,pooled,0.38236142,0.4048702225982321,0.9462
all,hashemi,zoom_blur,1,common,pooled,0.34422892,0.3897555243632618,0.9688
all,hashemi,zoom_blur,2,common,pooled,0.33045704,0.3836648229005461,0.9662
all,hashemi,zoom_blur,3,common,pooled,0.33775406,0.3857905148181927,0.9502
all,hashemi,zoom_blur,4,common,pooled,0.33655848,0.3847990513095507,0.9432
all,hashemi,zoom_blur,5,common,pooled,0.36052712,0.393904057282554,0.9286
all,hashemi,snow,1,common,pooled,0.46140062,0.4611399857189552,0.9636
all,hashemi,snow,2,common,pooled,0.43496346,0.4404892372355285,0.9636
all,hashemi,snow,3,common,pooled,0.42470116,0.43561211716497117,0.9728
all,hashemi,snow,4,common,pooled,0.39669712,0.4193591949934682,0.9762
all,hashemi,snow,5,common,pooled,0.41153208,0.42498484382718194,0.97
all,hashemi,frost,1,common,pooled,0.47499574,0.4741885031180006,0.9524
all,hashemi,frost,2,common,pooled,0.44189486,0.4460031402977177,0.9616
all,hashemi,frost,3,common,pooled,0.4214891,0.43192655280706854,0.9662
all,hashemi,frost,4,common,pooled,0.4198351,0.4308501687638507,0.9684
all,hashemi,frost,5,common,pooled,0.40670148,0.42285480497415573,0.968
all,hashemi,fog,1,common,pooled,0.49924252,0.4966033265640435,0.9466
all,hashemi,fog,2,common,pooled,0.4942477,0.4915702247174105,0.9468
all,hashemi,fog,3,common,pooled,0.48793092,0.48606803519042385,0.9466
all,hashemi,fog,4,common,pooled,0.48197102,0.48084417499346005,0.9514
all,hashemi,fog,5,common,pooled,0.46472106,0.4649449524373456,0.9514
all,hashemi,brightness,1,common,pooled,0.50629826,0.5051597797240535,0.9472
all,hashemi,brightness,2,common,pooled,0.50733104,0.5048763358389909,0.9472
all,hashemi,brightness,3,common,pooled,0.50351764,0.4996058603196053,0.9458
all,hashemi,brightness,4,common,pooled,0.4990455,0.49361957090991093,0.9468
all,hashemi,brightness,5,common,pooled,0.49268332,0.48618299381885544,0.9478
all,hashemi,contrast,1,common,pooled,0.50433444,0.49929346520952295,0.9426
all,hashemi,contrast,2,common,pooled,0.49918998,0.4930197795523277,0.9432
all,hashemi,contrast,3,common,pooled,0.48958992,0.48215236405776984,0.9422
all,hashemi,contrast,4,common,pooled,0.46453012,0.4546861438614892,0.9344
all,hashemi,contrast,5,common,pooled,0.4346846,0.4269161617422385,0.9134
all,hashemi,elastic_transform,1,common,pooled,0.48792612,0.47997545926216284,0.9436
all,hashemi,elastic_transform,2,common,pooled,0.46352308,0.4614445985328968,0.9514
all,hashemi,elastic_transform,3,common,pooled,0.42471278,0.434979485307971,0.9564
all,hashemi,elastic_transform,4,common,pooled,0.38985996,0.41451872710194887,0.9616
all,hashemi,elastic_transform,5,common,pooled,0.33843356,0.38959293278140206,0.971
all,hashemi,pixelate,1,common,pooled,0.5030276,0.49927620193437716,0.9484
all,hashemi,pixelate,2,common,pooled,0.50986732,0.5005954901108252,0.9392
all,hashemi,pixelate,3,common,pooled,0.5096378,0.48640809550579284,0.924
all,hashemi,pixelate,4,common,pooled,0.48626698,0.45908100110615746,0.8958
all,hashemi,pixelate,5,common,pooled,0.44565986,0.43346734873569753,0.8994
all,hashemi,jpeg_compression,1,common,pooled,0.43110144,0.44042227317566207,0.9676
all,hashemi,jpeg_compression,2,common,pooled,0.4095015,0.4261734334901648,0.972
all,hashemi,jpeg_compression,3,common,pooled,0.3966027,0.41853501043401753,0.9732
all,hashemi,jpeg_compression,4,common,pooled,0.3758762,0.4058896346843073,0.9746
all,hashemi,jpeg_compression,5,common,pooled,0.38657526,0.40798427726852227,0.9628
all,hashemi,speckle_noise,1,extra,pooled,0.47142566,0.4737928795547972,0.9612
all,hashemi,speckle_noise,2,extra,pooled,0.45944904,0.4632959748442478,0.9636
all,hashemi,speckle_noise,3,extra,pooled,0.42854884,0.4384543807333653,0.9662
all,hashemi,speckle_noise,4,extra,pooled,0.40877798,0.42499589032932894,0.972
all,hashemi,speckle_noise,5,extra,pooled,0.39002248,0.4137100112928776,0.974
all,hashemi,gaussian_blur,1,extra,pooled,0.63920366,0.5777097102958426,0.7916
all,hashemi,gaussian_blur,2,extra,pooled,0.60280988,0.5316657879271335,0.7896
all,hashemi,gaussian_blur,3,extra,pooled,0.55670864,0.49624701478805033,0.8314
all,hashemi,gaussian_blur,4,extra,pooled,0.5184454,0.4712490119303117,0.8576
all,hashemi,gaussian_blur,5,extra,pooled,0.48004012,0.4485570367929592,0.871
all,hashemi,spatter,1,extra,pooled,0.49393696,0.4905373455086492,0.9476
all,hashemi,spatter,2,extra,pooled,0.44794308,0.4512853967605092,0.961
all,hashemi,spatter,3,extra,pooled,0.43491434,0.44382053933490245,0.9676
all,hashemi,spatter,4,extra,pooled,0.520585,0.5119015083102582,0.9408
all,hashemi,spatter,5,extra,pooled,0.40286374,0.4201765037875237,0.9688
all,hashemi,saturate,1,extra,pooled,0.48881806,0.48694603278321286,0.9524
all,hashemi,saturate,2,extra,pooled,0.47756374,0.47568199021727864,0.9608
all,hashemi,saturate,3,extra,pooled,0.49853702,0.49731677965612336,0.9494
all,hashemi,saturate,4,extra,pooled,0.4775945,0.47505496514464174,0.9544
all,hashemi,saturate,5,extra,pooled,0.45082252,0.45228608615014304,0.961
all,cdf,gaussian_noise,1,common,pooled,0.83502336,0.7421599976886067,0.3624
all,cdf,gaussian_noise,2,common,pooled,0.94911732,0.8981520990927743,0.1122
all,cdf,gaussian_noise,3,common,pooled,0.99084296,0.9780964891421753,0.018
all,cdf,gaussian_noise,4,common,pooled,0.99884968,0.9970646989840236,0.003
all,cdf,gaussian_noise,5,common,pooled,0.99992208,0.9999023354730565,0.0002
all,cdf,shot_noise,1,common,pooled,0.829333,0.7529456098489133,0.4092
all,cdf,shot_noise,2,common,pooled,0.94941084,0.9145098436587012,0.1406
all,cdf,shot_noise,3,common,pooled,0.98883216,0.9805919011833362,0.0358
all,cdf,shot_noise,4,common,pooled,0.99903156,0.9985805794508534,0.0032
all,cdf,shot_noise,5,common,pooled,0.99985676,0.9998471138653409,0.0006
all,cdf,impulse_noise,1,common,pooled,0.91267256,0.8454060417776038,0.201
all,cdf,impulse_noise,2,common,pooled,0.98017724,0.9574473683616591,0.0444
all,cdf,impulse_noise,3,common,pooled,0.9932608,0.9849062367020078,0.0136
all,cdf,impulse_noise,4,common,pooled,0.99936576,0.9985027621697541,0.0012
all,cdf,impulse_noise,5,common,pooled,0.99993776,0.9999254662332432,0.0002
all,cdf,defocus_blur,1,common,pooled,0.82099012,0.7449036013383207,0.423
all,cdf,defocus_blur,2,common,pooled,0.88469192,0.8157936220211925,0.2778
all,cdf,defocus_blur,3,common,pooled,0.93502716,0.8824902745512903,0.152
all,cdf,defocus_blur,4,common,pooled,0.9566376,0.9150356861394585,0.0982
all,cdf,defocus_blur,5,common,pooled,0.96894696,0.9350479839057092,0.0716
all,cdf,glass_blur,1,common,pooled,0.67328748,0.6147843325251424,0.72
all,cdf,glass_blur,2,common,pooled,0.76873832,0.6945328021260145,0.532
all,cdf,glass_blur,3,common,pooled,0.80912256,0.7325209434831678,0.4484
all,cdf,glass_blur,4,common,pooled,0.85066336,0.7775897024548986,0.3586
all,cdf,glass_blur,5,common,pooled,0.92293736,0.8663802192794432,0.1876
all,cdf,motion_blur,1,common,pooled,0.66848128,0.6101416013665488,0.7338
all,cdf,motion_blur,2,common,pooled,0.75783404,0.686286073183364,0.5744
all,cdf,motion_blur,3,common,pooled,0.83120732,0.7585863324300275,0.4212
all,cdf,motion_blur,4,common,pooled,0.8832782,0.816420738054009,0.2926
all,cdf,motion_blur,5,common,pooled,0.90764912,0.8470091268294451,0.2354
all,cdf,zoom_blur,1,common,pooled,0.77418,0.7124274106005286,0.581
all,cdf,zoom_blur,2,common,pooled,0.82316064,0.7587378948011949,0.4638
all,cdf,zoom_blur,3,common,pooled,0.81325904,0.7485910337881717,0.4874
all,cdf,zoom_blur,4,common,pooled,0.84249672,0.7779202611599263,0.415
all,cdf,zoom_blur,5,common,pooled,0.83837484,0.7719749972687758,0.4182
all,cdf,snow,1,common,pooled,0.70802996,0.6283446048637273,0.609
all,cdf,snow,2,common,pooled,0.8996658,0.8289883742442734,0.2324
all,cdf,snow,3,common,pooled,0.86073432,0.7770679878555125,0.3092
all,cdf,snow,4,common,pooled,0.91167364,0.840993254760612,0.193
all,cdf,snow,5,common,pooled,0.92901816,0.873199083438345,0.1578
all,cdf,frost,1,common,pooled,0.67697188,0.6232750636410815,0.7356
all,cdf,frost,2,common,pooled,0.77505524,0.6931878896481962,0.51
all,cdf,frost,3,common,pooled,0.8285258,0.744266749783985,0.3986
all,cdf,frost,4,common,pooled,0.82490948,0.735983144687559,0.405
all,cdf,frost,5,common,pooled,0.85142252,0.7636689205579555,0.3458
all,cdf,fog,1,common,pooled,0.77222076,0.7057781790390241,0.5796
all,cdf,fog,2,common,pooled,0.83002712,0.7628293991043531,0.4576
all,cdf,fog,3,common,pooled,0.86307856,0.7970938330250091,0.3772
all,cdf,fog,4,common,pooled,0.85508064,0.7841312071494191,0.3856
all,cdf,fog,5,common,pooled,0.87372884,0.79924823267711,0.331
all,cdf,brightness,1,common,pooled,0.53980328,0.5321500912111121,0.9266
all,cdf,brightness,2,common,pooled,0.6213012,0.5963554701411449,0.8536
all,cdf,brightness,3,common,pooled,0.7136716,0.6741030028642295,0.731
all,cdf,brightness,4,common,pooled,0.80252292,0.7560575300697542,0.5456
all,cdf,brightness,5,common,pooled,0.8697414,0.8246634080825554,0.3798
all,cdf,contrast,1,common,pooled,0.830075,0.777846382693791,0.4782
all,cdf,contrast,2,common,pooled,0.90623236,0.8626058611732944,0.2818
all,cdf,contrast,3,common,pooled,0.95976676,0.9322754647393807,0.1184
all,cdf,contrast,4,common,pooled,0.98936656,0.9785014388617761,0.03
all,cdf,contrast,5,common,pooled,0.996886,0.9923983038787084,0.0076
all,cdf,elastic_transform,1,common,pooled,0.49208056,0.49008003978893927,0.9436
all,cdf,elastic_transform,2,common,pooled,0.49142136,0.4888229527594308,0.9422
all,cdf,elastic_transform,3,common,pooled,0.49412636,0.48900599028428815,0.937
all,cdf,elastic_transform,4,common,pooled,0.4997066,0.49098183653328464,0.9352
all,cdf,elastic_transform,5,common,pooled,0.51099576,0.4959204460307458,0.9238
all,cdf,pixelate,1,common,pooled,0.49959264,0.4938338141448039,0.935
all,cdf,pixelate,2,common,pooled,0.51215988,0.501195758515306,0.9244
all,cdf,pixelate,3,common,pooled,0.55937692,0.5277654049473678,0.8656
all,cdf,pixelate,4,common,pooled,0.66496488,0.601385965067239,0.7194
all,cdf,pixelate,5,common,pooled,0.73536756,0.6603266011933298,0.5978
all,cdf,jpeg_compression,1,common,pooled,0.51679804,0.5028150306592238,0.9194
all,cdf,jpeg_compression,2,common,pooled,0.52065196,0.5015069940604308,0.905
all,cdf,jpeg_compression,3,common,pooled,0.52462388,0.5017520057614987,0.899
all,cdf,jpeg_compression,4,common,pooled,0.54204964,0.509067051149959,0.8656
all,cdf,jpeg_compression,5,common,pooled,0.57482408,0.528257731203985,0.8156
all,cdf,speckle_noise,1,extra,pooled,0.74092268,0.6761741254934618,0.6176
all,cdf,speckle_noise,2,extra,pooled,0.8348984,0.7809093050589093,0.4558
all,cdf,speckle_noise,3,extra,pooled,0.96261808,0.9502117669803581,0.1472
all,cdf,speckle_noise,4,extra,pooled,0.98470592,0.9808616793550509,0.0716
all,cdf,speckle_noise,5,extra,pooled,0.99483268,0.9941207278773034,0.0254
all,cdf,gaussian_blur,1,extra,pooled,0.6820294,0.6195857111877507,0.6902
all,cdf,gaussian_blur,2,extra,pooled,0.87986376,0.8084310480434144,0.2848
all,cdf,gaussian_blur,3,extra,pooled,0.938454,0.8859965799112106,0.1388
all,cdf,gaussian_blur,4,extra,pooled,0.96055952,0.9201987888026081,0.0888
all,cdf,gaussian_blur,5,extra,pooled,0.97784176,0.9498791007989396,0.0472
all,cdf,spatter,1,extra,pooled,0.4836406,0.48354808804299243,0.9518
all,cdf,spatter,2,extra,pooled,0.54863928,0.5057299510999728,0.8298
all,cdf,spatter,3,extra,pooled,0.71036696,0.6183158385101788,0.581
all,cdf,spatter,4,extra,pooled,0.80142248,0.7516953497173887,0.514
all,cdf,spatter,5,extra,pooled,0.87322396,0.8363596348992076,0.3692
all,cdf,saturate,1,extra,pooled,0.50454724,0.4975621219850229,0.9264
all,cdf,saturate,2,extra,pooled,0.53871772,0.5173679833170093,0.8908
all,cdf,saturate,3,extra,pooled,0.6168248,0.5939426784800141,0.8816
all,cdf,saturate,4,extra,pooled,0.81401948,0.7710789883714155,0.5456
all,cdf,saturate,5,extra,pooled,0.91793584,0.8912358681260755,0.2494
all,cdf_sum,gaussian_noise,1,common,pooled,0.74986764,0.6683154145260688,0.5544
all,cdf_sum,gaussian_noise,2,common,pooled,0.89415708,0.8301909877471081,0.2636
all,cdf_sum,gaussian_noise,3,common,pooled,0.97755196,0.9571112398212525,0.0574
all,cdf_sum,gaussian_noise,4,common,pooled,0.99704372,0.9945675212985031,0.0088
all,cdf_sum,gaussian_noise,5,common,pooled,0.99990312,0.9998881888316566,0.0006
all,cdf_sum,shot_noise,1,common,pooled,0.75045304,0.6818701149802624,0.582
all,cdf_sum,shot_noise,2,common,pooled,0.9001523,0.854272211745221,0.286
all,cdf_sum,shot_noise,3,common,pooled,0.97441688,0.9604076507827047,0.0826
all,cdf_sum,shot_noise,4,common,pooled,0.99789788,0.9972447915492458,0.0092
all,cdf_sum,shot_noise,5,common,pooled,0.99975304,0.9997417849539056,0.0006
all,cdf_sum,impulse_noise,1,common,pooled,0.84259884,0.7679400157321278,0.3802
all,cdf_sum,impulse_noise,2,common,pooled,0.9528751,0.9175245597029235,0.1244
all,cdf_sum,impulse_noise,3,common,pooled,0.9834808,0.9689220079211421,0.0428
all,cdf_sum,impulse_noise,4,common,pooled,0.99843748,0.9971930240221892,0.0046
all,cdf_sum,impulse_noise,5,common,pooled,0.99992576,0.9999163061436793,0.0004
all,cdf_sum,defocus_blur,1,common,pooled,0.76433556,0.6950807781023481,0.5434
all,cdf_sum,defocus_blur,2,common,pooled,0.82832604,0.7586376495649887,0.4188
all,cdf_sum,defocus_blur,3,common,pooled,0.88978068,0.8290986359222152,0.2802
all,cdf_sum,defocus_blur,4,common,pooled,0.92227904,0.8709496024948991,0.1948
all,cdf_sum,defocus_blur,5,common,pooled,0.94351188,0.9004521288910794,0.1442
all,cdf_sum,glass_blur,1,common,pooled,0.6459292,0.5975955543188608,0.7686
all,cdf_sum,glass_blur,2,common,pooled,0.73033048,0.6646292072525009,0.6186
all,cdf_sum,glass_blur,3,common,pooled,0.79121902,0.7188887107700762,0.4956
all,cdf_sum,glass_blur,4,common,pooled,0.83196244,0.761841502932154,0.414
all,cdf_sum,glass_blur,5,common,pooled,0.90234628,0.844884688168105,0.258
all,cdf_sum,motion_blur,1,common,pooled,0.62368314,0.5813870971870864,0.7978
all,cdf_sum,motion_blur,2,common,pooled,0.6999216,0.6415748975166334,0.6834
all,cdf_sum,motion_blur,3,common,pooled,0.77226744,0.7043864253305953,0.5472
all,cdf_sum,motion_blur,4,common,pooled,0.83210308,0.7630039817336843,0.422
all,cdf_sum,motion_blur,5,common,pooled,0.8649703,0.7991385465201154,0.3426
all,cdf_sum,zoom_blur,1,common,pooled,0.74363684,0.6817843877519816,0.6228
all,cdf_sum,zoom_blur,2,common,pooled,0.79578542,0.7278727613901078,0.5038
all,cdf_sum,zoom_blur,3,common,pooled,0.79871728,0.7289710564546258,0.4888
all,cdf_sum,zoom_blur,4,common,pooled,0.83147816,0.761569965145716,0.4188
all,cdf_sum,zoom_blur,5,common,pooled,0.8353774,0.7646362263609843,0.4068
all,cdf_sum,snow,1,common,pooled,0.65859536,0.5962794280406396,0.7176
all,cdf_sum,snow,2,common,pooled,0.8449782,0.77058106520159,0.3638
all,cdf_sum,snow,3,common,pooled,0.8061707,0.724473754034776,0.4376
all,cdf_sum,snow,4,common,pooled,0.86717508,0.7908295745743867,0.3082
all,cdf_sum,snow,5,common,pooled,0.88521304,0.8215652237874074,0.275
all,cdf_sum,frost,1,common,pooled,0.64328736,0.6011505190746657,0.7856
all,cdf_sum,frost,2,common,pooled,0.72832632,0.6575547262072959,0.6076
all,cdf_sum,frost,3,common,pooled,0.781241,0.7032753185292863,0.4882
all,cdf_sum,frost,4,common,pooled,0.77860412,0.6970344193617871,0.501
all,cdf_sum,frost,5,common,pooled,0.80721052,0.7239979456763587,0.437
all,cdf_sum,fog,1,common,pooled,0.7273668,0.6657866672434968,0.651
all,cdf_sum,fog,2,common,pooled,0.78114328,0.7153583741724028,0.5404
all,cdf_sum,fog,3,common,pooled,0.81412156,0.7472878174219165,0.4724
all,cdf_sum,fog,4,common,pooled,0.8069615,0.737070361631813,0.4818
all,cdf_sum,fog,5,common,pooled,0.82747844,0.7546098548679787,0.4342
all,cdf_sum,brightness,1,common,pooled,0.53128784,0.5262993809339678,0.9308
all,cdf_sum,brightness,2,common,pooled,0.59650146,0.578001077858346,0.882
all,cdf_sum,brightness,3,common,pooled,0.673372,0.6415387164757351,0.787
all,cdf_sum,brightness,4,common,pooled,0.75196192,0.710967795054458,0.6494
all,cdf_sum,brightness,5,common,pooled,0.81755804,0.7737172044728515,0.5038
all,cdf_sum,contrast,1,common,pooled,0.78219792,0.7315035796123412,0.5766
all,cdf_sum,contrast,2,common,pooled,0.86102604,0.813148858400151,0.3906
all,cdf_sum,contrast,3,common,pooled,0.92793048,0.892786002691363,0.2116
all,cdf_sum,contrast,4,common,pooled,0.97650428,0.9603690198985521,0.0666
all,cdf_sum,contrast,5,common,pooled,0.99273964,0.9870503923606697,0.0194
all,cdf_sum,elastic_transform,1,common,pooled,0.49424676,0.49336222737566393,0.9478
all,cdf_sum,elastic_transform,2,common,pooled,0.49622352,0.493638899406065,0.9478
all,cdf_sum,elastic_transform,3,common,pooled,0.50495516,0.4977846788745932,0.9382
all,cdf_sum,elastic_transform,4,common,pooled,0.5176885,0.5046786375441241,0.9306
all,cdf_sum,elastic_transform,5,common,pooled,0.54115524,0.518438343723413,0.9132
all,cdf_sum,pixelate,1,common,pooled,0.49711192,0.49409978062059273,0.9366
all,cdf_sum,pixelate,2,common,pooled,0.5066592,0.49960136796424276,0.926
all,cdf_sum,pixelate,3,common,pooled,0.54751172,0.5227516546252831,0.886
all,cdf_sum,pixelate,4,common,pooled,0.6614716,0.6069380978356749,0.7546
all,cdf_sum,pixelate,5,common,pooled,0.75792866,0.6952347044029289,0.6028
all,cdf_sum,jpeg_compression,1,common,pooled,0.51020952,0.5005770981757574,0.927
all,cdf_sum,jpeg_compression,2,common,pooled,0.51167002,0.4973724283912327,0.9188
all,cdf_sum,jpeg_compression,3,common,pooled,0.5138239,0.49613229327093866,0.9134
all,cdf_sum,jpeg_compression,4,common,pooled,0.52760274,0.5000184667302201,0.8878
all,cdf_sum,jpeg_compression,5,common,pooled,0.56282014,0.5202404838192232,0.8364
all,cdf_sum,speckle_noise,1,extra,pooled,0.6751364,0.622823893632526,0.7394
all,cdf_sum,speckle_noise,2,extra,pooled,0.765128,0.7123368578667645,0.604
all,cdf_sum,speckle_noise,3,extra,pooled,0.9302518,0.9119389088699437,0.2632
all,cdf_sum,speckle_noise,4,extra,pooled,0.96958458,0.9634247086719707,0.1354
all,cdf_sum,speckle_noise,5,extra,pooled,0.98956596,0.9884891477071812,0.0492
all,cdf_sum,gaussian_blur,1,extra,pooled,0.64637632,0.5961120080370654,0.7546
all,cdf_sum,gaussian_blur,2,extra,pooled,0.8234918,0.7518004990067061,0.4234
all,cdf_sum,gaussian_blur,3,extra,pooled,0.89225236,0.8307640798766507,0.2716
all,cdf_sum,gaussian_blur,4,extra,pooled,0.92534268,0.874067624048258,0.1854
all,cdf_sum,gaussian_blur,5,extra,pooled,0.95708152,0.9202225068322012,0.1118
all,cdf_sum,spatter,1,extra,pooled,0.4858058,0.4852984884362104,0.9522
all,cdf_sum,spatter,2,extra,pooled,0.52679762,0.4967234148891373,0.8888
all,cdf_sum,spatter,3,extra,pooled,0.65368924,0.5817405565313105,0.7154
all,cdf_sum,spatter,4,extra,pooled,0.75457072,0.7139603078180612,0.627
all,cdf_sum,spatter,5,extra,pooled,0.82871592,0.7910460026816606,0.4754
all,cdf_sum,saturate,1,extra,pooled,0.50056466,0.4968095691508092,0.9342
all,cdf_sum,saturate,2,extra,pooled,0.5225642,0.5097675117515736,0.915
all,cdf_sum,saturate,3,extra,pooled,0.5920248,0.5732280615873482,0.8972
all,cdf_sum,saturate,4,extra,pooled,0.76074712,0.718527349485956,0.6482
all,cdf_sum,saturate,5,extra,pooled,0.87103872,0.8386936431724791,0.3902
untouched,two_axis,gaussian_noise,1,common,pooled,0.9450129072313171,0.8989790470052346,0.15016501650165018
untouched,two_axis,gaussian_noise,2,common,pooled,0.9827062706270627,0.9636254993473501,0.041254125412541254
untouched,two_axis,gaussian_noise,3,common,pooled,0.9975264952237798,0.9918377390708976,0.005280528052805281
untouched,two_axis,gaussian_noise,4,common,pooled,0.9990387652626649,0.9949421673478209,0.0009900990099009901
untouched,two_axis,gaussian_noise,5,common,pooled,0.9994667189491226,0.9985978519408664,0.0006600660066006601
untouched,two_axis,shot_noise,1,common,pooled,0.9264453376030672,0.8906619295433109,0.24257425742574257
untouched,two_axis,shot_noise,2,common,pooled,0.9751247699027329,0.964472640352284,0.08712871287128712
untouched,two_axis,shot_noise,3,common,pooled,0.9947176202768792,0.9898364820785249,0.01782178217821782
untouched,two_axis,shot_noise,4,common,pooled,0.9988627476609047,0.9963625361867952,0.0013201320132013201
untouched,two_axis,shot_noise,5,common,pooled,0.9996164864011153,0.9995164180893132,0.0009900990099009901
untouched,two_axis,impulse_noise,1,common,pooled,0.9781773028788028,0.9573987577282713,0.05412541254125412
untouched,two_axis,impulse_noise,2,common,pooled,0.9955156901828797,0.9886052803434006,0.011221122112211221
untouched,two_axis,impulse_noise,3,common,pooled,0.9985109303009508,0.9935684238943265,0.0029702970297029703
untouched,two_axis,impulse_noise,4,common,pooled,0.9991495387162479,0.9961396185462976,0.0009900990099009901
untouched,two_axis,impulse_noise,5,common,pooled,0.9995512422529381,0.9991402073466954,0.0006600660066006601
untouched,two_axis,defocus_blur,1,common,pooled,0.9197134267882234,0.8681269897089415,0.2155115511551155
untouched,two_axis,defocus_blur,2,common,pooled,0.9590983454781121,0.9226822987962782,0.10627062706270628
untouched,two_axis,defocus_blur,3,common,pooled,0.9823425807927327,0.9595544035364904,0.040594059405940595
untouched,two_axis,defocus_blur,4,common,pooled,0.9893409142894487,0.9724184992685433,0.022442244224422443
untouched,two_axis,defocus_blur,5,common,pooled,0.9928077857290679,0.979497086317411,0.01353135313531353
untouched,two_axis,glass_blur,1,common,pooled,0.8089017416593145,0.7389640518456729,0.48316831683168315
untouched,two_axis,glass_blur,2,common,pooled,0.8848367807077737,0.8249681934579288,0.30462046204620463
untouched,two_axis,glass_blur,3,common,pooled,0.9020872681327539,0.8448877523411695,0.2613861386138614
untouched,two_axis,glass_blur,4,common,pooled,0.9346911522835452,0.8872971395970357,0.17656765676567657
untouched,two_axis,glass_blur,5,common,pooled,0.9739093117232516,0.9451211718038287,0.062046204620462043
untouched,two_axis,motion_blur,1,common,pooled,0.7618983977605681,0.6925248300388684,0.6036303630363037
untouched,two_axis,motion_blur,2,common,pooled,0.8528443834482459,0.7881890694402663,0.39702970297029705
untouched,two_axis,motion_blur,3,common,pooled,0.9159671709745232,0.8647218846702771,0.2386138613861386
untouched,two_axis,motion_blur,4,common,pooled,0.9510207060309991,0.911499348224829,0.13663366336633664
untouched,two_axis,motion_blur,5,common,pooled,0.9641436024790598,0.930954051303481,0.10198019801980197
untouched,two_axis,zoom_blur,1,common,pooled,0.899075036216493,0.843948490511196,0.2745874587458746
untouched,two_axis,zoom_blur,2,common,pooled,0.9275307431733273,0.8807199217493186,0.2033003300330033
untouched,two_axis,zoom_blur,3,common,pooled,0.9309511050114913,0.8823892517176027,0.1825082508250825
untouched,two_axis,zoom_blur,4,common,pooled,0.9435170843817055,0.8998588787138365,0.14884488448844885
untouched,two_axis,zoom_blur,5,common,pooled,0.9454024115282815,0.9007859055384817,0.13861386138613863
untouched,two_axis,snow,1,common,pooled,0.8120601466087203,0.7313962411816535,0.5151815181518152
untouched,two_axis,snow,2,common,pooled,0.9006032088357351,0.8459320394263035,0.33003300330033003
untouched,two_axis,snow,3,common,pooled,0.864554237601978,0.7954170424765964,0.4178217821782178
untouched,two_axis,snow,4,common,pooled,0.875592806805433,0.813325456344157,0.3930693069306931
untouched,two_axis,snow,5,common,pooled,0.8853550305525602,0.8279736438230417,0.33960396039603963
untouched,two_axis,frost,1,common,pooled,0.7010737509394503,0.6321078715056336,0.7227722772277227
untouched,two_axis,frost,2,common,pooled,0.8425059634676338,0.7615177299129544,0.4250825082508251
untouched,two_axis,frost,3,common,pooled,0.8946206798897711,0.8198474458946025,0.28415841584158413
untouched,two_axis,frost,4,common,pooled,0.903288784323977,0.8305020164693584,0.26765676567656765
untouched,two_axis,frost,5,common,pooled,0.923187378143755,0.8547784149737421,0.20726072607260726
untouched,two_axis,fog,1,common,pooled,0.8907895740069056,0.8562222323505706,0.36237623762376237
untouched,two_axis,fog,2,common,pooled,0.932522301735124,0.9042028998160315,0.2429042904290429
untouched,two_axis,fog,3,common,pooled,0.9531336797046042,0.9282291790113244,0.17095709570957096
untouched,two_axis,fog,4,common,pooled,0.9490752540600594,0.9210586432933714,0.18151815181518152
untouched,two_axis,fog,5,common,pooled,0.9600172096417563,0.9318912852959317,0.13399339933993398
untouched,two_axis,brightness,1,common,pooled,0.5211333311548977,0.5169545292938166,0.9379537953795379
untouched,two_axis,brightness,2,common,pooled,0.5555330087464192,0.5461127989372563,0.9201320132013201
untouched,two_axis,brightness,3,common,pooled,0.5895306560359006,0.5763955878849057,0.8838283828382838
untouched,two_axis,brightness,4,common,pooled,0.6283936215403718,0.6120132674591092,0.8382838283828383
untouched,two_axis,brightness,5,common,pooled,0.6667507542833492,0.6502905739063525,0.7877887788778878
untouched,two_axis,contrast,1,common,pooled,0.9057717652953414,0.8720812686701228,0.3201320132013201
untouched,two_axis,contrast,2,common,pooled,0.9601793941770415,0.9377566728198239,0.14983498349834984
untouched,two_axis,contrast,3,common,pooled,0.9875759457133833,0.9748369021206065,0.03828382838283828
untouched,two_axis,contrast,4,common,pooled,0.996980034637127,0.9903554590393497,0.007590759075907591
untouched,two_axis,contrast,5,common,pooled,0.9987543704865536,0.9930983572637709,0.0023102310231023103
untouched,two_axis,elastic_transform,1,common,pooled,0.5441275909769194,0.5167986222008834,0.9062706270627062
untouched,two_axis,elastic_transform,2,common,pooled,0.5344152534065287,0.5105988884577982,0.9128712871287129
untouched,two_axis,elastic_transform,3,common,pooled,0.5214843860623686,0.5022255446452842,0.9158415841584159
untouched,two_axis,elastic_transform,4,common,pooled,0.5132876951061442,0.49755821250591337,0.9227722772277228
untouched,two_axis,elastic_transform,5,common,pooled,0.5037667331089545,0.4914500571198829,0.9306930693069307
untouched,two_axis,pixelate,1,common,pooled,0.6061541896763933,0.557035209780763,0.8356435643564356
untouched,two_axis,pixelate,2,common,pooled,0.6239212931194109,0.5701974999880893,0.8115511551155116
untouched,two_axis,pixelate,3,common,pooled,0.668357459508327,0.6064020187064829,0.7455445544554455
untouched,two_axis,pixelate,4,common,pooled,0.7287490333191735,0.6658867535030681,0.6508250825082508
untouched,two_axis,pixelate,5,common,pooled,0.7420702763345641,0.679387495732872,0.6283828382838283
untouched,two_axis,jpeg_compression,1,common,pooled,0.565472230391356,0.5190465284877959,0.8597359735973598
untouched,two_axis,jpeg_compression,2,common,pooled,0.5876677667766776,0.5311876151316108,0.8277227722772277
untouched,two_axis,jpeg_compression,3,common,pooled,0.6014973477545774,0.5392405853189026,0.8092409240924092
untouched,two_axis,jpeg_compression,4,common,pooled,0.6146559705475498,0.5479573683510446,0.7933993399339934
untouched,two_axis,jpeg_compression,5,common,pooled,0.6095750961234737,0.5500773785335891,0.801980198019802
untouched,two_axis,speckle_noise,1,extra,pooled,0.8673337036673965,0.831890324655489,0.47326732673267324
untouched,two_axis,speckle_noise,2,extra,pooled,0.9075853129867442,0.8883546778907183,0.36303630363036304
untouched,two_axis,speckle_noise,3,extra,pooled,0.9701296169220882,0.9688862583354196,0.16237623762376238
untouched,two_axis,speckle_noise,4,extra,pooled,0.9864539424239454,0.9844495233390782,0.05148514851485148
untouched,two_axis,speckle_noise,5,extra,pooled,0.9945462863117995,0.9938578137405218,0.008580858085808581
untouched,two_axis,gaussian_blur,1,extra,pooled,0.789282750057184,0.7200816085110379,0.5372937293729373
untouched,two_axis,gaussian_blur,2,extra,pooled,0.9520486008996939,0.9128358464724988,0.1297029702970297
untouched,two_axis,gaussian_blur,3,extra,pooled,0.982016033286497,0.9591891945875748,0.0429042904290429
untouched,two_axis,gaussian_blur,4,extra,pooled,0.9900156847367905,0.9740719731354338,0.02145214521452145
untouched,two_axis,gaussian_blur,5,extra,pooled,0.9949072531015478,0.9844888996987903,0.009240924092409241
untouched,two_axis,spatter,1,extra,pooled,0.49926564933721096,0.49460103170546577,0.9432343234323433
untouched,two_axis,spatter,2,extra,pooled,0.7202065157010751,0.6297718343184545,0.6597359735973597
untouched,two_axis,spatter,3,extra,pooled,0.8903412519469769,0.8205832294478862,0.300990099009901
untouched,two_axis,spatter,4,extra,pooled,0.8796231306298947,0.8661456016324683,0.44554455445544555
untouched,two_axis,spatter,5,extra,pooled,0.9287200601248243,0.9211827973635436,0.3112211221122112
untouched,two_axis,saturate,1,extra,pooled,0.562871123746038,0.535669550606908,0.8848184818481848
untouched,two_axis,saturate,2,extra,pooled,0.5995207986145149,0.5612665516764598,0.8488448844884489
untouched,two_axis,saturate,3,extra,pooled,0.5205251663780239,0.5372407184210739,0.9485148514851485
untouched,two_axis,saturate,4,extra,pooled,0.6586641832500082,0.671523812675124,0.8749174917491749
untouched,two_axis,saturate,5,extra,pooled,0.7611484712827719,0.7925558712135975,0.8128712871287128
untouched,peak_share,gaussian_noise,1,common,pooled,0.8975494777200492,0.825579721175692,0.28976897689768977
untouched,peak_share,gaussian_noise,2,common,pooled,0.9432247383154156,0.8835053999494104,0.14356435643564355
untouched,peak_share,gaussian_noise,3,common,pooled,0.9618814059623784,0.906895155131736,0.07953795379537953
untouched,peak_share,gaussian_noise,4,common,pooled,0.967026435316799,0.9087011600672152,0.056105610561056105
untouched,peak_share,gaussian_noise,5,common,pooled,0.9647231752878258,0.8951491938784655,0.05247524752475247
untouched,peak_share,shot_noise,1,common,pooled,0.869993900380137,0.803647288703204,0.3966996699669967
untouched,peak_share,shot_noise,2,common,pooled,0.9192548660806674,0.8589726663938628,0.23465346534653464
untouched,peak_share,shot_noise,3,common,pooled,0.9385000381226242,0.8788794796626258,0.16402640264026402
untouched,peak_share,shot_noise,4,common,pooled,0.9418497097234476,0.8725277367648416,0.14092409240924092
untouched,peak_share,shot_noise,5,common,pooled,0.9315217462340294,0.8471115021528096,0.14752475247524752
untouched,peak_share,impulse_noise,1,common,pooled,0.9225890707882669,0.8452745319122461,0.18217821782178217
untouched,peak_share,impulse_noise,2,common,pooled,0.9526210937925476,0.8896884741399096,0.10627062706270628
untouched,peak_share,impulse_noise,3,common,pooled,0.9615360149876374,0.9027777553848566,0.07425742574257425
untouched,peak_share,impulse_noise,4,common,pooled,0.9660658541101635,0.9047770479981826,0.056105610561056105
untouched,peak_share,impulse_noise,5,common,pooled,0.962525133701489,0.891248236638278,0.056105610561056105
untouched,peak_share,defocus_blur,1,common,pooled,0.8608662549423259,0.7714611145153789,0.3306930693069307
untouched,peak_share,defocus_blur,2,common,pooled,0.9195656199283294,0.8462618040665295,0.18052805280528053
untouched,peak_share,defocus_blur,3,common,pooled,0.9607937130346698,0.9106760136126197,0.07854785478547854
untouched,peak_share,defocus_blur,4,common,pooled,0.9755411778801643,0.9380455174203907,0.048514851485148516
untouched,peak_share,defocus_blur,5,common,pooled,0.9829746539010337,0.9537031639586635,0.029372937293729372
untouched,peak_share,glass_blur,1,common,pooled,0.6980708862965505,0.6166930828185365,0.6778877887788779
untouched,peak_share,glass_blur,2,common,pooled,0.7925057456240674,0.6974896039765822,0.48151815181518154
untouched,peak_share,glass_blur,3,common,pooled,0.805436395124661,0.7091624812759846,0.4415841584158416
untouched,peak_share,glass_blur,4,common,pooled,0.8541328192225163,0.7596331383213638,0.3214521452145215
untouched,peak_share,glass_blur,5,common,pooled,0.9358209979413783,0.8684289654697562,0.131023102310231
untouched,peak_share,motion_blur,1,common,pooled,0.6720904268644686,0.6004413967238305,0.7224422442244225
untouched,peak_share,motion_blur,2,common,pooled,0.7647541090742738,0.6762505210526387,0.5551155115511551
untouched,peak_share,motion_blur,3,common,pooled,0.8397506780381009,0.7505293503861457,0.38646864686468646
untouched,peak_share,motion_blur,4,common,pooled,0.8914560663987191,0.811018382014704,0.2600660066006601
untouched,peak_share,motion_blur,5,common,pooled,0.9149367709048133,0.8414263373861237,0.20363036303630364
untouched,peak_share,zoom_blur,1,common,pooled,0.8010414011698199,0.7085495838205158,0.4557755775577558
untouched,peak_share,zoom_blur,2,common,pooled,0.8456762408914159,0.7554703076559444,0.35214521452145214
untouched,peak_share,zoom_blur,3,common,pooled,0.8530035181735995,0.7604550313509365,0.332013201320132
untouched,peak_share,zoom_blur,4,common,pooled,0.8752627738021327,0.7868047787288088,0.2729372937293729
untouched,peak_share,zoom_blur,5,common,pooled,0.8796255269091265,0.7900546899827018,0.26666666666666666
untouched,peak_share,snow,1,common,pooled,0.7434094696598372,0.6456027411458958,0.5825082508250825
untouched,peak_share,snow,2,common,pooled,0.8831101525994184,0.8006973965937878,0.29405940594059404
untouched,peak_share,snow,3,common,pooled,0.8351620211526103,0.7363783968337378,0.38514851485148516
untouched,peak_share,snow,4,common,pooled,0.8618184491716498,0.7687561316868995,0.3211221122112211
untouched,peak_share,snow,5,common,pooled,0.8916667211275583,0.8149293011614789,0.2617161716171617
untouched,peak_share,frost,1,common,pooled,0.6473717173697567,0.5778570224228294,0.7663366336633664
untouched,peak_share,frost,2,common,pooled,0.7913882081277435,0.6910088663340743,0.49273927392739275
untouched,peak_share,frost,3,common,pooled,0.8525865655872518,0.7503682550995774,0.3435643564356436
untouched,peak_share,frost,4,common,pooled,0.8591577078499929,0.7573561438677673,0.3240924092409241
untouched,peak_share,frost,5,common,pooled,0.8832509884651831,0.7840870033684247,0.2495049504950495
untouched,peak_share,fog,1,common,pooled,0.7051027677025128,0.6342809271051877,0.6627062706270627
untouched,peak_share,fog,2,common,pooled,0.7652219281334074,0.6865287133215606,0.5577557755775577
untouched,peak_share,fog,3,common,pooled,0.8048789334378983,0.7225175541516795,0.4739273927392739
untouched,peak_share,fog,4,common,pooled,0.7976392292694616,0.7084533737543564,0.4745874587458746
untouched,peak_share,fog,5,common,pooled,0.8295857704582339,0.7346172116301385,0.40066006600660065
untouched,peak_share,brightness,1,common,pooled,0.5196445882211984,0.5099630998089068,0.9353135313531353
untouched,peak_share,brightness,2,common,pooled,0.5583139997168034,0.5346374500030149,0.8957095709570957
untouched,peak_share,brightness,3,common,pooled,0.6054366129682275,0.5678680528949006,0.8283828382838284
untouched,peak_share,brightness,4,common,pooled,0.6572827282728273,0.6081177944358236,0.7452145214521452
untouched,peak_share,brightness,5,common,pooled,0.7059864501301615,0.6502857263613997,0.6653465346534654
untouched,peak_share,contrast,1,common,pooled,0.744305787014345,0.6776423850933064,0.6174917491749174
untouched,peak_share,contrast,2,common,pooled,0.8341611388861658,0.7670337703036275,0.4283828382838284
untouched,peak_share,contrast,3,common,pooled,0.9178484680151183,0.8691260109759019,0.2132013201320132
untouched,peak_share,contrast,4,common,pooled,0.9787240902308053,0.9606080330694322,0.062046204620462043
untouched,peak_share,contrast,5,common,pooled,0.9952184426363428,0.989026847490122,0.013861386138613862
untouched,peak_share,elastic_transform,1,common,pooled,0.48872245640405626,0.48605791564706474,0.9481848184818482
untouched,peak_share,elastic_transform,2,common,pooled,0.48007602740472066,0.4815659076507818,0.9551155115511551
untouched,peak_share,elastic_transform,3,common,pooled,0.4686196342406518,0.4757999072592652,0.9603960396039604
untouched,peak_share,elastic_transform,4,common,pooled,0.46310525111917134,0.47284725814960693,0.9610561056105611
untouched,peak_share,elastic_transform,5,common,pooled,0.45561317517890404,0.4687557575253513,0.9607260726072607
untouched,peak_share,pixelate,1,common,pooled,0.5123537997364093,0.49520670883685125,0.9221122112211221
untouched,peak_share,pixelate,2,common,pooled,0.5247193630254114,0.5015768195136208,0.9138613861386139
untouched,peak_share,pixelate,3,common,pooled,0.5513684932849721,0.515818658046117,0.8795379537953796
untouched,peak_share,pixelate,4,common,pooled,0.6225392935333137,0.5612706617409824,0.7801980198019802
untouched,peak_share,pixelate,5,common,pooled,0.6602223093596489,0.5893161520014099,0.7155115511551156
untouched,peak_share,jpeg_compression,1,common,pooled,0.5089852846670806,0.4875238357324544,0.901980198019802
untouched,peak_share,jpeg_compression,2,common,pooled,0.5204156455249486,0.49049240698805047,0.8838283828382838
untouched,peak_share,jpeg_compression,3,common,pooled,0.5280614101014062,0.49302327455176054,0.8712871287128713
untouched,peak_share,jpeg_compression,4,common,pooled,0.5487920574235642,0.5036198158639632,0.8227722772277227
untouched,peak_share,jpeg_compression,5,common,pooled,0.5755889945430187,0.5234215074764701,0.7775577557755775
untouched,peak_share,speckle_noise,1,extra,pooled,0.7949886176736486,0.7342499163594611,0.6118811881188119
untouched,peak_share,speckle_noise,2,extra,pooled,0.8333021817033188,0.7731522783608855,0.533003300330033
untouched,peak_share,speckle_noise,3,extra,pooled,0.8664574279210099,0.805182074721172,0.46765676567656767
untouched,peak_share,speckle_noise,4,extra,pooled,0.8643910727706434,0.7983305538442058,0.47095709570957095
untouched,peak_share,speckle_noise,5,extra,pooled,0.8520822577307235,0.771888191214802,0.44686468646864685
untouched,peak_share,gaussian_blur,1,extra,pooled,0.6991159908070015,0.6203266907798177,0.6871287128712872
untouched,peak_share,gaussian_blur,2,extra,pooled,0.9090420329161629,0.8327915618402629,0.20957095709570958
untouched,peak_share,gaussian_blur,3,extra,pooled,0.9602058621703754,0.9099493219393671,0.08184818481848184
untouched,peak_share,gaussian_blur,4,extra,pooled,0.9764911936738229,0.9398970190421381,0.04554455445544554
untouched,peak_share,gaussian_blur,5,extra,pooled,0.9873664891241599,0.9639059483669679,0.02145214521452145
untouched,peak_share,spatter,1,extra,pooled,0.46539914387478354,0.4699491353620156,0.9524752475247524
untouched,peak_share,spatter,2,extra,pooled,0.5659403762158394,0.49962448436562723,0.7894389438943894
untouched,peak_share,spatter,3,extra,pooled,0.7915912383317539,0.6878557967830402,0.5052805280528053
untouched,peak_share,spatter,4,extra,pooled,0.6293463603786121,0.5481637773037713,0.7547854785478548
untouched,peak_share,spatter,5,extra,pooled,0.690647975688658,0.6008468055337542,0.6871287128712872
untouched,peak_share,saturate,1,extra,pooled,0.5168669193652038,0.5050376310865485,0.928052805280528
untouched,peak_share,saturate,2,extra,pooled,0.5379559193543116,0.515687029495681,0.905940594059406
untouched,peak_share,saturate,3,extra,pooled,0.5624401202496487,0.5470070700462543,0.901980198019802
untouched,peak_share,saturate,4,extra,pooled,0.6998935834177478,0.659559125996686,0.7115511551155116
untouched,peak_share,saturate,5,extra,pooled,0.8371952640808635,0.8189477336246147,0.5181518151815182
untouched,level,gaussian_noise,1,common,pooled,0.8921562156215621,0.8191943363381393,0.24422442244224424
untouched,level,gaussian_noise,2,common,pooled,0.9799730963195329,0.9606489558843649,0.054455445544554455
untouched,level,gaussian_noise,3,common,pooled,0.9975429424130532,0.9918547319355656,0.005280528052805281
untouched,level,gaussian_noise,4,common,pooled,0.9990387652626649,0.9949421673478209,0.0009900990099009901
untouched,level,gaussian_noise,5,common,pooled,0.9994667189491226,0.9985978519408664,0.0006600660066006601
untouched,level,shot_noise,1,common,pooled,0.8827114988726595,0.8370816467510801,0.3580858085808581
untouched,level,shot_noise,2,common,pooled,0.9745142633075189,0.9635641926336063,0.11122112211221122
untouched,level,shot_noise,3,common,pooled,0.9952166998878106,0.9902172646374409,0.01782178217821782
untouched,level,shot_noise,4,common,pooled,0.9989468352775872,0.9964261500928184,0.0013201320132013201
untouched,level,shot_noise,5,common,pooled,0.9996311908418565,0.9995291812701771,0.0009900990099009901
untouched,level,impulse_noise,1,common,pooled,0.9727067063141958,0.9520183555768325,0.08217821782178218
untouched,level,impulse_noise,2,common,pooled,0.9955732008844449,0.9886753484481053,0.011221122112211221
untouched,level,impulse_noise,3,common,pooled,0.998513435501966,0.9935709175013748,0.0029702970297029703
untouched,level,impulse_noise,4,common,pooled,0.9991495387162479,0.9961396185462976,0.0009900990099009901
untouched,level,impulse_noise,5,common,pooled,0.9995512422529381,0.9991402073466954,0.0006600660066006601
untouched,level,defocus_blur,1,common,pooled,0.9033982507161608,0.8515080919616443,0.2729372937293729
untouched,level,defocus_blur,2,common,pooled,0.9480227428683462,0.9109537263663748,0.1495049504950495
untouched,level,defocus_blur,3,common,pooled,0.9763867376836693,0.9527475719023321,0.06963696369636964
untouched,level,defocus_blur,4,common,pooled,0.9857977976015423,0.968040397435419,0.03861386138613861
untouched,level,defocus_blur,5,common,pooled,0.9904853554662397,0.9764282730897111,0.023762376237623763
untouched,level,glass_blur,1,common,pooled,0.7739617031010032,0.7128967440690344,0.5834983498349835
untouched,level,glass_blur,2,common,pooled,0.8638331753967476,0.8075268486771473,0.38976897689768975
untouched,level,glass_blur,3,common,pooled,0.8838954786567765,0.8311393605251252,0.3448844884488449
untouched,level,glass_blur,4,common,pooled,0.921314685924038,0.8764424492462295,0.23993399339933993
untouched,level,glass_blur,5,common,pooled,0.9680122863771525,0.9393797870114508,0.09702970297029703
untouched,level,motion_blur,1,common,pooled,0.7352181158709931,0.6672665584291929,0.6300330033003301
untouched,level,motion_blur,2,common,pooled,0.835370824211134,0.7686604950198687,0.43234323432343236
untouched,level,motion_blur,3,common,pooled,0.9034983498349834,0.8509006724158061,0.27821782178217824
untouched,level,motion_blur,4,common,pooled,0.9411630668017297,0.9004826127191684,0.16897689768976898
untouched,level,motion_blur,5,common,pooled,0.9572947096689867,0.9231907779851757,0.1250825082508251
untouched,level,zoom_blur,1,common,pooled,0.8841361957977976,0.834978509139501,0.36270627062706273
untouched,level,zoom_blur,2,common,pooled,0.9161340391464889,0.8726018299078553,0.2613861386138614
untouched,level,zoom_blur,3,common,pooled,0.9050011436787243,0.8610661351072972,0.2976897689768977
untouched,level,zoom_blur,4,common,pooled,0.9213930006862072,0.8807298411509702,0.25445544554455446
untouched,level,zoom_blur,5,common,pooled,0.9151159472382882,0.8730138182667616,0.2716171617161716
untouched,level,snow,1,common,pooled,0.6590816804452723,0.5777750859817112,0.6501650165016502
untouched,level,snow,2,common,pooled,0.8268828764064525,0.7325978805296989,0.37722772277227723
untouched,level,snow,3,common,pooled,0.7735252535154505,0.6776378233789654,0.4623762376237624
untouched,level,snow,4,common,pooled,0.8167254844296311,0.7262859891514939,0.3904290429042904
untouched,level,snow,5,common,pooled,0.8263312964959862,0.7259622563439683,0.3435643564356436
untouched,level,frost,1,common,pooled,0.5507548279580433,0.5033828116220026,0.8188118811881188
untouched,level,frost,2,common,pooled,0.5994267446546635,0.5174366518017567,0.6887788778877888
untouched,level,frost,3,common,pooled,0.6336687035040137,0.5343686118928412,0.6128712871287129
untouched,level,frost,4,common,pooled,0.6248409197355379,0.5254715488091751,0.6207920792079208
untouched,level,frost,5,common,pooled,0.6485486172379614,0.5393535008028655,0.5735973597359736
untouched,level,fog,1,common,pooled,0.9008852073326145,0.8677801388975264,0.35973597359735976
untouched,level,fog,2,common,pooled,0.9402442026380856,0.9120364889378734,0.2155115511551155
untouched,level,fog,3,common,pooled,0.9586658170767571,0.933812352543238,0.14422442244224423
untouched,level,fog,4,common,pooled,0.9548995196549358,0.9270486590172065,0.15313531353135312
untouched,level,fog,5,common,pooled,0.9635256892025836,0.9357177009492343,0.11914191419141915
untouched,level,brightness,1,common,pooled,0.515554902024856,0.5103315853125104,0.9297029702970298
untouched,level,brightness,2,common,pooled,0.5583196636495332,0.5405235065954941,0.8838283828382838
untouched,level,brightness,3,common,pooled,0.6163979566273459,0.5828313609000308,0.8006600660066007
untouched,level,brightness,4,common,pooled,0.6820874859763204,0.6354669590051566,0.695049504950495
untouched,level,brightness,5,common,pooled,0.740105871973336,0.6882056925780868,0.5805280528052805
untouched,level,contrast,1,common,pooled,0.9145222145976974,0.881655152823614,0.30495049504950494
untouched,level,contrast,2,common,pooled,0.9643988062172554,0.9419251581345677,0.1250825082508251
untouched,level,contrast,3,common,pooled,0.9881260007188838,0.9754460970761064,0.036303630363036306
untouched,level,contrast,4,common,pooled,0.9969823219945757,0.9902910458514644,0.007260726072607261
untouched,level,contrast,5,common,pooled,0.9987306255378013,0.9929748570022884,0.0023102310231023103
untouched,level,elastic_transform,1,common,pooled,0.49476826890609854,0.4923730943366241,0.9422442244224423
untouched,level,elastic_transform,2,common,pooled,0.4881395070200089,0.4879373046846882,0.9412541254125413
untouched,level,elastic_transform,3,common,pooled,0.48390386563408816,0.4850225089315197,0.9425742574257425
untouched,level,elastic_transform,4,common,pooled,0.48396638673768366,0.4849370027226193,0.9386138613861386
untouched,level,elastic_transform,5,common,pooled,0.4844101340827152,0.4841186374436828,0.9297029702970298
untouched,level,pixelate,1,common,pooled,0.5380300406278251,0.5199593779995764,0.9158415841584159
untouched,level,pixelate,2,common,pooled,0.5605581152174623,0.5346830593236788,0.8933993399339935
untouched,level,pixelate,3,common,pooled,0.6201913755732009,0.5785893251364267,0.8188118811881188
untouched,level,pixelate,4,common,pooled,0.694394993954841,0.6441803357448479,0.7006600660066007
untouched,level,pixelate,5,common,pooled,0.7035169754599222,0.6492498346548563,0.6445544554455446
untouched,level,jpeg_compression,1,common,pooled,0.5125445217789105,0.49311301485995024,0.905940594059406
untouched,level,jpeg_compression,2,common,pooled,0.5120680978988988,0.4901501076945586,0.8874587458745875
untouched,level,jpeg_compression,3,common,pooled,0.515578973738958,0.4912657705851014,0.8739273927392739
untouched,level,jpeg_compression,4,common,pooled,0.5365188598067727,0.5009915621906255,0.8201320132013201
untouched,level,jpeg_compression,5,common,pooled,0.5789334378982453,0.5266735863611409,0.7488448844884489
untouched,level,speckle_noise,1,extra,pooled,0.7962846779727478,0.7545452284984189,0.5726072607260726
untouched,level,speckle_noise,2,extra,pooled,0.8864432680891852,0.8661261999427808,0.42211221122112214
untouched,level,speckle_noise,3,extra,pooled,0.9768384363188795,0.9729766569566317,0.13267326732673268
untouched,level,speckle_noise,4,extra,pooled,0.9898242002418064,0.9866053234700348,0.045874587458745876
untouched,level,speckle_noise,5,extra,pooled,0.9960171660730429,0.9948235870451251,0.00825082508250825
untouched,level,gaussian_blur,1,extra,pooled,0.7629771591020488,0.6994694293849586,0.5904290429042904
untouched,level,gaussian_blur,2,extra,pooled,0.9400300624121818,0.8999636734953538,0.16996699669966997
untouched,level,gaussian_blur,3,extra,pooled,0.9766447733882299,0.9529728393723139,0.06963696369636964
untouched,level,gaussian_blur,4,extra,pooled,0.9872239105098629,0.9705468618186376,0.033003300330033
untouched,level,gaussian_blur,5,extra,pooled,0.9936428890413794,0.9826871312520215,0.014521452145214522
untouched,level,spatter,1,extra,pooled,0.4715891688178719,0.48015706489047866,0.9564356435643564
untouched,level,spatter,2,extra,pooled,0.582068969273165,0.5326446342262274,0.7864686468646864
untouched,level,spatter,3,extra,pooled,0.7947187094947118,0.7187627141236556,0.49603960396039604
untouched,level,spatter,4,extra,pooled,0.8899642736550882,0.8764658329635117,0.43267326732673267
untouched,level,spatter,5,extra,pooled,0.9347428901305972,0.9264145365155942,0.3085808580858086
untouched,level,saturate,1,extra,pooled,0.5619666372577852,0.537432420566571,0.8960396039603961
untouched,level,saturate,2,extra,pooled,0.6122483089893148,0.5687250849652584,0.8257425742574257
untouched,level,saturate,3,extra,pooled,0.5667498284481913,0.5570147253870581,0.8907590759075907
untouched,level,saturate,4,extra,pooled,0.7352757354943416,0.7105919712291913,0.6613861386138614
untouched,level,saturate,5,extra,pooled,0.8433261444956377,0.8386850216528401,0.5128712871287129
untouched,global_level,gaussian_noise,1,common,pooled,0.8374677863825987,0.7381928601282197,0.31254125412541256
untouched,global_level,gaussian_noise,2,common,pooled,0.9594492914637999,0.9145454802202518,0.08613861386138613
untouched,global_level,gaussian_noise,3,common,pooled,0.994188913940899,0.9858024804134741,0.013201320132013201
untouched,global_level,gaussian_noise,4,common,pooled,0.9989835419185483,0.9944874857695808,0.0013201320132013201
untouched,global_level,gaussian_noise,5,common,pooled,0.9995199817011404,0.9984239144833384,0.0006600660066006601
untouched,global_level,shot_noise,1,common,pooled,0.8338317594135651,0.7607572628869259,0.4471947194719472
untouched,global_level,shot_noise,2,common,pooled,0.9545681795902362,0.9299315672607681,0.17755775577557756
untouched,global_level,shot_noise,3,common,pooled,0.99011033776645,0.9841329593956892,0.03927392739273927
untouched,global_level,shot_noise,4,common,pooled,0.9984882745700313,0.9959553887896674,0.0013201320132013201
untouched,global_level,shot_noise,5,common,pooled,0.999508435992114,0.9993646141455128,0.0009900990099009901
untouched,global_level,impulse_noise,1,common,pooled,0.9517133396507967,0.9076383394379421,0.11485148514851486
untouched,global_level,impulse_noise,2,common,pooled,0.9896497075450119,0.9769039748807111,0.024092409240924092
untouched,global_level,impulse_noise,3,common,pooled,0.9970408129921903,0.9912999807972869,0.007260726072607261
untouched,global_level,impulse_noise,4,common,pooled,0.9990749272947097,0.9959124659759071,0.0009900990099009901
untouched,global_level,impulse_noise,5,common,pooled,0.9995844633968347,0.999050810916764,0.0006600660066006601
untouched,global_level,defocus_blur,1,common,pooled,0.822755285429533,0.7449361598179964,0.41287128712871285
untouched,global_level,defocus_blur,2,common,pooled,0.8903456088183076,0.8208816527010614,0.2735973597359736
untouched,global_level,defocus_blur,3,common,pooled,0.9431114596608176,0.8910953895036238,0.13894389438943894
untouched,global_level,defocus_blur,4,common,pooled,0.9637124900608873,0.9225699684096589,0.07821782178217822
untouched,global_level,defocus_blur,5,common,pooled,0.97476031761592,0.9421450682483128,0.050825082508250824
untouched,global_level,glass_blur,1,common,pooled,0.6780884227036565,0.6160884011079233,0.6749174917491749
untouched,global_level,glass_blur,2,common,pooled,0.7785843435828731,0.7033651595729711,0.5089108910891089
untouched,global_level,glass_blur,3,common,pooled,0.8120000217843567,0.7375016086616839,0.46006600660066005
untouched,global_level,glass_blur,4,common,pooled,0.8606931782287139,0.7896095283924691,0.3577557755775578
untouched,global_level,glass_blur,5,common,pooled,0.9313020509971789,0.8752033163207975,0.17062706270627062
untouched,global_level,motion_blur,1,common,pooled,0.6507244387805117,0.5884771984951379,0.7046204620462047
untouched,global_level,motion_blur,2,common,pooled,0.7453716955854002,0.6705177431465119,0.566006600660066
untouched,global_level,motion_blur,3,common,pooled,0.8273986210502239,0.7530132362833788,0.43003300330033
untouched,global_level,motion_blur,4,common,pooled,0.8845689420427191,0.8166555180636859,0.30363036303630364
untouched,global_level,motion_blur,5,common,pooled,0.9109040508011197,0.849087571446796,0.2363036303630363
untouched,global_level,zoom_blur,1,common,pooled,0.8047238288185254,0.7422462721895149,0.5382838283828383
untouched,global_level,zoom_blur,2,common,pooled,0.8517698700563126,0.7885814037284415,0.42145214521452146
untouched,global_level,zoom_blur,3,common,pooled,0.8396622335500877,0.7780570589172338,0.4636963696369637
untouched,global_level,zoom_blur,4,common,pooled,0.8646675162565761,0.8036090674914455,0.39504950495049507
untouched,global_level,zoom_blur,5,common,pooled,0.8576994630156085,0.7951030355362281,0.41188118811881186
untouched,global_level,snow,1,common,pooled,0.6150503763247612,0.5454856941172959,0.665016501650165
untouched,global_level,snow,2,common,pooled,0.7659489810367175,0.659997603517942,0.4376237623762376
untouched,global_level,snow,3,common,pooled,0.7266982539838143,0.6297633794065678,0.5122112211221123
untouched,global_level,snow,4,common,pooled,0.7708865143940137,0.6732321882227303,0.44554455445544555
untouched,global_level,snow,5,common,pooled,0.7520912982387348,0.6428200959212877,0.43564356435643564
untouched,global_level,frost,1,common,pooled,0.4993262098487076,0.4757484050116859,0.8973597359735973
untouched,global_level,frost,2,common,pooled,0.5113427877441209,0.4649087566647696,0.8128712871287128
untouched,global_level,frost,3,common,pooled,0.5316056160071453,0.4695567005412321,0.7363036303630363
untouched,global_level,frost,4,common,pooled,0.5182936313433324,0.46094081355202005,0.7488448844884489
untouched,global_level,frost,5,common,pooled,0.5338417802176257,0.46647805307862666,0.693069306930693
untouched,global_level,fog,1,common,pooled,0.8026190242786655,0.7621687592775025,0.634983498349835
untouched,global_level,fog,2,common,pooled,0.8607857617444913,0.817788279633969,0.4693069306930693
untouched,global_level,fog,3,common,pooled,0.893668376738664,0.8499987134925356,0.366006600660066
untouched,global_level,fog,4,common,pooled,0.8872012547789433,0.8376614310788434,0.37392739273927394
untouched,global_level,fog,5,common,pooled,0.90500266858369,0.8482342388181003,0.2957095709570957
untouched,global_level,brightness,1,common,pooled,0.5124089141587426,0.5099809189464203,0.9392739273927393
untouched,global_level,brightness,2,common,pooled,0.5434615342722391,0.5335779169877772,0.902970297029703
untouched,global_level,brightness,3,common,pooled,0.5859668442091734,0.5652249721324764,0.8567656765676568
untouched,global_level,brightness,4,common,pooled,0.6374353276911849,0.6042021996616038,0.7772277227722773
untouched,global_level,brightness,5,common,pooled,0.6856651308695226,0.6438622303016449,0.6762376237623763
untouched,global_level,contrast,1,common,pooled,0.8228712871287128,0.7803354293614715,0.5772277227722772
untouched,global_level,contrast,2,common,pooled,0.9052674574388132,0.8653492584927416,0.33135313531353133
untouched,global_level,contrast,3,common,pooled,0.9603171802328748,0.9329681385413964,0.12772277227722773
untouched,global_level,contrast,4,common,pooled,0.9892635798233289,0.9779292549602521,0.03135313531353135
untouched,global_level,contrast,5,common,pooled,0.9972165038286007,0.990963070402194,0.007590759075907591
untouched,global_level,elastic_transform,1,common,pooled,0.4819169144637236,0.479148787481974,0.9455445544554455
untouched,global_level,elastic_transform,2,common,pooled,0.4771037697829189,0.4757409868402185,0.9425742574257425
untouched,global_level,elastic_transform,3,common,pooled,0.47188118811881186,0.47183466681567543,0.9392739273927393
untouched,global_level,elastic_transform,4,common,pooled,0.46930769314555215,0.46957595003500563,0.9353135313531353
untouched,global_level,elastic_transform,5,common,pooled,0.46721290940975285,0.46731193000006166,0.9316831683168317
untouched,global_level,pixelate,1,common,pooled,0.49712827718415403,0.4900920020439805,0.9412541254125413
untouched,global_level,pixelate,2,common,pooled,0.5085165942336808,0.4964782190081161,0.9283828382838284
untouched,global_level,pixelate,3,common,pooled,0.5409828012504221,0.5166730727117201,0.8716171617161717
untouched,global_level,pixelate,4,common,pooled,0.6120097158230674,0.5624310168079643,0.7504950495049505
untouched,global_level,pixelate,5,common,pooled,0.6430438192334085,0.5812701097487313,0.6871287128712872
untouched,global_level,jpeg_compression,1,common,pooled,0.48552843403152196,0.47470463645751826,0.9181518151815181
untouched,global_level,jpeg_compression,2,common,pooled,0.4796753041640798,0.4659565124694105,0.902970297029703
untouched,global_level,jpeg_compression,3,common,pooled,0.4808159330784564,0.4636512140584993,0.8867986798679868
untouched,global_level,jpeg_compression,4,common,pooled,0.49828720495811957,0.46799845130769824,0.8402640264026403
untouched,global_level,jpeg_compression,5,common,pooled,0.5386452308597196,0.4876343213338946,0.7706270627062707
untouched,global_level,speckle_noise,1,extra,pooled,0.7436618414316679,0.6826345092612196,0.6534653465346535
untouched,global_level,speckle_noise,2,extra,pooled,0.8451760720626518,0.8041759991054379,0.524092409240924
untouched,global_level,speckle_noise,3,extra,pooled,0.9626486510037142,0.9575121419230833,0.21254125412541255
untouched,global_level,speckle_noise,4,extra,pooled,0.9828882789269026,0.9799854615288989,0.09207920792079208
untouched,global_level,speckle_noise,5,extra,pooled,0.9931588406365389,0.9920812128858446,0.028052805280528052
untouched,global_level,gaussian_blur,1,extra,pooled,0.6682966811532638,0.6053458882207391,0.6706270627062706
untouched,global_level,gaussian_blur,2,extra,pooled,0.8759916783757584,0.8035903960862526,0.3069306930693069
untouched,global_level,gaussian_blur,3,extra,pooled,0.942189545687242,0.8887226041582466,0.13894389438943894
untouched,global_level,gaussian_blur,4,extra,pooled,0.9656231959829646,0.9251630339853634,0.0735973597359736
untouched,global_level,gaussian_blur,5,extra,pooled,0.982161879554292,0.9558582148902826,0.03498349834983498
untouched,global_level,spatter,1,extra,pooled,0.46996939297890183,0.4757598517258284,0.9537953795379538
untouched,global_level,spatter,2,extra,pooled,0.5740323933383438,0.527504923676337,0.7745874587458745
untouched,global_level,spatter,3,extra,pooled,0.7639351261858859,0.6700656854171374,0.47128712871287126
untouched,global_level,spatter,4,extra,pooled,0.8871479920269255,0.8653784339446753,0.43135313531353137
untouched,global_level,spatter,5,extra,pooled,0.9274677863825986,0.9144785814848025,0.33036303630363034
untouched,global_level,saturate,1,extra,pooled,0.5193034996568964,0.5083087296873267,0.9405940594059405
untouched,global_level,saturate,2,extra,pooled,0.5460928122515222,0.5228516639737518,0.9112211221122112
untouched,global_level,saturate,3,extra,pooled,0.5594050147589016,0.5522334682879595,0.8897689768976897
untouched,global_level,saturate,4,extra,pooled,0.692625777429228,0.6705554746726685,0.7026402640264027
untouched,global_level,saturate,5,extra,pooled,0.8045389885523205,0.7986301247673625,0.5735973597359736
untouched,means_knn,gaussian_noise,1,common,pooled,0.9260047489897505,0.8905488002278981,0.23267326732673269
untouched,means_knn,gaussian_noise,2,common,pooled,0.9831629796643031,0.9688210365870933,0.05478547854785479
untouched,means_knn,gaussian_noise,3,common,pooled,0.996112908320535,0.9893204992089739,0.011221122112211221
untouched,means_knn,gaussian_noise,4,common,pooled,0.9987465281181583,0.9948607736126477,0.0019801980198019802
untouched,means_knn,gaussian_noise,5,common,pooled,0.999586206145367,0.9990351571153273,0.0006600660066006601
untouched,means_knn,shot_noise,1,common,pooled,0.9115894955832217,0.8831299390873065,0.30264026402640265
untouched,means_knn,shot_noise,2,common,pooled,0.9804567090372404,0.9680455624479126,0.06930693069306931
untouched,means_knn,shot_noise,3,common,pooled,0.9949209772462395,0.9886153328832191,0.014521452145214522
untouched,means_knn,shot_noise,4,common,pooled,0.9989987909682058,0.9968074152270415,0.0019801980198019802
untouched,means_knn,shot_noise,5,common,pooled,0.9996541733381259,0.99951533400579,0.0009900990099009901
untouched,means_knn,impulse_noise,1,common,pooled,0.9667871341589604,0.9448845736948328,0.10066006600660066
untouched,means_knn,impulse_noise,2,common,pooled,0.9927396006927426,0.983794106216012,0.019801980198019802
untouched,means_knn,impulse_noise,3,common,pooled,0.9969395157337516,0.9910496709030324,0.006600660066006601
untouched,means_knn,impulse_noise,4,common,pooled,0.9990675206134475,0.9964189575893061,0.0013201320132013201
untouched,means_knn,impulse_noise,5,common,pooled,0.9996480737182629,0.9992592457890723,0.0006600660066006601
untouched,means_knn,defocus_blur,1,common,pooled,0.7818048339487415,0.7141374020886702,0.5544554455445545
untouched,means_knn,defocus_blur,2,common,pooled,0.8467780936509492,0.7802546941663822,0.3966996699669967
untouched,means_knn,defocus_blur,3,common,pooled,0.9084414382032263,0.8527973980931058,0.23894389438943894
untouched,means_knn,defocus_blur,4,common,pooled,0.942522301735124,0.899321385271114,0.1491749174917492
untouched,means_knn,defocus_blur,5,common,pooled,0.9618945854981538,0.9279969110515395,0.09735973597359736
untouched,means_knn,glass_blur,1,common,pooled,0.6651200862660523,0.6063755610108875,0.7574257425742574
untouched,means_knn,glass_blur,2,common,pooled,0.7552610310536004,0.6832181782423069,0.593069306930693
untouched,means_knn,glass_blur,3,common,pooled,0.8105050703090111,0.7326812524840016,0.466996699669967
untouched,means_knn,glass_blur,4,common,pooled,0.8448189175353179,0.7698459388557333,0.38811881188118813
untouched,means_knn,glass_blur,5,common,pooled,0.914030868433378,0.8561502547434794,0.2188118811881188
untouched,means_knn,motion_blur,1,common,pooled,0.6733178664401094,0.6243082530284649,0.7745874587458745
untouched,means_knn,motion_blur,2,common,pooled,0.7542077574094043,0.6949313900245438,0.638943894389439
untouched,means_knn,motion_blur,3,common,pooled,0.8225347188184164,0.7607032625937044,0.4877887788778878
untouched,means_knn,motion_blur,4,common,pooled,0.8764800836519295,0.8197944183325327,0.3448844884488449
untouched,means_knn,motion_blur,5,common,pooled,0.901165245237395,0.8489512617829156,0.27953795379537955
untouched,means_knn,zoom_blur,1,common,pooled,0.6918126763171366,0.6304607709982855,0.7108910891089109
untouched,means_knn,zoom_blur,2,common,pooled,0.7457290679563006,0.6777909467842307,0.5973597359735974
untouched,means_knn,zoom_blur,3,common,pooled,0.7420036162032044,0.6738885532250732,0.6059405940594059
untouched,means_knn,zoom_blur,4,common,pooled,0.7729514535611977,0.7028249775213868,0.5405940594059406
untouched,means_knn,zoom_blur,5,common,pooled,0.7768542299774532,0.7048210316127875,0.5306930693069307
untouched,means_knn,snow,1,common,pooled,0.7572033242928253,0.7061635985938,0.6316831683168317
untouched,means_knn,snow,2,common,pooled,0.9406851180167521,0.9085804505235514,0.17854785478547855
untouched,means_knn,snow,3,common,pooled,0.9089623021708111,0.8655989694093535,0.2646864686468647
untouched,means_knn,snow,4,common,pooled,0.9490212288555588,0.9171076834507562,0.14125412541254126
untouched,means_knn,snow,5,common,pooled,0.9638461370889564,0.9405181898401637,0.10495049504950495
untouched,means_knn,frost,1,common,pooled,0.7136099946628326,0.6787065729033347,0.76006600660066
untouched,means_knn,frost,2,common,pooled,0.8238909039418794,0.7791193069045343,0.5013201320132014
untouched,means_knn,frost,3,common,pooled,0.8838222832184208,0.8418663842991136,0.367986798679868
untouched,means_knn,frost,4,common,pooled,0.8795879488938992,0.8320493321210123,0.36402640264026404
untouched,means_knn,frost,5,common,pooled,0.9053603677199403,0.8615864649622844,0.2900990099009901
untouched,means_knn,fog,1,common,pooled,0.5349138973303271,0.49484591451235427,0.8438943894389439
untouched,means_knn,fog,2,common,pooled,0.570097376074241,0.5165976816864317,0.7993399339933993
untouched,means_knn,fog,3,common,pooled,0.5907124573843523,0.530547102696932,0.7795379537953795
untouched,means_knn,fog,4,common,pooled,0.5741977366053437,0.5166768899699297,0.7947194719471947
untouched,means_knn,fog,5,common,pooled,0.5974869566164537,0.5297342444091323,0.7597359735973598
untouched,means_knn,brightness,1,common,pooled,0.5691818884858783,0.5601334295363302,0.9145214521452145
untouched,means_knn,brightness,2,common,pooled,0.6732365018680085,0.6526064641205159,0.8306930693069307
untouched,means_knn,brightness,3,common,pooled,0.7819220337875372,0.7555516977564507,0.6696369636963696
untouched,means_knn,brightness,4,common,pooled,0.8765797470836193,0.8515093517718243,0.4396039603960396
untouched,means_knn,brightness,5,common,pooled,0.9362482980971365,0.9166835464957097,0.2429042904290429
untouched,means_knn,contrast,1,common,pooled,0.6953377119890207,0.6476911465148878,0.7234323432343235
untouched,means_knn,contrast,2,common,pooled,0.7821500070799159,0.7308885077120633,0.5702970297029702
untouched,means_knn,contrast,3,common,pooled,0.8788007711662256,0.8375521346721035,0.37095709570957097
untouched,means_knn,contrast,4,common,pooled,0.9695125750198782,0.9505813567945932,0.09900990099009901
untouched,means_knn,contrast,5,common,pooled,0.9938836061824005,0.9847467260606307,0.01749174917491749
untouched,means_knn,elastic_transform,1,common,pooled,0.4865578538051825,0.48552334938051817,0.9475247524752475
untouched,means_knn,elastic_transform,2,common,pooled,0.4899512030410962,0.4863532499477767,0.9442244224422442
untouched,means_knn,elastic_transform,3,common,pooled,0.5006845734078358,0.49126219805095517,0.9306930693069307
untouched,means_knn,elastic_transform,4,common,pooled,0.5142068860351382,0.49870568861404796,0.9184818481848185
untouched,means_knn,elastic_transform,5,common,pooled,0.5385623413826531,0.5133343790979801,0.9
untouched,means_knn,pixelate,1,common,pooled,0.4934785260704288,0.48757785719796565,0.93003300330033
untouched,means_knn,pixelate,2,common,pooled,0.5087228920911894,0.49624170491379566,0.9128712871287129
untouched,means_knn,pixelate,3,common,pooled,0.5747230663660425,0.5380194788351634,0.8584158415841584
untouched,means_knn,pixelate,4,common,pooled,0.7021369364659238,0.6394074380576829,0.7066006600660066
untouched,means_knn,pixelate,5,common,pooled,0.7838704266466251,0.7169334509895251,0.5498349834983498
untouched,means_knn,jpeg_compression,1,common,pooled,0.5223935561873019,0.5073250333554086,0.9115511551155115
untouched,means_knn,jpeg_compression,2,common,pooled,0.5401783049592088,0.5173916483429258,0.8894389438943895
untouched,means_knn,jpeg_compression,3,common,pooled,0.5523873476456557,0.524024723283385,0.8788778877887788
untouched,means_knn,jpeg_compression,4,common,pooled,0.6008830288969491,0.5555169195968153,0.8194719471947195
untouched,means_knn,jpeg_compression,5,common,pooled,0.6623481358036793,0.5987046034247469,0.7273927392739274
untouched,means_knn,speckle_noise,1,extra,pooled,0.8316636713176269,0.807937013795158,0.5636963696369637
untouched,means_knn,speckle_noise,2,extra,pooled,0.9071335054297509,0.8881347212701833,0.35115511551155115
untouched,means_knn,speckle_noise,3,extra,pooled,0.9833397597185461,0.9751264417639216,0.06666666666666667
untouched,means_knn,speckle_noise,4,extra,pooled,0.9933116578984631,0.9885217273855545,0.024752475247524754
untouched,means_knn,speckle_noise,5,extra,pooled,0.9976661329499287,0.9960499220129007,0.009240924092409241
untouched,means_knn,gaussian_blur,1,extra,pooled,0.6593087823633849,0.6064889420511046,0.7795379537953795
untouched,means_knn,gaussian_blur,2,extra,pooled,0.837764816085569,0.7723989730265564,0.42277227722772276
untouched,means_knn,gaussian_blur,3,extra,pooled,0.9119283512509667,0.8581769307721615,0.23564356435643563
untouched,means_knn,gaussian_blur,4,extra,pooled,0.9465424958337418,0.9047519392504031,0.13960396039603962
untouched,means_knn,gaussian_blur,5,extra,pooled,0.9759188097027525,0.949525184769009,0.06171617161716172
untouched,means_knn,spatter,1,extra,pooled,0.4889644806064765,0.4918178090246054,0.9521452145214522
untouched,means_knn,spatter,2,extra,pooled,0.597769717565816,0.5692460600682336,0.8666666666666667
untouched,means_knn,spatter,3,extra,pooled,0.7641736648912416,0.7112067230254393,0.6231023102310231
untouched,means_knn,spatter,4,extra,pooled,0.808592839481968,0.7819405918773684,0.5782178217821782
untouched,means_knn,spatter,5,extra,pooled,0.8826207670271977,0.850071003721365,0.36534653465346534
untouched,means_knn,saturate,1,extra,pooled,0.4611698744131839,0.46046199987080694,0.9442244224422442
untouched,means_knn,saturate,2,extra,pooled,0.49469218704048623,0.47742617772682105,0.9013201320132013
untouched,means_knn,saturate,3,extra,pooled,0.691576806195471,0.6775645294555116,0.833993399339934
untouched,means_knn,saturate,4,extra,pooled,0.9101570652114717,0.8945437776371793,0.3590759075907591
untouched,means_knn,saturate,5,extra,pooled,0.966567003234977,0.9593767492889747,0.1495049504950495
untouched,means_own,gaussian_noise,1,common,pooled,0.8105379646875579,0.7128684813268376,0.3920792079207921
untouched,means_own,gaussian_noise,2,common,pooled,0.9475845505342614,0.895574959974118,0.12178217821782178
untouched,means_own,gaussian_noise,3,common,pooled,0.9914615124878825,0.979438307460275,0.018481848184818482
untouched,means_own,gaussian_noise,4,common,pooled,0.998900325676132,0.9941950230665878,0.0016501650165016502
untouched,means_own,gaussian_noise,5,common,pooled,0.9995076735396312,0.9988836618130685,0.0006600660066006601
untouched,means_own,shot_noise,1,common,pooled,0.80592839481968,0.7347582228048373,0.525082508250825
untouched,means_own,shot_noise,2,common,pooled,0.9422907340238974,0.9119955024265244,0.21089108910891088
untouched,means_own,shot_noise,3,common,pooled,0.9865424958337418,0.978876223463279,0.045874587458745876
untouched,means_own,shot_noise,4,common,pooled,0.9982940670304654,0.9956628735934883,0.0039603960396039604
untouched,means_own,shot_noise,5,common,pooled,0.9995508065658051,0.999459855768194,0.0009900990099009901
untouched,means_own,impulse_noise,1,common,pooled,0.9393040987267044,0.8854476066282778,0.1419141914191419
untouched,means_own,impulse_noise,2,common,pooled,0.9854019758411485,0.9672018954624528,0.031023102310231022
untouched,means_own,impulse_noise,3,common,pooled,0.9950907863063534,0.9874768498152324,0.00891089108910891
untouched,means_own,impulse_noise,4,common,pooled,0.9990464987092769,0.9956113063018369,0.0009900990099009901
untouched,means_own,impulse_noise,5,common,pooled,0.9995841366314849,0.9992275886237219,0.0006600660066006601
untouched,means_own,defocus_blur,1,common,pooled,0.7963293359038874,0.7249934790814783,0.500990099009901
untouched,means_own,defocus_blur,2,common,pooled,0.8705727107364202,0.8023312860225799,0.33003300330033003
untouched,means_own,defocus_blur,3,common,pooled,0.9327369865699441,0.8797189428965032,0.16666666666666666
untouched,means_own,defocus_blur,4,common,pooled,0.9588077421603547,0.917157960972879,0.09537953795379538
untouched,means_own,defocus_blur,5,common,pooled,0.9727551765077498,0.9400288012520459,0.0594059405940594
untouched,means_own,glass_blur,1,common,pooled,0.663419163698548,0.6115207005699572,0.7382838283828382
untouched,means_own,glass_blur,2,common,pooled,0.7655132939036478,0.697106425714034,0.5600660066006601
untouched,means_own,glass_blur,3,common,pooled,0.8250020150529904,0.7544900784407119,0.4389438943894389
untouched,means_own,glass_blur,4,common,pooled,0.8737477807186659,0.8078452373259688,0.32706270627062706
untouched,means_own,glass_blur,5,common,pooled,0.938475530721389,0.8882695680698391,0.15643564356435644
untouched,means_own,motion_blur,1,common,pooled,0.6232333431362939,0.5772758894525235,0.7858085808580858
untouched,means_own,motion_blur,2,common,pooled,0.7178440022220044,0.6540511861146255,0.6508250825082508
untouched,means_own,motion_blur,3,common,pooled,0.8095846812404013,0.7389098189281392,0.48217821782178216
untouched,means_own,motion_blur,4,common,pooled,0.8782824123996558,0.8114354124151557,0.3214521452145215
untouched,means_own,motion_blur,5,common,pooled,0.9102141402259037,0.8497423441728342,0.23531353135313532
untouched,means_own,zoom_blur,1,common,pooled,0.8005150911130717,0.7368367842942456,0.5323432343234323
untouched,means_own,zoom_blur,2,common,pooled,0.855731682079099,0.7904723156394149,0.3943894389438944
untouched,means_own,zoom_blur,3,common,pooled,0.8549704277358429,0.7899180054508378,0.39966996699669965
untouched,means_own,zoom_blur,4,common,pooled,0.8828474332581773,0.8200096816605902,0.32244224422442247
untouched,means_own,zoom_blur,5,common,pooled,0.881181910270235,0.8174287183254094,0.32574257425742575
untouched,means_own,snow,1,common,pooled,0.6051161650818547,0.5394735922160825,0.7122112211221122
untouched,means_own,snow,2,common,pooled,0.7518237863390299,0.6497542613271723,0.49504950495049505
untouched,means_own,snow,3,common,pooled,0.724933830016665,0.6267606409051225,0.5326732673267327
untouched,means_own,snow,4,common,pooled,0.7783709658094522,0.6783461599970615,0.4547854785478548
untouched,means_own,snow,5,common,pooled,0.7495771656373558,0.6471365487196904,0.4772277227722772
untouched,means_own,frost,1,common,pooled,0.5032182030084197,0.4814883583571119,0.901980198019802
untouched,means_own,frost,2,common,pooled,0.520136478994434,0.47463439972371074,0.8184818481848185
untouched,means_own,frost,3,common,pooled,0.5452153928264114,0.4828634972509249,0.7504950495049505
untouched,means_own,frost,4,common,pooled,0.537815355793005,0.47698589382249196,0.7617161716171618
untouched,means_own,frost,5,common,pooled,0.5592189218921892,0.4858002917851728,0.7049504950495049
untouched,means_own,fog,1,common,pooled,0.7741750808744241,0.7365787244198198,0.689108910891089
untouched,means_own,fog,2,common,pooled,0.8329758520406496,0.7909795681977729,0.5465346534653466
untouched,means_own,fog,3,common,pooled,0.8682504983171585,0.8240431721036323,0.4363036303630363
untouched,means_own,fog,4,common,pooled,0.861469028090928,0.8128802066304293,0.44653465346534654
untouched,means_own,fog,5,common,pooled,0.8822643749523468,0.8270995513538004,0.37458745874587457
untouched,means_own,brightness,1,common,pooled,0.5101802655513076,0.50875438022842,0.9432343234323433
untouched,means_own,brightness,2,common,pooled,0.5361867572895903,0.5286093212087648,0.9231023102310231
untouched,means_own,brightness,3,common,pooled,0.5721875850951432,0.5564523161631914,0.8891089108910891
untouched,means_own,brightness,4,common,pooled,0.6167933427006067,0.5911861242355327,0.8260726072607261
untouched,means_own,brightness,5,common,pooled,0.6612028232526223,0.6278260228467649,0.7528052805280528
untouched,means_own,contrast,1,common,pooled,0.794294785914235,0.7549362829850217,0.6478547854785478
untouched,means_own,contrast,2,common,pooled,0.8814101014061803,0.8403726002366422,0.40066006600660065
untouched,means_own,contrast,3,common,pooled,0.9464406539663868,0.9151644199798626,0.18052805280528053
untouched,means_own,contrast,4,common,pooled,0.9845898550251064,0.9700355668411029,0.0429042904290429
untouched,means_own,contrast,5,common,pooled,0.9958132644947663,0.9888869389922076,0.00957095709570957
untouched,means_own,elastic_transform,1,common,pooled,0.49056508621159145,0.4863872515359461,0.9379537953795379
untouched,means_own,elastic_transform,2,common,pooled,0.49312725331939133,0.48622313005406803,0.93003300330033
untouched,means_own,elastic_transform,3,common,pooled,0.5025818819505713,0.48908381943720014,0.9141914191419142
untouched,means_own,elastic_transform,4,common,pooled,0.5148328595235762,0.4939110311277688,0.8976897689768977
untouched,means_own,elastic_transform,5,common,pooled,0.5358095611541352,0.5039135790677929,0.8617161716171617
untouched,means_own,pixelate,1,common,pooled,0.49680674007994857,0.4926290635601843,0.9432343234323433
untouched,means_own,pixelate,2,common,pooled,0.5065660229389276,0.4982136442675249,0.9273927392739274
untouched,means_own,pixelate,3,common,pooled,0.549656242852008,0.5234352960856833,0.8679867986798679
untouched,means_own,pixelate,4,common,pooled,0.6587198422812578,0.598504425562449,0.7066006600660066
untouched,means_own,pixelate,5,common,pooled,0.7332191833044691,0.6583908623283491,0.5831683168316831
untouched,means_own,jpeg_compression,1,common,pooled,0.4865177705889401,0.47768279613614667,0.9244224422442244
untouched,means_own,jpeg_compression,2,common,pooled,0.4812294001677396,0.4689416468298037,0.9046204620462046
untouched,means_own,jpeg_compression,3,common,pooled,0.4829185591826509,0.4670010600739238,0.8917491749174917
untouched,means_own,jpeg_compression,4,common,pooled,0.5086372795695411,0.4759389038498004,0.8323432343234324
untouched,means_own,jpeg_compression,5,common,pooled,0.572888061083336,0.5113598561941497,0.7501650165016501
untouched,means_own,speckle_noise,1,extra,pooled,0.7171503883061573,0.6613040351351775,0.7217821782178218
untouched,means_own,speckle_noise,2,extra,pooled,0.8204261020161422,0.7785988374400573,0.5821782178217821
untouched,means_own,speckle_noise,3,extra,pooled,0.9540934984587568,0.9474299192358306,0.2518151815181518
untouched,means_own,speckle_noise,4,extra,pooled,0.9789958500800575,0.9758432611911844,0.11386138613861387
untouched,means_own,speckle_noise,5,extra,pooled,0.9918912089228725,0.9910528867983721,0.031683168316831684
untouched,means_own,gaussian_blur,1,extra,pooled,0.6443925976756092,0.5953892161909635,0.7504950495049505
untouched,means_own,gaussian_blur,2,extra,pooled,0.8553634175298718,0.7850057051021471,0.36567656765676565
untouched,means_own,gaussian_blur,3,extra,pooled,0.9306515701075058,0.8758664280298206,0.17227722772277226
untouched,means_own,gaussian_blur,4,extra,pooled,0.9597577579540132,0.9177676232685031,0.09405940594059406
untouched,means_own,gaussian_blur,5,extra,pooled,0.9804825234998747,0.9539810909623774,0.0372937293729373
untouched,means_own,spatter,1,extra,pooled,0.47175865111263604,0.47577755620276196,0.9547854785478548
untouched,means_own,spatter,2,extra,pooled,0.5640196494897014,0.5166318876003448,0.7834983498349835
untouched,means_own,spatter,3,extra,pooled,0.747413325490965,0.6502796242264802,0.5158415841584159
untouched,means_own,spatter,4,extra,pooled,0.8756320186474092,0.8535700642877002,0.466996699669967
untouched,means_own,spatter,5,extra,pooled,0.9219101613131611,0.9062434370772259,0.3353135313531353
untouched,means_own,saturate,1,extra,pooled,0.5131533400864839,0.5075323750108494,0.9448844884488449
untouched,means_own,saturate,2,extra,pooled,0.5330952847760023,0.519123771919919,0.9231023102310231
untouched,means_own,saturate,3,extra,pooled,0.5517589234170942,0.5436783647693995,0.903960396039604
untouched,means_own,saturate,4,extra,pooled,0.6721934668714397,0.6511383403164251,0.7716171617161716
untouched,means_own,saturate,5,extra,pooled,0.7826682569247023,0.7784288932061507,0.6594059405940594
untouched,saod_top3,gaussian_noise,1,common,pooled,0.5401210121012101,0.5280052803796154,0.9297029702970298
untouched,saod_top3,gaussian_noise,2,common,pooled,0.5733131283425372,0.5517126595886512,0.902970297029703
untouched,saod_top3,gaussian_noise,3,common,pooled,0.6428887146140356,0.6151160560452406,0.8250825082508251
untouched,saod_top3,gaussian_noise,4,common,pooled,0.7523120826934179,0.7266177508613274,0.6924092409240924
untouched,saod_top3,gaussian_noise,5,common,pooled,0.8870999575205045,0.8670244260620177,0.4504950495049505
untouched,saod_top3,shot_noise,1,common,pooled,0.53601106645318,0.5262413578214178,0.9247524752475248
untouched,saod_top3,shot_noise,2,common,pooled,0.5755493470139094,0.556633999921624,0.9013201320132013
untouched,saod_top3,shot_noise,3,common,pooled,0.6363099478264658,0.6107482491775087,0.8333333333333334
untouched,saod_top3,shot_noise,4,common,pooled,0.7633711291921271,0.7393210724485895,0.6696369636963696
untouched,saod_top3,shot_noise,5,common,pooled,0.8614951693189121,0.8395015481646224,0.5148514851485149
untouched,saod_top3,impulse_noise,1,common,pooled,0.5698524109836727,0.5542677704598816,0.9168316831683169
untouched,saod_top3,impulse_noise,2,common,pooled,0.6114912481347144,0.5881453115540225,0.8712871287128713
untouched,saod_top3,impulse_noise,3,common,pooled,0.6493225065080765,0.6218336536745175,0.8191419141914191
untouched,saod_top3,impulse_noise,4,common,pooled,0.7635896262893616,0.7379074268948453,0.6808580858085809
untouched,saod_top3,impulse_noise,5,common,pooled,0.8816867627356795,0.8602542659224965,0.4627062706270627
untouched,saod_top3,defocus_blur,1,common,pooled,0.5572839264124432,0.5383420442768232,0.898019801980198
untouched,saod_top3,defocus_blur,2,common,pooled,0.5899721704843752,0.5615153656655887,0.8564356435643564
untouched,saod_top3,defocus_blur,3,common,pooled,0.6524949623675239,0.6148519432535446,0.7709570957095709
untouched,saod_top3,defocus_blur,4,common,pooled,0.7076454378111079,0.668176249273403,0.7075907590759076
untouched,saod_top3,defocus_blur,5,common,pooled,0.758725615135771,0.7208678381111315,0.6442244224422442
untouched,saod_top3,glass_blur,1,common,pooled,0.5620455510897624,0.5415165647070546,0.9042904290429042
untouched,saod_top3,glass_blur,2,common,pooled,0.6104190221002298,0.5779511444693068,0.8429042904290429
untouched,saod_top3,glass_blur,3,common,pooled,0.7402806914354801,0.7121886169683975,0.7062706270627063
untouched,saod_top3,glass_blur,4,common,pooled,0.7687488154756069,0.7412889932938934,0.6683168316831684
untouched,saod_top3,glass_blur,5,common,pooled,0.8070740341360869,0.7817919689514086,0.6036303630363037
untouched,saod_top3,motion_blur,1,common,pooled,0.5408673441601586,0.5267286659606658,0.9174917491749175
untouched,saod_top3,motion_blur,2,common,pooled,0.5774684399132982,0.5526860852356293,0.8801980198019802
untouched,saod_top3,motion_blur,3,common,pooled,0.6431747432168959,0.6064945928756333,0.7937293729372937
untouched,saod_top3,motion_blur,4,common,pooled,0.7145450881721835,0.6751754543694605,0.7066006600660066
untouched,saod_top3,motion_blur,5,common,pooled,0.7664648346022721,0.7276268361630788,0.6356435643564357
untouched,saod_top3,zoom_blur,1,common,pooled,0.7033135095687787,0.6592875497871937,0.7066006600660066
untouched,saod_top3,zoom_blur,2,common,pooled,0.7633259266520711,0.7213402069674945,0.634983498349835
untouched,saod_top3,zoom_blur,3,common,pooled,0.8136412552146304,0.771692299711624,0.5386138613861386
untouched,saod_top3,zoom_blur,4,common,pooled,0.8479131675543792,0.809860938832218,0.47128712871287126
untouched,saod_top3,zoom_blur,5,common,pooled,0.874309653737651,0.8377771879737189,0.402970297029703
untouched,saod_top3,snow,1,common,pooled,0.5676351991634807,0.5505371284259504,0.9174917491749175
untouched,saod_top3,snow,2,common,pooled,0.6281988693918897,0.6014715307989591,0.8706270627062707
untouched,saod_top3,snow,3,common,pooled,0.6373882734808134,0.6155192954173513,0.8481848184818482
untouched,saod_top3,snow,4,common,pooled,0.6867435654456535,0.6706959900099004,0.7805280528052805
untouched,saod_top3,snow,5,common,pooled,0.6821949917764054,0.6618737327607662,0.7881188118811882
untouched,saod_top3,frost,1,common,pooled,0.545878127416702,0.5336487553075364,0.9343234323432343
untouched,saod_top3,frost,2,common,pooled,0.6003745820126567,0.5816936253313653,0.898019801980198
untouched,saod_top3,frost,3,common,pooled,0.642782788179808,0.6255896881531512,0.8518151815181518
untouched,saod_top3,frost,4,common,pooled,0.6495853347711009,0.6341646024438521,0.8468646864686469
untouched,saod_top3,frost,5,common,pooled,0.6760400396475291,0.6619212754292226,0.8105610561056106
untouched,saod_top3,fog,1,common,pooled,0.5210005555010947,0.5158995966494498,0.9432343234323433
untouched,saod_top3,fog,2,common,pooled,0.5295445980241589,0.52246948037757,0.9389438943894389
untouched,saod_top3,fog,3,common,pooled,0.5418569530220348,0.530826783000581,0.9333333333333333
untouched,saod_top3,fog,4,common,pooled,0.5471711923667615,0.5354061100869173,0.93003300330033
untouched,saod_top3,fog,5,common,pooled,0.5673492794824037,0.5513977824413481,0.9168316831683169
untouched,saod_top3,brightness,1,common,pooled,0.4996745417115969,0.5003614513276532,0.9518151815181518
untouched,saod_top3,brightness,2,common,pooled,0.506116775043841,0.5046864277416825,0.9452145214521452
untouched,saod_top3,brightness,3,common,pooled,0.5155431384722631,0.5108196106796626,0.9392739273927393
untouched,saod_top3,brightness,4,common,pooled,0.528091908200721,0.5189839629678498,0.936963696369637
untouched,saod_top3,brightness,5,common,pooled,0.5442315023581566,0.5331744253172567,0.9303630363036304
untouched,saod_top3,contrast,1,common,pooled,0.5177866004422225,0.5139676867392717,0.9452145214521452
untouched,saod_top3,contrast,2,common,pooled,0.5294302301517281,0.5223213363286727,0.9392739273927393
untouched,saod_top3,contrast,3,common,pooled,0.5517842477317039,0.5394766840170184,0.9247524752475248
untouched,saod_top3,contrast,4,common,pooled,0.6177225544336612,0.5937094810330492,0.8627062706270627
untouched,saod_top3,contrast,5,common,pooled,0.7520630330359769,0.7332236128735108,0.689108910891089
untouched,saod_top3,elastic_transform,1,common,pooled,0.5360973325055278,0.5250230109596493,0.9297029702970298
untouched,saod_top3,elastic_transform,2,common,pooled,0.561897526386302,0.5497846220162579,0.9174917491749175
untouched,saod_top3,elastic_transform,3,common,pooled,0.6085866309403217,0.5936235123513709,0.8798679867986798
untouched,saod_top3,elastic_transform,4,common,pooled,0.646505299044756,0.6326651123277636,0.862046204620462
untouched,saod_top3,elastic_transform,5,common,pooled,0.7017707414305787,0.6908098900276843,0.7973597359735973
untouched,saod_top3,pixelate,1,common,pooled,0.5258358113039027,0.5164785586392214,0.9333333333333333
untouched,saod_top3,pixelate,2,common,pooled,0.5335427899225567,0.5225979543667862,0.9303630363036304
untouched,saod_top3,pixelate,3,common,pooled,0.6145111045758042,0.5947653668411748,0.8798679867986798
untouched,saod_top3,pixelate,4,common,pooled,0.7733636135890817,0.7601267878647311,0.699009900990099
untouched,saod_top3,pixelate,5,common,pooled,0.8774761733599102,0.8662678154053483,0.49504950495049505
untouched,saod_top3,jpeg_compression,1,common,pooled,0.5515109629774859,0.5305396561270525,0.9075907590759076
untouched,saod_top3,jpeg_compression,2,common,pooled,0.5761223845156793,0.5483253497158775,0.8861386138613861
untouched,saod_top3,jpeg_compression,3,common,pooled,0.5957152893507173,0.565535687789498,0.8686468646864687
untouched,saod_top3,jpeg_compression,4,common,pooled,0.6608363014519274,0.6271781815016507,0.7818481848184818
untouched,saod_top3,jpeg_compression,5,common,pooled,0.7464319402237254,0.7157820568856363,0.6927392739273928
untouched,saod_top3,speckle_noise,1,extra,pooled,0.5273735690400724,0.5206837907200708,0.9343234323432343
untouched,saod_top3,speckle_noise,2,extra,pooled,0.5449520199544707,0.5335398389880776,0.9237623762376238
untouched,saod_top3,speckle_noise,3,extra,pooled,0.611102941977366,0.5905944373974233,0.8742574257425743
untouched,saod_top3,speckle_noise,4,extra,pooled,0.6575650535350565,0.6329416735488853,0.8118811881188119
untouched,saod_top3,speckle_noise,5,extra,pooled,0.725848990839678,0.70377189777261,0.738943894389439
untouched,saod_top3,gaussian_blur,1,extra,pooled,0.5236940822795151,0.5146664008798993,0.926072607260726
untouched,saod_top3,gaussian_blur,2,extra,pooled,0.5751487326950517,0.548930220822258,0.8765676567656766
untouched,saod_top3,gaussian_blur,3,extra,pooled,0.6268565173349018,0.5913189828372871,0.7907590759075908
untouched,saod_top3,gaussian_blur,4,extra,pooled,0.6764746375627662,0.6371143158888404,0.740924092409241
untouched,saod_top3,gaussian_blur,5,extra,pooled,0.7652149571392782,0.7290976490180412,0.6366336633663366
untouched,saod_top3,spatter,1,extra,pooled,0.5061227112810291,0.504094537958434,0.9452145214521452
untouched,saod_top3,spatter,2,extra,pooled,0.5482581228419872,0.5333961648230172,0.9247524752475248
untouched,saod_top3,spatter,3,extra,pooled,0.5790275463189883,0.5601449023601263,0.9085808580858086
untouched,saod_top3,spatter,4,extra,pooled,0.6261197159319892,0.6021593232900596,0.8501650165016502
untouched,saod_top3,spatter,5,extra,pooled,0.684948262152948,0.6601008826658735,0.7811881188118812
untouched,saod_top3,saturate,1,extra,pooled,0.5132203269831934,0.5100422413126325,0.9438943894389439
untouched,saod_top3,saturate,2,extra,pooled,0.5260944460782712,0.519292513375143,0.9366336633663367
untouched,saod_top3,saturate,3,extra,pooled,0.5096230217081114,0.5063176421980249,0.9452145214521452
untouched,saod_top3,saturate,4,extra,pooled,0.5380238320861789,0.5243516578446512,0.926072607260726
untouched,saod_top3,saturate,5,extra,pooled,0.5706160616061606,0.5482486853380002,0.8986798679867987
untouched,saod_min,gaussian_noise,1,common,pooled,0.5497282946116394,0.5402843793687727,0.9306930693069307
untouched,saod_min,gaussian_noise,2,common,pooled,0.5911755928068054,0.5782486875303411,0.9118811881188119
untouched,saod_min,gaussian_noise,3,common,pooled,0.6736816651962226,0.6603717392387255,0.8511551155115512
untouched,saod_min,gaussian_noise,4,common,pooled,0.8037167924713263,0.7877001211980752,0.699009900990099
untouched,saod_min,gaussian_noise,5,common,pooled,0.9264304697796513,0.9107621677272507,0.332013201320132
untouched,saod_min,shot_noise,1,common,pooled,0.5439623566317028,0.5366084758627765,0.9346534653465347
untouched,saod_min,shot_noise,2,common,pooled,0.588254582884031,0.5782334384188446,0.9082508250825082
untouched,saod_min,shot_noise,3,common,pooled,0.6649133527214107,0.6517508566265515,0.8577557755775578
untouched,saod_min,shot_noise,4,common,pooled,0.8145699767996601,0.7997230054152741,0.6755775577557755
untouched,saod_min,shot_noise,5,common,pooled,0.9081099347558518,0.8909508479883246,0.38415841584158417
untouched,saod_min,impulse_noise,1,common,pooled,0.5832904726116176,0.5753222149656555,0.9148514851485149
untouched,saod_min,impulse_noise,2,common,pooled,0.6334620244202638,0.62281635400084,0.8808580858085808
untouched,saod_min,impulse_noise,3,common,pooled,0.6821589931270354,0.6698269138513885,0.8442244224422443
untouched,saod_min,impulse_noise,4,common,pooled,0.8113175178904029,0.7977586817168356,0.6881188118811881
untouched,saod_min,impulse_noise,5,common,pooled,0.9194142731104794,0.9030301826764819,0.3438943894389439
untouched,saod_min,defocus_blur,1,common,pooled,0.5782158611900794,0.5580846435565991,0.9085808580858086
untouched,saod_min,defocus_blur,2,common,pooled,0.6142723480268819,0.5890130943716225,0.8858085808580858
untouched,saod_min,defocus_blur,3,common,pooled,0.6805071398228931,0.653670290139141,0.8429042904290429
untouched,saod_min,defocus_blur,4,common,pooled,0.7402428955766864,0.7119969252998868,0.7732673267326733
untouched,saod_min,defocus_blur,5,common,pooled,0.7934348484353386,0.7678540557481138,0.6778877887788779
untouched,saod_min,glass_blur,1,common,pooled,0.5774732869326537,0.5620942520212511,0.9102310231023102
untouched,saod_min,glass_blur,2,common,pooled,0.6337721791981178,0.6127044256072722,0.8782178217821782
untouched,saod_min,glass_blur,3,common,pooled,0.7695050049559411,0.7590584046805309,0.761056105610561
untouched,saod_min,glass_blur,4,common,pooled,0.7972252175712621,0.7867976546371532,0.7075907590759076
untouched,saod_min,glass_blur,5,common,pooled,0.8373108300929103,0.8266854694927763,0.6181518151815182
untouched,saod_min,motion_blur,1,common,pooled,0.551437495234672,0.5378614521576155,0.9293729372937294
untouched,saod_min,motion_blur,2,common,pooled,0.5946349486433792,0.5742187724121576,0.907920792079208
untouched,saod_min,motion_blur,3,common,pooled,0.6606914899410733,0.6392598250344812,0.865016501650165
untouched,saod_min,motion_blur,4,common,pooled,0.7393232689605594,0.7188277641404545,0.7900990099009901
untouched,saod_min,motion_blur,5,common,pooled,0.7925927741288981,0.7734632288229281,0.7099009900990099
untouched,saod_min,zoom_blur,1,common,pooled,0.7330971364463179,0.7036113347204866,0.7854785478547854
untouched,saod_min,zoom_blur,2,common,pooled,0.7890531429380562,0.7647652572657286,0.7013201320132013
untouched,saod_min,zoom_blur,3,common,pooled,0.8362400745024997,0.8138837738371417,0.6023102310231023
untouched,saod_min,zoom_blur,4,common,pooled,0.8633226589985731,0.8448027813072863,0.5405940594059406
untouched,saod_min,zoom_blur,5,common,pooled,0.8870471304556198,0.8692124306404843,0.4772277227722772
untouched,saod_min,snow,1,common,pooled,0.5883633412846235,0.5815775731140315,0.9118811881188119
untouched,saod_min,snow,2,common,pooled,0.6499283839275016,0.6413134218364761,0.8874587458745875
untouched,saod_min,snow,3,common,pooled,0.6739112723153503,0.6652664494443186,0.8597359735973598
untouched,saod_min,snow,4,common,pooled,0.7327472796784629,0.7253586809606497,0.8201320132013201
untouched,saod_min,snow,5,common,pooled,0.7240646886470825,0.71519053988359,0.8257425742574257
untouched,saod_min,frost,1,common,pooled,0.5521142807350042,0.5498076970323245,0.9336633663366337
untouched,saod_min,frost,2,common,pooled,0.6177685738870917,0.6117223670939418,0.904950495049505
untouched,saod_min,frost,3,common,pooled,0.6699498415188053,0.6633194924756001,0.8528052805280528
untouched,saod_min,frost,4,common,pooled,0.6768515069328715,0.6720410078024845,0.8551155115511551
untouched,saod_min,frost,5,common,pooled,0.709323922491259,0.7050377231564351,0.8343234323432344
untouched,saod_min,fog,1,common,pooled,0.5165063882625887,0.5152007012876189,0.9478547854785478
untouched,saod_min,fog,2,common,pooled,0.5267243407509068,0.523317543430663,0.9425742574257425
untouched,saod_min,fog,3,common,pooled,0.5411970503981092,0.5348084516511793,0.9386138613861386
untouched,saod_min,fog,4,common,pooled,0.5465314402727401,0.5422183716928342,0.9363036303630363
untouched,saod_min,fog,5,common,pooled,0.5726222374712718,0.5644587409907914,0.9188118811881189
untouched,saod_min,brightness,1,common,pooled,0.4976180439826161,0.4991503833809934,0.9491749174917492
untouched,saod_min,brightness,2,common,pooled,0.5039285364179983,0.5060116076759535,0.9485148514851485
untouched,saod_min,brightness,3,common,pooled,0.51430028646429,0.5146419072729176,0.9471947194719472
untouched,saod_min,brightness,4,common,pooled,0.5283430818329358,0.5270235370600203,0.9386138613861386
untouched,saod_min,brightness,5,common,pooled,0.5472075722423727,0.5464832541097382,0.9363036303630363
untouched,saod_min,contrast,1,common,pooled,0.5139491226350358,0.5124613862404401,0.9485148514851485
untouched,saod_min,contrast,2,common,pooled,0.528054602489952,0.5237894817713159,0.9432343234323433
untouched,saod_min,contrast,3,common,pooled,0.5541522617608295,0.5463368121343785,0.9316831683168317
untouched,saod_min,contrast,4,common,pooled,0.6423696478558747,0.6250955521882358,0.8679867986798679
untouched,saod_min,contrast,5,common,pooled,0.8007023276585085,0.7844045108094003,0.6716171617161716
untouched,saod_min,elastic_transform,1,common,pooled,0.5456779291790566,0.5377650476659723,0.9316831683168317
untouched,saod_min,elastic_transform,2,common,pooled,0.5730922349660709,0.569056472240299,0.9207920792079208
untouched,saod_min,elastic_transform,3,common,pooled,0.6255938960232656,0.6249364687899684,0.9082508250825082
untouched,saod_min,elastic_transform,4,common,pooled,0.6670362382772931,0.6684078673189775,0.8808580858085808
untouched,saod_min,elastic_transform,5,common,pooled,0.7307031990327746,0.7332344490415503,0.8396039603960396
untouched,saod_min,pixelate,1,common,pooled,0.5324394122580575,0.5269022640639569,0.9379537953795379
untouched,saod_min,pixelate,2,common,pooled,0.5417108889106732,0.5349196751198082,0.9343234323432343
untouched,saod_min,pixelate,3,common,pooled,0.6316583886111383,0.6310758917374851,0.9026402640264026
untouched,saod_min,pixelate,4,common,pooled,0.7934430175690836,0.7979640466346767,0.7963696369636963
untouched,saod_min,pixelate,5,common,pooled,0.8961742312845146,0.893799545135245,0.5386138613861386
untouched,saod_min,jpeg_compression,1,common,pooled,0.577683778278818,0.5574619055198748,0.9095709570957096
untouched,saod_min,jpeg_compression,2,common,pooled,0.6089093117232516,0.5861949969947331,0.8910891089108911
untouched,saod_min,jpeg_compression,3,common,pooled,0.6357090263481794,0.6111445025345089,0.8577557755775578
untouched,saod_min,jpeg_compression,4,common,pooled,0.7162357176311691,0.6940080060528915,0.7953795379537953
untouched,saod_min,jpeg_compression,5,common,pooled,0.8088605692252393,0.788939806102481,0.6683168316831684
untouched,saod_min,speckle_noise,1,extra,pooled,0.5315571458135913,0.5263587497320079,0.9386138613861386
untouched,saod_min,speckle_noise,2,extra,pooled,0.5496393055147099,0.5429816373194575,0.9326732673267327
untouched,saod_min,speckle_noise,3,extra,pooled,0.6285534642573168,0.6204697335610354,0.8808580858085808
untouched,saod_min,speckle_noise,4,extra,pooled,0.6872509231121132,0.6756764559820321,0.8491749174917492
untouched,saod_min,speckle_noise,5,extra,pooled,0.7671766929168164,0.7561799159818886,0.7313531353135313
untouched,saod_min,gaussian_blur,1,extra,pooled,0.5391940877256043,0.5259829291409966,0.9306930693069307
untouched,saod_min,gaussian_blur,2,extra,pooled,0.6009540458996395,0.5758395338023367,0.8943894389438944
untouched,saod_min,gaussian_blur,3,extra,pooled,0.6570689692731649,0.6294857500749598,0.856105610561056
untouched,saod_min,gaussian_blur,4,extra,pooled,0.7078477055626354,0.6815872374196569,0.8085808580858086
untouched,saod_min,gaussian_blur,5,extra,pooled,0.8000358897275867,0.7790795862833186,0.6749174917491749
untouched,saod_min,spatter,1,extra,pooled,0.50684578853925,0.5056933955009135,0.9475247524752475
untouched,saod_min,spatter,2,extra,pooled,0.5648651003714232,0.5547438250792556,0.9194719471947195
untouched,saod_min,spatter,3,extra,pooled,0.5984705203193587,0.5902073961889949,0.907920792079208
untouched,saod_min,spatter,4,extra,pooled,0.6710448322059929,0.6544388254187117,0.8455445544554455
untouched,saod_min,spatter,5,extra,pooled,0.7406719929418685,0.7219924432947049,0.7676567656765677
untouched,saod_min,saturate,1,extra,pooled,0.5127429228071322,0.5118191347351337,0.9471947194719472
untouched,saod_min,saturate,2,extra,pooled,0.5270493633521768,0.524502818712782,0.9396039603960396
untouched,saod_min,saturate,3,extra,pooled,0.511693080199109,0.5091572318904217,0.9475247524752475
untouched,saod_min,saturate,4,extra,pooled,0.5445613719787821,0.5358780886947846,0.9316831683168317
untouched,saod_min,saturate,5,extra,pooled,0.5844583864327026,0.5722551853669451,0.9082508250825082
untouched,contrastive,gaussian_noise,1,common,fold-averaged,0.5186468646864688,0.512953794011055,0.9412541254125413
untouched,contrastive,gaussian_noise,2,common,fold-averaged,0.5405995054951039,0.5294898996791778,0.9244224422442244
untouched,contrastive,gaussian_noise,3,common,fold-averaged,0.593684715006154,0.5705566750525484,0.8877887788778878
untouched,contrastive,gaussian_noise,4,common,fold-averaged,0.676042109161411,0.6454453404591572,0.8056105610561056
untouched,contrastive,gaussian_noise,5,common,fold-averaged,0.7997396769379909,0.7685621596414558,0.6772277227722772
untouched,contrastive,shot_noise,1,common,fold-averaged,0.5120385800956334,0.5074272006975316,0.9409240924092408
untouched,contrastive,shot_noise,2,common,fold-averaged,0.5349137884085439,0.5245295984169336,0.921122112211221
untouched,contrastive,shot_noise,3,common,fold-averaged,0.578645339781503,0.5580351357567832,0.8884488448844884
untouched,contrastive,shot_noise,4,common,fold-averaged,0.683287586184361,0.6497898851000099,0.7950495049504951
untouched,contrastive,shot_noise,5,common,fold-averaged,0.7812180723022797,0.7509252443787071,0.7033003300330033
untouched,contrastive,impulse_noise,1,common,fold-averaged,0.5433933492359136,0.5320352548873621,0.9181518151815181
untouched,contrastive,impulse_noise,2,common,fold-averaged,0.5686425078151378,0.5525166115258499,0.9003300330033003
untouched,contrastive,impulse_noise,3,common,fold-averaged,0.5953844394340424,0.5746064448821544,0.8815181518151816
untouched,contrastive,impulse_noise,4,common,fold-averaged,0.6806647496432812,0.6506302233591348,0.7986798679867986
untouched,contrastive,impulse_noise,5,common,fold-averaged,0.7865693995142089,0.7537079619568219,0.698019801980198
untouched,contrastive,defocus_blur,1,common,fold-averaged,0.5044489102375584,0.4899889344306142,0.9204620462046205
untouched,contrastive,defocus_blur,2,common,fold-averaged,0.5063610321428182,0.4867223771747547,0.9092409240924091
untouched,contrastive,defocus_blur,3,common,fold-averaged,0.5191609755034909,0.49169528394435025,0.8937293729372937
untouched,contrastive,defocus_blur,4,common,fold-averaged,0.5369190384384972,0.5021104051032579,0.8785478547854785
untouched,contrastive,defocus_blur,5,common,fold-averaged,0.5626594342602578,0.5212722315370621,0.866006600660066
untouched,contrastive,glass_blur,1,common,fold-averaged,0.5273028788027317,0.5099311659852054,0.9115511551155114
untouched,contrastive,glass_blur,2,common,fold-averaged,0.5416495114858021,0.5138537317340809,0.8881188118811881
untouched,contrastive,glass_blur,3,common,fold-averaged,0.6096902264483874,0.5696097870717274,0.828052805280528
untouched,contrastive,glass_blur,4,common,fold-averaged,0.6216656319097257,0.5797044933222997,0.8227722772277228
untouched,contrastive,glass_blur,5,common,fold-averaged,0.6477970569334162,0.6020258625047021,0.803960396039604
untouched,contrastive,motion_blur,1,common,fold-averaged,0.49845984598459847,0.4910984037793929,0.9429042904290428
untouched,contrastive,motion_blur,2,common,fold-averaged,0.5025024779705694,0.48987117226054283,0.9369636963696371
untouched,contrastive,motion_blur,3,common,fold-averaged,0.5229781393980982,0.4988234983530283,0.9148514851485148
untouched,contrastive,motion_blur,4,common,fold-averaged,0.5556949754381378,0.5240289849783359,0.8864686468646866
untouched,contrastive,motion_blur,5,common,fold-averaged,0.5868569530220349,0.5494367861004316,0.866006600660066
untouched,contrastive,zoom_blur,1,common,fold-averaged,0.5428498295374092,0.5117056456042758,0.8900990099009901
untouched,contrastive,zoom_blur,2,common,fold-averaged,0.5719760589920379,0.5341402407551248,0.8722772277227723
untouched,contrastive,zoom_blur,3,common,fold-averaged,0.6172946007472034,0.5728379357787078,0.8376237623762377
untouched,contrastive,zoom_blur,4,common,fold-averaged,0.6401055452079861,0.5947664144830676,0.8125412541254127
untouched,contrastive,zoom_blur,5,common,fold-averaged,0.6732624252524262,0.6269962745560957,0.7854785478547855
untouched,contrastive,snow,1,common,fold-averaged,0.5438459192453898,0.5327452894110545,0.9214521452145215
untouched,contrastive,snow,2,common,fold-averaged,0.5650502674029779,0.5445873463445465,0.9062706270627062
untouched,contrastive,snow,3,common,fold-averaged,0.5909671165136314,0.5698207741619749,0.8894389438943895
untouched,contrastive,snow,4,common,fold-averaged,0.6230690890871265,0.6010146781537886,0.8646864686468646
untouched,contrastive,snow,5,common,fold-averaged,0.6064922828916555,0.5806205565959838,0.8762376237623763
untouched,contrastive,frost,1,common,fold-averaged,0.5192083564792123,0.5122103415416372,0.9399339933993399
untouched,contrastive,frost,2,common,fold-averaged,0.5438747835179558,0.5265282387394284,0.9194719471947194
untouched,contrastive,frost,3,common,fold-averaged,0.5675184350118181,0.5447309151660349,0.901980198019802
untouched,contrastive,frost,4,common,fold-averaged,0.5724656624078249,0.5502964162125288,0.8963696369636963
untouched,contrastive,frost,5,common,fold-averaged,0.5877822435708918,0.5632242453517464,0.8867986798679869
untouched,contrastive,fog,1,common,fold-averaged,0.5005021294208628,0.5000481905193964,0.9504950495049505
untouched,contrastive,fog,2,common,fold-averaged,0.5011175374963239,0.49945051035692717,0.9481848184818482
untouched,contrastive,fog,3,common,fold-averaged,0.5023140432855167,0.49966340599513825,0.946864686468647
untouched,contrastive,fog,4,common,fold-averaged,0.5078712326678212,0.5029666352417322,0.9392739273927393
untouched,contrastive,fog,5,common,fold-averaged,0.5150546242743086,0.5077227782643581,0.9372937293729372
untouched,contrastive,brightness,1,common,fold-averaged,0.5030225794856713,0.5052152299685468,0.9442244224422442
untouched,contrastive,brightness,2,common,fold-averaged,0.5098345478112167,0.5097644094614163,0.9432343234323433
untouched,contrastive,brightness,3,common,fold-averaged,0.5137464736572668,0.5125143826216858,0.9422442244224423
untouched,contrastive,brightness,4,common,fold-averaged,0.5184295657288501,0.5148875249909559,0.9396039603960397
untouched,contrastive,brightness,5,common,fold-averaged,0.5260301277652518,0.5193355208811647,0.9356435643564357
untouched,contrastive,contrast,1,common,fold-averaged,0.4968641418597305,0.4973240307766349,0.9508250825082507
untouched,contrastive,contrast,2,common,fold-averaged,0.4970269799257153,0.4959690258429723,0.9511551155115512
untouched,contrastive,contrast,3,common,fold-averaged,0.5032507706216166,0.4972926189899237,0.948844884488449
untouched,contrastive,contrast,4,common,fold-averaged,0.5253422867039179,0.5079567785371442,0.9204620462046205
untouched,contrastive,contrast,5,common,fold-averaged,0.6057962726965765,0.5671359408301513,0.856105610561056
untouched,contrastive,elastic_transform,1,common,fold-averaged,0.5242508904355783,0.5159477267425359,0.9316831683168317
untouched,contrastive,elastic_transform,2,common,fold-averaged,0.5327903582437451,0.5205540388341129,0.9257425742574258
untouched,contrastive,elastic_transform,3,common,fold-averaged,0.5516076855210273,0.5320485307186906,0.9023102310231023
untouched,contrastive,elastic_transform,4,common,fold-averaged,0.5666503283991765,0.542086264243624,0.8910891089108912
untouched,contrastive,elastic_transform,5,common,fold-averaged,0.5891688178718862,0.5573159678357058,0.8755775577557756
untouched,contrastive,pixelate,1,common,fold-averaged,0.52252883704212,0.5197878469133287,0.933993399339934
untouched,contrastive,pixelate,2,common,fold-averaged,0.5262103933165594,0.522275351567003,0.932013201320132
untouched,contrastive,pixelate,3,common,fold-averaged,0.5807878312583734,0.5631887073785429,0.8887788778877889
untouched,contrastive,pixelate,4,common,fold-averaged,0.6706684529839123,0.6376643416331257,0.8207920792079209
untouched,contrastive,pixelate,5,common,fold-averaged,0.7497195264080864,0.7063870558914116,0.7528052805280527
untouched,contrastive,jpeg_compression,1,common,fold-averaged,0.5269624982300211,0.5139430970794063,0.9188118811881187
untouched,contrastive,jpeg_compression,2,common,fold-averaged,0.5463886982757682,0.5258895214236754,0.8973597359735974
untouched,contrastive,jpeg_compression,3,common,fold-averaged,0.5639240161639927,0.5386593690727941,0.8854785478547855
untouched,contrastive,jpeg_compression,4,common,fold-averaged,0.6222124192617282,0.5856780699530696,0.8396039603960397
untouched,contrastive,jpeg_compression,5,common,fold-averaged,0.6857824396301017,0.651187541131843,0.7864686468646864
untouched,contrastive,speckle_noise,1,extra,fold-averaged,0.5070891742639609,0.5047651444279575,0.9458745874587459
untouched,contrastive,speckle_noise,2,extra,fold-averaged,0.5161934015183697,0.5103365064113967,0.9382838283828383
untouched,contrastive,speckle_noise,3,extra,fold-averaged,0.5552168088095939,0.5386071832327145,0.903960396039604
untouched,contrastive,speckle_noise,4,extra,fold-averaged,0.5839808733348583,0.5607542577921663,0.8841584158415842
untouched,contrastive,speckle_noise,5,extra,fold-averaged,0.6346098966332278,0.6025305033560644,0.8429042904290428
untouched,contrastive,gaussian_blur,1,extra,fold-averaged,0.5237302443115598,0.5113839371752281,0.9171617161716172
untouched,contrastive,gaussian_blur,2,extra,fold-averaged,0.5230598307355487,0.49925131128878625,0.8937293729372937
untouched,contrastive,gaussian_blur,3,extra,fold-averaged,0.5331508893463603,0.5016159119201562,0.8828382838283828
untouched,contrastive,gaussian_blur,4,extra,fold-averaged,0.5473728065875896,0.5107644720166198,0.874917491749175
untouched,contrastive,gaussian_blur,5,extra,fold-averaged,0.5910330141925083,0.5457480464618302,0.8425742574257425
untouched,contrastive,spatter,1,extra,fold-averaged,0.5053605855635068,0.5048313794951813,0.9438943894389439
untouched,contrastive,spatter,2,extra,fold-averaged,0.5396241109259441,0.5295412321497885,0.9240924092409241
untouched,contrastive,spatter,3,extra,fold-averaged,0.5452559117297868,0.534141498965701,0.9198019801980198
untouched,contrastive,spatter,4,extra,fold-averaged,0.6301522726530079,0.6290256820626416,0.856105610561056
untouched,contrastive,spatter,5,extra,fold-averaged,0.6423602261216221,0.6207449081537989,0.832013201320132
untouched,contrastive,saturate,1,extra,fold-averaged,0.49940610397673435,0.49678039977633154,0.9471947194719472
untouched,contrastive,saturate,2,extra,fold-averaged,0.5122425361348016,0.504199852031155,0.9363036303630363
untouched,contrastive,saturate,3,extra,fold-averaged,0.5082380267729742,0.5075254125605264,0.9448844884488448
untouched,contrastive,saturate,4,extra,fold-averaged,0.5208770381988694,0.5146445711517531,0.9316831683168317
untouched,contrastive,saturate,5,extra,fold-averaged,0.5398196255269091,0.5247078047912401,0.9122112211221122
untouched,knn,gaussian_noise,1,common,pooled,0.5360344846365824,0.530286054151638,0.927062706270627
untouched,knn,gaussian_noise,2,common,pooled,0.5790588613316777,0.569869279127207,0.8914191419141915
untouched,knn,gaussian_noise,3,common,pooled,0.6697514949514753,0.6635294097953668,0.7970297029702971
untouched,knn,gaussian_noise,4,common,pooled,0.7956208541646244,0.7996830887904995,0.6386138613861386
untouched,knn,gaussian_noise,5,common,pooled,0.9197726802383208,0.92307764362375,0.38547854785478547
untouched,knn,shot_noise,1,common,pooled,0.5360409654826869,0.5298334000653342,0.929042904290429
untouched,knn,shot_noise,2,common,pooled,0.5843968456251566,0.5745545057986409,0.8759075907590759
untouched,knn,shot_noise,3,common,pooled,0.663708514415798,0.656382097818328,0.799009900990099
untouched,knn,shot_noise,4,common,pooled,0.8150667690531429,0.8186022650643732,0.5983498349834984
untouched,knn,shot_noise,5,common,pooled,0.9149830626627019,0.9177083632090091,0.3927392739273927
untouched,knn,impulse_noise,1,common,pooled,0.5895564160376434,0.5811141347910811,0.8825082508250826
untouched,knn,impulse_noise,2,common,pooled,0.631290450827261,0.6233111917717952,0.8402640264026403
untouched,knn,impulse_noise,3,common,pooled,0.678603840582078,0.6732679338567796,0.7841584158415842
untouched,knn,impulse_noise,4,common,pooled,0.8028621376989185,0.8071101281035555,0.6231023102310231
untouched,knn,impulse_noise,5,common,pooled,0.9111959611802765,0.915525720322925,0.4132013201320132
untouched,knn,defocus_blur,1,common,pooled,0.5841459987582917,0.5583356463120527,0.8627062706270627
untouched,knn,defocus_blur,2,common,pooled,0.6202062978575085,0.5860306220860225,0.8198019801980198
untouched,knn,defocus_blur,3,common,pooled,0.6806613186071082,0.6415164518441471,0.7366336633663366
untouched,knn,defocus_blur,4,common,pooled,0.7402083129104989,0.7033473007434663,0.6504950495049505
untouched,knn,defocus_blur,5,common,pooled,0.7964354257207898,0.7659181507436872,0.5663366336633663
untouched,knn,glass_blur,1,common,pooled,0.5995412759097692,0.5760744139777091,0.8537953795379538
untouched,knn,glass_blur,2,common,pooled,0.6636861854502282,0.634125939165725,0.7947194719471947
untouched,knn,glass_blur,3,common,pooled,0.8127744556633881,0.8055242467908508,0.6217821782178218
untouched,knn,glass_blur,4,common,pooled,0.8370523042403251,0.8308998146982857,0.5693069306930693
untouched,knn,glass_blur,5,common,pooled,0.8685648465836683,0.8617157126744933,0.4867986798679868
untouched,knn,motion_blur,1,common,pooled,0.5392981080286247,0.530066898975754,0.9254125412541254
untouched,knn,motion_blur,2,common,pooled,0.5733482011567493,0.5547001138134225,0.8891089108910891
untouched,knn,motion_blur,3,common,pooled,0.6361638837151042,0.6094006669229484,0.8207920792079207
untouched,knn,motion_blur,4,common,pooled,0.7214188696097332,0.6939650765658614,0.7
untouched,knn,motion_blur,5,common,pooled,0.7763049918853272,0.752041334440491,0.6237623762376238
untouched,knn,zoom_blur,1,common,pooled,0.7010696119116863,0.6707201400643641,0.7557755775577558
untouched,knn,zoom_blur,2,common,pooled,0.7689321308368461,0.7419185219419598,0.6656765676567656
untouched,knn,zoom_blur,3,common,pooled,0.8294970536657627,0.8087125694931461,0.5534653465346535
untouched,knn,zoom_blur,4,common,pooled,0.8663869010663443,0.8483985880643286,0.46732673267326735
untouched,knn,zoom_blur,5,common,pooled,0.886861527736932,0.8717630039471269,0.41485148514851483
untouched,knn,snow,1,common,pooled,0.5892812251522181,0.5813381620883643,0.8877887788778878
untouched,knn,snow,2,common,pooled,0.630442930431657,0.6320577002509893,0.8696369636963697
untouched,knn,snow,3,common,pooled,0.6677576272478734,0.6724633326555217,0.8254125412541254
untouched,knn,snow,4,common,pooled,0.7187352002526985,0.7257216608139878,0.7739273927392739
untouched,knn,snow,5,common,pooled,0.6986481717478679,0.705387167270922,0.8155115511551155
untouched,knn,frost,1,common,pooled,0.5458636408195275,0.5370035388581431,0.9277227722772278
untouched,knn,frost,2,common,pooled,0.6119077105730375,0.6030331219823342,0.8881188118811881
untouched,knn,frost,3,common,pooled,0.6595444346414839,0.6542630081386207,0.8567656765676568
untouched,knn,frost,4,common,pooled,0.668535002015053,0.665074371922765,0.836963696369637
untouched,knn,frost,5,common,pooled,0.7038357350586544,0.6991753089305446,0.8013201320132013
untouched,knn,fog,1,common,pooled,0.5192274177912841,0.5161642517847089,0.9405940594059405
untouched,knn,fog,2,common,pooled,0.5272272326242525,0.5222920027537937,0.936963696369637
untouched,knn,fog,3,common,pooled,0.5407784639850124,0.53330623705518,0.926072607260726
untouched,knn,fog,4,common,pooled,0.5516578984631136,0.5423847233553898,0.9194719471947195
untouched,knn,fog,5,common,pooled,0.5827697720267077,0.5722788048430627,0.8877887788778878
untouched,knn,brightness,1,common,pooled,0.5010004465793114,0.5010448597554245,0.9475247524752475
untouched,knn,brightness,2,common,pooled,0.5064404905837119,0.5050611193908379,0.9448844884488449
untouched,knn,brightness,3,common,pooled,0.5139153024213312,0.5107274930378476,0.9402640264026403
untouched,knn,brightness,4,common,pooled,0.524828121426004,0.5193971482954255,0.933003300330033
untouched,knn,brightness,5,common,pooled,0.5410139528804365,0.5334246017294273,0.9254125412541254
untouched,knn,contrast,1,common,pooled,0.5161937827446111,0.5139408183357224,0.9429042904290429
untouched,knn,contrast,2,common,pooled,0.5260241370671721,0.5220107274187081,0.9326732673267327
untouched,knn,contrast,3,common,pooled,0.5486339029942598,0.5413488847764908,0.9174917491749175
untouched,knn,contrast,4,common,pooled,0.6331403239333835,0.6208252290830648,0.8386138613861386
untouched,knn,contrast,5,common,pooled,0.8161178642616737,0.8095639961060209,0.5768976897689769
untouched,knn,elastic_transform,1,common,pooled,0.5560240281453888,0.5378894321997141,0.9254125412541254
untouched,knn,elastic_transform,2,common,pooled,0.585539870818765,0.5625291168733585,0.9135313531353135
untouched,knn,elastic_transform,3,common,pooled,0.6320634142622183,0.6058333525587808,0.8920792079207921
untouched,knn,elastic_transform,4,common,pooled,0.6695508065658051,0.6448911498041767,0.8633663366336634
untouched,knn,elastic_transform,5,common,pooled,0.7173213955058872,0.6966541913281251,0.8264026402640264
untouched,knn,pixelate,1,common,pooled,0.5182789813634829,0.5124738691072119,0.9366336633663367
untouched,knn,pixelate,2,common,pooled,0.5291083662821727,0.5198393394656086,0.927062706270627
untouched,knn,pixelate,3,common,pooled,0.6283584398043764,0.6062976714929693,0.8313531353135314
untouched,knn,pixelate,4,common,pooled,0.817009497979501,0.8085090877952869,0.5957095709570958
untouched,knn,pixelate,5,common,pooled,0.9239405722750493,0.9223006520167611,0.3547854785478548
untouched,knn,jpeg_compression,1,common,pooled,0.5392861810933569,0.5259896241074469,0.9122112211221122
untouched,knn,jpeg_compression,2,common,pooled,0.5713843958653291,0.5502854388770515,0.8676567656765677
untouched,knn,jpeg_compression,3,common,pooled,0.59973564683201,0.574589023270963,0.8372937293729373
untouched,knn,jpeg_compression,4,common,pooled,0.6941028657321178,0.6617265743225982,0.7277227722772277
untouched,knn,jpeg_compression,5,common,pooled,0.7975358624971408,0.7715857962023682,0.5792079207920792
untouched,knn,speckle_noise,1,extra,pooled,0.5266141663671318,0.521771561559425,0.9306930693069307
untouched,knn,speckle_noise,2,extra,pooled,0.546461131261641,0.5381653306484455,0.9112211221122112
untouched,knn,speckle_noise,3,extra,pooled,0.62696413205677,0.6153774773719535,0.8326732673267326
untouched,knn,speckle_noise,4,extra,pooled,0.6860804496291213,0.6778077411511834,0.7580858085808581
untouched,knn,speckle_noise,5,extra,pooled,0.7637861756472677,0.763479310106069,0.666996699669967
untouched,knn,gaussian_blur,1,extra,pooled,0.5671879663213846,0.5457898589835293,0.8841584158415842
untouched,knn,gaussian_blur,2,extra,pooled,0.6315214739295711,0.5929008943377233,0.8013201320132013
untouched,knn,gaussian_blur,3,extra,pooled,0.6780754065505561,0.6368735315315024,0.7465346534653465
untouched,knn,gaussian_blur,4,extra,pooled,0.7255564269298217,0.6882762278386332,0.6795379537953795
untouched,knn,gaussian_blur,5,extra,pooled,0.824986766003333,0.8016431929338772,0.5429042904290429
untouched,knn,spatter,1,extra,pooled,0.519025803570456,0.5123750626540693,0.933003300330033
untouched,knn,spatter,2,extra,pooled,0.6096325523641473,0.5781376445293143,0.836963696369637
untouched,knn,spatter,3,extra,pooled,0.6086851506932871,0.591754703753786,0.8511551155115512
untouched,knn,spatter,4,extra,pooled,0.7740743826857933,0.7386867656856388,0.6085808580858085
untouched,knn,spatter,5,extra,pooled,0.7845693232689606,0.7497985839358439,0.5844884488448845
untouched,knn,saturate,1,extra,pooled,0.5092321558888562,0.5082982783933994,0.9448844884488449
untouched,knn,saturate,2,extra,pooled,0.5196820028537508,0.5159839595418146,0.9363036303630363
untouched,knn,saturate,3,extra,pooled,0.5061079523793963,0.505891008536921,0.9458745874587459
untouched,knn,saturate,4,extra,pooled,0.5351836965874806,0.527405910699892,0.9254125412541254
untouched,knn,saturate,5,extra,pooled,0.5827277826792581,0.5626563766166675,0.8775577557755776
untouched,discopatch,gaussian_noise,1,common,pooled,0.8755566992342798,0.8659924659774153,0.4613861386138614
untouched,discopatch,gaussian_noise,2,common,pooled,0.9493745166595867,0.9427244480315078,0.21683168316831683
untouched,discopatch,gaussian_noise,3,common,pooled,0.9857149081244758,0.981661797894487,0.062376237623762376
untouched,discopatch,gaussian_noise,4,common,pooled,0.9963832521866048,0.9936961509211785,0.01221122112211221
untouched,discopatch,gaussian_noise,5,common,pooled,0.9987325316690084,0.9970293977366411,0.0019801980198019802
untouched,discopatch,shot_noise,1,common,pooled,0.865633107865242,0.8487608373706148,0.4561056105610561
untouched,discopatch,shot_noise,2,common,pooled,0.9396414294894836,0.9290837944996221,0.23894389438943894
untouched,discopatch,shot_noise,3,common,pooled,0.9729830408783453,0.9669475151634077,0.12475247524752475
untouched,discopatch,shot_noise,4,common,pooled,0.9886026969033537,0.9850003019451189,0.04785478547854786
untouched,discopatch,shot_noise,5,common,pooled,0.9918655033820214,0.9888066229310718,0.034323432343234324
untouched,discopatch,impulse_noise,1,common,pooled,0.9206004313302617,0.9074535436893357,0.29141914191419144
untouched,discopatch,impulse_noise,2,common,pooled,0.9763372327331743,0.9706243306473219,0.10594059405940594
untouched,discopatch,impulse_noise,3,common,pooled,0.9905412323410558,0.986841054860515,0.039603960396039604
untouched,discopatch,impulse_noise,4,common,pooled,0.9979063054820334,0.9956847248407718,0.0049504950495049506
untouched,discopatch,impulse_noise,5,common,pooled,0.99889259222952,0.9972371565817926,0.0016501650165016502
untouched,discopatch,defocus_blur,1,common,pooled,0.657235347297106,0.6225869004558187,0.8306930693069307
untouched,discopatch,defocus_blur,2,common,pooled,0.7248282848086789,0.6804393484834301,0.7257425742574257
untouched,discopatch,defocus_blur,3,common,pooled,0.7947608622248363,0.7411418078066643,0.5636963696369637
untouched,discopatch,defocus_blur,4,common,pooled,0.8264598242002418,0.7686183229102276,0.4867986798679868
untouched,discopatch,defocus_blur,5,common,pooled,0.8452656057684976,0.7840703328233808,0.4521452145214521
untouched,discopatch,glass_blur,1,common,pooled,0.676018799899792,0.6385615230275916,0.804950495049505
untouched,discopatch,glass_blur,2,common,pooled,0.774767615375399,0.7331155317092041,0.6224422442244224
untouched,discopatch,glass_blur,3,common,pooled,0.8797649467917089,0.8476830424869017,0.3957095709570957
untouched,discopatch,glass_blur,4,common,pooled,0.9092695705214086,0.8838884681711416,0.3095709570957096
untouched,discopatch,glass_blur,5,common,pooled,0.9339640993802351,0.9140940477828267,0.24224422442244226
untouched,discopatch,motion_blur,1,common,pooled,0.5819115772963435,0.5608009392964911,0.9115511551155115
untouched,discopatch,motion_blur,2,common,pooled,0.6611258155518522,0.6238516869107074,0.8343234323432344
untouched,discopatch,motion_blur,3,common,pooled,0.7433660098683136,0.6956619482399042,0.69009900990099
untouched,discopatch,motion_blur,4,common,pooled,0.7992310122101319,0.7479156493954946,0.568976897689769
untouched,discopatch,motion_blur,5,common,pooled,0.8292129856550011,0.7785424192309677,0.5026402640264026
untouched,discopatch,zoom_blur,1,common,pooled,0.7446553170168502,0.6914453630674544,0.6828382838283829
untouched,discopatch,zoom_blur,2,common,pooled,0.7848169569432191,0.7287917167140125,0.602970297029703
untouched,discopatch,zoom_blur,3,common,pooled,0.8170750144321363,0.7647651215934277,0.5316831683168317
untouched,discopatch,zoom_blur,4,common,pooled,0.8337273034234116,0.7821337445203509,0.49075907590759077
untouched,discopatch,zoom_blur,5,common,pooled,0.8503263296626692,0.8030930649021885,0.466006600660066
untouched,discopatch,snow,1,common,pooled,0.7504352514459367,0.6887956107375114,0.6171617161716172
untouched,discopatch,snow,2,common,pooled,0.8349809931488198,0.7779497256280486,0.43498349834983496
untouched,discopatch,snow,3,common,pooled,0.8297517672559335,0.758653074951758,0.4171617161716172
untouched,discopatch,snow,4,common,pooled,0.8604319837924387,0.7906048917849238,0.36072607260726075
untouched,discopatch,snow,5,common,pooled,0.8371071463582002,0.7641065796132982,0.41056105610561056
untouched,discopatch,frost,1,common,pooled,0.6533804964654881,0.6012018694644485,0.7983498349834983
untouched,discopatch,frost,2,common,pooled,0.7739485235652278,0.7157468053566174,0.5993399339933994
untouched,discopatch,frost,3,common,pooled,0.8273826095480835,0.7715310701955678,0.4752475247524752
untouched,discopatch,frost,4,common,pooled,0.8418211722162315,0.7903720279687521,0.46732673267326735
untouched,discopatch,frost,5,common,pooled,0.8664808461044124,0.819220375040746,0.40264026402640263
untouched,discopatch,fog,1,common,pooled,0.6010602990992169,0.5835762271164973,0.9006600660066006
untouched,discopatch,fog,2,common,pooled,0.652031935866854,0.6297569822629572,0.8498349834983498
untouched,discopatch,fog,3,common,pooled,0.7200430241043906,0.6927131751611161,0.7541254125412541
untouched,discopatch,fog,4,common,pooled,0.7512652354344346,0.7276818516538416,0.7287128712871287
untouched,discopatch,fog,5,common,pooled,0.8364579725299263,0.817426356512891,0.5392739273927393
untouched,discopatch,brightness,1,common,pooled,0.4905468962737858,0.490109355671143,0.9481848184818482
untouched,discopatch,brightness,2,common,pooled,0.4896992669563986,0.4833684827935424,0.9419141914191419
untouched,discopatch,brightness,3,common,pooled,0.496152610310536,0.48252636640267627,0.9333333333333333
untouched,discopatch,brightness,4,common,pooled,0.5074050474354366,0.48508288206192307,0.9161716171617161
untouched,discopatch,brightness,5,common,pooled,0.5175035127275104,0.4878819907026254,0.9006600660066006
untouched,discopatch,contrast,1,common,pooled,0.5421247372261979,0.5240813004250766,0.928052805280528
untouched,discopatch,contrast,2,common,pooled,0.5641536232831204,0.5365488136364058,0.9102310231023102
untouched,discopatch,contrast,3,common,pooled,0.6026606323998737,0.5617157221775949,0.8702970297029703
untouched,discopatch,contrast,4,common,pooled,0.6878062063632105,0.6341281606358846,0.7112211221122112
untouched,discopatch,contrast,5,common,pooled,0.7745308194185755,0.727027052964129,0.5706270627062706
untouched,discopatch,elastic_transform,1,common,pooled,0.608148111840887,0.5703676464507093,0.8584158415841584
untouched,discopatch,elastic_transform,2,common,pooled,0.6400813645721007,0.5930778897010921,0.8194719471947195
untouched,discopatch,elastic_transform,3,common,pooled,0.6748048666252764,0.6190221521018927,0.762046204620462
untouched,discopatch,elastic_transform,4,common,pooled,0.6960106307660469,0.6359061211355995,0.7191419141914192
untouched,discopatch,elastic_transform,5,common,pooled,0.7176850853402172,0.6519788944597275,0.6683168316831684
untouched,discopatch,pixelate,1,common,pooled,0.5478139942707142,0.533558271404686,0.9247524752475248
untouched,discopatch,pixelate,2,common,pooled,0.555522770098792,0.5395547684378985,0.9174917491749175
untouched,discopatch,pixelate,3,common,pooled,0.6406808700672048,0.6041968591802784,0.8382838283828383
untouched,discopatch,pixelate,4,common,pooled,0.7162917578886602,0.6706868212025267,0.7234323432343235
untouched,discopatch,pixelate,5,common,pooled,0.7522342036183817,0.7016287750982093,0.6518151815181518
untouched,discopatch,jpeg_compression,1,common,pooled,0.6276627563746474,0.5671632047799731,0.8148514851485148
untouched,discopatch,jpeg_compression,2,common,pooled,0.6401387663518827,0.5681816402335944,0.7693069306930693
untouched,discopatch,jpeg_compression,3,common,pooled,0.6439669313466,0.5655428540936351,0.7442244224422442
untouched,discopatch,jpeg_compression,4,common,pooled,0.6285840168175233,0.5429930582841443,0.7174917491749175
untouched,discopatch,jpeg_compression,5,common,pooled,0.5896982321994576,0.5113566917846717,0.7313531353135313
untouched,discopatch,speckle_noise,1,extra,pooled,0.7993128124693657,0.7712968841089389,0.5815181518151815
untouched,discopatch,speckle_noise,2,extra,pooled,0.8559269243756059,0.8303176382148806,0.45544554455445546
untouched,discopatch,speckle_noise,3,extra,pooled,0.9370207713840691,0.9217501289690863,0.22343234323432343
untouched,discopatch,speckle_noise,4,extra,pooled,0.958297988214663,0.9470850766325545,0.16369636963696368
untouched,discopatch,speckle_noise,5,extra,pooled,0.9726042109161411,0.9642251661088327,0.11617161716171617
untouched,discopatch,gaussian_blur,1,extra,pooled,0.5557238397107037,0.542179872376106,0.9277227722772278
untouched,discopatch,gaussian_blur,2,extra,pooled,0.7113870099881275,0.6685675858791686,0.7442244224422442
untouched,discopatch,gaussian_blur,3,extra,pooled,0.7992661939461273,0.7483142542841137,0.5613861386138614
untouched,discopatch,gaussian_blur,4,extra,pooled,0.8375364071060571,0.7837696479160937,0.467986798679868
untouched,discopatch,gaussian_blur,5,extra,pooled,0.8644118768312474,0.8043422575456113,0.3937293729372937
untouched,discopatch,spatter,1,extra,pooled,0.5217276084044048,0.5150736527468032,0.9396039603960396
untouched,discopatch,spatter,2,extra,pooled,0.6808413118539577,0.624926956068294,0.7455445544554455
untouched,discopatch,spatter,3,extra,pooled,0.8095169318912089,0.7543666258534749,0.5168316831683168
untouched,discopatch,spatter,4,extra,pooled,0.8284344672090972,0.763068643414603,0.43597359735973595
untouched,discopatch,spatter,5,extra,pooled,0.8881900467274451,0.8301037853877269,0.2973597359735974
untouched,discopatch,saturate,1,extra,pooled,0.6493660207604919,0.6150310875826944,0.8270627062706271
untouched,discopatch,saturate,2,extra,pooled,0.7595577230990426,0.7153152230908395,0.6191419141914192
untouched,discopatch,saturate,3,extra,pooled,0.4686756200372513,0.47242800939310964,0.9554455445544554
untouched,discopatch,saturate,4,extra,pooled,0.5104768595671448,0.48318569638458403,0.904950495049505
untouched,discopatch,saturate,5,extra,pooled,0.5573117014671765,0.5006006562595475,0.8158415841584158
untouched,hashemi,gaussian_noise,1,common,pooled,0.4574192072672614,0.4626187079670369,0.9640264026402641
untouched,hashemi,gaussian_noise,2,common,pooled,0.43885136533455327,0.44680220959211275,0.968976897689769
untouched,hashemi,gaussian_noise,3,common,pooled,0.41152327113899506,0.42701768296213066,0.9775577557755776
untouched,hashemi,gaussian_noise,4,common,pooled,0.38591657680619545,0.41066985023641733,0.9795379537953796
untouched,hashemi,gaussian_noise,5,common,pooled,0.37424190438845867,0.40325791691359686,0.9795379537953796
untouched,hashemi,shot_noise,1,common,pooled,0.4621054036096679,0.46561028129457005,0.9623762376237623
untouched,hashemi,shot_noise,2,common,pooled,0.4389005979805901,0.4467811012875953,0.9666666666666667
untouched,hashemi,shot_noise,3,common,pooled,0.41524496509056846,0.42902371834188985,0.9765676567656766
untouched,hashemi,shot_noise,4,common,pooled,0.389508000304981,0.4127346780300319,0.9792079207920792
untouched,hashemi,shot_noise,5,common,pooled,0.38772876297530745,0.4111409616490126,0.9805280528052805
untouched,hashemi,impulse_noise,1,common,pooled,0.4494810966245139,0.4554397090501451,0.9693069306930693
untouched,hashemi,impulse_noise,2,common,pooled,0.4290562472088793,0.43931920870648694,0.9726072607260726
untouched,hashemi,impulse_noise,3,common,pooled,0.41377800651352264,0.4285662278539252,0.9732673267326732
untouched,hashemi,impulse_noise,4,common,pooled,0.3837307889204762,0.40947076552141953,0.9785478547854786
untouched,hashemi,impulse_noise,5,common,pooled,0.37156444357307017,0.4018010291146683,0.975907590759076
untouched,hashemi,defocus_blur,1,common,pooled,0.5206445991133767,0.4816431119071558,0.8861386138613861
untouched,hashemi,defocus_blur,2,common,pooled,0.49405243494646495,0.4612139245265414,0.8887788778877888
untouched,hashemi,defocus_blur,3,common,pooled,0.44630161531004586,0.4333055035303107,0.9046204620462046
untouched,hashemi,defocus_blur,4,common,pooled,0.42770872136718624,0.42342529443640686,0.9066006600660066
untouched,hashemi,defocus_blur,5,common,pooled,0.41798462024420263,0.41866414131635327,0.9171617161716171
untouched,hashemi,glass_blur,1,common,pooled,0.548990131686436,0.50142507162986,0.861056105610561
untouched,hashemi,glass_blur,2,common,pooled,0.5459027982006122,0.49172010567216595,0.8442244224422443
untouched,hashemi,glass_blur,3,common,pooled,0.5388904137938546,0.4849945528259225,0.8382838283828383
untouched,hashemi,glass_blur,4,common,pooled,0.5274809114574823,0.4770342251362751,0.8498349834983498
untouched,hashemi,glass_blur,5,common,pooled,0.5569261728153013,0.49541877102077525,0.835973597359736
untouched,hashemi,motion_blur,1,common,pooled,0.4893827947151151,0.4712892038258772,0.9366336633663367
untouched,hashemi,motion_blur,2,common,pooled,0.44782684704113973,0.440865667402615,0.9422442244224423
untouched,hashemi,motion_blur,3,common,pooled,0.41013141413151216,0.4191077720098045,0.9481848184818482
untouched,hashemi,motion_blur,4,common,pooled,0.38811532638412355,0.40742132076061377,0.9478547854785478
untouched,hashemi,motion_blur,5,common,pooled,0.3863006350139965,0.40651982682364346,0.9462046204620462
untouched,hashemi,zoom_blur,1,common,pooled,0.34821324706728096,0.39141520114117256,0.9666666666666667
untouched,hashemi,zoom_blur,2,common,pooled,0.33308722456404055,0.38463722575122294,0.9643564356435643
untouched,hashemi,zoom_blur,3,common,pooled,0.3412296180113061,0.38722834072037515,0.9504950495049505
untouched,hashemi,zoom_blur,4,common,pooled,0.34015210927033296,0.386281331562236,0.9425742574257425
untouched,hashemi,zoom_blur,5,common,pooled,0.3637436416909018,0.39527309262605037,0.9267326732673268
untouched,hashemi,snow,1,common,pooled,0.4640888692829679,0.4633970768528598,0.9630363036303631
untouched,hashemi,snow,2,common,pooled,0.4382586129900119,0.4425882152622445,0.9653465346534653
untouched,hashemi,snow,3,common,pooled,0.4272569138101929,0.43797187006617644,0.9735973597359736
untouched,hashemi,snow,4,common,pooled,0.4004948861222756,0.422391788066922,0.9772277227722772
untouched,hashemi,snow,5,common,pooled,0.41585868487838884,0.4276094438077365,0.9716171617161716
untouched,hashemi,frost,1,common,pooled,0.47589582720648305,0.4751376083397417,0.9554455445544554
untouched,hashemi,frost,2,common,pooled,0.4431127667222168,0.44692290785981803,0.9640264026402641
untouched,hashemi,frost,3,common,pooled,0.42281742530688715,0.4329704220546896,0.9673267326732673
untouched,hashemi,frost,4,common,pooled,0.42384374080972453,0.4336539135442312,0.9696369636963696
untouched,hashemi,frost,5,common,pooled,0.40780348331862887,0.4237591551963584,0.9726072607260726
untouched,hashemi,fog,1,common,pooled,0.49997652735570586,0.4971660134944099,0.9458745874587459
untouched,hashemi,fog,2,common,pooled,0.4947003017133397,0.49185707226563125,0.9471947194719472
untouched,hashemi,fog,3,common,pooled,0.4887350368700236,0.4866183558375935,0.9452145214521452
untouched,hashemi,fog,4,common,pooled,0.48170217516801184,0.4808900741954543,0.9521452145214522
untouched,hashemi,fog,5,common,pooled,0.46644582775109195,0.4663764180913575,0.9498349834983498
untouched,hashemi,brightness,1,common,pooled,0.5069456153536146,0.5058603202097148,0.9462046204620462
untouched,hashemi,brightness,2,common,pooled,0.5068108246468211,0.5046723113622582,0.9504950495049505
untouched,hashemi,brightness,3,common,pooled,0.5031205546297204,0.49952723882674893,0.9462046204620462
untouched,hashemi,brightness,4,common,pooled,0.4991732836650002,0.4937244654857508,0.9475247524752475
untouched,hashemi,brightness,5,common,pooled,0.4926934178566372,0.4863250714390069,0.9478547854785478
untouched,hashemi,contrast,1,common,pooled,0.5048476728861004,0.499567909001817,0.9438943894389439
untouched,hashemi,contrast,2,common,pooled,0.49956774390310316,0.4930957727039692,0.9452145214521452
untouched,hashemi,contrast,3,common,pooled,0.49044020738707533,0.48256570967321366,0.9425742574257425
untouched,hashemi,contrast,4,common,pooled,0.46726274112559774,0.45665439309657424,0.9346534653465347
untouched,hashemi,contrast,5,common,pooled,0.44089217832674354,0.4302732408058953,0.9135313531353135
untouched,hashemi,elastic_transform,1,common,pooled,0.4904040998159222,0.48164309017648077,0.9429042904290429
untouched,hashemi,elastic_transform,2,common,pooled,0.4667770588940082,0.463370847490026,0.9498349834983498
untouched,hashemi,elastic_transform,3,common,pooled,0.42879723120826935,0.4374208442910728,0.9567656765676568
untouched,hashemi,elastic_transform,4,common,pooled,0.39541368493284973,0.4174151652010476,0.9623762376237623
untouched,hashemi,elastic_transform,5,common,pooled,0.34189126338376413,0.3909845746185499,0.970957095709571
untouched,hashemi,pixelate,1,common,pooled,0.5055668289601237,0.5011287491141824,0.9471947194719472
untouched,hashemi,pixelate,2,common,pooled,0.5110765829058154,0.501670224182897,0.9392739273927393
untouched,hashemi,pixelate,3,common,pooled,0.5125053099369343,0.4883514517427385,0.9264026402640264
untouched,hashemi,pixelate,4,common,pooled,0.4905996144168872,0.4623013010690993,0.8973597359735973
untouched,hashemi,pixelate,5,common,pooled,0.45358113039026676,0.43790449093300765,0.9
untouched,hashemi,jpeg_compression,1,common,pooled,0.43336366804997334,0.4422308477665967,0.9663366336633663
untouched,hashemi,jpeg_compression,2,common,pooled,0.41040921913973577,0.42715607181060755,0.9726072607260726
untouched,hashemi,jpeg_compression,3,common,pooled,0.3978739557124029,0.41961692422266006,0.9745874587458746
untouched,hashemi,jpeg_compression,4,common,pooled,0.37836225206679086,0.4074499856282331,0.9788778877887789
untouched,hashemi,jpeg_compression,5,common,pooled,0.3904947227396007,0.4103449582586489,0.9630363036303631
untouched,hashemi,speckle_noise,1,extra,pooled,0.471891426766439,0.47384579867437165,0.9620462046204621
untouched,hashemi,speckle_noise,2,extra,pooled,0.4598941824875557,0.46363185043907373,0.9620462046204621
untouched,hashemi,speckle_noise,3,extra,pooled,0.42832167870252374,0.43900406494382627,0.9693069306930693
untouched,hashemi,speckle_noise,4,extra,pooled,0.4091397902166454,0.42564868195273253,0.974917491749175
untouched,hashemi,speckle_noise,5,extra,pooled,0.38939063708351035,0.41404065798924394,0.9788778877887789
untouched,hashemi,gaussian_blur,1,extra,pooled,0.6436635297193085,0.5805963024481455,0.7815181518151815
untouched,hashemi,gaussian_blur,2,extra,pooled,0.6111527192323193,0.5368527318549139,0.7696369636963697
untouched,hashemi,gaussian_blur,3,extra,pooled,0.5661327865459813,0.5018551409453983,0.8194719471947195
untouched,hashemi,gaussian_blur,4,extra,pooled,0.5280449084512412,0.47667549873897685,0.8524752475247525
untouched,hashemi,gaussian_blur,5,extra,pooled,0.4880761690030389,0.4530534824253301,0.8726072607260726
untouched,hashemi,spatter,1,extra,pooled,0.4951254778943241,0.4919782582770831,0.9462046204620462
untouched,hashemi,spatter,2,extra,pooled,0.448036902700171,0.4522245637757921,0.9613861386138614
untouched,hashemi,spatter,3,extra,pooled,0.43619873868574977,0.4453937551675386,0.968976897689769
untouched,hashemi,spatter,4,extra,pooled,0.5215913472535373,0.5138555410616181,0.9435643564356435
untouched,hashemi,spatter,5,extra,pooled,0.40636783975427243,0.422454946476613,0.9696369636963696
untouched,hashemi,saturate,1,extra,pooled,0.4893606835931118,0.4876496225412471,0.9504950495049505
untouched,hashemi,saturate,2,extra,pooled,0.4790133864871636,0.47710185807581307,0.9600660066006601
untouched,hashemi,saturate,3,extra,pooled,0.49824870110773456,0.49734939751352736,0.9481848184818482
untouched,hashemi,saturate,4,extra,pooled,0.47747241555838754,0.4749620196455637,0.9574257425742574
untouched,hashemi,saturate,5,extra,pooled,0.4505135117472143,0.45239161898525243,0.9623762376237623
untouched,cdf,gaussian_noise,1,common,pooled,0.8370573691032469,0.7478144612307073,0.36567656765676565
untouched,cdf,gaussian_noise,2,common,pooled,0.9519218159439706,0.9025047134727864,0.11287128712871287
untouched,cdf,gaussian_noise,3,common,pooled,0.9905673735690401,0.9745334970139149,0.01749174917491749
untouched,cdf,gaussian_noise,4,common,pooled,0.9982644403054167,0.9953739904036815,0.0042904290429042905
untouched,cdf,gaussian_noise,5,common,pooled,0.999872125826444,0.9998398953992812,0.00033003300330033004
untouched,cdf,shot_noise,1,common,pooled,0.83064470803516,0.7581325914697458,0.4151815181518152
untouched,cdf,shot_noise,2,common,pooled,0.9513150126893878,0.9158215465922795,0.14125412541254126
untouched,cdf,shot_noise,3,common,pooled,0.9888053458811228,0.9781037647755463,0.032013201320132016
untouched,cdf,shot_noise,4,common,pooled,0.9987025237177183,0.9979745024012006,0.0042904290429042905
untouched,cdf,shot_noise,5,common,pooled,0.9997987125445218,0.9997826787313041,0.0009900990099009901
untouched,cdf,impulse_noise,1,common,pooled,0.9159353658138091,0.851312574909614,0.19801980198019803
untouched,cdf,impulse_noise,2,common,pooled,0.9817447091243778,0.9569537021760386,0.03993399339933994
untouched,cdf,impulse_noise,3,common,pooled,0.9927132416211918,0.98176081805866,0.012541254125412541
untouched,cdf,impulse_noise,4,common,pooled,0.9989795118125674,0.9975627149701561,0.0019801980198019802
untouched,cdf,impulse_noise,5,common,pooled,0.9998997919593939,0.9998806406117735,0.00033003300330033004
untouched,cdf,defocus_blur,1,common,pooled,0.8219331438094305,0.7470105772360802,0.4277227722772277
untouched,cdf,defocus_blur,2,common,pooled,0.8864270387434783,0.8187334721728263,0.2778877887788779
untouched,cdf,defocus_blur,3,common,pooled,0.9373053840037469,0.8852902354036856,0.1471947194719472
untouched,cdf,defocus_blur,4,common,pooled,0.9590435578211286,0.9169194830915082,0.09735973597359736
untouched,cdf,defocus_blur,5,common,pooled,0.9710989118713852,0.9357305823821566,0.06633663366336634
untouched,cdf,glass_blur,1,common,pooled,0.673952662592992,0.6154396568433609,0.7221122112211221
untouched,cdf,glass_blur,2,common,pooled,0.7699846420285593,0.6965871269857646,0.5283828382838284
untouched,cdf,glass_blur,3,common,pooled,0.8103707697502424,0.7349573599952044,0.44884488448844884
untouched,cdf,glass_blur,4,common,pooled,0.8523091418052696,0.7804088998788482,0.36105610561056106
untouched,cdf,glass_blur,5,common,pooled,0.92520667908375,0.8694190498240971,0.18547854785478549
untouched,cdf,motion_blur,1,common,pooled,0.6693954841028658,0.6106686349780294,0.737953795379538
untouched,cdf,motion_blur,2,common,pooled,0.758788354082933,0.6875691286278265,0.5735973597359736
untouched,cdf,motion_blur,3,common,pooled,0.8320842183228224,0.7606532107706274,0.432013201320132
untouched,cdf,motion_blur,4,common,pooled,0.885155376923831,0.8195915560993505,0.29504950495049503
untouched,cdf,motion_blur,5,common,pooled,0.9097733337690205,0.8501413891742432,0.233993399339934
untouched,cdf,zoom_blur,1,common,pooled,0.7738319772571317,0.7131376792824697,0.5778877887788779
untouched,cdf,zoom_blur,2,common,pooled,0.8231042708231219,0.7597207363824702,0.4617161716171617
untouched,cdf,zoom_blur,3,common,pooled,0.8133339868640329,0.7496296793857543,0.48415841584158414
untouched,cdf,zoom_blur,4,common,pooled,0.8429669204544217,0.779315167678438,0.42211221122112214
untouched,cdf,zoom_blur,5,common,pooled,0.8390177433584942,0.7734889887576968,0.42277227722772276
untouched,cdf,snow,1,common,pooled,0.7072828371946106,0.6318541135239386,0.6118811881188119
untouched,cdf,snow,2,common,pooled,0.900753847661994,0.8335395395804098,0.23597359735973597
untouched,cdf,snow,3,common,pooled,0.8615794747791611,0.7817067992463336,0.3141914191419142
untouched,cdf,snow,4,common,pooled,0.9131142916271825,0.8457615548644716,0.19273927392739273
untouched,cdf,snow,5,common,pooled,0.9309426091123963,0.8773563976841099,0.1613861386138614
untouched,cdf,frost,1,common,pooled,0.6786697382609548,0.6264953967365767,0.7419141914191419
untouched,cdf,frost,2,common,pooled,0.7781334074001459,0.6987689908286976,0.5056105610561056
untouched,cdf,frost,3,common,pooled,0.8319885849971136,0.7506317075215246,0.4066006600660066
untouched,cdf,frost,4,common,pooled,0.8277485867398621,0.7420744987719274,0.400990099009901
untouched,cdf,frost,5,common,pooled,0.8537436416909018,0.7690987852586442,0.3458745874587459
untouched,cdf,fog,1,common,pooled,0.7743970634687231,0.7093541913978986,0.5801980198019802
untouched,cdf,fog,2,common,pooled,0.832211112200329,0.7665872006758279,0.45742574257425744
untouched,cdf,fog,3,common,pooled,0.8650131250748837,0.8011453069654704,0.38283828382838286
untouched,cdf,fog,4,common,pooled,0.8565540415427682,0.7883692973471793,0.3937293729372937
untouched,cdf,fog,5,common,pooled,0.8754679824418086,0.8037098051875811,0.3343234323432343
untouched,cdf,brightness,1,common,pooled,0.5399740766155824,0.5332309658726848,0.9283828382838284
untouched,cdf,brightness,2,common,pooled,0.621792852552582,0.5981098292840146,0.8521452145214522
untouched,cdf,brightness,3,common,pooled,0.714418194294677,0.6759636495905543,0.7316831683168317
untouched,cdf,brightness,4,common,pooled,0.803657375638554,0.7578437955788289,0.5425742574257426
untouched,cdf,brightness,5,common,pooled,0.8712362622400854,0.826401127984702,0.3834983498349835
untouched,cdf,contrast,1,common,pooled,0.8314599875829167,0.7796719728558545,0.47128712871287126
untouched,cdf,contrast,2,common,pooled,0.9080092365672211,0.8639917369309635,0.27986798679867986
untouched,cdf,contrast,3,common,pooled,0.9615428770599832,0.9318969753379087,0.12046204620462046
untouched,cdf,contrast,4,common,pooled,0.9893312202507379,0.975264513069771,0.026402640264026403
untouched,cdf,contrast,5,common,pooled,0.9960328508098335,0.9892218666964023,0.00825082508250825
untouched,cdf,elastic_transform,1,common,pooled,0.49181431014388566,0.4891505275036496,0.9438943894389439
untouched,cdf,elastic_transform,2,common,pooled,0.49102223093596487,0.4878046933133221,0.9445544554455445
untouched,cdf,elastic_transform,3,common,pooled,0.4934898539358886,0.48790005080891385,0.9396039603960396
untouched,cdf,elastic_transform,4,common,pooled,0.49901349540894685,0.48988152997147855,0.9372937293729373
untouched,cdf,elastic_transform,5,common,pooled,0.5099251707348953,0.4947111013082395,0.928052805280528
untouched,cdf,pixelate,1,common,pooled,0.49894356762408915,0.49266573404430813,0.9336633663366337
untouched,cdf,pixelate,2,common,pooled,0.511620973978586,0.4999705962235422,0.9244224422442244
untouched,cdf,pixelate,3,common,pooled,0.5590597871668355,0.5270071304765948,0.8683168316831683
untouched,cdf,pixelate,4,common,pooled,0.6657645764576458,0.6022978889956807,0.7151815181518152
untouched,cdf,pixelate,5,common,pooled,0.7365412976941258,0.662355842391076,0.6072607260726073
untouched,cdf,jpeg_compression,1,common,pooled,0.5174470912437779,0.5026301001799658,0.9227722772277228
untouched,cdf,jpeg_compression,2,common,pooled,0.5211420448975591,0.5011090995166709,0.9066006600660066
untouched,cdf,jpeg_compression,3,common,pooled,0.525013233996667,0.5013496552730945,0.8966996699669967
untouched,cdf,jpeg_compression,4,common,pooled,0.5419457787362895,0.5084319084121472,0.8729372937293729
untouched,cdf,jpeg_compression,5,common,pooled,0.5747934298380333,0.5274891398683516,0.8194719471947195
untouched,cdf,speckle_noise,1,extra,pooled,0.7417493927610583,0.6808595777068761,0.6174917491749174
untouched,cdf,speckle_noise,2,extra,pooled,0.8359146706749883,0.7845891030479739,0.45907590759075906
untouched,cdf,speckle_noise,3,extra,pooled,0.9634174209500158,0.9493251464103658,0.15082508250825083
untouched,cdf,speckle_noise,4,extra,pooled,0.9847633674258515,0.9796350109539061,0.06699669966996699
untouched,cdf,speckle_noise,5,extra,pooled,0.994627106274984,0.9935318837239149,0.02277227722772277
untouched,cdf,gaussian_blur,1,extra,pooled,0.6823283120391247,0.6199379415902382,0.6933993399339934
untouched,cdf,gaussian_blur,2,extra,pooled,0.8816004966833317,0.8114463456950981,0.2861386138613861
untouched,cdf,gaussian_blur,3,extra,pooled,0.9408502434401856,0.8889456082931241,0.13498349834983497
untouched,cdf,gaussian_blur,4,extra,pooled,0.9630393534402946,0.9220368982423328,0.08712871287128712
untouched,cdf,gaussian_blur,5,extra,pooled,0.9793921075275844,0.9491160895544408,0.043894389438943894
untouched,cdf,spatter,1,extra,pooled,0.4831758324347286,0.4840480793229114,0.9501650165016502
untouched,cdf,spatter,2,extra,pooled,0.5468707860885098,0.5065391488893976,0.8316831683168316
untouched,cdf,spatter,3,extra,pooled,0.7087545883301202,0.6198788859056741,0.5848184818481849
untouched,cdf,spatter,4,extra,pooled,0.8014493132481565,0.7537266932245887,0.5079207920792079
untouched,cdf,spatter,5,extra,pooled,0.8739883889379036,0.8377825209354758,0.3735973597359736
untouched,cdf,saturate,1,extra,pooled,0.5060984761842521,0.4988211334390707,0.928052805280528
untouched,cdf,saturate,2,extra,pooled,0.539838087769173,0.5186845597320889,0.8976897689768977
untouched,cdf,saturate,3,extra,pooled,0.6160744044701499,0.5939337706312041,0.8795379537953796
untouched,cdf,saturate,4,extra,pooled,0.8150594168327724,0.7725545780434379,0.5372937293729373
untouched,cdf,saturate,5,extra,pooled,0.9196800967225436,0.8927889053352414,0.2495049504950495
untouched,cdf_sum,gaussian_noise,1,common,pooled,0.7531873781437549,0.6742531275275289,0.5547854785478548
untouched,cdf_sum,gaussian_noise,2,common,pooled,0.8978296245466131,0.8362412194428771,0.262046204620462
untouched,cdf_sum,gaussian_noise,3,common,pooled,0.9789743924887538,0.9566905833408814,0.055445544554455446
untouched,cdf_sum,gaussian_noise,4,common,pooled,0.996463963228006,0.9928291294336418,0.00957095709570957
untouched,cdf_sum,gaussian_noise,5,common,pooled,0.9998384689954144,0.9998130148642437,0.0009900990099009901
untouched,cdf_sum,shot_noise,1,common,pooled,0.7526916751081049,0.6875176459148069,0.5887788778877888
untouched,cdf_sum,shot_noise,2,common,pooled,0.902858325436504,0.8582232605683195,0.2854785478547855
untouched,cdf_sum,shot_noise,3,common,pooled,0.9755177596967618,0.9599353688560449,0.0801980198019802
untouched,cdf_sum,shot_noise,4,common,pooled,0.9975443583962357,0.9965485433985071,0.009900990099009901
untouched,cdf_sum,shot_noise,5,common,pooled,0.9996784628957945,0.9996596612075218,0.0009900990099009901
untouched,cdf_sum,impulse_noise,1,common,pooled,0.8471864414164189,0.7746009458162605,0.37623762376237624
untouched,cdf_sum,impulse_noise,2,common,pooled,0.9561437331851997,0.9205387742581467,0.11848184818481848
untouched,cdf_sum,impulse_noise,3,common,pooled,0.9844737444041434,0.9679532455757432,0.038943894389438946
untouched,cdf_sum,impulse_noise,4,common,pooled,0.9980150094217343,0.9961152306288794,0.005280528052805281
untouched,cdf_sum,impulse_noise,5,common,pooled,0.99987866113344,0.9998638085353849,0.0006600660066006601
untouched,cdf_sum,defocus_blur,1,common,pooled,0.766134910520755,0.6976196808592854,0.5468646864686468
untouched,cdf_sum,defocus_blur,2,common,pooled,0.8307797710464115,0.7616679806105895,0.41254125412541254
untouched,cdf_sum,defocus_blur,3,common,pooled,0.8926148852509014,0.8327418204883918,0.2778877887788779
untouched,cdf_sum,defocus_blur,4,common,pooled,0.9251083227134594,0.8740838721694522,0.19075907590759075
untouched,cdf_sum,defocus_blur,5,common,pooled,0.9460425448485442,0.9027699870033249,0.14158415841584157
untouched,cdf_sum,glass_blur,1,common,pooled,0.6465101460641114,0.5989730128624019,0.7696369636963697
untouched,cdf_sum,glass_blur,2,common,pooled,0.7322935659902624,0.6678089386950545,0.6194719471947194
untouched,cdf_sum,glass_blur,3,common,pooled,0.7935643564356436,0.7228180487931917,0.49207920792079207
untouched,cdf_sum,glass_blur,4,common,pooled,0.8347412563038482,0.7658281191025644,0.41287128712871285
untouched,cdf_sum,glass_blur,5,common,pooled,0.905199381324271,0.8482408948255322,0.25544554455445545
untouched,cdf_sum,motion_blur,1,common,pooled,0.6245188380224161,0.582010989400683,0.8023102310231023
untouched,cdf_sum,motion_blur,2,common,pooled,0.7013061900249431,0.6430939642784117,0.6937293729372938
untouched,cdf_sum,motion_blur,3,common,pooled,0.7741815072596369,0.7068167670517127,0.5531353135313531
untouched,cdf_sum,motion_blur,4,common,pooled,0.8348482174950168,0.7669428953601812,0.41815181518151817
untouched,cdf_sum,motion_blur,5,common,pooled,0.8678167173152959,0.8025823555841627,0.34026402640264025
untouched,cdf_sum,zoom_blur,1,common,pooled,0.7436181637965776,0.6831701839367142,0.6303630363036303
untouched,cdf_sum,zoom_blur,2,common,pooled,0.7962209042686447,0.7294674206971696,0.5069306930693069
untouched,cdf_sum,zoom_blur,3,common,pooled,0.799516169438726,0.7308493918216655,0.4904290429042904
untouched,cdf_sum,zoom_blur,4,common,pooled,0.8329765055713492,0.7640583799953173,0.41815181518151817
untouched,cdf_sum,zoom_blur,5,common,pooled,0.8373808667995513,0.7676279707949627,0.4046204620462046
untouched,cdf_sum,snow,1,common,pooled,0.6589009792068315,0.6009506567113999,0.7273927392739274
untouched,cdf_sum,snow,2,common,pooled,0.8471266433574051,0.7760322749538439,0.368976897689769
untouched,cdf_sum,snow,3,common,pooled,0.8082744066485856,0.7299127327593604,0.44356435643564357
untouched,cdf_sum,snow,4,common,pooled,0.8697665806184579,0.796190035316006,0.3079207920792079
untouched,cdf_sum,snow,5,common,pooled,0.8880067313662059,0.8268197120290117,0.2765676567656766
untouched,cdf_sum,frost,1,common,pooled,0.6448656994412313,0.604729081370183,0.7930693069306931
untouched,cdf_sum,frost,2,common,pooled,0.7322900804931979,0.6638911847631151,0.6052805280528053
untouched,cdf_sum,frost,3,common,pooled,0.7857351675761636,0.710519821887,0.4887788778877888
untouched,cdf_sum,frost,4,common,pooled,0.7827996165953229,0.7039494325958362,0.4874587458745875
untouched,cdf_sum,frost,5,common,pooled,0.8107904453811717,0.7301274239897974,0.4392739273927393
untouched,cdf_sum,fog,1,common,pooled,0.7298067727564835,0.6697573601075804,0.6570957095709571
untouched,cdf_sum,fog,2,common,pooled,0.7838878541319478,0.7196274853525403,0.5438943894389439
untouched,cdf_sum,fog,3,common,pooled,0.8167837575836792,0.7521658311683672,0.47425742574257423
untouched,cdf_sum,fog,4,common,pooled,0.8091687634109945,0.7419153971990886,0.4858085808580858
untouched,cdf_sum,fog,5,common,pooled,0.8299569758956094,0.7592406793318367,0.4389438943894389
untouched,cdf_sum,brightness,1,common,pooled,0.5315263209489266,0.5275128445196432,0.9303630363036304
untouched,cdf_sum,brightness,2,common,pooled,0.597313988824625,0.5800863044210818,0.8877887788778878
untouched,cdf_sum,brightness,3,common,pooled,0.6747007374004728,0.6441890581274352,0.7943894389438944
untouched,cdf_sum,brightness,4,common,pooled,0.7538535437702186,0.7139862102938782,0.6702970297029703
untouched,cdf_sum,brightness,5,common,pooled,0.8200135063011251,0.7770794590806825,0.5108910891089109
untouched,cdf_sum,contrast,1,common,pooled,0.7844598024158852,0.734138800341238,0.5742574257425742
untouched,cdf_sum,contrast,2,common,pooled,0.8638302345085994,0.815912917879869,0.3844884488448845
untouched,cdf_sum,contrast,3,common,pooled,0.9306021196179024,0.8943821272098422,0.200990099009901
untouched,cdf_sum,contrast,4,common,pooled,0.9777752725767627,0.9593904301959224,0.06435643564356436
untouched,cdf_sum,contrast,5,common,pooled,0.9924168654489212,0.9847987988693041,0.018151815181518153
untouched,cdf_sum,elastic_transform,1,common,pooled,0.4936876558943023,0.4927389708798038,0.9468646864686469
untouched,cdf_sum,elastic_transform,2,common,pooled,0.4957260181463691,0.49305858720013096,0.9468646864686469
untouched,cdf_sum,elastic_transform,3,common,pooled,0.5043533858336329,0.49722987329778495,0.9379537953795379
untouched,cdf_sum,elastic_transform,4,common,pooled,0.5171863869555272,0.504302126186101,0.929042904290429
untouched,cdf_sum,elastic_transform,5,common,pooled,0.5405582241392456,0.5182249896618875,0.9151815181518151
untouched,cdf_sum,pixelate,1,common,pooled,0.49629502554215815,0.4934468101342382,0.9346534653465347
untouched,cdf_sum,pixelate,2,common,pooled,0.506000501040203,0.4987557597011813,0.9273927392739274
untouched,cdf_sum,pixelate,3,common,pooled,0.5475218115870993,0.5229968569125187,0.8834983498349835
untouched,cdf_sum,pixelate,4,common,pooled,0.6638728229258569,0.6103424488447751,0.7537953795379538
untouched,cdf_sum,pixelate,5,common,pooled,0.7612911588188522,0.7001828519474533,0.6085808580858085
untouched,cdf_sum,jpeg_compression,1,common,pooled,0.5107374004727205,0.5004974862354415,0.9283828382838284
untouched,cdf_sum,jpeg_compression,2,common,pooled,0.5119454519709397,0.49698697701950756,0.9194719471947195
untouched,cdf_sum,jpeg_compression,3,common,pooled,0.5139049003910292,0.4959850379986034,0.9128712871287129
untouched,cdf_sum,jpeg_compression,4,common,pooled,0.527320088444488,0.4997526555028539,0.8910891089108911
untouched,cdf_sum,jpeg_compression,5,common,pooled,0.5626340554847564,0.5199256993705184,0.8409240924092409
untouched,cdf_sum,speckle_noise,1,extra,pooled,0.6762803211014171,0.6275274335847407,0.7458745874587459
untouched,cdf_sum,speckle_noise,2,extra,pooled,0.7668256924702371,0.7174498666260699,0.6108910891089109
untouched,cdf_sum,speckle_noise,3,extra,pooled,0.9319099434695944,0.9132231405449684,0.27623762376237626
untouched,cdf_sum,speckle_noise,4,extra,pooled,0.970276116720583,0.9631790837443915,0.13597359735973596
untouched,cdf_sum,speckle_noise,5,extra,pooled,0.9895455783202083,0.9880574898042442,0.04554455445544554
untouched,cdf_sum,gaussian_blur,1,extra,pooled,0.646720147262251,0.5969551752968489,0.7580858085808581
untouched,cdf_sum,gaussian_blur,2,extra,pooled,0.8260206515701075,0.755104069919863,0.42112211221122114
untouched,cdf_sum,gaussian_blur,3,extra,pooled,0.8952592883050682,0.8346093230870892,0.2722772277227723
untouched,cdf_sum,gaussian_blur,4,extra,pooled,0.9282504983171584,0.8773105161081677,0.18151815181518152
untouched,cdf_sum,gaussian_blur,5,extra,pooled,0.9593269723011905,0.9216872080307473,0.10825082508250825
untouched,cdf_sum,spatter,1,extra,pooled,0.4852603775229008,0.4857928318099959,0.9501650165016502
untouched,cdf_sum,spatter,2,extra,pooled,0.5252829243320372,0.4980972011529917,0.8907590759075907
untouched,cdf_sum,spatter,3,extra,pooled,0.6532685248722893,0.5845116128006966,0.7231023102310231
untouched,cdf_sum,spatter,4,extra,pooled,0.7547009552440392,0.7161783268937297,0.633003300330033
untouched,cdf_sum,spatter,5,extra,pooled,0.8300065353069961,0.7935745231642352,0.4726072607260726
untouched,cdf_sum,saturate,1,extra,pooled,0.501350956877866,0.49807937716671646,0.933003300330033
untouched,cdf_sum,saturate,2,extra,pooled,0.5229942053611302,0.5111916664861267,0.9155115511551155
untouched,cdf_sum,saturate,3,extra,pooled,0.5922235837445131,0.5731563555758431,0.8950495049504951
untouched,cdf_sum,saturate,4,extra,pooled,0.7628167173152959,0.7210819601870347,0.6471947194719472
untouched,cdf_sum,saturate,5,extra,pooled,0.8734417105076844,0.8416424849685886,0.3904290429042904
held_out,two_axis,gaussian_noise,1,common,pooled,0.94464453125,0.8980575917783304,0.14645833333333333
held_out,two_axis,gaussian_noise,2,common,pooled,0.9821397569444444,0.9636989892901671,0.04083333333333333
held_out,two_axis,gaussian_noise,3,common,pooled,0.9978592447916667,0.9936949190663144,0.005
held_out,two_axis,gaussian_noise,4,common,pooled,0.9993900607638889,0.9966420235939216,0.000625
held_out,two_axis,gaussian_noise,5,common,pooled,0.9996639322916666,0.9991233173792783,0.0004166666666666667
held_out,two_axis,shot_noise,1,common,pooled,0.9272103298611111,0.8905079411598381,0.23604166666666668
held_out,two_axis,shot_noise,2,common,pooled,0.9751782118055555,0.9654882010239783,0.08645833333333333
held_out,two_axis,shot_noise,3,common,pooled,0.9948483940972223,0.9915226870161752,0.018541666666666668
held_out,two_axis,shot_noise,4,common,pooled,0.9991536024305555,0.9975728346201167,0.0008333333333333334
held_out,two_axis,shot_noise,5,common,pooled,0.9997301215277777,0.9996665721801203,0.000625
held_out,two_axis,impulse_noise,1,common,pooled,0.9772957899305555,0.9566950578365211,0.05395833333333333
held_out,two_axis,impulse_noise,2,common,pooled,0.9957411024305556,0.9902491132009558,0.011458333333333333
held_out,two_axis,impulse_noise,3,common,pooled,0.9988181423611111,0.9953965691851685,0.0027083333333333334
held_out,two_axis,impulse_noise,4,common,pooled,0.9994602430555556,0.9974433439513848,0.000625
held_out,two_axis,impulse_noise,5,common,pooled,0.9997134982638889,0.9994450425517472,0.0004166666666666667
held_out,two_axis,defocus_blur,1,common,pooled,0.9196477864583333,0.8673564640187013,0.21645833333333334
held_out,two_axis,defocus_blur,2,common,pooled,0.9585887586805556,0.9221267058528431,0.10645833333333334
held_out,two_axis,defocus_blur,3,common,pooled,0.9817276909722222,0.9599472347212135,0.04125
held_out,two_axis,defocus_blur,4,common,pooled,0.9890620225694444,0.9735925010413216,0.023958333333333335
held_out,two_axis,defocus_blur,5,common,pooled,0.9928876302083334,0.9810475696630772,0.014791666666666667
held_out,two_axis,glass_blur,1,common,pooled,0.8092664496527778,0.7386033405308483,0.486875
held_out,two_axis,glass_blur,2,common,pooled,0.8848596788194445,0.8241098983448449,0.30270833333333336
held_out,two_axis,glass_blur,3,common,pooled,0.9019452256944445,0.8439035319889849,0.26145833333333335
held_out,two_axis,glass_blur,4,common,pooled,0.9343804253472222,0.8863822530756761,0.17229166666666668
held_out,two_axis,glass_blur,5,common,pooled,0.9732962673611111,0.9447115858990451,0.061875
held_out,two_axis,motion_blur,1,common,pooled,0.7619606770833334,0.692307853878961,0.6039583333333334
held_out,two_axis,motion_blur,2,common,pooled,0.852450390625,0.7873579908176748,0.395625
held_out,two_axis,motion_blur,3,common,pooled,0.9156121961805556,0.8637601972018245,0.24083333333333334
held_out,two_axis,motion_blur,4,common,pooled,0.9504291232638888,0.910741224146607,0.13645833333333332
held_out,two_axis,motion_blur,5,common,pooled,0.9633470052083334,0.9301297379889104,0.10208333333333333
held_out,two_axis,zoom_blur,1,common,pooled,0.8990088541666666,0.843658033486835,0.274375
held_out,two_axis,zoom_blur,2,common,pooled,0.927119921875,0.880154907920133,0.201875
held_out,two_axis,zoom_blur,3,common,pooled,0.930415625,0.8816742259972126,0.1825
held_out,two_axis,zoom_blur,4,common,pooled,0.9430810329861111,0.899183062674945,0.1475
held_out,two_axis,zoom_blur,5,common,pooled,0.9450840711805556,0.8999789309792836,0.1375
held_out,two_axis,snow,1,common,pooled,0.8147088107638889,0.733500440299365,0.5097916666666666
held_out,two_axis,snow,2,common,pooled,0.9005199652777778,0.8456164158651763,0.331875
held_out,two_axis,snow,3,common,pooled,0.86533125,0.7962781304558331,0.41770833333333335
held_out,two_axis,snow,4,common,pooled,0.8763708767361111,0.8137586765234373,0.3904166666666667
held_out,two_axis,snow,5,common,pooled,0.8852309895833333,0.8271393024099356,0.3416666666666667
held_out,two_axis,frost,1,common,pooled,0.7044215711805556,0.6343428673906906,0.7147916666666667
held_out,two_axis,frost,2,common,pooled,0.8439201388888888,0.7620843992295279,0.41583333333333333
held_out,two_axis,frost,3,common,pooled,0.8953408420138889,0.8182703714979236,0.2810416666666667
held_out,two_axis,frost,4,common,pooled,0.9036379774305555,0.829426399053475,0.2660416666666667
held_out,two_axis,frost,5,common,pooled,0.9238054253472222,0.8540274750193542,0.201875
held_out,two_axis,fog,1,common,pooled,0.8905020399305555,0.8557583342987117,0.36083333333333334
held_out,two_axis,fog,2,common,pooled,0.9325681423611111,0.9045412161863673,0.241875
held_out,two_axis,fog,3,common,pooled,0.953026953125,0.9286532198032349,0.16958333333333334
held_out,two_axis,fog,4,common,pooled,0.9489934461805556,0.9214791146331676,0.18270833333333333
held_out,two_axis,fog,5,common,pooled,0.9598717447916667,0.9322858208044771,0.13229166666666667
held_out,two_axis,brightness,1,common,pooled,0.5223698350694445,0.5175786677239912,0.9391666666666667
held_out,two_axis,brightness,2,common,pooled,0.5574950086805556,0.5470764200923317,0.9189583333333333
held_out,two_axis,brightness,3,common,pooled,0.5917739583333333,0.5780607164006482,0.8820833333333333
held_out,two_axis,brightness,4,common,pooled,0.6305958333333334,0.6139728298756746,0.839375
held_out,two_axis,brightness,5,common,pooled,0.6689685329861111,0.6518051667264956,0.7866666666666666
held_out,two_axis,contrast,1,common,pooled,0.9057307725694445,0.872091058913216,0.3127083333333333
held_out,two_axis,contrast,2,common,pooled,0.9599314236111111,0.9383078296121146,0.14791666666666667
held_out,two_axis,contrast,3,common,pooled,0.9873553819444445,0.9760699228474361,0.03979166666666667
held_out,two_axis,contrast,4,common,pooled,0.9972475694444445,0.9922438535378959,0.0075
held_out,two_axis,contrast,5,common,pooled,0.999062890625,0.9952837063658538,0.001875
held_out,two_axis,elastic_transform,1,common,pooled,0.5440897135416667,0.5173189413415002,0.90625
held_out,two_axis,elastic_transform,2,common,pooled,0.5354267795138888,0.511588674122235,0.9125
held_out,two_axis,elastic_transform,3,common,pooled,0.5225129774305556,0.5032580779206575,0.9197916666666667
held_out,two_axis,elastic_transform,4,common,pooled,0.5139765190972222,0.4982354622892945,0.9279166666666666
held_out,two_axis,elastic_transform,5,common,pooled,0.5048521267361111,0.4926313005615372,0.9316666666666666
held_out,two_axis,pixelate,1,common,pooled,0.6067823784722223,0.5579123042225353,0.8335416666666666
held_out,two_axis,pixelate,2,common,pooled,0.624589453125,0.5711523054211306,0.8127083333333334
held_out,two_axis,pixelate,3,common,pooled,0.6689044704861111,0.6074749516051772,0.7460416666666667
held_out,two_axis,pixelate,4,common,pooled,0.7289564236111111,0.6662836206420508,0.6564583333333334
held_out,two_axis,pixelate,5,common,pooled,0.74284296875,0.6798597678310787,0.624375
held_out,two_axis,jpeg_compression,1,common,pooled,0.5646912760416667,0.5202243803504254,0.861875
held_out,two_axis,jpeg_compression,2,common,pooled,0.5873606336805556,0.5327014979511091,0.8314583333333333
held_out,two_axis,jpeg_compression,3,common,pooled,0.6015309461805556,0.5410136258367289,0.813125
held_out,two_axis,jpeg_compression,4,common,pooled,0.6157911458333334,0.550283969735246,0.7935416666666667
held_out,two_axis,jpeg_compression,5,common,pooled,0.6109192274305556,0.5519213506426978,0.7997916666666667
held_out,two_axis,speckle_noise,1,extra,pooled,0.8693950520833333,0.8318393435225394,0.4525
held_out,two_axis,speckle_noise,2,extra,pooled,0.9092211805555556,0.889098314317945,0.35125
held_out,two_axis,speckle_noise,3,extra,pooled,0.9705528211805555,0.970532636290894,0.16020833333333334
held_out,two_axis,speckle_noise,4,extra,pooled,0.9864266059027778,0.9858376286359323,0.050833333333333335
held_out,two_axis,speckle_noise,5,extra,pooled,0.9946303819444444,0.9944781225853914,0.009375
held_out,two_axis,gaussian_blur,1,extra,pooled,0.7890863715277778,0.7194631451600496,0.5358333333333334
held_out,two_axis,gaussian_blur,2,extra,pooled,0.9516583767361111,0.9123153141557254,0.12708333333333333
held_out,two_axis,gaussian_blur,3,extra,pooled,0.9814740451388889,0.9596420519760239,0.042916666666666665
held_out,two_axis,gaussian_blur,4,extra,pooled,0.98982578125,0.9753130444906489,0.023125
held_out,two_axis,gaussian_blur,5,extra,pooled,0.9952189236111111,0.9862648511853072,0.009583333333333333
held_out,two_axis,spatter,1,extra,pooled,0.5002564670138889,0.49554454232754475,0.945625
held_out,two_axis,spatter,2,extra,pooled,0.7232944444444445,0.6316715917253483,0.6410416666666666
held_out,two_axis,spatter,3,extra,pooled,0.8924778645833333,0.8216888403715807,0.28791666666666665
held_out,two_axis,spatter,4,extra,pooled,0.8823713975694445,0.8687938268818107,0.42625
held_out,two_axis,spatter,5,extra,pooled,0.9307169704861111,0.9236674032624768,0.29104166666666664
held_out,two_axis,saturate,1,extra,pooled,0.5627550998263889,0.5358082952117502,0.8858333333333334
held_out,two_axis,saturate,2,extra,pooled,0.5996448567708333,0.5613039808496005,0.848125
held_out,two_axis,saturate,3,extra,pooled,0.5220716796875,0.537757590418513,0.9516666666666667
held_out,two_axis,saturate,4,extra,pooled,0.6570040798611111,0.6699864770093382,0.8775
held_out,two_axis,saturate,5,extra,pooled,0.7601391059027778,0.7922085227293143,0.823125
held_out,peak_share,gaussian_noise,1,common,pooled,0.8976993055555555,0.8282505003947129,0.2835416666666667
held_out,peak_share,gaussian_noise,2,common,pooled,0.9442770833333334,0.8871908650884528,0.14458333333333334
held_out,peak_share,gaussian_noise,3,common,pooled,0.9631571614583333,0.9105355397731918,0.07729166666666666
held_out,peak_share,gaussian_noise,4,common,pooled,0.9683621527777778,0.9116879109269672,0.05520833333333333
held_out,peak_share,gaussian_noise,5,common,pooled,0.9663133246527777,0.8985309042935781,0.05125
held_out,peak_share,shot_noise,1,common,pooled,0.8705809895833333,0.8060504825745816,0.38416666666666666
held_out,peak_share,shot_noise,2,common,pooled,0.9204884982638889,0.8623584083540542,0.22854166666666667
held_out,peak_share,shot_noise,3,common,pooled,0.9396922743055556,0.8820371561981641,0.16229166666666667
held_out,peak_share,shot_noise,4,common,pooled,0.9428593315972222,0.8750950529349468,0.14125
held_out,peak_share,shot_noise,5,common,pooled,0.932643359375,0.8501074376929436,0.14833333333333334
held_out,peak_share,impulse_noise,1,common,pooled,0.9233692708333333,0.848081150855973,0.19
held_out,peak_share,impulse_noise,2,common,pooled,0.9538994791666666,0.8930382288056437,0.10270833333333333
held_out,peak_share,impulse_noise,3,common,pooled,0.9628490451388889,0.9061652201749967,0.07375
held_out,peak_share,impulse_noise,4,common,pooled,0.9673862847222222,0.9077321359595207,0.055
held_out,peak_share,impulse_noise,5,common,pooled,0.9640533854166666,0.8948445919322282,0.054375
held_out,peak_share,defocus_blur,1,common,pooled,0.8591619357638889,0.772659311841088,0.33270833333333333
held_out,peak_share,defocus_blur,2,common,pooled,0.9194828559027778,0.8495198154140268,0.1825
held_out,peak_share,defocus_blur,3,common,pooled,0.9616907986111111,0.9152517290202484,0.078125
held_out,peak_share,defocus_blur,4,common,pooled,0.9764602864583334,0.9430241226199235,0.04645833333333333
held_out,peak_share,defocus_blur,5,common,pooled,0.9837526475694445,0.9588516590332855,0.02875
held_out,peak_share,glass_blur,1,common,pooled,0.6958401909722223,0.6166729564984058,0.67625
held_out,peak_share,glass_blur,2,common,pooled,0.7900975260416667,0.697758944358421,0.49041666666666667
held_out,peak_share,glass_blur,3,common,pooled,0.8042659288194445,0.7103641456971693,0.445625
held_out,peak_share,glass_blur,4,common,pooled,0.8528552951388889,0.7611425591132427,0.325625
held_out,peak_share,glass_blur,5,common,pooled,0.9364263020833333,0.8726354027796319,0.13625
held_out,peak_share,motion_blur,1,common,pooled,0.6700379774305556,0.6001702395847948,0.7233333333333334
held_out,peak_share,motion_blur,2,common,pooled,0.7615598090277778,0.675890565099982,0.556875
held_out,peak_share,motion_blur,3,common,pooled,0.8374684895833333,0.7513625445439265,0.3902083333333333
held_out,peak_share,motion_blur,4,common,pooled,0.8907819444444445,0.8137783845757294,0.261875
held_out,peak_share,motion_blur,5,common,pooled,0.9141197048611112,0.8442083995602749,0.20625
held_out,peak_share,zoom_blur,1,common,pooled,0.7994624131944444,0.7100453737812942,0.4639583333333333
held_out,peak_share,zoom_blur,2,common,pooled,0.8444178819444444,0.7575377213836225,0.3566666666666667
held_out,peak_share,zoom_blur,3,common,pooled,0.8520657552083334,0.7627760212748836,0.33791666666666664
held_out,peak_share,zoom_blur,4,common,pooled,0.8747611979166666,0.789933012654547,0.27520833333333333
held_out,peak_share,zoom_blur,5,common,pooled,0.879506640625,0.7934395998256714,0.2652083333333333
held_out,peak_share,snow,1,common,pooled,0.7434334201388889,0.6456279893959119,0.5802083333333333
held_out,peak_share,snow,2,common,pooled,0.8831835503472222,0.8031250961205137,0.295
held_out,peak_share,snow,3,common,pooled,0.83480390625,0.7376303009459051,0.3904166666666667
held_out,peak_share,snow,4,common,pooled,0.8623408420138889,0.7706853334642308,0.32104166666666667
held_out,peak_share,snow,5,common,pooled,0.8915543836805555,0.8170756166919804,0.25708333333333333
held_out,peak_share,frost,1,common,pooled,0.6466759548611111,0.5780596165009521,0.7572916666666667
held_out,peak_share,frost,2,common,pooled,0.7903084201388889,0.6915503531269213,0.49541666666666667
held_out,peak_share,frost,3,common,pooled,0.85259609375,0.7508255359522316,0.34125
held_out,peak_share,frost,4,common,pooled,0.8584348090277778,0.7581833837516216,0.331875
held_out,peak_share,frost,5,common,pooled,0.8840118923611111,0.7865572379600679,0.25104166666666666
held_out,peak_share,fog,1,common,pooled,0.7033396701388889,0.6346672734683096,0.6622916666666666
held_out,peak_share,fog,2,common,pooled,0.7630788628472223,0.6869602925137888,0.5670833333333334
held_out,peak_share,fog,3,common,pooled,0.8037269965277778,0.7241095300473142,0.4764583333333333
held_out,peak_share,fog,4,common,pooled,0.7963451388888889,0.7093825119329327,0.48083333333333333
held_out,peak_share,fog,5,common,pooled,0.828303125,0.7359770774617757,0.40166666666666667
held_out,peak_share,brightness,1,common,pooled,0.5195573784722223,0.5094546649421767,0.9345833333333333
held_out,peak_share,brightness,2,common,pooled,0.5584034722222222,0.5342508026370528,0.895625
held_out,peak_share,brightness,3,common,pooled,0.6050694010416666,0.5678699283818086,0.8275
held_out,peak_share,brightness,4,common,pooled,0.6562222222222223,0.6081716373301584,0.7435416666666667
held_out,peak_share,brightness,5,common,pooled,0.7045481336805556,0.65032558963078,0.666875
held_out,peak_share,contrast,1,common,pooled,0.74329140625,0.6792040743727089,0.6179166666666667
held_out,peak_share,contrast,2,common,pooled,0.8334770833333334,0.769710102961465,0.4347916666666667
held_out,peak_share,contrast,3,common,pooled,0.9180250868055555,0.8733452398117029,0.22145833333333334
held_out,peak_share,contrast,4,common,pooled,0.9797986545138889,0.9651998928417216,0.06041666666666667
held_out,peak_share,contrast,5,common,pooled,0.9961135416666667,0.9919294786124895,0.013541666666666667
held_out,peak_share,elastic_transform,1,common,pooled,0.48818294270833335,0.485576366003739,0.9522916666666666
held_out,peak_share,elastic_transform,2,common,pooled,0.47999205729166666,0.4812796922581757,0.9552083333333333
held_out,peak_share,elastic_transform,3,common,pooled,0.4685846354166667,0.47547943384063895,0.9635416666666666
held_out,peak_share,elastic_transform,4,common,pooled,0.4628231770833333,0.4725424456069015,0.9654166666666667
held_out,peak_share,elastic_transform,5,common,pooled,0.4554319878472222,0.46867359152860466,0.9654166666666667
held_out,peak_share,pixelate,1,common,pooled,0.5120702256944445,0.49524744218772976,0.9245833333333333
held_out,peak_share,pixelate,2,common,pooled,0.5242403211805555,0.5016060703929348,0.9139583333333333
held_out,peak_share,pixelate,3,common,pooled,0.5505185763888889,0.5153643075069766,0.879375
held_out,peak_share,pixelate,4,common,pooled,0.6211294270833333,0.560639119977675,0.7670833333333333
held_out,peak_share,pixelate,5,common,pooled,0.6590239583333334,0.5889772180359601,0.7047916666666667
held_out,peak_share,jpeg_compression,1,common,pooled,0.508984375,0.48774617138090204,0.9
held_out,peak_share,jpeg_compression,2,common,pooled,0.5201508680555555,0.4904391384862232,0.8789583333333333
held_out,peak_share,jpeg_compression,3,common,pooled,0.5278873697916666,0.4932881771642208,0.86375
held_out,peak_share,jpeg_compression,4,common,pooled,0.5478538194444444,0.5033873796304198,0.818125
held_out,peak_share,jpeg_compression,5,common,pooled,0.5741990885416667,0.5234695007031425,0.7758333333333334
held_out,peak_share,speckle_noise,1,extra,pooled,0.7952156684027778,0.7353683128881848,0.6058333333333333
held_out,peak_share,speckle_noise,2,extra,pooled,0.83415390625,0.7752915454344992,0.5235416666666667
held_out,peak_share,speckle_noise,3,extra,pooled,0.8681900607638889,0.808104033647194,0.4552083333333333
held_out,peak_share,speckle_noise,4,extra,pooled,0.8661969618055556,0.8010099768284048,0.465
held_out,peak_share,speckle_noise,5,extra,pooled,0.8535644097222223,0.7745240052304846,0.44333333333333336
held_out,peak_share,gaussian_blur,1,extra,pooled,0.6963188802083333,0.6197236343642584,0.6814583333333334
held_out,peak_share,gaussian_blur,2,extra,pooled,0.9086236545138889,0.835574929984316,0.2125
held_out,peak_share,gaussian_blur,3,extra,pooled,0.96111015625,0.9144074071593503,0.08166666666666667
held_out,peak_share,gaussian_blur,4,extra,pooled,0.9773662760416667,0.9448638236240261,0.04479166666666667
held_out,peak_share,gaussian_blur,5,extra,pooled,0.9882706163194445,0.969405042368336,0.021041666666666667
held_out,peak_share,spatter,1,extra,pooled,0.466086328125,0.4694333020405195,0.9547916666666667
held_out,peak_share,spatter,2,extra,pooled,0.56591171875,0.49903725442684355,0.785
held_out,peak_share,spatter,3,extra,pooled,0.7927171875,0.6893754449916034,0.50625
held_out,peak_share,spatter,4,extra,pooled,0.6322680555555555,0.5484390977449267,0.7495833333333334
held_out,peak_share,spatter,5,extra,pooled,0.6939927083333334,0.6019959994597042,0.680625
held_out,peak_share,saturate,1,extra,pooled,0.5171666883680556,0.5048154238154277,0.925625
held_out,peak_share,saturate,2,extra,pooled,0.5379939453125,0.5152060116343089,0.900625
held_out,peak_share,saturate,3,extra,pooled,0.5629488932291666,0.5481212046344051,0.9027083333333333
held_out,peak_share,saturate,4,extra,pooled,0.6967728732638889,0.6592584004579248,0.715
held_out,peak_share,saturate,5,extra,pooled,0.8349151041666667,0.8191197477067678,0.518125
held_out,level,gaussian_noise,1,common,pooled,0.8912944444444444,0.8169127708104996,0.24020833333333333
held_out,level,gaussian_noise,2,common,pooled,0.9794868923611111,0.9608377937515679,0.05479166666666667
held_out,level,gaussian_noise,3,common,pooled,0.997887890625,0.9937245853408806,0.004791666666666666
held_out,level,gaussian_noise,4,common,pooled,0.9993900607638889,0.9966420235939216,0.000625
held_out,level,gaussian_noise,5,common,pooled,0.9996639322916666,0.9991233173792783,0.0004166666666666667
held_out,level,shot_noise,1,common,pooled,0.8821658854166666,0.8353888309532436,0.35770833333333335
held_out,level,shot_noise,2,common,pooled,0.9743457899305555,0.9645639533848839,0.110625
held_out,level,shot_noise,3,common,pooled,0.9954056857638889,0.9919354355681195,0.0175
held_out,level,shot_noise,4,common,pooled,0.9992264322916666,0.9976299578108114,0.0008333333333333334
held_out,level,shot_noise,5,common,pooled,0.9997415364583333,0.9996766187024452,0.000625
held_out,level,impulse_noise,1,common,pooled,0.9719118489583334,0.9514587763886507,0.08229166666666667
held_out,level,impulse_noise,2,common,pooled,0.9958503472222222,0.9903820832756369,0.01125
held_out,level,impulse_noise,3,common,pooled,0.9988212239583333,0.9953996284779464,0.0027083333333333334
held_out,level,impulse_noise,4,common,pooled,0.9994602430555556,0.9974433439513848,0.000625
held_out,level,impulse_noise,5,common,pooled,0.9997134982638889,0.9994450425517472,0.0004166666666666667
held_out,level,defocus_blur,1,common,pooled,0.9027402777777778,0.8505533991635035,0.275625
held_out,level,defocus_blur,2,common,pooled,0.9473512152777778,0.9104428220030355,0.15270833333333333
held_out,level,defocus_blur,3,common,pooled,0.9757473090277777,0.9531728544264015,0.07020833333333333
held_out,level,defocus_blur,4,common,pooled,0.9853926649305556,0.9689791980290987,0.03958333333333333
held_out,level,defocus_blur,5,common,pooled,0.9903857204861111,0.9776573852625711,0.025208333333333333
held_out,level,glass_blur,1,common,pooled,0.7728057725694445,0.71161133231438,0.5839583333333334
held_out,level,glass_blur,2,common,pooled,0.862827734375,0.8061904655106444,0.3933333333333333
held_out,level,glass_blur,3,common,pooled,0.8823235243055556,0.8290866587156452,0.35083333333333333
held_out,level,glass_blur,4,common,pooled,0.9201317708333333,0.8749954806450133,0.24125
held_out,level,glass_blur,5,common,pooled,0.9671578559027778,0.9389193978344255,0.09895833333333333
held_out,level,motion_blur,1,common,pooled,0.7340006076388889,0.6660022684109614,0.62875
held_out,level,motion_blur,2,common,pooled,0.8344700954861111,0.7677953374478681,0.434375
held_out,level,motion_blur,3,common,pooled,0.9025893663194444,0.8496656463749799,0.28229166666666666
held_out,level,motion_blur,4,common,pooled,0.9405104600694445,0.8998217137225838,0.17104166666666668
held_out,level,motion_blur,5,common,pooled,0.9561575086805556,0.9222083380709172,0.130625
held_out,level,zoom_blur,1,common,pooled,0.8831180121527777,0.8340009077420891,0.365625
held_out,level,zoom_blur,2,common,pooled,0.9152878472222222,0.8718154937613536,0.26875
held_out,level,zoom_blur,3,common,pooled,0.9044526041666666,0.8604877497493657,0.30416666666666664
held_out,level,zoom_blur,4,common,pooled,0.9206401041666666,0.8800871762333626,0.25875
held_out,level,zoom_blur,5,common,pooled,0.9144041232638889,0.872302849060519,0.2735416666666667
held_out,level,snow,1,common,pooled,0.6586220920138889,0.5765900415815526,0.6491666666666667
held_out,level,snow,2,common,pooled,0.8273352864583333,0.7329052390443258,0.36875
held_out,level,snow,3,common,pooled,0.7743240451388889,0.6781582272554758,0.4554166666666667
held_out,level,snow,4,common,pooled,0.8175887152777778,0.7262986770857671,0.38458333333333333
held_out,level,snow,5,common,pooled,0.8260706163194445,0.7242113428990526,0.336875
held_out,level,frost,1,common,pooled,0.5502549479166666,0.5027666721633992,0.8189583333333333
held_out,level,frost,2,common,pooled,0.5965416232638889,0.515559140610707,0.6922916666666666
held_out,level,frost,3,common,pooled,0.6317282986111111,0.5326286264387775,0.614375
held_out,level,frost,4,common,pooled,0.6234634982638889,0.5243624451587026,0.6164583333333333
held_out,level,frost,5,common,pooled,0.6482065538194445,0.5383356284510168,0.5695833333333333
held_out,level,fog,1,common,pooled,0.8996518663194445,0.8669020178392559,0.35875
held_out,level,fog,2,common,pooled,0.9391993055555555,0.9118643031271961,0.21833333333333332
held_out,level,fog,3,common,pooled,0.9576340711805555,0.9337404721232512,0.14833333333333334
held_out,level,fog,4,common,pooled,0.9538720052083334,0.9269518536926693,0.156875
held_out,level,fog,5,common,pooled,0.96264140625,0.9356556796754476,0.12395833333333334
held_out,level,brightness,1,common,pooled,0.5152465277777778,0.5099776410181179,0.9289583333333333
held_out,level,brightness,2,common,pooled,0.5581001736111111,0.5401431480068919,0.8847916666666666
held_out,level,brightness,3,common,pooled,0.6163717013888889,0.5829684637229129,0.8025
held_out,level,brightness,4,common,pooled,0.6819858506944444,0.6358744548195918,0.6991666666666667
held_out,level,brightness,5,common,pooled,0.7404698784722222,0.6887643935754498,0.5822916666666667
held_out,level,contrast,1,common,pooled,0.9133112413194444,0.8811881096607131,0.31416666666666665
held_out,level,contrast,2,common,pooled,0.9633881510416666,0.9421039180452537,0.130625
held_out,level,contrast,3,common,pooled,0.9877815104166666,0.9766305291938688,0.03854166666666667
held_out,level,contrast,4,common,pooled,0.9972546440972222,0.9922025396380569,0.007083333333333333
held_out,level,contrast,5,common,pooled,0.999033203125,0.9950712233560722,0.0022916666666666667
held_out,level,elastic_transform,1,common,pooled,0.49454869791666667,0.49270442057587976,0.9416666666666667
held_out,level,elastic_transform,2,common,pooled,0.4882503472222222,0.48872760070210575,0.9410416666666667
held_out,level,elastic_transform,3,common,pooled,0.48372890625,0.4857423197138813,0.9422916666666666
held_out,level,elastic_transform,4,common,pooled,0.4838570746527778,0.4855818588865596,0.9404166666666667
held_out,level,elastic_transform,5,common,pooled,0.48468776041666667,0.4851626930965342,0.9295833333333333
held_out,level,pixelate,1,common,pooled,0.5383535590277778,0.5204753981689052,0.9145833333333333
held_out,level,pixelate,2,common,pooled,0.5605929253472223,0.5350551012165479,0.8927083333333333
held_out,level,pixelate,3,common,pooled,0.6195370659722222,0.5789181559774076,0.8158333333333333
held_out,level,pixelate,4,common,pooled,0.6931619791666667,0.6431373886523808,0.7004166666666667
held_out,level,pixelate,5,common,pooled,0.7029855034722222,0.6485905823581343,0.64625
held_out,level,jpeg_compression,1,common,pooled,0.510845703125,0.49314168160451527,0.9045833333333333
held_out,level,jpeg_compression,2,common,pooled,0.5103685763888889,0.49063753585414527,0.8864583333333333
held_out,level,jpeg_compression,3,common,pooled,0.5136502170138889,0.49146291625490723,0.87375
held_out,level,jpeg_compression,4,common,pooled,0.5345490885416667,0.501588221857336,0.8210416666666667
held_out,level,jpeg_compression,5,common,pooled,0.5761989149305555,0.5260447760859501,0.7479166666666667
held_out,level,speckle_noise,1,extra,pooled,0.7950018229166667,0.751515457015191,0.5777083333333334
held_out,level,speckle_noise,2,extra,pooled,0.886292578125,0.8657525067680442,0.421875
held_out,level,speckle_noise,3,extra,pooled,0.9771630642361111,0.974643140905892,0.13458333333333333
held_out,level,speckle_noise,4,extra,pooled,0.9900821180555556,0.9881619132720492,0.04666666666666667
held_out,level,speckle_noise,5,extra,pooled,0.9961734375,0.9954815824585176,0.008958333333333334
held_out,level,gaussian_blur,1,extra,pooled,0.7620971354166667,0.6985027349596257,0.58625
held_out,level,gaussian_blur,2,extra,pooled,0.939415625,0.8995405182270145,0.17229166666666668
held_out,level,gaussian_blur,3,extra,pooled,0.9760917100694444,0.953476792829863,0.06895833333333333
held_out,level,gaussian_blur,4,extra,pooled,0.9869463107638888,0.9716233926398175,0.034375
held_out,level,gaussian_blur,5,extra,pooled,0.9938590711805556,0.9842788686902201,0.015416666666666667
held_out,level,spatter,1,extra,pooled,0.4716193576388889,0.48080162383282726,0.9541666666666667
held_out,level,spatter,2,extra,pooled,0.5837227864583333,0.5333510326363704,0.7845833333333333
held_out,level,spatter,3,extra,pooled,0.7967733940972223,0.7192050804798457,0.4866666666666667
held_out,level,spatter,4,extra,pooled,0.8899747395833333,0.8774457372213265,0.4345833333333333
held_out,level,spatter,5,extra,pooled,0.9347381510416667,0.9277544895267225,0.31104166666666666
held_out,level,saturate,1,extra,pooled,0.5611206814236112,0.5373875681702023,0.8947916666666667
held_out,level,saturate,2,extra,pooled,0.6116197699652778,0.5687055669718908,0.830625
held_out,level,saturate,3,extra,pooled,0.5653472873263888,0.5561543597903404,0.8958333333333334
held_out,level,saturate,4,extra,pooled,0.7318272569444444,0.7080356272262136,0.6733333333333333
held_out,level,saturate,5,extra,pooled,0.8414531684027777,0.8378921727758124,0.5179166666666667
held_out,global_level,gaussian_noise,1,common,pooled,0.8385342013888889,0.7373969579709214,0.30666666666666664
held_out,global_level,gaussian_noise,2,common,pooled,0.9587282986111111,0.9135053424616055,0.08645833333333333
held_out,global_level,gaussian_noise,3,common,pooled,0.9944053819444445,0.9875986469037424,0.01375
held_out,global_level,gaussian_noise,4,common,pooled,0.9993453993055555,0.9963603162576066,0.0008333333333333334
held_out,global_level,gaussian_noise,5,common,pooled,0.9996966579861111,0.9990179621707361,0.0004166666666666667
held_out,global_level,shot_noise,1,common,pooled,0.8344738715277777,0.7592247771664958,0.44583333333333336
held_out,global_level,shot_noise,2,common,pooled,0.9543399305555555,0.929944164065352,0.17125
held_out,global_level,shot_noise,3,common,pooled,0.9901508680555555,0.9858082836162466,0.03875
held_out,global_level,shot_noise,4,common,pooled,0.9987418836805556,0.9971171156275217,0.00125
held_out,global_level,shot_noise,5,common,pooled,0.9996250434027778,0.9995362414585849,0.000625
held_out,global_level,impulse_noise,1,common,pooled,0.9505458767361111,0.9057912896429247,0.11479166666666667
held_out,global_level,impulse_noise,2,common,pooled,0.9894323350694444,0.9778322110250327,0.024583333333333332
held_out,global_level,impulse_noise,3,common,pooled,0.9973868055555556,0.9931751494900127,0.007083333333333333
held_out,global_level,impulse_noise,4,common,pooled,0.9994138454861111,0.9972756376762657,0.000625
held_out,global_level,impulse_noise,5,common,pooled,0.9997340711805556,0.9993784949585521,0.0004166666666666667
held_out,global_level,defocus_blur,1,common,pooled,0.8222371527777778,0.7440855559124704,0.41020833333333334
held_out,global_level,defocus_blur,2,common,pooled,0.8896219618055555,0.8196931474662623,0.26958333333333334
held_out,global_level,defocus_blur,3,common,pooled,0.9418978298611111,0.8897764573627649,0.14
held_out,global_level,defocus_blur,4,common,pooled,0.9628456163194444,0.9220352900658603,0.08041666666666666
held_out,global_level,defocus_blur,5,common,pooled,0.9742538194444444,0.9422706292456473,0.051875
held_out,global_level,glass_blur,1,common,pooled,0.6757179253472222,0.6149747055817945,0.6789583333333333
held_out,global_level,glass_blur,2,common,pooled,0.7772692274305556,0.702324364436619,0.5122916666666667
held_out,global_level,glass_blur,3,common,pooled,0.8107751736111111,0.7363781732482821,0.4639583333333333
held_out,global_level,glass_blur,4,common,pooled,0.8596526041666667,0.7884125096171664,0.3641666666666667
held_out,global_level,glass_blur,5,common,pooled,0.9300604600694444,0.8738639933839515,0.17479166666666668
held_out,global_level,motion_blur,1,common,pooled,0.6478353732638888,0.5875950637075669,0.7058333333333333
held_out,global_level,motion_blur,2,common,pooled,0.7441079861111111,0.6700057847760693,0.566875
held_out,global_level,motion_blur,3,common,pooled,0.8269588975694444,0.7523377580603212,0.42541666666666667
held_out,global_level,motion_blur,4,common,pooled,0.8839713107638889,0.8158399108619311,0.29541666666666666
held_out,global_level,motion_blur,5,common,pooled,0.9098677083333333,0.8477849920099565,0.23083333333333333
held_out,global_level,zoom_blur,1,common,pooled,0.8042799045138889,0.7418195384403422,0.54125
held_out,global_level,zoom_blur,2,common,pooled,0.8513956163194445,0.7880860132139973,0.41854166666666665
held_out,global_level,zoom_blur,3,common,pooled,0.8390364583333333,0.7774203790173209,0.46125
held_out,global_level,zoom_blur,4,common,pooled,0.8641022135416667,0.8030399281668368,0.38979166666666665
held_out,global_level,zoom_blur,5,common,pooled,0.8570754774305556,0.7945870542047323,0.40729166666666666
held_out,global_level,snow,1,common,pooled,0.6168012586805556,0.5451419586650393,0.6614583333333334
held_out,global_level,snow,2,common,pooled,0.7688902777777777,0.6604238952021964,0.4345833333333333
held_out,global_level,snow,3,common,pooled,0.729546484375,0.6301880956860959,0.506875
held_out,global_level,snow,4,common,pooled,0.7736620225694445,0.6733804397164808,0.44395833333333334
held_out,global_level,snow,5,common,pooled,0.7536618055555555,0.6413199166993808,0.42645833333333333
held_out,global_level,frost,1,common,pooled,0.49873042534722223,0.47476902791019526,0.8952083333333334
held_out,global_level,frost,2,common,pooled,0.5083859375,0.4636321862179472,0.8135416666666667
held_out,global_level,frost,3,common,pooled,0.5286530815972222,0.46808527900363595,0.734375
held_out,global_level,frost,4,common,pooled,0.5144780815972222,0.45897804446347357,0.7445833333333334
held_out,global_level,frost,5,common,pooled,0.5313579427083334,0.46522484545500226,0.696875
held_out,global_level,fog,1,common,pooled,0.8009690972222222,0.7603635860793585,0.633125
held_out,global_level,fog,2,common,pooled,0.8596483940972223,0.816595599727054,0.4685416666666667
held_out,global_level,fog,3,common,pooled,0.8925512586805555,0.8489196091237461,0.36125
held_out,global_level,fog,4,common,pooled,0.88631328125,0.836356381862098,0.37041666666666667
held_out,global_level,fog,5,common,pooled,0.9040996961805555,0.8466129577091981,0.2920833333333333
held_out,global_level,brightness,1,common,pooled,0.5124080729166667,0.5097366324076789,0.938125
held_out,global_level,brightness,2,common,pooled,0.5438797309027777,0.5334161547652743,0.9025
held_out,global_level,brightness,3,common,pooled,0.5871321180555555,0.565699654824705,0.8570833333333333
held_out,global_level,brightness,4,common,pooled,0.6383882378472222,0.6048385344308608,0.7816666666666666
held_out,global_level,brightness,5,common,pooled,0.6867451388888889,0.6445068162815137,0.68
held_out,global_level,contrast,1,common,pooled,0.8217039930555555,0.7790735773638794,0.5675
held_out,global_level,contrast,2,common,pooled,0.9043707899305555,0.8646288497976637,0.32666666666666666
held_out,global_level,contrast,3,common,pooled,0.95955078125,0.9333778280869373,0.12541666666666668
held_out,global_level,contrast,4,common,pooled,0.9891508680555555,0.9794429204535025,0.0325
held_out,global_level,contrast,5,common,pooled,0.9975281684027778,0.993042370540563,0.0077083333333333335
held_out,global_level,elastic_transform,1,common,pooled,0.480644921875,0.47915231229027166,0.9435416666666666
held_out,global_level,elastic_transform,2,common,pooled,0.47628454861111114,0.4759645598051062,0.943125
held_out,global_level,elastic_transform,3,common,pooled,0.4716273871527778,0.47232745609783294,0.9389583333333333
held_out,global_level,elastic_transform,4,common,pooled,0.4694011284722222,0.47016768812981063,0.935625
held_out,global_level,elastic_transform,5,common,pooled,0.46813628472222224,0.46824965882195557,0.92875
held_out,global_level,pixelate,1,common,pooled,0.49429835069444444,0.48964600189895185,0.93875
held_out,global_level,pixelate,2,common,pooled,0.5053226996527778,0.4959702831529742,0.9254166666666667
held_out,global_level,pixelate,3,common,pooled,0.5381463975694445,0.5162681437461702,0.8697916666666666
held_out,global_level,pixelate,4,common,pooled,0.6093357204861111,0.561814889120017,0.7595833333333334
held_out,global_level,pixelate,5,common,pooled,0.6404901475694444,0.5806920679307015,0.6958333333333333
held_out,global_level,jpeg_compression,1,common,pooled,0.4833026909722222,0.47445155916308024,0.9179166666666667
held_out,global_level,jpeg_compression,2,common,pooled,0.4776708333333333,0.4659186293834921,0.9025
held_out,global_level,jpeg_compression,3,common,pooled,0.4786197916666667,0.46350712533003474,0.8852083333333334
held_out,global_level,jpeg_compression,4,common,pooled,0.4963521701388889,0.46794151499423964,0.8391666666666666
held_out,global_level,jpeg_compression,5,common,pooled,0.5371265625,0.4879988247722604,0.7664583333333334
held_out,global_level,speckle_noise,1,extra,pooled,0.7443924479166667,0.6808077384049755,0.6529166666666667
held_out,global_level,speckle_noise,2,extra,pooled,0.8460213975694445,0.8030312583004235,0.519375
held_out,global_level,speckle_noise,3,extra,pooled,0.96302109375,0.9592488346321392,0.19791666666666666
held_out,global_level,speckle_noise,4,extra,pooled,0.9830641927083333,0.981543096001094,0.084375
held_out,global_level,speckle_noise,5,extra,pooled,0.9931983506944444,0.9927585211367155,0.025208333333333333
held_out,global_level,gaussian_blur,1,extra,pooled,0.6660352864583333,0.6044023331048167,0.6714583333333334
held_out,global_level,gaussian_blur,2,extra,pooled,0.8754332465277778,0.8025638373157185,0.3020833333333333
held_out,global_level,gaussian_blur,3,extra,pooled,0.9409709635416666,0.8873667920856182,0.13895833333333332
held_out,global_level,gaussian_blur,4,extra,pooled,0.9648233506944445,0.9246762578179257,0.07645833333333334
held_out,global_level,gaussian_blur,5,extra,pooled,0.981830078125,0.9563853263694945,0.035416666666666666
held_out,global_level,spatter,1,extra,pooled,0.4709291666666667,0.47574292807635815,0.953125
held_out,global_level,spatter,2,extra,pooled,0.5780457899305556,0.5289426443037472,0.7672916666666667
held_out,global_level,spatter,3,extra,pooled,0.768763671875,0.6730096366466432,0.461875
held_out,global_level,spatter,4,extra,pooled,0.8874421006944444,0.8659203699453615,0.42541666666666667
held_out,global_level,spatter,5,extra,pooled,0.9276831597222223,0.9156723246690163,0.3258333333333333
held_out,global_level,saturate,1,extra,pooled,0.5162580078125,0.5072839270025175,0.941875
held_out,global_level,saturate,2,extra,pooled,0.5430737196180555,0.5218390116381453,0.9089583333333333
held_out,global_level,saturate,3,extra,pooled,0.5603169921875,0.5520105472867152,0.8922916666666667
held_out,global_level,saturate,4,extra,pooled,0.6909032552083333,0.669570221121064,0.7110416666666667
held_out,global_level,saturate,5,extra,pooled,0.8029088975694444,0.7981662197215094,0.5885416666666666
held_out,means_knn,gaussian_noise,1,common,pooled,0.9242590277777778,0.88992351978744,0.23708333333333334
held_out,means_knn,gaussian_noise,2,common,pooled,0.9830177517361111,0.97052337077338,0.056666666666666664
held_out,means_knn,gaussian_noise,3,common,pooled,0.9964470052083333,0.9914552640146802,0.010625
held_out,means_knn,gaussian_noise,4,common,pooled,0.9991779947916667,0.9966198177213257,0.0014583333333333334
held_out,means_knn,gaussian_noise,5,common,pooled,0.9997388454861111,0.9993938507304644,0.0004166666666666667
held_out,means_knn,shot_noise,1,common,pooled,0.9102038628472222,0.8828451321451984,0.30604166666666666
held_out,means_knn,shot_noise,2,common,pooled,0.9803194444444444,0.9696218684051567,0.06833333333333333
held_out,means_knn,shot_noise,3,common,pooled,0.9952253038194444,0.9905219118528339,0.014583333333333334
held_out,means_knn,shot_noise,4,common,pooled,0.9993174045138888,0.997928186869796,0.0016666666666666668
held_out,means_knn,shot_noise,5,common,pooled,0.9997774305555556,0.9996887038000873,0.0004166666666666667
held_out,means_knn,impulse_noise,1,common,pooled,0.9659207899305555,0.945454529364773,0.10375
held_out,means_knn,impulse_noise,2,common,pooled,0.9929756076388889,0.9858289563120808,0.019791666666666666
held_out,means_knn,impulse_noise,3,common,pooled,0.9973065972222223,0.993030769719722,0.006458333333333333
held_out,means_knn,impulse_noise,4,common,pooled,0.9994071614583333,0.997663779517204,0.0008333333333333334
held_out,means_knn,impulse_noise,5,common,pooled,0.9997759548611111,0.9995255617912226,0.0004166666666666667
held_out,means_knn,defocus_blur,1,common,pooled,0.7791604600694444,0.7111457570820465,0.5552083333333333
held_out,means_knn,defocus_blur,2,common,pooled,0.8443272569444444,0.7778109383348326,0.4
held_out,means_knn,defocus_blur,3,common,pooled,0.9062676649305555,0.8512051283000924,0.24729166666666666
held_out,means_knn,defocus_blur,4,common,pooled,0.9409961371527777,0.8987548830029631,0.154375
held_out,means_knn,defocus_blur,5,common,pooled,0.9609755208333334,0.9282860437269446,0.10104166666666667
held_out,means_knn,glass_blur,1,common,pooled,0.6622532986111112,0.6032471836646143,0.7533333333333333
held_out,means_knn,glass_blur,2,common,pooled,0.7522805121527778,0.6797759584227373,0.5914583333333333
held_out,means_knn,glass_blur,3,common,pooled,0.8081319878472222,0.7298543870559864,0.465
held_out,means_knn,glass_blur,4,common,pooled,0.8425330729166667,0.7671401761795253,0.386875
held_out,means_knn,glass_blur,5,common,pooled,0.9124520399305556,0.854949828560713,0.22104166666666666
held_out,means_knn,motion_blur,1,common,pooled,0.6705101996527778,0.6214488665502886,0.774375
held_out,means_knn,motion_blur,2,common,pooled,0.7506523871527778,0.6915481605140562,0.6385416666666667
held_out,means_knn,motion_blur,3,common,pooled,0.8200858072916667,0.7583213128401175,0.4816666666666667
held_out,means_knn,motion_blur,4,common,pooled,0.8733049045138889,0.8168203208781999,0.3466666666666667
held_out,means_knn,motion_blur,5,common,pooled,0.8982300347222222,0.8465161564587249,0.2875
held_out,means_knn,zoom_blur,1,common,pooled,0.6901751736111111,0.6287370709053499,0.7045833333333333
held_out,means_knn,zoom_blur,2,common,pooled,0.7438100260416667,0.6760626107523573,0.5979166666666667
held_out,means_knn,zoom_blur,3,common,pooled,0.7395510850694444,0.6720223729437673,0.6097916666666666
held_out,means_knn,zoom_blur,4,common,pooled,0.7704893663194444,0.7009324020586645,0.5454166666666667
held_out,means_knn,zoom_blur,5,common,pooled,0.7739795138888889,0.7027650112991288,0.5383333333333333
held_out,means_knn,snow,1,common,pooled,0.7565064236111111,0.7048793869265821,0.630625
held_out,means_knn,snow,2,common,pooled,0.9404067708333333,0.9098247125093575,0.18
held_out,means_knn,snow,3,common,pooled,0.9083904947916667,0.8662266660497936,0.2679166666666667
held_out,means_knn,snow,4,common,pooled,0.9491625868055555,0.9190849274434998,0.14479166666666668
held_out,means_knn,snow,5,common,pooled,0.96366015625,0.9423743745607757,0.10791666666666666
held_out,means_knn,frost,1,common,pooled,0.7096673177083334,0.675962865844735,0.7629166666666667
held_out,means_knn,frost,2,common,pooled,0.8207456163194444,0.7757464989354037,0.5097916666666666
held_out,means_knn,frost,3,common,pooled,0.8800836371527778,0.8381918285083666,0.3720833333333333
held_out,means_knn,frost,4,common,pooled,0.8767262152777778,0.8297633934736058,0.3697916666666667
held_out,means_knn,frost,5,common,pooled,0.9035240451388888,0.8613814122036934,0.2970833333333333
held_out,means_knn,fog,1,common,pooled,0.533108984375,0.4930938197095707,0.840625
held_out,means_knn,fog,2,common,pooled,0.5671226996527777,0.5139000778576892,0.7970833333333334
held_out,means_knn,fog,3,common,pooled,0.5881421875,0.528143106809992,0.7754166666666666
held_out,means_knn,fog,4,common,pooled,0.57312578125,0.5148857904891414,0.78875
held_out,means_knn,fog,5,common,pooled,0.595623828125,0.527742270681685,0.7583333333333333
held_out,means_knn,brightness,1,common,pooled,0.5681155381944445,0.5593575380793006,0.9139583333333333
held_out,means_knn,brightness,2,common,pooled,0.6721768229166667,0.6528943375088859,0.8310416666666667
held_out,means_knn,brightness,3,common,pooled,0.7793294270833333,0.7554895313732302,0.6716666666666666
held_out,means_knn,brightness,4,common,pooled,0.8737651041666666,0.8513314719884422,0.444375
held_out,means_knn,brightness,5,common,pooled,0.9345855034722222,0.9173630206548127,0.24645833333333333
held_out,means_knn,contrast,1,common,pooled,0.6949531684027778,0.646347985423791,0.7195833333333334
held_out,means_knn,contrast,2,common,pooled,0.7811243055555556,0.7301041865492999,0.571875
held_out,means_knn,contrast,3,common,pooled,0.8773151909722222,0.837334136794651,0.3727083333333333
held_out,means_knn,contrast,4,common,pooled,0.9689109809027778,0.9519067218150229,0.10520833333333333
held_out,means_knn,contrast,5,common,pooled,0.994184765625,0.9871873430062905,0.018125
held_out,means_knn,elastic_transform,1,common,pooled,0.48732265625,0.4856859621825132,0.944375
held_out,means_knn,elastic_transform,2,common,pooled,0.490800390625,0.4865706014733573,0.9408333333333333
held_out,means_knn,elastic_transform,3,common,pooled,0.5015509982638889,0.49179798386583473,0.926875
held_out,means_knn,elastic_transform,4,common,pooled,0.5149491319444445,0.49921766200473794,0.91625
held_out,means_knn,elastic_transform,5,common,pooled,0.5391561631944445,0.5137703977048091,0.8975
held_out,means_knn,pixelate,1,common,pooled,0.4945173611111111,0.48771710474245733,0.9302083333333333
held_out,means_knn,pixelate,2,common,pooled,0.5090141493055556,0.4959893154059133,0.91625
held_out,means_knn,pixelate,3,common,pooled,0.5735373263888889,0.5366661977440375,0.855
held_out,means_knn,pixelate,4,common,pooled,0.6983774739583334,0.6356392331992893,0.6997916666666667
held_out,means_knn,pixelate,5,common,pooled,0.7794061631944444,0.7124071729825703,0.5572916666666666
held_out,means_knn,jpeg_compression,1,common,pooled,0.5213868923611111,0.5064668448533269,0.913125
held_out,means_knn,jpeg_compression,2,common,pooled,0.5393034722222222,0.516532749238678,0.8935416666666667
held_out,means_knn,jpeg_compression,3,common,pooled,0.5515628472222223,0.523424194979101,0.881875
held_out,means_knn,jpeg_compression,4,common,pooled,0.5998372395833333,0.5544577640762884,0.8185416666666666
held_out,means_knn,jpeg_compression,5,common,pooled,0.6600888888888888,0.5966010557033123,0.73
held_out,means_knn,speckle_noise,1,extra,pooled,0.8300936197916666,0.8069537067193604,0.55625
held_out,means_knn,speckle_noise,2,extra,pooled,0.9061032986111112,0.8883603421277673,0.346875
held_out,means_knn,speckle_noise,3,extra,pooled,0.9833637586805556,0.9766664064156018,0.06625
held_out,means_knn,speckle_noise,4,extra,pooled,0.9935488715277778,0.989995696232577,0.025416666666666667
held_out,means_knn,speckle_noise,5,extra,pooled,0.997955078125,0.9968409001175147,0.00875
held_out,means_knn,gaussian_blur,1,extra,pooled,0.6568315972222222,0.6037332754947901,0.7747916666666667
held_out,means_knn,gaussian_blur,2,extra,pooled,0.8350616753472222,0.7697239493922257,0.42604166666666665
held_out,means_knn,gaussian_blur,3,extra,pooled,0.9097687934027778,0.8566103650193864,0.23979166666666665
held_out,means_knn,gaussian_blur,4,extra,pooled,0.9451815538194445,0.9043487945809942,0.14416666666666667
held_out,means_knn,gaussian_blur,5,extra,pooled,0.9754703993055556,0.9505820641934428,0.06291666666666666
held_out,means_knn,spatter,1,extra,pooled,0.489192578125,0.49181981293860344,0.9547916666666667
held_out,means_knn,spatter,2,extra,pooled,0.59737734375,0.5691002767468174,0.8683333333333333
held_out,means_knn,spatter,3,extra,pooled,0.7641126736111111,0.7111204941607958,0.6225
held_out,means_knn,spatter,4,extra,pooled,0.8087475694444445,0.782374341763209,0.5729166666666666
held_out,means_knn,spatter,5,extra,pooled,0.8820104166666667,0.8502880851610621,0.3670833333333333
held_out,means_knn,saturate,1,extra,pooled,0.4600047526041667,0.4582479588156786,0.938125
held_out,means_knn,saturate,2,extra,pooled,0.4929412543402778,0.4746208669387172,0.90375
held_out,means_knn,saturate,3,extra,pooled,0.6890501953125,0.6783176659915285,0.8347916666666667
held_out,means_knn,saturate,4,extra,pooled,0.9084538628472222,0.8942294789277072,0.3641666666666667
held_out,means_knn,saturate,5,extra,pooled,0.9663606770833333,0.9604106275399669,0.14770833333333333
held_out,means_own,gaussian_noise,1,common,pooled,0.810769921875,0.7102439223028066,0.3904166666666667
held_out,means_own,gaussian_noise,2,common,pooled,0.9458112413194445,0.8910908249913956,0.12020833333333333
held_out,means_own,gaussian_noise,3,common,pooled,0.9910015190972222,0.9803964767313416,0.019791666666666666
held_out,means_own,gaussian_noise,4,common,pooled,0.9992900173611111,0.9961672953086704,0.0010416666666666667
held_out,means_own,gaussian_noise,5,common,pooled,0.9996901041666667,0.9992931295333264,0.0004166666666666667
held_out,means_own,shot_noise,1,common,pooled,0.8066313368055555,0.7313925924218276,0.5145833333333333
held_out,means_own,shot_noise,2,common,pooled,0.9415552951388889,0.9099884380531239,0.20458333333333334
held_out,means_own,shot_noise,3,common,pooled,0.9863486545138889,0.9802132552235168,0.048541666666666664
held_out,means_own,shot_noise,4,common,pooled,0.9985979166666666,0.996946353368331,0.0035416666666666665
held_out,means_own,shot_noise,5,common,pooled,0.9996595052083334,0.9996027504214303,0.000625
held_out,means_own,impulse_noise,1,common,pooled,0.9371017795138888,0.8806426435803258,0.14354166666666668
held_out,means_own,impulse_noise,2,common,pooled,0.9843725260416667,0.9664710548281,0.034166666666666665
held_out,means_own,impulse_noise,3,common,pooled,0.9950830729166666,0.9891418834895349,0.010416666666666666
held_out,means_own,impulse_noise,4,common,pooled,0.9993967013888889,0.9971112448258471,0.000625
held_out,means_own,impulse_noise,5,common,pooled,0.99973515625,0.9995043893001285,0.0004166666666666667
held_out,means_own,defocus_blur,1,common,pooled,0.7957001736111111,0.7231675097459083,0.49291666666666667
held_out,means_own,defocus_blur,2,common,pooled,0.8698057725694445,0.799917718042271,0.3233333333333333
held_out,means_own,defocus_blur,3,common,pooled,0.9310896701388889,0.8764801025956216,0.165625
held_out,means_own,defocus_blur,4,common,pooled,0.9569960503472222,0.9143303207543747,0.09791666666666667
held_out,means_own,defocus_blur,5,common,pooled,0.9712078559027778,0.9381241199868805,0.061875
held_out,means_own,glass_blur,1,common,pooled,0.6618243489583333,0.6100372922123245,0.7304166666666667
held_out,means_own,glass_blur,2,common,pooled,0.7641603732638889,0.6948627812832361,0.556875
held_out,means_own,glass_blur,3,common,pooled,0.8238947482638889,0.751924378406325,0.4397916666666667
held_out,means_own,glass_blur,4,common,pooled,0.8725127604166667,0.8050344240522413,0.323125
held_out,means_own,glass_blur,5,common,pooled,0.9366515625,0.8851461724572075,0.155
held_out,means_own,motion_blur,1,common,pooled,0.6212728732638889,0.576516447359191,0.7845833333333333
held_out,means_own,motion_blur,2,common,pooled,0.7164904947916667,0.6528229393858469,0.6485416666666667
held_out,means_own,motion_blur,3,common,pooled,0.8087506510416667,0.7369292838295969,0.476875
held_out,means_own,motion_blur,4,common,pooled,0.8770265625,0.8085704072815051,0.31645833333333334
held_out,means_own,motion_blur,5,common,pooled,0.90859609375,0.8466458694540255,0.23625
held_out,means_own,zoom_blur,1,common,pooled,0.8002462673611112,0.7350436768308315,0.53
held_out,means_own,zoom_blur,2,common,pooled,0.8554287326388889,0.7885062817685183,0.3927083333333333
held_out,means_own,zoom_blur,3,common,pooled,0.8544051215277778,0.7876502118273445,0.39916666666666667
held_out,means_own,zoom_blur,4,common,pooled,0.8820653645833333,0.8175598936201494,0.3152083333333333
held_out,means_own,zoom_blur,5,common,pooled,0.8800730034722222,0.8147131252747982,0.32166666666666666
held_out,means_own,snow,1,common,pooled,0.6071433159722223,0.5387899284973731,0.7127083333333334
held_out,means_own,snow,2,common,pooled,0.7538125434027778,0.6490412916525667,0.4952083333333333
held_out,means_own,snow,3,common,pooled,0.7275214409722223,0.6265854870555636,0.5335416666666667
held_out,means_own,snow,4,common,pooled,0.7802464409722222,0.6772764788963442,0.4535416666666667
held_out,means_own,snow,5,common,pooled,0.7503565538194444,0.6451189421220772,0.475625
held_out,means_own,frost,1,common,pooled,0.5029132378472222,0.48065287283672187,0.9060416666666666
held_out,means_own,frost,2,common,pooled,0.5183266059027778,0.4737929072931041,0.8225
held_out,means_own,frost,3,common,pooled,0.5444139322916667,0.48256171837890705,0.75
held_out,means_own,frost,4,common,pooled,0.5363529079861111,0.4761212373694809,0.7604166666666666
held_out,means_own,frost,5,common,pooled,0.5591402777777777,0.485944602831935,0.7058333333333333
held_out,means_own,fog,1,common,pooled,0.772210546875,0.7331742917320648,0.6810416666666667
held_out,means_own,fog,2,common,pooled,0.8316154079861111,0.7879188357060348,0.5385416666666667
held_out,means_own,fog,3,common,pooled,0.8666817274305556,0.8208768882508442,0.43645833333333334
held_out,means_own,fog,4,common,pooled,0.8602625434027777,0.8095010321728024,0.4429166666666667
held_out,means_own,fog,5,common,pooled,0.8808904513888889,0.8231162932792638,0.36791666666666667
held_out,means_own,brightness,1,common,pooled,0.5104404947916666,0.5082520679218376,0.94125
held_out,means_own,brightness,2,common,pooled,0.536855078125,0.5281728332697935,0.925
held_out,means_own,brightness,3,common,pooled,0.5735547743055556,0.5561991849746404,0.8945833333333333
held_out,means_own,brightness,4,common,pooled,0.6181108072916667,0.5908712458222075,0.829375
held_out,means_own,brightness,5,common,pooled,0.6623091145833333,0.6272657401923967,0.7566666666666667
held_out,means_own,contrast,1,common,pooled,0.7928279947916667,0.7519751476610556,0.635
held_out,means_own,contrast,2,common,pooled,0.8801020399305556,0.8377204102167322,0.39708333333333334
held_out,means_own,contrast,3,common,pooled,0.9449122395833334,0.913453243842748,0.17166666666666666
held_out,means_own,contrast,4,common,pooled,0.9837053385416666,0.9705577495438714,0.04625
held_out,means_own,contrast,5,common,pooled,0.9959582899305556,0.9909319575624164,0.01125
held_out,means_own,elastic_transform,1,common,pooled,0.4900004774305556,0.4869422453082763,0.9358333333333333
held_out,means_own,elastic_transform,2,common,pooled,0.49285594618055556,0.4868065338519164,0.9291666666666667
held_out,means_own,elastic_transform,3,common,pooled,0.5027764756944444,0.48998338164881583,0.9141666666666667
held_out,means_own,elastic_transform,4,common,pooled,0.5153443142361112,0.495014939371359,0.8966666666666666
held_out,means_own,elastic_transform,5,common,pooled,0.5369967881944444,0.505311448051937,0.8589583333333334
held_out,means_own,pixelate,1,common,pooled,0.4950394097222222,0.49247874668243796,0.9402083333333333
held_out,means_own,pixelate,2,common,pooled,0.5046329861111111,0.4980553916990722,0.9264583333333334
held_out,means_own,pixelate,3,common,pooled,0.547485546875,0.5227588921358644,0.8670833333333333
held_out,means_own,pixelate,4,common,pooled,0.6561437065972222,0.5964577111507019,0.70875
held_out,means_own,pixelate,5,common,pooled,0.7310399305555556,0.6558664811579127,0.583125
held_out,means_own,jpeg_compression,1,common,pooled,0.4850779079861111,0.47779533329802704,0.9222916666666666
held_out,means_own,jpeg_compression,2,common,pooled,0.4803216579861111,0.4695055293839704,0.9054166666666666
held_out,means_own,jpeg_compression,3,common,pooled,0.48183667534722224,0.4671776988031546,0.8920833333333333
held_out,means_own,jpeg_compression,4,common,pooled,0.508085546875,0.47641445140713823,0.8360416666666667
held_out,means_own,jpeg_compression,5,common,pooled,0.5731014322916667,0.5126350796977568,0.7502083333333334
held_out,means_own,speckle_noise,1,extra,pooled,0.7181140625,0.658402518790288,0.7108333333333333
held_out,means_own,speckle_noise,2,extra,pooled,0.8214409288194444,0.7753101107358904,0.5729166666666666
held_out,means_own,speckle_noise,3,extra,pooled,0.9543140625,0.9483668280503273,0.22979166666666667
held_out,means_own,speckle_noise,4,extra,pooled,0.979209765625,0.9773259612626678,0.10291666666666667
held_out,means_own,speckle_noise,5,extra,pooled,0.9920482204861111,0.9917221490826699,0.03145833333333333
held_out,means_own,gaussian_blur,1,extra,pooled,0.6430205295138889,0.5942559993690248,0.748125
held_out,means_own,gaussian_blur,2,extra,pooled,0.8545932291666667,0.7826446330282646,0.36041666666666666
held_out,means_own,gaussian_blur,3,extra,pooled,0.9289690972222222,0.8724758298447023,0.16958333333333334
held_out,means_own,gaussian_blur,4,extra,pooled,0.9579134114583333,0.9149181539812161,0.09583333333333334
held_out,means_own,gaussian_blur,5,extra,pooled,0.9793071180555556,0.9528307273778777,0.04041666666666666
held_out,means_own,spatter,1,extra,pooled,0.47262434895833333,0.47553010738945783,0.9533333333333334
held_out,means_own,spatter,2,extra,pooled,0.5680990451388889,0.5173441942222072,0.7770833333333333
held_out,means_own,spatter,3,extra,pooled,0.7519274305555556,0.6518718817052582,0.5072916666666667
held_out,means_own,spatter,4,extra,pooled,0.8761049913194444,0.8531957468599141,0.46479166666666666
held_out,means_own,spatter,5,extra,pooled,0.9216264322916666,0.9060736368128861,0.3302083333333333
held_out,means_own,saturate,1,extra,pooled,0.5106684244791667,0.5066600015500644,0.9429166666666666
held_out,means_own,saturate,2,extra,pooled,0.5306195963541667,0.5180485825785027,0.9239583333333333
held_out,means_own,saturate,3,extra,pooled,0.5528527560763888,0.5435417210006126,0.9139583333333333
held_out,means_own,saturate,4,extra,pooled,0.6707178385416667,0.6492125244850309,0.7745833333333333
held_out,means_own,saturate,5,extra,pooled,0.7817657118055555,0.7771155226953516,0.6622916666666666
held_out,saod_top3,gaussian_noise,1,common,pooled,0.5413256293402777,0.5282515297120062,0.9245833333333333
held_out,saod_top3,gaussian_noise,2,common,pooled,0.5760846571180556,0.5537630192271572,0.9020833333333333
held_out,saod_top3,gaussian_noise,3,common,pooled,0.646175390625,0.6187009762065832,0.8216666666666667
held_out,saod_top3,gaussian_noise,4,common,pooled,0.7565566840277778,0.7316616753180416,0.6783333333333333
held_out,saod_top3,gaussian_noise,5,common,pooled,0.8914848958333333,0.8732480834418552,0.443125
held_out,saod_top3,shot_noise,1,common,pooled,0.5368228732638889,0.5259160321762314,0.9247916666666667
held_out,saod_top3,shot_noise,2,common,pooled,0.5772312065972223,0.5579999614713025,0.8995833333333333
held_out,saod_top3,shot_noise,3,common,pooled,0.6384348524305555,0.6130647828173191,0.8320833333333333
held_out,saod_top3,shot_noise,4,common,pooled,0.7675999348958333,0.7433758352647126,0.665625
held_out,saod_top3,shot_noise,5,common,pooled,0.8658377604166667,0.8452171725222207,0.49875
held_out,saod_top3,impulse_noise,1,common,pooled,0.5713851779513889,0.5541983919673019,0.9108333333333334
held_out,saod_top3,impulse_noise,2,common,pooled,0.6134296223958333,0.5890287748340786,0.8595833333333334
held_out,saod_top3,impulse_noise,3,common,pooled,0.652913671875,0.62463049019569,0.8170833333333334
held_out,saod_top3,impulse_noise,4,common,pooled,0.7674776475694445,0.7414953924859125,0.6654166666666667
held_out,saod_top3,impulse_noise,5,common,pooled,0.8861321614583333,0.8667489145169511,0.453125
held_out,saod_top3,defocus_blur,1,common,pooled,0.5602291015625,0.5396634721002238,0.891875
held_out,saod_top3,defocus_blur,2,common,pooled,0.5942389539930556,0.5641050353257939,0.8495833333333334
held_out,saod_top3,defocus_blur,3,common,pooled,0.6572571614583333,0.6177858425920708,0.7666666666666667
held_out,saod_top3,defocus_blur,4,common,pooled,0.7130763888888889,0.6727490051167646,0.69875
held_out,saod_top3,defocus_blur,5,common,pooled,0.7641521701388889,0.7270052820571096,0.6297916666666666
held_out,saod_top3,glass_blur,1,common,pooled,0.5648671006944445,0.5429900035074257,0.90125
held_out,saod_top3,glass_blur,2,common,pooled,0.6139373046875,0.5806246075005003,0.8425
held_out,saod_top3,glass_blur,3,common,pooled,0.7443676215277778,0.7146225770295382,0.698125
held_out,saod_top3,glass_blur,4,common,pooled,0.7727174045138889,0.7442477327201025,0.655625
held_out,saod_top3,glass_blur,5,common,pooled,0.8103284288194444,0.78485234103511,0.5922916666666667
held_out,saod_top3,motion_blur,1,common,pooled,0.5428967447916667,0.5284734830247412,0.9160416666666666
held_out,saod_top3,motion_blur,2,common,pooled,0.58046015625,0.5557847294726493,0.8779166666666667
held_out,saod_top3,motion_blur,3,common,pooled,0.6464438368055555,0.6092483822834079,0.79125
held_out,saod_top3,motion_blur,4,common,pooled,0.7193351996527778,0.6789482844766246,0.6975
held_out,saod_top3,motion_blur,5,common,pooled,0.7694683376736111,0.730553401903312,0.6245833333333334
held_out,saod_top3,zoom_blur,1,common,pooled,0.7092241319444444,0.6640823002252942,0.6983333333333334
held_out,saod_top3,zoom_blur,2,common,pooled,0.7686658854166667,0.7266585200291181,0.6216666666666667
held_out,saod_top3,zoom_blur,3,common,pooled,0.8179297309027778,0.7775592222248637,0.530625
held_out,saod_top3,zoom_blur,4,common,pooled,0.8527264539930556,0.8163033596468988,0.464375
held_out,saod_top3,zoom_blur,5,common,pooled,0.8790219835069445,0.8441782033576988,0.39458333333333334
held_out,saod_top3,snow,1,common,pooled,0.5693646484375,0.5526309481720182,0.9158333333333334
held_out,saod_top3,snow,2,common,pooled,0.6299721354166666,0.6049618680218812,0.864375
held_out,saod_top3,snow,3,common,pooled,0.6411885633680555,0.621342664467497,0.8452083333333333
held_out,saod_top3,snow,4,common,pooled,0.6901740017361111,0.672738831871897,0.780625
held_out,saod_top3,snow,5,common,pooled,0.6849738498263889,0.6643271257228627,0.7883333333333333
held_out,saod_top3,frost,1,common,pooled,0.5460891276041666,0.5348108039891991,0.9335416666666667
held_out,saod_top3,frost,2,common,pooled,0.6015561631944445,0.5846548145684163,0.8927083333333333
held_out,saod_top3,frost,3,common,pooled,0.6448740668402778,0.6296731680643859,0.8527083333333333
held_out,saod_top3,frost,4,common,pooled,0.6524142795138889,0.6375538555213718,0.8427083333333333
held_out,saod_top3,frost,5,common,pooled,0.6784537760416667,0.6658028340090943,0.811875
held_out,saod_top3,fog,1,common,pooled,0.5209088758680556,0.5158269074515032,0.94375
held_out,saod_top3,fog,2,common,pooled,0.5293403428819444,0.5223578105282947,0.9404166666666667
held_out,saod_top3,fog,3,common,pooled,0.5410778645833333,0.530661018547102,0.9327083333333334
held_out,saod_top3,fog,4,common,pooled,0.5463792100694445,0.5351944457549552,0.9302083333333333
held_out,saod_top3,fog,5,common,pooled,0.5679106770833333,0.5526834870820783,0.916875
held_out,saod_top3,brightness,1,common,pooled,0.49987996961805553,0.5002320767781572,0.951875
held_out,saod_top3,brightness,2,common,pooled,0.5058537760416667,0.5045793324242791,0.9458333333333333
held_out,saod_top3,brightness,3,common,pooled,0.5158315321180555,0.5115134577211777,0.9420833333333334
held_out,saod_top3,brightness,4,common,pooled,0.5289829427083333,0.5206001151704672,0.9383333333333334
held_out,saod_top3,brightness,5,common,pooled,0.54464609375,0.533546107678849,0.929375
held_out,saod_top3,contrast,1,common,pooled,0.5173019965277778,0.5139049181318297,0.9458333333333333
held_out,saod_top3,contrast,2,common,pooled,0.5288677734375,0.5222866410985614,0.9402083333333333
held_out,saod_top3,contrast,3,common,pooled,0.5512924696180556,0.5398011720559659,0.92625
held_out,saod_top3,contrast,4,common,pooled,0.6188569444444444,0.5956918206197346,0.8589583333333334
held_out,saod_top3,contrast,5,common,pooled,0.7565971137152778,0.7386721043052491,0.6797916666666667
held_out,saod_top3,elastic_transform,1,common,pooled,0.5382591579861111,0.5259138841902654,0.925
held_out,saod_top3,elastic_transform,2,common,pooled,0.564619921875,0.5513054984303054,0.9177083333333333
held_out,saod_top3,elastic_transform,3,common,pooled,0.6116886284722223,0.596813627718045,0.8783333333333333
held_out,saod_top3,elastic_transform,4,common,pooled,0.6516845703125,0.6377323961427818,0.85375
held_out,saod_top3,elastic_transform,5,common,pooled,0.7068150607638889,0.6955677186209178,0.7952083333333333
held_out,saod_top3,pixelate,1,common,pooled,0.5270023654513889,0.5168904668161498,0.9327083333333334
held_out,saod_top3,pixelate,2,common,pooled,0.5347324869791666,0.5230264565308,0.9302083333333333
held_out,saod_top3,pixelate,3,common,pooled,0.6159009982638889,0.5941852417574081,0.8760416666666667
held_out,saod_top3,pixelate,4,common,pooled,0.7735719618055555,0.7616237662411571,0.6908333333333333
held_out,saod_top3,pixelate,5,common,pooled,0.8790761284722223,0.8687247392318407,0.48583333333333334
held_out,saod_top3,jpeg_compression,1,common,pooled,0.5531246744791667,0.5319665013048185,0.9047916666666667
held_out,saod_top3,jpeg_compression,2,common,pooled,0.5779296006944444,0.549894042594362,0.8847916666666666
held_out,saod_top3,jpeg_compression,3,common,pooled,0.5974698133680556,0.5669244411073926,0.86375
held_out,saod_top3,jpeg_compression,4,common,pooled,0.6643855034722222,0.6302970643873606,0.785
held_out,saod_top3,jpeg_compression,5,common,pooled,0.7506445095486111,0.7211817065475159,0.689375
held_out,saod_top3,speckle_noise,1,extra,pooled,0.5276529079861111,0.5200372826387591,0.9325
held_out,saod_top3,speckle_noise,2,extra,pooled,0.5458287109375,0.5333859764017881,0.9220833333333334
held_out,saod_top3,speckle_noise,3,extra,pooled,0.6119243055555555,0.5905015867644197,0.8725
held_out,saod_top3,speckle_noise,4,extra,pooled,0.6596976996527778,0.6352837347670893,0.8110416666666667
held_out,saod_top3,speckle_noise,5,extra,pooled,0.7294478298611111,0.7079088696966009,0.7370833333333333
held_out,saod_top3,gaussian_blur,1,extra,pooled,0.5249204861111111,0.5146331681170386,0.924375
held_out,saod_top3,gaussian_blur,2,extra,pooled,0.578840625,0.5512275360637803,0.8675
held_out,saod_top3,gaussian_blur,3,extra,pooled,0.6318966579861112,0.5945942475292304,0.79375
held_out,saod_top3,gaussian_blur,4,extra,pooled,0.6814977430555555,0.6405653499178643,0.7372916666666667
held_out,saod_top3,gaussian_blur,5,extra,pooled,0.7700585503472223,0.734537105690215,0.6245833333333334
held_out,saod_top3,spatter,1,extra,pooled,0.5068274522569445,0.5044178342227785,0.9458333333333333
held_out,saod_top3,spatter,2,extra,pooled,0.5497681206597222,0.5355407372465093,0.9204166666666667
held_out,saod_top3,spatter,3,extra,pooled,0.5802742838541667,0.561343060819804,0.9045833333333333
held_out,saod_top3,spatter,4,extra,pooled,0.6284195095486111,0.604313562019839,0.8479166666666667
held_out,saod_top3,spatter,5,extra,pooled,0.6881891710069444,0.6629625231076037,0.776875
held_out,saod_top3,saturate,1,extra,pooled,0.5138209852430555,0.5101700544752314,0.9458333333333333
held_out,saod_top3,saturate,2,extra,pooled,0.5269303168402778,0.5199420879110531,0.9375
held_out,saod_top3,saturate,3,extra,pooled,0.5100389322916666,0.5062268385905653,0.9458333333333333
held_out,saod_top3,saturate,4,extra,pooled,0.5389614800347222,0.5251196586765223,0.9264583333333334
held_out,saod_top3,saturate,5,extra,pooled,0.5716799045138888,0.5496087697164078,0.90125
held_out,saod_min,gaussian_noise,1,common,pooled,0.5501671440972222,0.5401606116607194,0.9289583333333333
held_out,saod_min,gaussian_noise,2,common,pooled,0.5934325303819444,0.5791949594288945,0.9127083333333333
held_out,saod_min,gaussian_noise,3,common,pooled,0.6772720486111111,0.663382947272398,0.8535416666666666
held_out,saod_min,gaussian_noise,4,common,pooled,0.8040285590277778,0.7899909531243114,0.7033333333333334
held_out,saod_min,gaussian_noise,5,common,pooled,0.9278654513888889,0.9139944049163296,0.31916666666666665
held_out,saod_min,shot_noise,1,common,pooled,0.5430762152777778,0.5354959986461109,0.933125
held_out,saod_min,shot_noise,2,common,pooled,0.5895993272569444,0.5788525368051187,0.908125
held_out,saod_min,shot_noise,3,common,pooled,0.6667823567708333,0.6533967784581554,0.856875
held_out,saod_min,shot_noise,4,common,pooled,0.8159807508680555,0.801391755193948,0.6733333333333333
held_out,saod_min,shot_noise,5,common,pooled,0.9093663411458334,0.8935109772484717,0.37583333333333335
held_out,saod_min,impulse_noise,1,common,pooled,0.5849202256944445,0.5760053913123532,0.9147916666666667
held_out,saod_min,impulse_noise,2,common,pooled,0.6339838758680556,0.6224458814675355,0.883125
held_out,saod_min,impulse_noise,3,common,pooled,0.6833515190972222,0.6706054822032596,0.8504166666666667
held_out,saod_min,impulse_noise,4,common,pooled,0.8115970920138889,0.7979758341183737,0.68625
held_out,saod_min,impulse_noise,5,common,pooled,0.9227197265625,0.9078162170159774,0.33375
held_out,saod_min,defocus_blur,1,common,pooled,0.5782293402777777,0.5570309281406254,0.9095833333333333
held_out,saod_min,defocus_blur,2,common,pooled,0.6152912326388889,0.5888258148540048,0.8879166666666667
held_out,saod_min,defocus_blur,3,common,pooled,0.6829048611111111,0.6541708555056898,0.8391666666666666
held_out,saod_min,defocus_blur,4,common,pooled,0.7422572482638888,0.7139243296750336,0.7691666666666667
held_out,saod_min,defocus_blur,5,common,pooled,0.7949893012152778,0.7708475738110461,0.669375
held_out,saod_min,glass_blur,1,common,pooled,0.5775484375,0.5616427340612231,0.9120833333333334
held_out,saod_min,glass_blur,2,common,pooled,0.6351384548611111,0.6130324257830189,0.8754166666666666
held_out,saod_min,glass_blur,3,common,pooled,0.7696159071180556,0.758576529175842,0.7585416666666667
held_out,saod_min,glass_blur,4,common,pooled,0.7985471788194445,0.7874791766330262,0.704375
held_out,saod_min,glass_blur,5,common,pooled,0.8396454644097222,0.8280651748037848,0.616875
held_out,saod_min,motion_blur,1,common,pooled,0.5521184244791667,0.5385304544503697,0.9289583333333333
held_out,saod_min,motion_blur,2,common,pooled,0.5944233289930556,0.5741325682092498,0.9095833333333333
held_out,saod_min,motion_blur,3,common,pooled,0.6618047743055555,0.6382404607448148,0.8625
held_out,saod_min,motion_blur,4,common,pooled,0.7412984375,0.7197040452721347,0.788125
held_out,saod_min,motion_blur,5,common,pooled,0.7928807291666666,0.7731909861930215,0.71
held_out,saod_min,zoom_blur,1,common,pooled,0.7324032986111111,0.7024947920029061,0.78125
held_out,saod_min,zoom_blur,2,common,pooled,0.7890223958333333,0.7648129163752826,0.6922916666666666
held_out,saod_min,zoom_blur,3,common,pooled,0.8364398654513889,0.8148153985400042,0.59875
held_out,saod_min,zoom_blur,4,common,pooled,0.8633654730902778,0.8460571600636363,0.5485416666666667
held_out,saod_min,zoom_blur,5,common,pooled,0.8875146267361111,0.871231084457315,0.47770833333333335
held_out,saod_min,snow,1,common,pooled,0.5871420789930556,0.5800943253652571,0.910625
held_out,saod_min,snow,2,common,pooled,0.6522793402777778,0.6439388507144685,0.8791666666666667
held_out,saod_min,snow,3,common,pooled,0.6754001736111112,0.6681397778895548,0.8597916666666666
held_out,saod_min,snow,4,common,pooled,0.7343048394097222,0.7262787134044815,0.8189583333333333
held_out,saod_min,snow,5,common,pooled,0.7234831814236111,0.7153278206630577,0.8308333333333333
held_out,saod_min,frost,1,common,pooled,0.5536061848958334,0.550127692152926,0.9295833333333333
held_out,saod_min,frost,2,common,pooled,0.6199634548611112,0.6135302516990983,0.9029166666666667
held_out,saod_min,frost,3,common,pooled,0.6715220703125,0.6655441744649184,0.8547916666666666
held_out,saod_min,frost,4,common,pooled,0.6778906684027778,0.674750621210549,0.8566666666666667
held_out,saod_min,frost,5,common,pooled,0.7110884765625,0.707747695072469,0.8289583333333334
held_out,saod_min,fog,1,common,pooled,0.5159687065972223,0.5143261445584277,0.9460416666666667
held_out,saod_min,fog,2,common,pooled,0.5256490885416667,0.522527811370612,0.9404166666666667
held_out,saod_min,fog,3,common,pooled,0.5397943576388889,0.533074431190871,0.9347916666666667
held_out,saod_min,fog,4,common,pooled,0.54684140625,0.5413790980053491,0.9302083333333333
held_out,saod_min,fog,5,common,pooled,0.5731524956597223,0.564339231204294,0.9170833333333334
held_out,saod_min,brightness,1,common,pooled,0.49874264322916667,0.500107625248739,0.94875
held_out,saod_min,brightness,2,common,pooled,0.5057037543402778,0.5069913008233484,0.9472916666666666
held_out,saod_min,brightness,3,common,pooled,0.5161386067708333,0.5158034422824533,0.945
held_out,saod_min,brightness,4,common,pooled,0.5305312717013889,0.528759017798613,0.9377083333333334
held_out,saod_min,brightness,5,common,pooled,0.5490287760416667,0.5468020427273487,0.9335416666666667
held_out,saod_min,contrast,1,common,pooled,0.5126451171875,0.5117837579397797,0.9458333333333333
held_out,saod_min,contrast,2,common,pooled,0.5261350477430555,0.5229196051244223,0.94
held_out,saod_min,contrast,3,common,pooled,0.55332578125,0.5455990359978522,0.9291666666666667
held_out,saod_min,contrast,4,common,pooled,0.6412766710069444,0.6235417420752007,0.8677083333333333
held_out,saod_min,contrast,5,common,pooled,0.8009474392361111,0.7858048884626688,0.6827083333333334
held_out,saod_min,elastic_transform,1,common,pooled,0.5457021918402778,0.5377583028400783,0.9277083333333334
held_out,saod_min,elastic_transform,2,common,pooled,0.5758052300347222,0.5699297230096336,0.9158333333333334
held_out,saod_min,elastic_transform,3,common,pooled,0.6277826605902778,0.6265209275387397,0.9029166666666667
held_out,saod_min,elastic_transform,4,common,pooled,0.6701787760416666,0.6717711901537126,0.8789583333333333
held_out,saod_min,elastic_transform,5,common,pooled,0.7342043185763889,0.7366155394205655,0.8277083333333334
held_out,saod_min,pixelate,1,common,pooled,0.5315673177083333,0.5260104447865908,0.9360416666666667
held_out,saod_min,pixelate,2,common,pooled,0.5408143880208334,0.5342965125564236,0.9322916666666666
held_out,saod_min,pixelate,3,common,pooled,0.628419140625,0.626154938706835,0.9029166666666667
held_out,saod_min,pixelate,4,common,pooled,0.7928393446180556,0.7980585774162311,0.7935416666666667
held_out,saod_min,pixelate,5,common,pooled,0.8969225694444445,0.8954445542578456,0.5354166666666667
held_out,saod_min,jpeg_compression,1,common,pooled,0.5765022135416666,0.5553944512494053,0.910625
held_out,saod_min,jpeg_compression,2,common,pooled,0.6088590711805556,0.5850686635215463,0.8889583333333333
held_out,saod_min,jpeg_compression,3,common,pooled,0.6347865885416667,0.6094247009777853,0.8654166666666666
held_out,saod_min,jpeg_compression,4,common,pooled,0.7166744140625,0.6935986390056038,0.7960416666666666
held_out,saod_min,jpeg_compression,5,common,pooled,0.8076191840277778,0.7891762013413129,0.67
held_out,saod_min,speckle_noise,1,extra,pooled,0.5317274088541667,0.5258821384380079,0.9391666666666667
held_out,saod_min,speckle_noise,2,extra,pooled,0.5501394314236111,0.5428123603289299,0.9314583333333334
held_out,saod_min,speckle_noise,3,extra,pooled,0.6286109592013889,0.6200146767351398,0.8864583333333333
held_out,saod_min,speckle_noise,4,extra,pooled,0.6874494791666667,0.6759647209010604,0.8529166666666667
held_out,saod_min,speckle_noise,5,extra,pooled,0.7679611545138889,0.7571688418027706,0.7439583333333334
held_out,saod_min,gaussian_blur,1,extra,pooled,0.5383065104166667,0.5248444506614821,0.9289583333333333
held_out,saod_min,gaussian_blur,2,extra,pooled,0.6016043185763889,0.5761228582125499,0.8935416666666667
held_out,saod_min,gaussian_blur,3,extra,pooled,0.6588095052083334,0.6295392316267493,0.8564583333333333
held_out,saod_min,gaussian_blur,4,extra,pooled,0.70977734375,0.6821340946543692,0.806875
held_out,saod_min,gaussian_blur,5,extra,pooled,0.8020255859375,0.7814536538685768,0.670625
held_out,saod_min,spatter,1,extra,pooled,0.5066904296875,0.505397966159608,0.946875
held_out,saod_min,spatter,2,extra,pooled,0.5638442274305555,0.5548446715307053,0.9154166666666667
held_out,saod_min,spatter,3,extra,pooled,0.5980663194444444,0.5890920479799513,0.9066666666666666
held_out,saod_min,spatter,4,extra,pooled,0.6688909939236111,0.6545262177837426,0.855625
held_out,saod_min,spatter,5,extra,pooled,0.7382945746527778,0.7220369378707512,0.78125
held_out,saod_min,saturate,1,extra,pooled,0.512028515625,0.51073730677229,0.94625
held_out,saod_min,saturate,2,extra,pooled,0.5269120442708334,0.5239080795310951,0.94
held_out,saod_min,saturate,3,extra,pooled,0.5113827907986112,0.5089348973666562,0.9466666666666667
held_out,saod_min,saturate,4,extra,pooled,0.5467105034722223,0.5377409720307649,0.9316666666666666
held_out,saod_min,saturate,5,extra,pooled,0.5853064453125,0.5735697059348202,0.9125
held_out,contrastive,gaussian_noise,1,common,fold-averaged,0.5198120659722223,0.5132793295706363,0.9393750000000001
held_out,contrastive,gaussian_noise,2,common,fold-averaged,0.5414819878472222,0.5286761430824064,0.9199999999999999
held_out,contrastive,gaussian_noise,3,common,fold-averaged,0.5927469618055555,0.5677345240120425,0.880625
held_out,contrastive,gaussian_noise,4,common,fold-averaged,0.6741653645833333,0.6413798271172277,0.8081250000000001
held_out,contrastive,gaussian_noise,5,common,fold-averaged,0.7973140190972222,0.7638020725763655,0.6710416666666668
held_out,contrastive,shot_noise,1,common,fold-averaged,0.513162109375,0.5073678774950849,0.9364583333333332
held_out,contrastive,shot_noise,2,common,fold-averaged,0.5361182725694444,0.5236966831029166,0.9174999999999999
held_out,contrastive,shot_noise,3,common,fold-averaged,0.5778270399305556,0.554949747942078,0.889375
held_out,contrastive,shot_noise,4,common,fold-averaged,0.6797473958333333,0.6446783983532,0.7987500000000001
held_out,contrastive,shot_noise,5,common,fold-averaged,0.7771864149305556,0.7447920840983537,0.7052083333333333
held_out,contrastive,impulse_noise,1,common,fold-averaged,0.5439702690972222,0.5313965981220405,0.9204166666666668
held_out,contrastive,impulse_noise,2,common,fold-averaged,0.5670496961805556,0.54958546676878,0.9020833333333333
held_out,contrastive,impulse_noise,3,common,fold-averaged,0.5945807291666667,0.5725870711904802,0.8808333333333334
held_out,contrastive,impulse_noise,4,common,fold-averaged,0.6761367187499999,0.6448433896208793,0.8041666666666666
held_out,contrastive,impulse_noise,5,common,fold-averaged,0.7827120225694445,0.7486737500082732,0.6935416666666667
held_out,contrastive,defocus_blur,1,common,fold-averaged,0.5035807291666666,0.489453250764644,0.9241666666666666
held_out,contrastive,defocus_blur,2,common,fold-averaged,0.5049529079861111,0.48617004049553547,0.9139583333333334
held_out,contrastive,defocus_blur,3,common,fold-averaged,0.5158016493055555,0.48982717785070146,0.8964583333333334
held_out,contrastive,defocus_blur,4,common,fold-averaged,0.5352447916666666,0.500407027806954,0.8802083333333334
held_out,contrastive,defocus_blur,5,common,fold-averaged,0.5608266059027778,0.5192805182489566,0.8660416666666666
held_out,contrastive,glass_blur,1,common,fold-averaged,0.5252408854166667,0.5079044102839451,0.914375
held_out,contrastive,glass_blur,2,common,fold-averaged,0.5391343315972221,0.5125413978945292,0.8910416666666666
held_out,contrastive,glass_blur,3,common,fold-averaged,0.603994357638889,0.5634889161718745,0.8322916666666667
held_out,contrastive,glass_blur,4,common,fold-averaged,0.6174496527777779,0.574481022548009,0.8283333333333334
held_out,contrastive,glass_blur,5,common,fold-averaged,0.6426106770833333,0.5957155211338974,0.8014583333333333
held_out,contrastive,motion_blur,1,common,fold-averaged,0.49772352430555555,0.49086728821547104,0.9410416666666667
held_out,contrastive,motion_blur,2,common,fold-averaged,0.5009448784722222,0.48839777154799363,0.9356250000000002
held_out,contrastive,motion_blur,3,common,fold-averaged,0.5184809027777778,0.4962012487463279,0.91375
held_out,contrastive,motion_blur,4,common,fold-averaged,0.5505481770833333,0.5196733254545238,0.88375
held_out,contrastive,motion_blur,5,common,fold-averaged,0.5802476128472221,0.5423524367579321,0.8643749999999999
held_out,contrastive,zoom_blur,1,common,fold-averaged,0.5387738715277777,0.5087581215758168,0.8897916666666668
held_out,contrastive,zoom_blur,2,common,fold-averaged,0.565333984375,0.5278919909480078,0.8729166666666668
held_out,contrastive,zoom_blur,3,common,fold-averaged,0.6112934027777778,0.5656597209954072,0.8385416666666666
held_out,contrastive,zoom_blur,4,common,fold-averaged,0.6331595052083333,0.5864243892300756,0.8202083333333334
held_out,contrastive,zoom_blur,5,common,fold-averaged,0.6668721788194445,0.6195747631490789,0.7949999999999999
held_out,contrastive,snow,1,common,fold-averaged,0.5439555121527778,0.5317761637429235,0.9237500000000001
held_out,contrastive,snow,2,common,fold-averaged,0.5656759982638888,0.5441007625843761,0.9054166666666668
held_out,contrastive,snow,3,common,fold-averaged,0.590958984375,0.5685096394648015,0.8966666666666667
held_out,contrastive,snow,4,common,fold-averaged,0.6208085937499999,0.5967039456431931,0.8695833333333333
held_out,contrastive,snow,5,common,fold-averaged,0.6051562500000001,0.5771555186677031,0.8795833333333334
held_out,contrastive,frost,1,common,fold-averaged,0.5207302517361111,0.5130621443222539,0.9397916666666667
held_out,contrastive,frost,2,common,fold-averaged,0.5439856770833333,0.5260852754010619,0.92125
held_out,contrastive,frost,3,common,fold-averaged,0.5680056423611111,0.5444522989450891,0.8983333333333334
held_out,contrastive,frost,4,common,fold-averaged,0.572431640625,0.548977765990078,0.8975
held_out,contrastive,frost,5,common,fold-averaged,0.5878279079861113,0.5616390514385803,0.8883333333333333
held_out,contrastive,fog,1,common,fold-averaged,0.49980295138888886,0.4983503204583622,0.9497916666666667
held_out,contrastive,fog,2,common,fold-averaged,0.5010143229166666,0.49853787165148783,0.9497916666666667
held_out,contrastive,fog,3,common,fold-averaged,0.5024832899305556,0.4985730236025786,0.9470833333333333
held_out,contrastive,fog,4,common,fold-averaged,0.5074090711805554,0.5016726395947323,0.9433333333333334
held_out,contrastive,fog,5,common,fold-averaged,0.5145985243055555,0.5056629611758329,0.9360416666666665
held_out,contrastive,brightness,1,common,fold-averaged,0.5037905815972221,0.5044164759788548,0.9466666666666667
held_out,contrastive,brightness,2,common,fold-averaged,0.5102300347222222,0.5088931574862546,0.9425000000000001
held_out,contrastive,brightness,3,common,fold-averaged,0.5145983072916668,0.5116639604017961,0.9391666666666666
held_out,contrastive,brightness,4,common,fold-averaged,0.5205384114583333,0.5148340038437341,0.9364583333333334
held_out,contrastive,brightness,5,common,fold-averaged,0.5274830729166666,0.5187576284585294,0.930625
held_out,contrastive,contrast,1,common,fold-averaged,0.49692296006944436,0.4963763970234602,0.951875
held_out,contrastive,contrast,2,common,fold-averaged,0.49718164062500003,0.49533161516332297,0.9508333333333333
held_out,contrastive,contrast,3,common,fold-averaged,0.5023956163194445,0.49634046751386995,0.9452083333333332
held_out,contrastive,contrast,4,common,fold-averaged,0.5249887152777778,0.5061517839892634,0.9231250000000001
held_out,contrastive,contrast,5,common,fold-averaged,0.6020049913194445,0.5629923567486947,0.8550000000000001
held_out,contrastive,elastic_transform,1,common,fold-averaged,0.5224470486111112,0.5145151890694579,0.9320833333333333
held_out,contrastive,elastic_transform,2,common,fold-averaged,0.5314392361111111,0.5191752516850723,0.9225
held_out,contrastive,elastic_transform,3,common,fold-averaged,0.5511317274305556,0.5306619518673671,0.9060416666666666
held_out,contrastive,elastic_transform,4,common,fold-averaged,0.5648550347222223,0.5399222295731807,0.8949999999999999
held_out,contrastive,elastic_transform,5,common,fold-averaged,0.587837890625,0.5555572369611592,0.8766666666666666
held_out,contrastive,pixelate,1,common,fold-averaged,0.5221963975694445,0.5189254394476606,0.9331250000000001
held_out,contrastive,pixelate,2,common,fold-averaged,0.5262046440972222,0.5216136800548651,0.93125
held_out,contrastive,pixelate,3,common,fold-averaged,0.5759307725694445,0.5585769514660734,0.8949999999999999
held_out,contrastive,pixelate,4,common,fold-averaged,0.6637356770833333,0.6296092493692933,0.8258333333333333
held_out,contrastive,pixelate,5,common,fold-averaged,0.7434496527777779,0.6984045346624288,0.7479166666666667
held_out,contrastive,jpeg_compression,1,common,fold-averaged,0.5251495225694442,0.5118035861397043,0.9245833333333333
held_out,contrastive,jpeg_compression,2,common,fold-averaged,0.5443834635416667,0.5239924496780451,0.9020833333333333
held_out,contrastive,jpeg_compression,3,common,fold-averaged,0.5609305555555555,0.5362491018703607,0.8904166666666666
held_out,contrastive,jpeg_compression,4,common,fold-averaged,0.6187706163194444,0.5824952359804899,0.8435416666666666
held_out,contrastive,jpeg_compression,5,common,fold-averaged,0.6839581163194445,0.6476230669992598,0.795625
held_out,contrastive,speckle_noise,1,extra,fold-averaged,0.5082128906250001,0.5043643262094675,0.9422916666666665
held_out,contrastive,speckle_noise,2,extra,fold-averaged,0.5171204427083333,0.5096642040335017,0.9333333333333333
held_out,contrastive,speckle_noise,3,extra,fold-averaged,0.5546953125,0.5359832452327836,0.9049999999999999
held_out,contrastive,speckle_noise,4,extra,fold-averaged,0.5825386284722223,0.5576660983132844,0.881875
held_out,contrastive,speckle_noise,5,extra,fold-averaged,0.6328218315972222,0.5987108199058422,0.8416666666666668
held_out,contrastive,gaussian_blur,1,extra,fold-averaged,0.5230831163194445,0.5105193280334606,0.913125
held_out,contrastive,gaussian_blur,2,extra,fold-averaged,0.5221694878472223,0.4985993550666308,0.8954166666666667
held_out,contrastive,gaussian_blur,3,extra,fold-averaged,0.5298988715277778,0.5000692827418203,0.8860416666666666
held_out,contrastive,gaussian_blur,4,extra,fold-averaged,0.5429029947916668,0.507389862960504,0.87625
held_out,contrastive,gaussian_blur,5,extra,fold-averaged,0.5870266927083334,0.5414403296937884,0.8439583333333335
held_out,contrastive,spatter,1,extra,fold-averaged,0.5046130642361111,0.5038459280809757,0.9435416666666667
held_out,contrastive,spatter,2,extra,fold-averaged,0.5389053819444445,0.5285066501095592,0.9229166666666666
held_out,contrastive,spatter,3,extra,fold-averaged,0.5451469184027777,0.5333048627103472,0.9204166666666665
held_out,contrastive,spatter,4,extra,fold-averaged,0.6313556857638889,0.6317170091337202,0.8568749999999999
held_out,contrastive,spatter,5,extra,fold-averaged,0.6408107638888889,0.6199276287580184,0.8360416666666668
held_out,contrastive,saturate,1,extra,fold-averaged,0.49879199218750003,0.4956764323785965,0.9491666666666667
held_out,contrastive,saturate,2,extra,fold-averaged,0.5108514539930555,0.5027780427516089,0.9370833333333334
held_out,contrastive,saturate,3,extra,fold-averaged,0.5086782769097222,0.5070128372071613,0.9454166666666666
held_out,contrastive,saturate,4,extra,fold-averaged,0.5218732638888888,0.5144769991243738,0.9289583333333333
held_out,contrastive,saturate,5,extra,fold-averaged,0.5402430555555556,0.5248993046941229,0.914375
held_out,knn,gaussian_noise,1,common,pooled,0.5357439236111111,0.5298846005418711,0.9279166666666666
held_out,knn,gaussian_noise,2,common,pooled,0.5789377821180556,0.569081631154287,0.8910416666666666
held_out,knn,gaussian_noise,3,common,pooled,0.6695435546875,0.6624670614508272,0.804375
held_out,knn,gaussian_noise,4,common,pooled,0.7959534939236111,0.8001964166342025,0.639375
held_out,knn,gaussian_noise,5,common,pooled,0.9223101128472222,0.9252060901286377,0.37916666666666665
held_out,knn,shot_noise,1,common,pooled,0.5355377821180556,0.5296152359425497,0.9285416666666667
held_out,knn,shot_noise,2,common,pooled,0.5836166883680556,0.5729655708304942,0.878125
held_out,knn,shot_noise,3,common,pooled,0.6640422309027778,0.6561578967870567,0.803125
held_out,knn,shot_noise,4,common,pooled,0.8164809678819445,0.8199047170844254,0.5989583333333334
held_out,knn,shot_noise,5,common,pooled,0.9164531467013889,0.9188987317415602,0.39458333333333334
held_out,knn,impulse_noise,1,common,pooled,0.5897084635416666,0.5808126742375782,0.8875
held_out,knn,impulse_noise,2,common,pooled,0.6319573567708333,0.6232919150681815,0.8435416666666666
held_out,knn,impulse_noise,3,common,pooled,0.6793695095486111,0.6734534261710097,0.7964583333333334
held_out,knn,impulse_noise,4,common,pooled,0.8036959418402778,0.8080542409685172,0.62625
held_out,knn,impulse_noise,5,common,pooled,0.9131230034722222,0.9170835907974603,0.42083333333333334
held_out,knn,defocus_blur,1,common,pooled,0.5841782118055555,0.5582854261500245,0.8614583333333333
held_out,knn,defocus_blur,2,common,pooled,0.6201155164930555,0.5857974396750772,0.818125
held_out,knn,defocus_blur,3,common,pooled,0.6800970052083334,0.6402877782856108,0.730625
held_out,knn,defocus_blur,4,common,pooled,0.7404966362847222,0.7026588090844574,0.6408333333333334
held_out,knn,defocus_blur,5,common,pooled,0.7968814670138888,0.765112912526912,0.5591666666666667
held_out,knn,glass_blur,1,common,pooled,0.5995923828125,0.5757468635328635,0.8595833333333334
held_out,knn,glass_blur,2,common,pooled,0.6637373697916666,0.6331975558293548,0.791875
held_out,knn,glass_blur,3,common,pooled,0.8134785373263889,0.8050818834528672,0.6158333333333333
held_out,knn,glass_blur,4,common,pooled,0.837670703125,0.8300643419934646,0.5614583333333333
held_out,knn,glass_blur,5,common,pooled,0.8694299479166666,0.862130330181053,0.48291666666666666
held_out,knn,motion_blur,1,common,pooled,0.5394314236111111,0.5298794311768305,0.9229166666666667
held_out,knn,motion_blur,2,common,pooled,0.5729667534722223,0.5544193452902315,0.8858333333333334
held_out,knn,motion_blur,3,common,pooled,0.6357499131944444,0.6088209905743485,0.821875
held_out,knn,motion_blur,4,common,pooled,0.7207831597222222,0.6923452264428556,0.693125
held_out,knn,motion_blur,5,common,pooled,0.7763740234375,0.7511365346833048,0.6172916666666667
held_out,knn,zoom_blur,1,common,pooled,0.7022309027777778,0.6721186622116875,0.7520833333333333
held_out,knn,zoom_blur,2,common,pooled,0.7704225043402778,0.7436475611728011,0.648125
held_out,knn,zoom_blur,3,common,pooled,0.8305344184027778,0.8096606838502215,0.5485416666666667
held_out,knn,zoom_blur,4,common,pooled,0.8668655815972223,0.8489896539566322,0.46770833333333334
held_out,knn,zoom_blur,5,common,pooled,0.8872729383680555,0.8724679319992592,0.41875
held_out,knn,snow,1,common,pooled,0.5877737630208333,0.5806809302700258,0.8910416666666666
held_out,knn,snow,2,common,pooled,0.6297348741319444,0.6312442864798602,0.874375
held_out,knn,snow,3,common,pooled,0.6671905381944444,0.6725233583708757,0.83125
held_out,knn,snow,4,common,pooled,0.7182025607638889,0.7255563864754726,0.7770833333333333
held_out,knn,snow,5,common,pooled,0.6984025390625,0.7051845277412381,0.8164583333333333
held_out,knn,frost,1,common,pooled,0.5460830512152778,0.5387518635054176,0.9279166666666666
held_out,knn,frost,2,common,pooled,0.6107612196180555,0.6017674778324661,0.89125
held_out,knn,frost,3,common,pooled,0.659041015625,0.6535130376914822,0.856875
held_out,knn,frost,4,common,pooled,0.6683610026041666,0.6645557165229894,0.8389583333333334
held_out,knn,frost,5,common,pooled,0.7031353949652778,0.698961751898697,0.803125
held_out,knn,fog,1,common,pooled,0.5195172092013889,0.5160559175606199,0.9391666666666667
held_out,knn,fog,2,common,pooled,0.5273596788194445,0.5225969398916653,0.935
held_out,knn,fog,3,common,pooled,0.5406819010416667,0.533230948883686,0.9252083333333333
held_out,knn,fog,4,common,pooled,0.5515608723958333,0.5429454348611042,0.91875
held_out,knn,fog,5,common,pooled,0.5824582682291667,0.5721610206092247,0.8922916666666667
held_out,knn,brightness,1,common,pooled,0.5013344401041666,0.5014036825733689,0.9475
held_out,knn,brightness,2,common,pooled,0.506677734375,0.5054947630385187,0.9445833333333333
held_out,knn,brightness,3,common,pooled,0.5142555555555556,0.5113982912152749,0.9391666666666667
held_out,knn,brightness,4,common,pooled,0.5251639756944444,0.5201293972659518,0.933125
held_out,knn,brightness,5,common,pooled,0.5408470703125,0.5334689542838806,0.9239583333333333
held_out,knn,contrast,1,common,pooled,0.5166251953125,0.5143995294271168,0.9420833333333334
held_out,knn,contrast,2,common,pooled,0.5265908854166667,0.522700801159057,0.9327083333333334
held_out,knn,contrast,3,common,pooled,0.5491673828125,0.541853911818641,0.91875
held_out,knn,contrast,4,common,pooled,0.6330826388888889,0.6204820034586482,0.8439583333333334
held_out,knn,contrast,5,common,pooled,0.8156496961805556,0.8089984169600086,0.58
held_out,knn,elastic_transform,1,common,pooled,0.5541926215277778,0.5371996509036434,0.925
held_out,knn,elastic_transform,2,common,pooled,0.5841324001736111,0.5616458852296154,0.9089583333333333
held_out,knn,elastic_transform,3,common,pooled,0.6315972005208333,0.6055537864939193,0.8822916666666667
held_out,knn,elastic_transform,4,common,pooled,0.6691854817708334,0.6438338659595169,0.856875
held_out,knn,elastic_transform,5,common,pooled,0.7169247395833334,0.6950420072956107,0.8235416666666666
held_out,knn,pixelate,1,common,pooled,0.5178964192708333,0.5120792468565591,0.9360416666666667
held_out,knn,pixelate,2,common,pooled,0.5283708333333333,0.5191813748515182,0.9283333333333333
held_out,knn,pixelate,3,common,pooled,0.6270358723958334,0.6042830823412603,0.835625
held_out,knn,pixelate,4,common,pooled,0.8138924696180555,0.8046207337349032,0.594375
held_out,knn,pixelate,5,common,pooled,0.9216046440972222,0.919683370947801,0.361875
held_out,knn,jpeg_compression,1,common,pooled,0.5382811848958333,0.525289641309614,0.9116666666666666
held_out,knn,jpeg_compression,2,common,pooled,0.5700347439236111,0.5487964888152608,0.8710416666666667
held_out,knn,jpeg_compression,3,common,pooled,0.5981519748263889,0.572167597296373,0.844375
held_out,knn,jpeg_compression,4,common,pooled,0.6917055555555556,0.6584856498191465,0.7304166666666667
held_out,knn,jpeg_compression,5,common,pooled,0.7938499782986111,0.7676656123483534,0.5952083333333333
held_out,knn,speckle_noise,1,extra,pooled,0.5263335286458334,0.5218495610179638,0.9316666666666666
held_out,knn,speckle_noise,2,extra,pooled,0.5457064887152778,0.5379439903260159,0.9133333333333333
held_out,knn,speckle_noise,3,extra,pooled,0.626514453125,0.6138092811867489,0.8379166666666666
held_out,knn,speckle_noise,4,extra,pooled,0.6859074001736111,0.6772595202365551,0.7666666666666667
held_out,knn,speckle_noise,5,extra,pooled,0.7653964409722223,0.7645061876278021,0.6654166666666667
held_out,knn,gaussian_blur,1,extra,pooled,0.5672276475694444,0.545842728788949,0.88
held_out,knn,gaussian_blur,2,extra,pooled,0.6312668836805555,0.592405903785025,0.7947916666666667
held_out,knn,gaussian_blur,3,extra,pooled,0.6777044704861112,0.6357953715932048,0.7377083333333333
held_out,knn,gaussian_blur,4,extra,pooled,0.7255542100694444,0.6867649924970578,0.6695833333333333
held_out,knn,gaussian_blur,5,extra,pooled,0.8255859809027778,0.8008751160599266,0.5295833333333333
held_out,knn,spatter,1,extra,pooled,0.5185012586805555,0.5120050210150584,0.9322916666666666
held_out,knn,spatter,2,extra,pooled,0.6080496744791667,0.5769980675404366,0.8416666666666667
held_out,knn,spatter,3,extra,pooled,0.6077776041666667,0.5911640959137459,0.8620833333333333
held_out,knn,spatter,4,extra,pooled,0.7760265842013889,0.7401847210661432,0.6022916666666667
held_out,knn,spatter,5,extra,pooled,0.7862652560763889,0.7501947923651335,0.5891666666666666
held_out,knn,saturate,1,extra,pooled,0.5092141059027778,0.5083344068966271,0.9445833333333333
held_out,knn,saturate,2,extra,pooled,0.5197523654513889,0.515935407087394,0.9358333333333333
held_out,knn,saturate,3,extra,pooled,0.5061733506944445,0.5056809243341218,0.9454166666666667
held_out,knn,saturate,4,extra,pooled,0.5349475694444444,0.5271749978955144,0.924375
held_out,knn,saturate,5,extra,pooled,0.5814396050347223,0.5615565486955305,0.879375
held_out,discopatch,gaussian_noise,1,common,pooled,0.8776642144097222,0.8704030922756156,0.4527083333333333
held_out,discopatch,gaussian_noise,2,common,pooled,0.9511539279513889,0.9462659291747001,0.21416666666666667
held_out,discopatch,gaussian_noise,3,common,pooled,0.9868929904513889,0.9842162977916483,0.059166666666666666
held_out,discopatch,gaussian_noise,4,common,pooled,0.9970553385416666,0.9953996449953231,0.010625
held_out,discopatch,gaussian_noise,5,common,pooled,0.9991359592013889,0.998075915344239,0.0016666666666666668
held_out,discopatch,shot_noise,1,common,pooled,0.8686677951388889,0.8546245697646094,0.4475
held_out,discopatch,shot_noise,2,common,pooled,0.9420286892361112,0.9337175882397454,0.23395833333333332
held_out,discopatch,shot_noise,3,common,pooled,0.9747878255208333,0.9705004448023267,0.11541666666666667
held_out,discopatch,shot_noise,4,common,pooled,0.9898341796875,0.9875949764717218,0.04604166666666667
held_out,discopatch,shot_noise,5,common,pooled,0.9929758029513889,0.9909895471301204,0.031875
held_out,discopatch,impulse_noise,1,common,pooled,0.9230345486111111,0.9121311460318137,0.2925
held_out,discopatch,impulse_noise,2,common,pooled,0.9779523654513889,0.9737342038556048,0.10083333333333333
held_out,discopatch,impulse_noise,3,common,pooled,0.9917053602430556,0.9892084059013042,0.03770833333333334
held_out,discopatch,impulse_noise,4,common,pooled,0.9984818142361112,0.9970774189700424,0.00375
held_out,discopatch,impulse_noise,5,common,pooled,0.9992774088541667,0.9982339811597343,0.0010416666666666667
held_out,discopatch,defocus_blur,1,common,pooled,0.6573311631944444,0.6224100393654404,0.8279166666666666
held_out,discopatch,defocus_blur,2,common,pooled,0.7260050347222222,0.6817620262460558,0.7252083333333333
held_out,discopatch,defocus_blur,3,common,pooled,0.7970763020833334,0.7450440793446218,0.5679166666666666
held_out,discopatch,defocus_blur,4,common,pooled,0.8292990017361112,0.7738279609195786,0.4922916666666667
held_out,discopatch,defocus_blur,5,common,pooled,0.8483494791666667,0.79025748111887,0.4372916666666667
held_out,discopatch,glass_blur,1,common,pooled,0.6759026041666667,0.6387508753167033,0.805
held_out,discopatch,glass_blur,2,common,pooled,0.7753124565972223,0.734965193941997,0.6272916666666667
held_out,discopatch,glass_blur,3,common,pooled,0.8808869791666667,0.8511385000422367,0.38916666666666666
held_out,discopatch,glass_blur,4,common,pooled,0.9104772569444445,0.887711443472406,0.31416666666666665
held_out,discopatch,glass_blur,5,common,pooled,0.9354839409722222,0.9186730205736612,0.2425
held_out,discopatch,motion_blur,1,common,pooled,0.5812137152777778,0.5600838124218878,0.9079166666666667
held_out,discopatch,motion_blur,2,common,pooled,0.6613723958333333,0.6241614755042866,0.83
held_out,discopatch,motion_blur,3,common,pooled,0.7436649305555556,0.6967602997168179,0.6885416666666667
held_out,discopatch,motion_blur,4,common,pooled,0.8014318576388889,0.7520699293183156,0.5679166666666666
held_out,discopatch,motion_blur,5,common,pooled,0.8307476128472222,0.7823462356866424,0.5008333333333334
held_out,discopatch,zoom_blur,1,common,pooled,0.7472956163194444,0.694525482631096,0.6779166666666666
held_out,discopatch,zoom_blur,2,common,pooled,0.7882772569444444,0.7329550413218573,0.5929166666666666
held_out,discopatch,zoom_blur,3,common,pooled,0.8209650607638889,0.7701894401702498,0.5275
held_out,discopatch,zoom_blur,4,common,pooled,0.8377883680555556,0.7879156982398532,0.481875
held_out,discopatch,zoom_blur,5,common,pooled,0.8540951388888889,0.8090914667814817,0.45229166666666665
held_out,discopatch,snow,1,common,pooled,0.7558393663194445,0.6951722321037211,0.61125
held_out,discopatch,snow,2,common,pooled,0.8410175347222222,0.7871381505680342,0.41854166666666665
held_out,discopatch,snow,3,common,pooled,0.835372265625,0.767060680861326,0.40708333333333335
held_out,discopatch,snow,4,common,pooled,0.8664764756944444,0.8002004778934979,0.346875
held_out,discopatch,snow,5,common,pooled,0.8432641493055556,0.7735847091009819,0.39229166666666665
held_out,discopatch,frost,1,common,pooled,0.6578729166666667,0.607249478135783,0.7954166666666667
held_out,discopatch,frost,2,common,pooled,0.7779789930555555,0.7232011637855464,0.5960416666666667
held_out,discopatch,frost,3,common,pooled,0.8318815972222222,0.7803927104233249,0.47
held_out,discopatch,frost,4,common,pooled,0.8467590277777778,0.8001742698985813,0.45395833333333335
held_out,discopatch,frost,5,common,pooled,0.8717724826388888,0.8295802088592525,0.3883333333333333
held_out,discopatch,fog,1,common,pooled,0.6038299696180556,0.5887462683487861,0.8929166666666667
held_out,discopatch,fog,2,common,pooled,0.6550461805555555,0.6348833449942639,0.85
held_out,discopatch,fog,3,common,pooled,0.7246146701388889,0.6993708159580376,0.755625
held_out,discopatch,fog,4,common,pooled,0.75569453125,0.7341555907610555,0.7175
held_out,discopatch,fog,5,common,pooled,0.8383141493055556,0.8222931714988774,0.5333333333333333
held_out,discopatch,brightness,1,common,pooled,0.4903171440972222,0.4900325367732214,0.9479166666666666
held_out,discopatch,brightness,2,common,pooled,0.49042337239583333,0.48437770520520207,0.9416666666666667
held_out,discopatch,brightness,3,common,pooled,0.4984126519097222,0.48449621344541466,0.9310416666666667
held_out,discopatch,brightness,4,common,pooled,0.5110512586805556,0.48843463821715627,0.9141666666666667
held_out,discopatch,brightness,5,common,pooled,0.5221454427083333,0.4920071573221125,0.8929166666666667
held_out,discopatch,contrast,1,common,pooled,0.5433912760416667,0.5253242453671467,0.9275
held_out,discopatch,contrast,2,common,pooled,0.5659618055555555,0.5388940694375186,0.9064583333333334
held_out,discopatch,contrast,3,common,pooled,0.6051818142361111,0.5655911560456525,0.8685416666666667
held_out,discopatch,contrast,4,common,pooled,0.690773828125,0.639745640000823,0.715
held_out,discopatch,contrast,5,common,pooled,0.77742578125,0.7325022300359032,0.576875
held_out,discopatch,elastic_transform,1,common,pooled,0.6091419270833334,0.5715761935520938,0.85375
held_out,discopatch,elastic_transform,2,common,pooled,0.6416735243055556,0.5951867646981293,0.8079166666666666
held_out,discopatch,elastic_transform,3,common,pooled,0.6772428819444445,0.62199026983608,0.7458333333333333
held_out,discopatch,elastic_transform,4,common,pooled,0.6988423177083334,0.6387942023255513,0.7045833333333333
held_out,discopatch,elastic_transform,5,common,pooled,0.7211977430555555,0.6560417965492232,0.6579166666666667
held_out,discopatch,pixelate,1,common,pooled,0.5474745225694444,0.533503425322289,0.9222916666666666
held_out,discopatch,pixelate,2,common,pooled,0.5551071180555556,0.539418318823522,0.9164583333333334
held_out,discopatch,pixelate,3,common,pooled,0.6409729600694445,0.604903123078055,0.835
held_out,discopatch,pixelate,4,common,pooled,0.7178536458333333,0.6730998240558584,0.7135416666666666
held_out,discopatch,pixelate,5,common,pooled,0.7542373263888889,0.704681788552163,0.6433333333333333
held_out,discopatch,jpeg_compression,1,common,pooled,0.6288834201388889,0.5685589451239389,0.8125
held_out,discopatch,jpeg_compression,2,common,pooled,0.6412691840277778,0.5694235888960857,0.7770833333333333
held_out,discopatch,jpeg_compression,3,common,pooled,0.6453393663194444,0.5670144980316753,0.7479166666666667
held_out,discopatch,jpeg_compression,4,common,pooled,0.6306345052083333,0.5449019830355292,0.7183333333333334
held_out,discopatch,jpeg_compression,5,common,pooled,0.5927468098958333,0.5132294875876595,0.7283333333333334
held_out,discopatch,speckle_noise,1,extra,pooled,0.8030424913194445,0.7783334800141015,0.583125
held_out,discopatch,speckle_noise,2,extra,pooled,0.8595955512152778,0.8371178287038255,0.44583333333333336
held_out,discopatch,speckle_noise,3,extra,pooled,0.9398990885416667,0.9270815945204145,0.22104166666666666
held_out,discopatch,speckle_noise,4,extra,pooled,0.960733984375,0.9517635408877346,0.15708333333333332
held_out,discopatch,speckle_noise,5,extra,pooled,0.9744625868055555,0.9681158251204085,0.11083333333333334
held_out,discopatch,gaussian_blur,1,extra,pooled,0.5550108940972223,0.5410816949713994,0.92625
held_out,discopatch,gaussian_blur,2,extra,pooled,0.7122749565972222,0.6696130767560982,0.7479166666666667
held_out,discopatch,gaussian_blur,3,extra,pooled,0.8014486545138889,0.7518962176926894,0.5670833333333334
held_out,discopatch,gaussian_blur,4,extra,pooled,0.840256640625,0.7887818173286812,0.4635416666666667
held_out,discopatch,gaussian_blur,5,extra,pooled,0.8676076388888889,0.811441269076017,0.3829166666666667
held_out,discopatch,spatter,1,extra,pooled,0.5220349392361111,0.5151985316158146,0.9385416666666667
held_out,discopatch,spatter,2,extra,pooled,0.6847913194444445,0.6284425528265127,0.7408333333333333
held_out,discopatch,spatter,3,extra,pooled,0.8146447482638889,0.7616719820719764,0.505625
held_out,discopatch,spatter,4,extra,pooled,0.8329130208333333,0.7703193748456072,0.4216666666666667
held_out,discopatch,spatter,5,extra,pooled,0.892807421875,0.8385928066333024,0.29083333333333333
held_out,discopatch,saturate,1,extra,pooled,0.6534361979166666,0.6195884288748779,0.8166666666666667
held_out,discopatch,saturate,2,extra,pooled,0.7638774739583334,0.721878278169435,0.615
held_out,discopatch,saturate,3,extra,pooled,0.46895792100694444,0.4727919124850831,0.956875
held_out,discopatch,saturate,4,extra,pooled,0.5144904513888889,0.4862906164149697,0.9
held_out,discopatch,saturate,5,extra,pooled,0.562773046875,0.5048076251054869,0.814375
held_out,hashemi,gaussian_noise,1,common,pooled,0.45700609809027776,0.4622697345980039,0.9627083333333334
held_out,hashemi,gaussian_noise,2,common,pooled,0.43705690104166667,0.4454185428601556,0.9672916666666667
held_out,hashemi,gaussian_noise,3,common,pooled,0.40965425347222223,0.42523117874147776,0.973125
held_out,hashemi,gaussian_noise,4,common,pooled,0.38480017361111113,0.4095490191721384,0.9764583333333333
held_out,hashemi,gaussian_noise,5,common,pooled,0.3709232204861111,0.4014925778663408,0.9772916666666667
held_out,hashemi,shot_noise,1,common,pooled,0.4619502387152778,0.46555082628440037,0.9620833333333333
held_out,hashemi,shot_noise,2,common,pooled,0.4388972873263889,0.4466318543764801,0.966875
held_out,hashemi,shot_noise,3,common,pooled,0.41498956163194445,0.42839597759882386,0.973125
held_out,hashemi,shot_noise,4,common,pooled,0.3875201822916667,0.4112887584190189,0.9758333333333333
held_out,hashemi,shot_noise,5,common,pooled,0.3818590928819444,0.40764884604429164,0.9789583333333334
held_out,hashemi,impulse_noise,1,common,pooled,0.449508203125,0.45475654087211537,0.9670833333333333
held_out,hashemi,impulse_noise,2,common,pooled,0.42811434461805553,0.4381600275319099,0.9714583333333333
held_out,hashemi,impulse_noise,3,common,pooled,0.41086592881944445,0.42617163238283223,0.9722916666666667
held_out,hashemi,impulse_noise,4,common,pooled,0.38120256076388886,0.4076402788310249,0.9758333333333333
held_out,hashemi,impulse_noise,5,common,pooled,0.36684596354166665,0.3993305649038466,0.9741666666666666
held_out,hashemi,defocus_blur,1,common,pooled,0.5155129991319445,0.4788108890476583,0.8889583333333333
held_out,hashemi,defocus_blur,2,common,pooled,0.4882771050347222,0.4581886754605985,0.8891666666666667
held_out,hashemi,defocus_blur,3,common,pooled,0.4402348307291667,0.4302544096896975,0.908125
held_out,hashemi,defocus_blur,4,common,pooled,0.4202024739583333,0.4198457810483933,0.9127083333333333
held_out,hashemi,defocus_blur,5,common,pooled,0.4098670138888889,0.41478104919346276,0.9183333333333333
held_out,hashemi,glass_blur,1,common,pooled,0.5441958116319444,0.49826846915689954,0.8645833333333334
held_out,hashemi,glass_blur,2,common,pooled,0.5398448567708334,0.4881943329346205,0.8495833333333334
held_out,hashemi,glass_blur,3,common,pooled,0.5300481987847222,0.4795048913384815,0.8410416666666667
held_out,hashemi,glass_blur,4,common,pooled,0.5177155381944445,0.47152440488214503,0.853125
held_out,hashemi,glass_blur,5,common,pooled,0.5483521701388889,0.490024410884341,0.83625
held_out,hashemi,motion_blur,1,common,pooled,0.4865553819444444,0.4694829857400673,0.9333333333333333
held_out,hashemi,motion_blur,2,common,pooled,0.44313363715277776,0.4380713436752001,0.94
held_out,hashemi,motion_blur,3,common,pooled,0.4051974826388889,0.41660037634064884,0.9495833333333333
held_out,hashemi,motion_blur,4,common,pooled,0.3824923611111111,0.4051095368386033,0.9497916666666667
held_out,hashemi,motion_blur,5,common,pooled,0.38143608940972223,0.40447035437006723,0.9460416666666667
held_out,hashemi,zoom_blur,1,common,pooled,0.34359598524305557,0.3895280693469667,0.968125
held_out,hashemi,zoom_blur,2,common,pooled,0.32988313802083336,0.3834614083322905,0.9654166666666667
held_out,hashemi,zoom_blur,3,common,pooled,0.3373975477430556,0.38565651729667516,0.9495833333333333
held_out,hashemi,zoom_blur,4,common,pooled,0.3360911458333333,0.3846298398727491,0.9429166666666666
held_out,hashemi,zoom_blur,5,common,pooled,0.36035631510416666,0.39383869362824414,0.92875
held_out,hashemi,snow,1,common,pooled,0.46186427951388886,0.4613584626375095,0.9625
held_out,hashemi,snow,2,common,pooled,0.4350675347222222,0.44050563539205106,0.9629166666666666
held_out,hashemi,snow,3,common,pooled,0.4245658854166667,0.43554473011977535,0.9727083333333333
held_out,hashemi,snow,4,common,pooled,0.39702999131944444,0.4195367491852264,0.9754166666666667
held_out,hashemi,snow,5,common,pooled,0.4116289279513889,0.4250487013336286,0.9697916666666667
held_out,hashemi,frost,1,common,pooled,0.4755841796875,0.47457329854670566,0.9520833333333333
held_out,hashemi,frost,2,common,pooled,0.44183248697916666,0.4459301235770541,0.9614583333333333
held_out,hashemi,frost,3,common,pooled,0.4211868923611111,0.4318150049126631,0.965625
held_out,hashemi,frost,4,common,pooled,0.4196103732638889,0.4307466114596048,0.9677083333333333
held_out,hashemi,frost,5,common,pooled,0.40628387586805553,0.42278686523074094,0.9672916666666667
held_out,hashemi,fog,1,common,pooled,0.4992447048611111,0.4967006975888967,0.9466666666666667
held_out,hashemi,fog,2,common,pooled,0.49423268229166667,0.49171685106531604,0.946875
held_out,hashemi,fog,3,common,pooled,0.48817398003472223,0.4864052723282043,0.9466666666666667
held_out,hashemi,fog,4,common,pooled,0.4820919487847222,0.4811261428217089,0.950625
held_out,hashemi,fog,5,common,pooled,0.46476592881944445,0.46511824973578275,0.950625
held_out,hashemi,brightness,1,common,pooled,0.5064237630208334,0.5052730534013153,0.946875
held_out,hashemi,brightness,2,common,pooled,0.5073315321180556,0.5050458556983556,0.9477083333333334
held_out,hashemi,brightness,3,common,pooled,0.5035752821180556,0.49978101218891813,0.945625
held_out,hashemi,brightness,4,common,pooled,0.4991529947916667,0.4937877145171616,0.946875
held_out,hashemi,brightness,5,common,pooled,0.49297259114583336,0.4865133196099926,0.9475
held_out,hashemi,contrast,1,common,pooled,0.5047201822916667,0.49961968237024806,0.9429166666666666
held_out,hashemi,contrast,2,common,pooled,0.4992203125,0.4932032797450864,0.9435416666666666
held_out,hashemi,contrast,3,common,pooled,0.4897985894097222,0.4824792833328624,0.941875
held_out,hashemi,contrast,4,common,pooled,0.46442890625,0.45476164566415456,0.935
held_out,hashemi,contrast,5,common,pooled,0.4341583333333333,0.4267000108245603,0.9145833333333333
held_out,hashemi,elastic_transform,1,common,pooled,0.4880359375,0.48006021663038984,0.9427083333333334
held_out,hashemi,elastic_transform,2,common,pooled,0.4636011501736111,0.4615580485568988,0.950625
held_out,hashemi,elastic_transform,3,common,pooled,0.4248788628472222,0.4351995494064914,0.9560416666666667
held_out,hashemi,elastic_transform,4,common,pooled,0.3900532118055556,0.41471685200990155,0.961875
held_out,hashemi,elastic_transform,5,common,pooled,0.33790607638888887,0.38939327432546006,0.970625
held_out,hashemi,pixelate,1,common,pooled,0.5028945963541667,0.49924833650538913,0.9479166666666666
held_out,hashemi,pixelate,2,common,pooled,0.5097895833333334,0.5006258479723609,0.9389583333333333
held_out,hashemi,pixelate,3,common,pooled,0.5094469835069444,0.48643377522813885,0.9235416666666667
held_out,hashemi,pixelate,4,common,pooled,0.485626171875,0.4589054405787867,0.8979166666666667
held_out,hashemi,pixelate,5,common,pooled,0.4454351996527778,0.43344969583276877,0.9
held_out,hashemi,jpeg_compression,1,common,pooled,0.4309626953125,0.4402471244132842,0.966875
held_out,hashemi,jpeg_compression,2,common,pooled,0.4095588107638889,0.4261148440212431,0.9720833333333333
held_out,hashemi,jpeg_compression,3,common,pooled,0.39626171875,0.41833665721532687,0.973125
held_out,hashemi,jpeg_compression,4,common,pooled,0.3755986111111111,0.4057832151851776,0.9754166666666667
held_out,hashemi,jpeg_compression,5,common,pooled,0.38605088975694446,0.40779146960379964,0.9620833333333333
held_out,hashemi,speckle_noise,1,extra,pooled,0.47155104166666667,0.47388413594570966,0.9604166666666667
held_out,hashemi,speckle_noise,2,extra,pooled,0.4594639973958333,0.4633909251125017,0.961875
held_out,hashemi,speckle_noise,3,extra,pooled,0.4284144965277778,0.43847231022628474,0.965625
held_out,hashemi,speckle_noise,4,extra,pooled,0.40875713975694444,0.4250756686143745,0.9714583333333333
held_out,hashemi,speckle_noise,5,extra,pooled,0.39005935329861113,0.41370180096011605,0.973125
held_out,hashemi,gaussian_blur,1,extra,pooled,0.6396411675347222,0.5780128790105049,0.79125
held_out,hashemi,gaussian_blur,2,extra,pooled,0.6038590928819444,0.5321538592575297,0.785
held_out,hashemi,gaussian_blur,3,extra,pooled,0.5574700737847222,0.4965355137227181,0.8241666666666667
held_out,hashemi,gaussian_blur,4,extra,pooled,0.5187859157986111,0.47132116250929007,0.8570833333333333
held_out,hashemi,gaussian_blur,5,extra,pooled,0.4792734375,0.44813891991634003,0.870625
held_out,hashemi,spatter,1,extra,pooled,0.4938984157986111,0.49048677755239956,0.9475
held_out,hashemi,spatter,2,extra,pooled,0.44808962673611114,0.4512249424997026,0.9602083333333333
held_out,hashemi,spatter,3,extra,pooled,0.4350984375,0.4437805973555967,0.966875
held_out,hashemi,spatter,4,extra,pooled,0.5213345052083334,0.5128123697285597,0.9404166666666667
held_out,hashemi,spatter,5,extra,pooled,0.40363046875,0.42057333512342826,0.968125
held_out,hashemi,saturate,1,extra,pooled,0.48882319878472225,0.4869041431806117,0.9516666666666667
held_out,hashemi,saturate,2,extra,pooled,0.4777708550347222,0.4758484426709618,0.9602083333333333
held_out,hashemi,saturate,3,extra,pooled,0.49890668402777777,0.49750340436652574,0.9489583333333333
held_out,hashemi,saturate,4,extra,pooled,0.4777479600694444,0.4751179170806865,0.95375
held_out,hashemi,saturate,5,extra,pooled,0.45068825954861114,0.45206793203010076,0.9602083333333333
held_out,cdf,gaussian_noise,1,common,pooled,0.8353638454861111,0.7427002164705351,0.3620833333333333
held_out,cdf,gaussian_noise,2,common,pooled,0.9491322482638889,0.8983791519329011,0.11229166666666666
held_out,cdf,gaussian_noise,3,common,pooled,0.9908440972222222,0.977949703690458,0.018125
held_out,cdf,gaussian_noise,4,common,pooled,0.9988032118055555,0.9969559594939874,0.003125
held_out,cdf,gaussian_noise,5,common,pooled,0.99991875,0.9998981234792034,0.00020833333333333335
held_out,cdf,shot_noise,1,common,pooled,0.8297535590277778,0.753496214924575,0.408125
held_out,cdf,shot_noise,2,common,pooled,0.9495006076388889,0.9145835981228732,0.14083333333333334
held_out,cdf,shot_noise,3,common,pooled,0.9888472222222222,0.9804584189073856,0.035625
held_out,cdf,shot_noise,4,common,pooled,0.9990112847222222,0.9985413923012383,0.0033333333333333335
held_out,cdf,shot_noise,5,common,pooled,0.9998524739583333,0.9998424252122478,0.000625
held_out,cdf,impulse_noise,1,common,pooled,0.912810546875,0.8456662498873591,0.20020833333333332
held_out,cdf,impulse_noise,2,common,pooled,0.9802048611111112,0.9573820955959207,0.044375
held_out,cdf,impulse_noise,3,common,pooled,0.9932527777777778,0.9846974694842127,0.013541666666666667
held_out,cdf,impulse_noise,4,common,pooled,0.9993393663194444,0.9984396794827359,0.00125
held_out,cdf,impulse_noise,5,common,pooled,0.9999353298611111,0.9999225985191332,0.00020833333333333335
held_out,cdf,defocus_blur,1,common,pooled,0.8207459635416666,0.7442046114504273,0.42583333333333334
held_out,cdf,defocus_blur,2,common,pooled,0.8844600694444444,0.8151667524253139,0.279375
held_out,cdf,defocus_blur,3,common,pooled,0.9348180555555555,0.8820188639513622,0.15270833333333333
held_out,cdf,defocus_blur,4,common,pooled,0.9565139756944444,0.9147163861983318,0.09854166666666667
held_out,cdf,defocus_blur,5,common,pooled,0.9688838975694445,0.9347886070738533,0.071875
held_out,cdf,glass_blur,1,common,pooled,0.6727014322916667,0.6138014303564283,0.7229166666666667
held_out,cdf,glass_blur,2,common,pooled,0.7684139322916667,0.6937228869637586,0.534375
held_out,cdf,glass_blur,3,common,pooled,0.8088443576388888,0.7317696148227765,0.4479166666666667
held_out,cdf,glass_blur,4,common,pooled,0.8503809895833333,0.7768484538810807,0.3597916666666667
held_out,cdf,glass_blur,5,common,pooled,0.9227309895833333,0.8658942594501695,0.1875
held_out,cdf,motion_blur,1,common,pooled,0.6682607204861111,0.6094291980704075,0.7360416666666667
held_out,cdf,motion_blur,2,common,pooled,0.7575964409722222,0.6855835192519323,0.5764583333333333
held_out,cdf,motion_blur,3,common,pooled,0.83093125,0.7578541437127305,0.421875
held_out,cdf,motion_blur,4,common,pooled,0.8830300347222222,0.8158192201515787,0.29270833333333335
held_out,cdf,motion_blur,5,common,pooled,0.9074342881944445,0.8464204916015328,0.23583333333333334
held_out,cdf,zoom_blur,1,common,pooled,0.7735155381944444,0.7114657020113385,0.584375
held_out,cdf,zoom_blur,2,common,pooled,0.8225849826388889,0.7578353858259252,0.4660416666666667
held_out,cdf,zoom_blur,3,common,pooled,0.8126984375,0.747738521407816,0.4875
held_out,cdf,zoom_blur,4,common,pooled,0.8419854600694444,0.7770915598402183,0.41458333333333336
held_out,cdf,zoom_blur,5,common,pooled,0.8379005208333333,0.7712142467924483,0.42041666666666666
held_out,cdf,snow,1,common,pooled,0.7082426649305555,0.628518123346572,0.61
held_out,cdf,snow,2,common,pooled,0.8995942708333333,0.8288388537693776,0.23270833333333332
held_out,cdf,snow,3,common,pooled,0.8608204427083334,0.7769471911671664,0.30916666666666665
held_out,cdf,snow,4,common,pooled,0.9115388020833334,0.840628358447232,0.193125
held_out,cdf,snow,5,common,pooled,0.9289150173611112,0.8727856962550091,0.158125
held_out,cdf,frost,1,common,pooled,0.6776929253472223,0.6235938296598197,0.7358333333333333
held_out,cdf,frost,2,common,pooled,0.775807421875,0.6937047433383665,0.5085416666666667
held_out,cdf,frost,3,common,pooled,0.8289005208333333,0.7444231871871068,0.40041666666666664
held_out,cdf,frost,4,common,pooled,0.8253094184027778,0.7360096438787409,0.40375
held_out,cdf,frost,5,common,pooled,0.8515960069444445,0.7636365904751898,0.34520833333333334
held_out,cdf,fog,1,common,pooled,0.7718065104166667,0.7051419099490435,0.5797916666666667
held_out,cdf,fog,2,common,pooled,0.8297078993055556,0.7623114761272689,0.45708333333333334
held_out,cdf,fog,3,common,pooled,0.862767578125,0.7966077082312837,0.3779166666666667
held_out,cdf,fog,4,common,pooled,0.8547493489583333,0.7835481533421071,0.38625
held_out,cdf,fog,5,common,pooled,0.8732752604166667,0.7986246368227718,0.33166666666666667
held_out,cdf,brightness,1,common,pooled,0.5400484375,0.5322152030143378,0.9264583333333334
held_out,cdf,brightness,2,common,pooled,0.6218650607638889,0.5966060686145227,0.8539583333333334
held_out,cdf,brightness,3,common,pooled,0.7143399305555556,0.6744359705812809,0.7308333333333333
held_out,cdf,brightness,4,common,pooled,0.8031493055555555,0.7562894145114749,0.5435416666666667
held_out,cdf,brightness,5,common,pooled,0.8702219184027777,0.824804995308833,0.37916666666666665
held_out,cdf,contrast,1,common,pooled,0.8297038194444445,0.7770857473913807,0.47875
held_out,cdf,contrast,2,common,pooled,0.9059506076388889,0.8620380621194084,0.28229166666666666
held_out,cdf,contrast,3,common,pooled,0.9596133680555555,0.9318636529689481,0.11958333333333333
held_out,cdf,contrast,4,common,pooled,0.9893144097222222,0.9782100512728689,0.030208333333333334
held_out,cdf,contrast,5,common,pooled,0.9968200954861111,0.9921698170222906,0.007916666666666667
held_out,cdf,elastic_transform,1,common,pooled,0.49166610243055553,0.48955662775890757,0.9441666666666667
held_out,cdf,elastic_transform,2,common,pooled,0.4910495659722222,0.4883250969001246,0.9420833333333334
held_out,cdf,elastic_transform,3,common,pooled,0.4936969184027778,0.48848350892701986,0.9375
held_out,cdf,elastic_transform,4,common,pooled,0.4992193142361111,0.490416896598326,0.935625
held_out,cdf,elastic_transform,5,common,pooled,0.5104240017361111,0.49533496198283833,0.9239583333333333
held_out,cdf,pixelate,1,common,pooled,0.49902543402777777,0.4931090951209449,0.935625
held_out,cdf,pixelate,2,common,pooled,0.5115131510416666,0.5003716449488674,0.9247916666666667
held_out,cdf,pixelate,3,common,pooled,0.55863359375,0.5268213683700353,0.8677083333333333
held_out,cdf,pixelate,4,common,pooled,0.6643839409722222,0.6004284453307704,0.720625
held_out,cdf,pixelate,5,common,pooled,0.7349818576388889,0.6594592021318499,0.60125
held_out,cdf,jpeg_compression,1,common,pooled,0.5166310329861111,0.50266741160315,0.92
held_out,cdf,jpeg_compression,2,common,pooled,0.5204400607638889,0.50128605130886,0.9058333333333334
held_out,cdf,jpeg_compression,3,common,pooled,0.5243092447916666,0.5014421054291456,0.8995833333333333
held_out,cdf,jpeg_compression,4,common,pooled,0.5416067708333333,0.5086516652445132,0.8672916666666667
held_out,cdf,jpeg_compression,5,common,pooled,0.57433828125,0.5278329512052209,0.8164583333333333
held_out,cdf,speckle_noise,1,extra,pooled,0.7415231770833334,0.676794122278122,0.6183333333333333
held_out,cdf,speckle_noise,2,extra,pooled,0.8353633680555556,0.781313837190246,0.45416666666666666
held_out,cdf,speckle_noise,3,extra,pooled,0.9627605034722222,0.9501555837088176,0.14729166666666665
held_out,cdf,speckle_noise,4,extra,pooled,0.9847782986111111,0.9808120530793336,0.07166666666666667
held_out,cdf,speckle_noise,5,extra,pooled,0.9948543402777777,0.9941115205122689,0.025
held_out,cdf,gaussian_blur,1,extra,pooled,0.6815518229166667,0.618698593965641,0.6947916666666667
held_out,cdf,gaussian_blur,2,extra,pooled,0.8796900607638889,0.8078614500033217,0.285625
held_out,cdf,gaussian_blur,3,extra,pooled,0.9382912760416666,0.8855723434327666,0.13916666666666666
held_out,cdf,gaussian_blur,4,extra,pooled,0.9604729166666667,0.9199404467229833,0.09
held_out,cdf,gaussian_blur,5,extra,pooled,0.9778084201388889,0.9496821288165396,0.04729166666666667
held_out,cdf,spatter,1,extra,pooled,0.48356419270833334,0.4837499586991269,0.9516666666666667
held_out,cdf,spatter,2,extra,pooled,0.5487519097222222,0.5062654041506722,0.8329166666666666
held_out,cdf,spatter,3,extra,pooled,0.7105696614583333,0.6188890732417451,0.583125
held_out,cdf,spatter,4,extra,pooled,0.8019689670138889,0.752126595431026,0.5116666666666667
held_out,cdf,spatter,5,extra,pooled,0.87357109375,0.8365132004653489,0.366875
held_out,cdf,saturate,1,extra,pooled,0.5045556206597223,0.49735259211781624,0.9264583333333334
held_out,cdf,saturate,2,extra,pooled,0.5386791449652778,0.5171174312876897,0.8914583333333334
held_out,cdf,saturate,3,extra,pooled,0.6165358723958333,0.5941006787406194,0.8820833333333333
held_out,cdf,saturate,4,extra,pooled,0.8136605034722222,0.7709656214999083,0.55
held_out,cdf,saturate,5,extra,pooled,0.9182111111111111,0.891439751437307,0.24833333333333332
held_out,cdf_sum,gaussian_noise,1,common,pooled,0.7501819010416667,0.6690106491240648,0.5552083333333333
held_out,cdf_sum,gaussian_noise,2,common,pooled,0.8944407552083333,0.8306704035060954,0.2627083333333333
held_out,cdf_sum,gaussian_noise,3,common,pooled,0.9775384114583333,0.9568742787390578,0.05708333333333333
held_out,cdf_sum,gaussian_noise,4,common,pooled,0.9969498697916667,0.9943790910403473,0.008958333333333334
held_out,cdf_sum,gaussian_noise,5,common,pooled,0.9998990017361111,0.9998833305614099,0.000625
held_out,cdf_sum,shot_noise,1,common,pooled,0.7507754774305555,0.682574305364541,0.583125
held_out,cdf_sum,shot_noise,2,common,pooled,0.9004159071180555,0.8544952053734856,0.28458333333333335
held_out,cdf_sum,shot_noise,3,common,pooled,0.9744542534722223,0.9602187032084902,0.081875
held_out,cdf_sum,shot_noise,4,common,pooled,0.9978605034722222,0.9971792899159128,0.009375
held_out,cdf_sum,shot_noise,5,common,pooled,0.9997478732638889,0.9997361410198807,0.000625
held_out,cdf_sum,impulse_noise,1,common,pooled,0.8429900173611111,0.7684852644922501,0.38
held_out,cdf_sum,impulse_noise,2,common,pooled,0.9530036241319444,0.9174021657203423,0.12354166666666666
held_out,cdf_sum,impulse_noise,3,common,pooled,0.983452734375,0.9685847069001057,0.042916666666666665
held_out,cdf_sum,impulse_noise,4,common,pooled,0.9983771701388889,0.9970744210083824,0.004791666666666666
held_out,cdf_sum,impulse_noise,5,common,pooled,0.9999223524305556,0.9999124076149747,0.0004166666666666667
held_out,cdf_sum,defocus_blur,1,common,pooled,0.7640921875,0.694549363715767,0.5460416666666666
held_out,cdf_sum,defocus_blur,2,common,pooled,0.8282705729166666,0.7582293088245343,0.42041666666666666
held_out,cdf_sum,defocus_blur,3,common,pooled,0.8897393663194444,0.8287777159364111,0.279375
held_out,cdf_sum,defocus_blur,4,common,pooled,0.9222723958333333,0.8706571556347422,0.195625
held_out,cdf_sum,defocus_blur,5,common,pooled,0.9435419270833333,0.9001834991793478,0.14416666666666667
held_out,cdf_sum,glass_blur,1,common,pooled,0.6450967013888889,0.5966350058574055,0.770625
held_out,cdf_sum,glass_blur,2,common,pooled,0.7297786458333333,0.6638789048270303,0.6222916666666667
held_out,cdf_sum,glass_blur,3,common,pooled,0.7908251519097222,0.7182404864499826,0.4972916666666667
held_out,cdf_sum,glass_blur,4,common,pooled,0.8316922309027778,0.7612350899252387,0.41458333333333336
held_out,cdf_sum,glass_blur,5,common,pooled,0.9022828559027778,0.8444920946342473,0.2579166666666667
held_out,cdf_sum,motion_blur,1,common,pooled,0.6233120876736111,0.5806761083973297,0.8
held_out,cdf_sum,motion_blur,2,common,pooled,0.6994667100694445,0.6409124571388323,0.6870833333333334
held_out,cdf_sum,motion_blur,3,common,pooled,0.7719486111111111,0.7037513622229185,0.55125
held_out,cdf_sum,motion_blur,4,common,pooled,0.8319297743055556,0.762579651080673,0.4225
held_out,cdf_sum,motion_blur,5,common,pooled,0.8648983289930555,0.7986448964451466,0.34375
held_out,cdf_sum,zoom_blur,1,common,pooled,0.7429611111111111,0.6809221907764234,0.6258333333333334
held_out,cdf_sum,zoom_blur,2,common,pooled,0.7952526258680556,0.7270562697382454,0.50625
held_out,cdf_sum,zoom_blur,3,common,pooled,0.7982514322916666,0.7282699366668346,0.493125
held_out,cdf_sum,zoom_blur,4,common,pooled,0.8311526909722222,0.7609633647486311,0.419375
held_out,cdf_sum,zoom_blur,5,common,pooled,0.8350756510416667,0.7640748552632768,0.408125
held_out,cdf_sum,snow,1,common,pooled,0.6584329861111111,0.5964025777447655,0.7183333333333334
held_out,cdf_sum,snow,2,common,pooled,0.8450822048611111,0.7706681391974983,0.366875
held_out,cdf_sum,snow,3,common,pooled,0.8063310980902778,0.7244379089428876,0.43895833333333334
held_out,cdf_sum,snow,4,common,pooled,0.8672513020833333,0.7904758360492368,0.3077083333333333
held_out,cdf_sum,snow,5,common,pooled,0.8852866753472223,0.8212302596150214,0.27479166666666666
held_out,cdf_sum,frost,1,common,pooled,0.6436413194444445,0.6014315719250422,0.7825
held_out,cdf_sum,frost,2,common,pooled,0.7287750434027778,0.6580505861777028,0.6085416666666666
held_out,cdf_sum,frost,3,common,pooled,0.781576171875,0.7037326194448342,0.49166666666666664
held_out,cdf_sum,frost,4,common,pooled,0.7789964409722222,0.6973330707666014,0.5020833333333333
held_out,cdf_sum,frost,5,common,pooled,0.8074434895833333,0.7242604065846536,0.4377083333333333
held_out,cdf_sum,fog,1,common,pooled,0.7269960503472223,0.6653948608402901,0.651875
held_out,cdf_sum,fog,2,common,pooled,0.78093828125,0.7150884292682391,0.5416666666666666
held_out,cdf_sum,fog,3,common,pooled,0.813964453125,0.7470417455166095,0.47375
held_out,cdf_sum,fog,4,common,pooled,0.8067382595486111,0.7367148907419219,0.48333333333333334
held_out,cdf_sum,fog,5,common,pooled,0.8271542100694445,0.7541394929459113,0.435625
held_out,cdf_sum,brightness,1,common,pooled,0.5314716579861111,0.5263793912209282,0.930625
held_out,cdf_sum,brightness,2,common,pooled,0.5969389756944444,0.5782600244352601,0.8827083333333333
held_out,cdf_sum,brightness,3,common,pooled,0.6739560329861111,0.6419427493124457,0.7866666666666666
held_out,cdf_sum,brightness,4,common,pooled,0.7526075954861111,0.7113490109137599,0.65
held_out,cdf_sum,brightness,5,common,pooled,0.8182157118055555,0.7740472368314506,0.50375
held_out,cdf_sum,contrast,1,common,pooled,0.7819443576388889,0.7309140186951053,0.5777083333333334
held_out,cdf_sum,contrast,2,common,pooled,0.8609394097222223,0.8126679633011602,0.39229166666666665
held_out,cdf_sum,contrast,3,common,pooled,0.9279279079861111,0.8923531482382188,0.21125
held_out,cdf_sum,contrast,4,common,pooled,0.9764496961805555,0.9599527543580387,0.06708333333333333
held_out,cdf_sum,contrast,5,common,pooled,0.992619140625,0.9867095932977389,0.019375
held_out,cdf_sum,elastic_transform,1,common,pooled,0.49379796006944443,0.49289005905066846,0.9485416666666666
held_out,cdf_sum,elastic_transform,2,common,pooled,0.49584561631944446,0.4931933627316957,0.9483333333333334
held_out,cdf_sum,elastic_transform,3,common,pooled,0.5045223090277777,0.4972894350198285,0.9397916666666667
held_out,cdf_sum,elastic_transform,4,common,pooled,0.5171689019097222,0.5041061953972684,0.9304166666666667
held_out,cdf_sum,elastic_transform,5,common,pooled,0.5405595486111111,0.5178263237815093,0.9129166666666667
held_out,cdf_sum,pixelate,1,common,pooled,0.49651987847222223,0.49339306319969933,0.93875
held_out,cdf_sum,pixelate,2,common,pooled,0.5059657552083333,0.4987754486453736,0.9264583333333334
held_out,cdf_sum,pixelate,3,common,pooled,0.5466594184027778,0.5218611120752692,0.8872916666666667
held_out,cdf_sum,pixelate,4,common,pooled,0.6607020399305555,0.6060265651882588,0.7545833333333334
held_out,cdf_sum,pixelate,5,common,pooled,0.7574579861111111,0.6944409196278594,0.6039583333333334
held_out,cdf_sum,jpeg_compression,1,common,pooled,0.5100018663194444,0.5003730452314195,0.9283333333333333
held_out,cdf_sum,jpeg_compression,2,common,pooled,0.5114419921875,0.49714021072461195,0.9210416666666666
held_out,cdf_sum,jpeg_compression,3,common,pooled,0.5133951605902778,0.4958208373119613,0.9145833333333333
held_out,cdf_sum,jpeg_compression,4,common,pooled,0.5269558376736111,0.4995113789841352,0.889375
held_out,cdf_sum,jpeg_compression,5,common,pooled,0.5619542317708334,0.5197879952724962,0.8375
held_out,cdf_sum,speckle_noise,1,extra,pooled,0.6754830729166666,0.6235656581437019,0.7410416666666667
held_out,cdf_sum,speckle_noise,2,extra,pooled,0.7654757378472222,0.7128808078155195,0.6039583333333334
held_out,cdf_sum,speckle_noise,3,extra,pooled,0.9304872395833333,0.9118775031427341,0.261875
held_out,cdf_sum,speckle_noise,4,extra,pooled,0.9697116102430555,0.9633508030827137,0.13479166666666667
held_out,cdf_sum,speckle_noise,5,extra,pooled,0.989621484375,0.9884778861857493,0.048541666666666664
held_out,cdf_sum,gaussian_blur,1,extra,pooled,0.6457990885416667,0.5953598266077023,0.7554166666666666
held_out,cdf_sum,gaussian_blur,2,extra,pooled,0.823495703125,0.7514796015469571,0.42541666666666667
held_out,cdf_sum,gaussian_blur,3,extra,pooled,0.8922697048611111,0.8305091630014216,0.27145833333333336
held_out,cdf_sum,gaussian_blur,4,extra,pooled,0.9253511284722222,0.873817920035741,0.18604166666666666
held_out,cdf_sum,gaussian_blur,5,extra,pooled,0.9570710069444445,0.9199290680446759,0.11229166666666666
held_out,cdf_sum,spatter,1,extra,pooled,0.4857141927083333,0.4854772495470206,0.9535416666666666
held_out,cdf_sum,spatter,2,extra,pooled,0.5266324435763889,0.4971340917376601,0.8897916666666666
held_out,cdf_sum,spatter,3,extra,pooled,0.6535819010416667,0.5822481913718716,0.7172916666666667
held_out,cdf_sum,spatter,4,extra,pooled,0.7549594618055555,0.7143896349192667,0.625
held_out,cdf_sum,spatter,5,extra,pooled,0.8289953125,0.7911556122958847,0.4735416666666667
held_out,cdf_sum,saturate,1,extra,pooled,0.5004546006944445,0.49660159038914,0.9339583333333333
held_out,cdf_sum,saturate,2,extra,pooled,0.5223911675347223,0.5095682835538974,0.9147916666666667
held_out,cdf_sum,saturate,3,extra,pooled,0.5918515407986111,0.5734403384235964,0.899375
held_out,cdf_sum,saturate,4,extra,pooled,0.7604074652777778,0.7185867006867812,0.65
held_out,cdf_sum,saturate,5,extra,pooled,0.8714958333333334,0.8390173101013179,0.3885416666666667
screen,two_axis,gaussian_noise,1,common,pooled,0.93475,0.8914863806889018,0.15
screen,two_axis,gaussian_noise,2,common,pooled,0.981875,0.9750864532556989,0.055
screen,two_axis,gaussian_noise,3,common,pooled,0.999775,0.999771534352706,0.0
screen,two_axis,gaussian_noise,4,common,pooled,1.0,1.0,0.0
screen,two_axis,gaussian_noise,5,common,pooled,1.0,1.0,0.0
screen,two_axis,shot_noise,1,common,pooled,0.914575,0.8844688711051061,0.325
screen,two_axis,shot_noise,2,common,pooled,0.974525,0.9727131811927819,0.1
screen,two_axis,shot_noise,3,common,pooled,0.995125,0.9954079552443185,0.035
screen,two_axis,shot_noise,4,common,pooled,0.99995,0.9999501243781094,0.0
screen,two_axis,shot_noise,5,common,pooled,1.0,1.0,0.0
screen,two_axis,impulse_noise,1,common,pooled,0.973375,0.9624784014716881,0.075
screen,two_axis,impulse_noise,2,common,pooled,0.9986,0.9985732203880889,0.005
screen,two_axis,impulse_noise,3,common,pooled,0.999975,0.9999751243781094,0.0
screen,two_axis,impulse_noise,4,common,pooled,1.0,1.0,0.0
screen,two_axis,impulse_noise,5,common,pooled,1.0,1.0,0.0
screen,two_axis,defocus_blur,1,common,pooled,0.91665,0.8743128070185932,0.185
screen,two_axis,defocus_blur,2,common,pooled,0.952125,0.9276022644950744,0.11
screen,two_axis,defocus_blur,3,common,pooled,0.980275,0.9727148034554052,0.05
screen,two_axis,defocus_blur,4,common,pooled,0.992,0.9893147791685151,0.035
screen,two_axis,defocus_blur,5,common,pooled,0.996925,0.9959738421013294,0.01
screen,two_axis,glass_blur,1,common,pooled,0.813025,0.7502770149304907,0.485
screen,two_axis,glass_blur,2,common,pooled,0.883275,0.8275799778607135,0.27
screen,two_axis,glass_blur,3,common,pooled,0.900125,0.84591592039423,0.22
screen,two_axis,glass_blur,4,common,pooled,0.9273,0.8877753839446101,0.155
screen,two_axis,glass_blur,5,common,pooled,0.968825,0.9537618046663837,0.08
screen,two_axis,motion_blur,1,common,pooled,0.770925,0.7070923648609485,0.605
screen,two_axis,motion_blur,2,common,pooled,0.85775,0.7960603985303405,0.385
screen,two_axis,motion_blur,3,common,pooled,0.91425,0.870057766361613,0.19
screen,two_axis,motion_blur,4,common,pooled,0.944675,0.9152469609934072,0.13
screen,two_axis,motion_blur,5,common,pooled,0.956125,0.9338189343529186,0.11
screen,two_axis,zoom_blur,1,common,pooled,0.8998,0.8491033943217472,0.225
screen,two_axis,zoom_blur,2,common,pooled,0.9231,0.8822330115650497,0.155
screen,two_axis,zoom_blur,3,common,pooled,0.926225,0.8840257701328543,0.155
screen,two_axis,zoom_blur,4,common,pooled,0.9361,0.9013266395744245,0.135
screen,two_axis,zoom_blur,5,common,pooled,0.93665,0.9003907517908744,0.135
screen,two_axis,snow,1,common,pooled,0.82625,0.7345866072581818,0.43
screen,two_axis,snow,2,common,pooled,0.91075,0.854844498876934,0.19
screen,two_axis,snow,3,common,pooled,0.87705,0.7976069209929786,0.3
screen,two_axis,snow,4,common,pooled,0.88635,0.8209580922150727,0.325
screen,two_axis,snow,5,common,pooled,0.88805,0.8388248140696078,0.355
screen,two_axis,frost,1,common,pooled,0.7146,0.6394338272593443,0.71
screen,two_axis,frost,2,common,pooled,0.8541,0.7796098059234562,0.42
screen,two_axis,frost,3,common,pooled,0.894725,0.8141193235355737,0.22
screen,two_axis,frost,4,common,pooled,0.899475,0.8255167806264445,0.265
screen,two_axis,frost,5,common,pooled,0.916125,0.8410337541383851,0.155
screen,two_axis,fog,1,common,pooled,0.893675,0.8712618913206013,0.335
screen,two_axis,fog,2,common,pooled,0.92965,0.9149382321917379,0.235
screen,two_axis,fog,3,common,pooled,0.9519,0.9403177395484981,0.16
screen,two_axis,fog,4,common,pooled,0.9456,0.9312465989940234,0.155
screen,two_axis,fog,5,common,pooled,0.9574,0.9426643209168561,0.125
screen,two_axis,brightness,1,common,pooled,0.517425,0.5161935093083383,0.94
screen,two_axis,brightness,2,common,pooled,0.547075,0.5453306732258628,0.92
screen,two_axis,brightness,3,common,pooled,0.58095,0.5775281789574779,0.92
screen,two_axis,brightness,4,common,pooled,0.619025,0.6124365122220847,0.88
screen,two_axis,brightness,5,common,pooled,0.6625,0.651506578104244,0.82
screen,two_axis,contrast,1,common,pooled,0.907725,0.8854556068015487,0.29
screen,two_axis,contrast,2,common,pooled,0.95945,0.9507143052171149,0.135
screen,two_axis,contrast,3,common,pooled,0.988925,0.9875463720347144,0.05
screen,two_axis,contrast,4,common,pooled,0.999575,0.9995722434400239,0.005
screen,two_axis,contrast,5,common,pooled,1.0,1.0,0.0
screen,two_axis,elastic_transform,1,common,pooled,0.5493,0.5340174326439414,0.875
screen,two_axis,elastic_transform,2,common,pooled,0.534975,0.5229294941074376,0.88
screen,two_axis,elastic_transform,3,common,pooled,0.5216,0.5160095403942163,0.91
screen,two_axis,elastic_transform,4,common,pooled,0.516525,0.5120901476008266,0.92
screen,two_axis,elastic_transform,5,common,pooled,0.505625,0.505903405198675,0.92
screen,two_axis,pixelate,1,common,pooled,0.6191,0.5814122070471976,0.79
screen,two_axis,pixelate,2,common,pooled,0.63665,0.5938819738235657,0.77
screen,two_axis,pixelate,3,common,pooled,0.67525,0.6287054248566815,0.73
screen,two_axis,pixelate,4,common,pooled,0.731175,0.6810945244035631,0.67
screen,two_axis,pixelate,5,common,pooled,0.7337,0.6843443383104147,0.64
screen,two_axis,jpeg_compression,1,common,pooled,0.57515,0.5395518285107307,0.855
screen,two_axis,jpeg_compression,2,common,pooled,0.6012,0.5581294566207009,0.805
screen,two_axis,jpeg_compression,3,common,pooled,0.611075,0.5637393633843157,0.79
screen,two_axis,jpeg_compression,4,common,pooled,0.6285,0.5695126817532745,0.73
screen,two_axis,jpeg_compression,5,common,pooled,0.613275,0.5658241839355158,0.765
screen,two_axis,speckle_noise,1,extra,pooled,0.8574,0.8230126294047404,0.59
screen,two_axis,speckle_noise,2,extra,pooled,0.89695,0.8832209306219094,0.42
screen,two_axis,speckle_noise,3,extra,pooled,0.9663,0.9728891194658972,0.265
screen,two_axis,speckle_noise,4,extra,pooled,0.981925,0.9861320199449669,0.115
screen,two_axis,speckle_noise,5,extra,pooled,0.991025,0.9929230872874727,0.015
screen,two_axis,gaussian_blur,1,extra,pooled,0.797175,0.737436864004367,0.58
screen,two_axis,gaussian_blur,2,extra,pooled,0.94535,0.9191879388371933,0.115
screen,two_axis,gaussian_blur,3,extra,pooled,0.97995,0.9720968999699539,0.05
screen,two_axis,gaussian_blur,4,extra,pooled,0.993025,0.9910500335595935,0.025
screen,two_axis,gaussian_blur,5,extra,pooled,0.998675,0.9984829099187837,0.005
screen,two_axis,spatter,1,extra,pooled,0.497175,0.49321493696112884,0.935
screen,two_axis,spatter,2,extra,pooled,0.7166,0.6246649399111148,0.635
screen,two_axis,spatter,3,extra,pooled,0.886925,0.8039753586159276,0.265
screen,two_axis,spatter,4,extra,pooled,0.870925,0.8629319195919378,0.515
screen,two_axis,spatter,5,extra,pooled,0.9231,0.9229602421769708,0.335
screen,two_axis,saturate,1,extra,pooled,0.5703625,0.5537244727284948,0.875
screen,two_axis,saturate,2,extra,pooled,0.6123375,0.5859334949307607,0.845
screen,two_axis,saturate,3,extra,pooled,0.5113875,0.517964743834167,0.96
screen,two_axis,saturate,4,extra,pooled,0.639575,0.6574625965126276,0.88
screen,two_axis,saturate,5,extra,pooled,0.734225,0.7708151928159885,0.805
screen,peak_share,gaussian_noise,1,common,pooled,0.8774,0.7878213170836866,0.24
screen,peak_share,gaussian_noise,2,common,pooled,0.92305,0.8500858618018072,0.165
screen,peak_share,gaussian_noise,3,common,pooled,0.9446,0.8765317501565933,0.125
screen,peak_share,gaussian_noise,4,common,pooled,0.95065,0.872453629189397,0.07
screen,peak_share,gaussian_noise,5,common,pooled,0.94785,0.8597498310668158,0.07
screen,peak_share,shot_noise,1,common,pooled,0.846725,0.7639801387896599,0.465
screen,peak_share,shot_noise,2,common,pooled,0.895175,0.817749202930367,0.27
screen,peak_share,shot_noise,3,common,pooled,0.913375,0.8377303509791939,0.205
screen,peak_share,shot_noise,4,common,pooled,0.913025,0.8227292825720443,0.195
screen,peak_share,shot_noise,5,common,pooled,0.897975,0.7942238846927714,0.195
screen,peak_share,impulse_noise,1,common,pooled,0.896125,0.8025582741664249,0.175
screen,peak_share,impulse_noise,2,common,pooled,0.9315,0.8517238746486419,0.14
screen,peak_share,impulse_noise,3,common,pooled,0.943825,0.8680817916779482,0.105
screen,peak_share,impulse_noise,4,common,pooled,0.949525,0.8679812491603894,0.07
screen,peak_share,impulse_noise,5,common,pooled,0.944,0.8532335448076325,0.07
screen,peak_share,defocus_blur,1,common,pooled,0.835025,0.738467534651227,0.35
screen,peak_share,defocus_blur,2,common,pooled,0.890525,0.8098895155332301,0.205
screen,peak_share,defocus_blur,3,common,pooled,0.940425,0.8825638457692813,0.125
screen,peak_share,defocus_blur,4,common,pooled,0.96165,0.9185358293147121,0.065
screen,peak_share,defocus_blur,5,common,pooled,0.971875,0.9421244691215078,0.04
screen,peak_share,glass_blur,1,common,pooled,0.685175,0.603723085148275,0.69
screen,peak_share,glass_blur,2,common,pooled,0.769525,0.6726477828815438,0.485
screen,peak_share,glass_blur,3,common,pooled,0.778575,0.6792787843632342,0.45
screen,peak_share,glass_blur,4,common,pooled,0.8265,0.7239179475822759,0.335
screen,peak_share,glass_blur,5,common,pooled,0.906075,0.828143314710608,0.165
screen,peak_share,motion_blur,1,common,pooled,0.658725,0.5856484546258391,0.75
screen,peak_share,motion_blur,2,common,pooled,0.7411,0.6509075431327118,0.59
screen,peak_share,motion_blur,3,common,pooled,0.81185,0.7152659334321076,0.41
screen,peak_share,motion_blur,4,common,pooled,0.8624,0.7698266409936352,0.27
screen,peak_share,motion_blur,5,common,pooled,0.88455,0.8032666049354289,0.23
screen,peak_share,zoom_blur,1,common,pooled,0.7826,0.6835035742796458,0.475
screen,peak_share,zoom_blur,2,common,pooled,0.8234,0.7248385482256312,0.35
screen,peak_share,zoom_blur,3,common,pooled,0.8253,0.7238707974809468,0.36
screen,peak_share,zoom_blur,4,common,pooled,0.844825,0.7486947385210891,0.335
screen,peak_share,zoom_blur,5,common,pooled,0.848575,0.7484002168276181,0.3
screen,peak_share,snow,1,common,pooled,0.73935,0.6395049320949051,0.545
screen,peak_share,snow,2,common,pooled,0.86745,0.7741272411949328,0.26
screen,peak_share,snow,3,common,pooled,0.821975,0.7149099604873421,0.35
screen,peak_share,snow,4,common,pooled,0.846175,0.7466491109908548,0.3
screen,peak_share,snow,5,common,pooled,0.872025,0.7934873744831337,0.26
screen,peak_share,frost,1,common,pooled,0.6319,0.563228713030529,0.74
screen,peak_share,frost,2,common,pooled,0.769375,0.667908053209257,0.465
screen,peak_share,frost,3,common,pooled,0.8272,0.7068530835922275,0.32
screen,peak_share,frost,4,common,pooled,0.8328,0.7160574767050851,0.34
screen,peak_share,frost,5,common,pooled,0.853175,0.7346287117385912,0.225
screen,peak_share,fog,1,common,pooled,0.693175,0.62087213329348,0.685
screen,peak_share,fog,2,common,pooled,0.749075,0.6646958985364748,0.54
screen,peak_share,fog,3,common,pooled,0.790075,0.6987901233988831,0.455
screen,peak_share,fog,4,common,pooled,0.782325,0.6815088002234873,0.475
screen,peak_share,fog,5,common,pooled,0.81045,0.701841218147571,0.355
screen,peak_share,brightness,1,common,pooled,0.508775,0.5115940921281945,0.915
screen,peak_share,brightness,2,common,pooled,0.541425,0.5297932516372167,0.865
screen,peak_share,brightness,3,common,pooled,0.59245,0.5617624499719778,0.81
screen,peak_share,brightness,4,common,pooled,0.648625,0.6034545169629681,0.725
screen,peak_share,brightness,5,common,pooled,0.694525,0.6433940877609814,0.655
screen,peak_share,contrast,1,common,pooled,0.73145,0.6634453158769755,0.59
screen,peak_share,contrast,2,common,pooled,0.81725,0.7436623484413075,0.42
screen,peak_share,contrast,3,common,pooled,0.89665,0.8426000199013511,0.23
screen,peak_share,contrast,4,common,pooled,0.970925,0.9589578467396568,0.07
screen,peak_share,contrast,5,common,pooled,0.9963,0.9958594750905436,0.025
screen,peak_share,elastic_transform,1,common,pooled,0.493,0.4904054401076306,0.95
screen,peak_share,elastic_transform,2,common,pooled,0.477425,0.4807882247547028,0.965
screen,peak_share,elastic_transform,3,common,pooled,0.464475,0.47637185110959485,0.985
screen,peak_share,elastic_transform,4,common,pooled,0.4546,0.47001086273302706,0.985
screen,peak_share,elastic_transform,5,common,pooled,0.450025,0.469226097950035,0.98
screen,peak_share,pixelate,1,common,pooled,0.521075,0.5015443347675991,0.925
screen,peak_share,pixelate,2,common,pooled,0.529925,0.507070643234951,0.915
screen,peak_share,pixelate,3,common,pooled,0.5551,0.5209578765869182,0.885
screen,peak_share,pixelate,4,common,pooled,0.61185,0.5587471897834311,0.785
screen,peak_share,pixelate,5,common,pooled,0.63865,0.5769260638293192,0.725
screen,peak_share,jpeg_compression,1,common,pooled,0.513575,0.492089327369144,0.915
screen,peak_share,jpeg_compression,2,common,pooled,0.521225,0.4967912718766791,0.895
screen,peak_share,jpeg_compression,3,common,pooled,0.52585,0.5000218630868208,0.855
screen,peak_share,jpeg_compression,4,common,pooled,0.54065,0.5021090955146302,0.83
screen,peak_share,jpeg_compression,5,common,pooled,0.55815,0.5166987565984241,0.83
screen,peak_share,speckle_noise,1,extra,pooled,0.77635,0.697335022024726,0.645
screen,peak_share,speckle_noise,2,extra,pooled,0.810025,0.7334201510067673,0.54
screen,peak_share,speckle_noise,3,extra,pooled,0.838325,0.7589842388798589,0.45
screen,peak_share,speckle_noise,4,extra,pooled,0.833925,0.7484468059902492,0.435
screen,peak_share,speckle_noise,5,extra,pooled,0.817,0.7206678787322227,0.455
screen,peak_share,gaussian_blur,1,extra,pooled,0.686925,0.6097390491058609,0.745
screen,peak_share,gaussian_blur,2,extra,pooled,0.88055,0.7971009239473128,0.225
screen,peak_share,gaussian_blur,3,extra,pooled,0.938825,0.8799702092610868,0.13
screen,peak_share,gaussian_blur,4,extra,pooled,0.96275,0.9222673210466376,0.065
screen,peak_share,gaussian_blur,5,extra,pooled,0.97845,0.9583930866537597,0.035
screen,peak_share,spatter,1,extra,pooled,0.46605,0.4726034188462052,0.95
screen,peak_share,spatter,2,extra,pooled,0.559,0.49828336259037886,0.81
screen,peak_share,spatter,3,extra,pooled,0.7816,0.6624812542145485,0.47
screen,peak_share,spatter,4,extra,pooled,0.62395,0.5351888517015342,0.725
screen,peak_share,spatter,5,extra,pooled,0.68085,0.5787737056279592,0.665
screen,peak_share,saturate,1,extra,pooled,0.5159125,0.5099066996883523,0.915
screen,peak_share,saturate,2,extra,pooled,0.5378625,0.5200304191409202,0.895
screen,peak_share,saturate,3,extra,pooled,0.5552375,0.5321017670221582,0.885
screen,peak_share,saturate,4,extra,pooled,0.681925,0.6368612247085703,0.71
screen,peak_share,saturate,5,extra,pooled,0.8128,0.7845713773497653,0.535
screen,level,gaussian_noise,1,common,pooled,0.8841,0.8052076483300111,0.29
screen,level,gaussian_noise,2,common,pooled,0.979225,0.9716996484718833,0.075
screen,level,gaussian_noise,3,common,pooled,0.999775,0.999771534352706,0.0
screen,level,gaussian_noise,4,common,pooled,1.0,1.0,0.0
screen,level,gaussian_noise,5,common,pooled,1.0,1.0,0.0
screen,level,shot_noise,1,common,pooled,0.8754,0.8348329680424297,0.375
screen,level,shot_noise,2,common,pooled,0.971175,0.9705729782762043,0.125
screen,level,shot_noise,3,common,pooled,0.9957,0.9959140853421887,0.03
screen,level,shot_noise,4,common,pooled,0.99995,0.9999501243781094,0.0
screen,level,shot_noise,5,common,pooled,1.0,1.0,0.0
screen,level,impulse_noise,1,common,pooled,0.970225,0.9590588531864556,0.09
screen,level,impulse_noise,2,common,pooled,0.99845,0.9984316721204954,0.005
screen,level,impulse_noise,3,common,pooled,0.999975,0.9999751243781094,0.0
screen,level,impulse_noise,4,common,pooled,1.0,1.0,0.0
screen,level,impulse_noise,5,common,pooled,1.0,1.0,0.0
screen,level,defocus_blur,1,common,pooled,0.90175,0.8616218280903534,0.29
screen,level,defocus_blur,2,common,pooled,0.9466,0.9207185347472137,0.125
screen,level,defocus_blur,3,common,pooled,0.975375,0.965184339721991,0.07
screen,level,defocus_blur,4,common,pooled,0.987525,0.9834234513497144,0.04
screen,level,defocus_blur,5,common,pooled,0.993175,0.9913629118299142,0.03
screen,level,glass_blur,1,common,pooled,0.767175,0.7217981530923121,0.585
screen,level,glass_blur,2,common,pooled,0.85795,0.8118950295827185,0.365
screen,level,glass_blur,3,common,pooled,0.881625,0.8373188882968577,0.33
screen,level,glass_blur,4,common,pooled,0.92,0.88570020212041,0.255
screen,level,glass_blur,5,common,pooled,0.9673,0.9513691462576301,0.09
screen,level,motion_blur,1,common,pooled,0.72945,0.6803959870830665,0.61
screen,level,motion_blur,2,common,pooled,0.83035,0.7777118783461232,0.475
screen,level,motion_blur,3,common,pooled,0.906975,0.8661329629013388,0.275
screen,level,motion_blur,4,common,pooled,0.942375,0.911989813440822,0.15
screen,level,motion_blur,5,common,pooled,0.95585,0.9328727157834208,0.11
screen,level,zoom_blur,1,common,pooled,0.888175,0.8473098687589793,0.33
screen,level,zoom_blur,2,common,pooled,0.91695,0.8822332535448407,0.255
screen,level,zoom_blur,3,common,pooled,0.909425,0.8740751540434701,0.295
screen,level,zoom_blur,4,common,pooled,0.92585,0.8956564533794136,0.255
screen,level,zoom_blur,5,common,pooled,0.91955,0.8879380639363893,0.245
screen,level,snow,1,common,pooled,0.64995,0.5743049657613514,0.64
screen,level,snow,2,common,pooled,0.829825,0.741925149297993,0.345
screen,level,snow,3,common,pooled,0.775475,0.6881223703909196,0.47
screen,level,snow,4,common,pooled,0.8204,0.7400877578658942,0.355
screen,level,snow,5,common,pooled,0.830975,0.7507401637982618,0.33
screen,level,frost,1,common,pooled,0.5357,0.49925285141120546,0.82
screen,level,frost,2,common,pooled,0.5754,0.5159723583527389,0.665
screen,level,frost,3,common,pooled,0.61955,0.5297697413526357,0.615
screen,level,frost,4,common,pooled,0.601175,0.5207227744538641,0.64
screen,level,frost,5,common,pooled,0.6327,0.5387180588784909,0.58
screen,level,fog,1,common,pooled,0.9054,0.8855029675093431,0.315
screen,level,fog,2,common,pooled,0.94175,0.9275840246226178,0.205
screen,level,fog,3,common,pooled,0.960225,0.94932501146443,0.125
screen,level,fog,4,common,pooled,0.955725,0.9418435130251108,0.14
screen,level,fog,5,common,pooled,0.96375,0.9501811671871573,0.105
screen,level,brightness,1,common,pooled,0.51065,0.5109242603353439,0.93
screen,level,brightness,2,common,pooled,0.546275,0.5412684184692387,0.915
screen,level,brightness,3,common,pooled,0.603625,0.583424027115554,0.79
screen,level,brightness,4,common,pooled,0.6675,0.6348725585649275,0.67
screen,level,brightness,5,common,pooled,0.72455,0.684465030646894,0.64
screen,level,contrast,1,common,pooled,0.91645,0.8966012832214451,0.3
screen,level,contrast,2,common,pooled,0.964925,0.9562235053365001,0.125
screen,level,contrast,3,common,pooled,0.989875,0.9883632501463486,0.045
screen,level,contrast,4,common,pooled,0.9994,0.9993967692774209,0.005
screen,level,contrast,5,common,pooled,1.0,1.0,0.0
screen,level,elastic_transform,1,common,pooled,0.498575,0.5084809666008889,0.93
screen,level,elastic_transform,2,common,pooled,0.4924,0.5029294361166383,0.93
screen,level,elastic_transform,3,common,pooled,0.48385,0.496798440823235,0.93
screen,level,elastic_transform,4,common,pooled,0.4812,0.49495265424744406,0.93
screen,level,elastic_transform,5,common,pooled,0.481575,0.4957026553315458,0.93
screen,level,pixelate,1,common,pooled,0.5478,0.5447085377019416,0.885
screen,level,pixelate,2,common,pooled,0.570575,0.5594066480926503,0.86
screen,level,pixelate,3,common,pooled,0.62235,0.5979215569056308,0.78
screen,level,pixelate,4,common,pooled,0.69245,0.6594302093260529,0.665
screen,level,pixelate,5,common,pooled,0.700075,0.6638177641580062,0.655
screen,level,jpeg_compression,1,common,pooled,0.50985,0.5011659550694395,0.88
screen,level,jpeg_compression,2,common,pooled,0.506025,0.5008872955357713,0.85
screen,level,jpeg_compression,3,common,pooled,0.510375,0.502773639904202,0.83
screen,level,jpeg_compression,4,common,pooled,0.53065,0.5071461174606159,0.795
screen,level,jpeg_compression,5,common,pooled,0.56675,0.528674014966671,0.705
screen,level,speckle_noise,1,extra,pooled,0.7894,0.7476415059022704,0.565
screen,level,speckle_noise,2,extra,pooled,0.88445,0.8704815419980765,0.365
screen,level,speckle_noise,3,extra,pooled,0.973225,0.9770707022573512,0.245
screen,level,speckle_noise,4,extra,pooled,0.9871,0.9893106548626559,0.075
screen,level,speckle_noise,5,extra,pooled,0.99435,0.9950810910580027,0.015
screen,level,gaussian_blur,1,extra,pooled,0.758025,0.7112974563393872,0.605
screen,level,gaussian_blur,2,extra,pooled,0.938875,0.9121824606224469,0.15
screen,level,gaussian_blur,3,extra,pooled,0.975475,0.9651246055514318,0.075
screen,level,gaussian_blur,4,extra,pooled,0.989025,0.9858369275718618,0.035
screen,level,gaussian_blur,5,extra,pooled,0.997475,0.9970265829777125,0.01
screen,level,spatter,1,extra,pooled,0.473875,0.4806767297668422,0.965
screen,level,spatter,2,extra,pooled,0.56835,0.5177011630896626,0.75
screen,level,spatter,3,extra,pooled,0.79275,0.7111755442243417,0.495
screen,level,spatter,4,extra,pooled,0.88185,0.8762945478248293,0.47
screen,level,spatter,5,extra,pooled,0.92945,0.9296307055568199,0.33
screen,level,saturate,1,extra,pooled,0.5587625,0.5500910960920284,0.915
screen,level,saturate,2,extra,pooled,0.6092375,0.5824239528192465,0.8
screen,level,saturate,3,extra,pooled,0.5653375,0.5434696518802483,0.915
screen,level,saturate,4,extra,pooled,0.718825,0.698772077812414,0.66
screen,level,saturate,5,extra,pooled,0.8209,0.8203049951354426,0.52
screen,global_level,gaussian_noise,1,common,pooled,0.842875,0.7239923541933311,0.275
screen,global_level,gaussian_noise,2,common,pooled,0.95485,0.9107882545111399,0.095
screen,global_level,gaussian_noise,3,common,pooled,0.995225,0.9933654406181267,0.01
screen,global_level,gaussian_noise,4,common,pooled,1.0,1.0,0.0
screen,global_level,gaussian_noise,5,common,pooled,1.0,1.0,0.0
screen,global_level,shot_noise,1,common,pooled,0.830325,0.7414766778428844,0.46
screen,global_level,shot_noise,2,common,pooled,0.952875,0.929220165230372,0.16
screen,global_level,shot_noise,3,common,pooled,0.9908,0.9904091769432969,0.03
screen,global_level,shot_noise,4,common,pooled,0.99955,0.9995516857386342,0.0
screen,global_level,shot_noise,5,common,pooled,1.0,1.0,0.0
screen,global_level,impulse_noise,1,common,pooled,0.94425,0.9048537789296472,0.11
screen,global_level,impulse_noise,2,common,pooled,0.991725,0.9841379165145512,0.01
screen,global_level,impulse_noise,3,common,pooled,0.998375,0.9981774882094427,0.01
screen,global_level,impulse_noise,4,common,pooled,1.0,1.0,0.0
screen,global_level,impulse_noise,5,common,pooled,1.0,1.0,0.0
screen,global_level,defocus_blur,1,common,pooled,0.845675,0.7719444358602454,0.34
screen,global_level,defocus_blur,2,common,pooled,0.900075,0.8402033199896379,0.21
screen,global_level,defocus_blur,3,common,pooled,0.9427,0.9045261958328883,0.12
screen,global_level,defocus_blur,4,common,pooled,0.9652,0.9378421061938008,0.09
screen,global_level,defocus_blur,5,common,pooled,0.980725,0.9601192219440986,0.055
screen,global_level,glass_blur,1,common,pooled,0.69835,0.6532066474711826,0.7
screen,global_level,glass_blur,2,common,pooled,0.798675,0.7314233285883261,0.5
screen,global_level,glass_blur,3,common,pooled,0.830925,0.7629269074824573,0.41
screen,global_level,glass_blur,4,common,pooled,0.87425,0.811161123177855,0.28
screen,global_level,glass_blur,5,common,pooled,0.93165,0.8882667469603314,0.145
screen,global_level,motion_blur,1,common,pooled,0.6663,0.6236553820195054,0.69
screen,global_level,motion_blur,2,common,pooled,0.76915,0.704288910756905,0.57
screen,global_level,motion_blur,3,common,pooled,0.8518,0.7835079462404548,0.325
screen,global_level,motion_blur,4,common,pooled,0.89795,0.8392221919420716,0.23
screen,global_level,motion_blur,5,common,pooled,0.917775,0.8685885474094986,0.185
screen,global_level,zoom_blur,1,common,pooled,0.835525,0.7760625411820571,0.42
screen,global_level,zoom_blur,2,common,pooled,0.8751,0.8177656552388555,0.285
screen,global_level,zoom_blur,3,common,pooled,0.865725,0.8086890372670019,0.305
screen,global_level,zoom_blur,4,common,pooled,0.8861,0.8324432643009496,0.275
screen,global_level,zoom_blur,5,common,pooled,0.879725,0.8242753810054371,0.275
screen,global_level,snow,1,common,pooled,0.626275,0.5528785198581532,0.69
screen,global_level,snow,2,common,pooled,0.79205,0.6772052952460078,0.41
screen,global_level,snow,3,common,pooled,0.75175,0.6490960729055939,0.52
screen,global_level,snow,4,common,pooled,0.797525,0.6935076408847187,0.445
screen,global_level,snow,5,common,pooled,0.78,0.6766341346137223,0.415
screen,global_level,frost,1,common,pooled,0.49395,0.4780171563565577,0.905
screen,global_level,frost,2,common,pooled,0.497825,0.4644580319833058,0.81
screen,global_level,frost,3,common,pooled,0.52885,0.4754198537616158,0.725
screen,global_level,frost,4,common,pooled,0.510125,0.46565219080225534,0.725
screen,global_level,frost,5,common,pooled,0.5304,0.4724927386362363,0.715
screen,global_level,fog,1,common,pooled,0.8358,0.7974907678557608,0.48
screen,global_level,fog,2,common,pooled,0.885825,0.8506467291393045,0.285
screen,global_level,fog,3,common,pooled,0.912575,0.8804567899464844,0.23
screen,global_level,fog,4,common,pooled,0.906725,0.8687740090764074,0.23
screen,global_level,fog,5,common,pooled,0.9195,0.8723077257830089,0.185
screen,global_level,brightness,1,common,pooled,0.512425,0.5110626117912925,0.95
screen,global_level,brightness,2,common,pooled,0.54155,0.5304256411744221,0.905
screen,global_level,brightness,3,common,pooled,0.58615,0.5643154824604313,0.855
screen,global_level,brightness,4,common,pooled,0.638925,0.6034251570229648,0.75
screen,global_level,brightness,5,common,pooled,0.6896,0.6467042912291643,0.7
screen,global_level,contrast,1,common,pooled,0.849625,0.8114596864190393,0.41
screen,global_level,contrast,2,common,pooled,0.920275,0.8903190158802482,0.21
screen,global_level,contrast,3,common,pooled,0.9658,0.9502268282229906,0.11
screen,global_level,contrast,4,common,pooled,0.992575,0.9889812506054199,0.015
screen,global_level,contrast,5,common,pooled,0.999125,0.9990857301003022,0.005
screen,global_level,elastic_transform,1,common,pooled,0.4912,0.5003823424918894,0.905
screen,global_level,elastic_transform,2,common,pooled,0.487175,0.4958568198948743,0.905
screen,global_level,elastic_transform,3,common,pooled,0.484775,0.4922642012119368,0.91
screen,global_level,elastic_transform,4,common,pooled,0.48435,0.4904871744056092,0.905
screen,global_level,elastic_transform,5,common,pooled,0.4844,0.48862324281574143,0.905
screen,global_level,pixelate,1,common,pooled,0.509275,0.5169520227599745,0.895
screen,global_level,pixelate,2,common,pooled,0.522825,0.5261733264627987,0.875
screen,global_level,pixelate,3,common,pooled,0.559375,0.5504234831816093,0.835
screen,global_level,pixelate,4,common,pooled,0.631075,0.5990269116772047,0.725
screen,global_level,pixelate,5,common,pooled,0.6606,0.6150986784781434,0.71
screen,global_level,jpeg_compression,1,common,pooled,0.4857,0.4820030876375903,0.905
screen,global_level,jpeg_compression,2,common,pooled,0.48105,0.47528055013550785,0.86
screen,global_level,jpeg_compression,3,common,pooled,0.4802,0.4746290717276228,0.85
screen,global_level,jpeg_compression,4,common,pooled,0.499475,0.47947952067369937,0.805
screen,global_level,jpeg_compression,5,common,pooled,0.539375,0.4974204499583583,0.725
screen,global_level,speckle_noise,1,extra,pooled,0.738175,0.6690366140830277,0.715
screen,global_level,speckle_noise,2,extra,pooled,0.838175,0.7977837678257522,0.585
screen,global_level,speckle_noise,3,extra,pooled,0.9595,0.9618016409000882,0.195
screen,global_level,speckle_noise,4,extra,pooled,0.9818,0.9839578412124732,0.105
screen,global_level,speckle_noise,5,extra,pooled,0.9925,0.9933098251971405,0.015
screen,global_level,gaussian_blur,1,extra,pooled,0.690575,0.6434333816059863,0.69
screen,global_level,gaussian_blur,2,extra,pooled,0.888725,0.8239939847643841,0.235
screen,global_level,gaussian_blur,3,extra,pooled,0.940875,0.9015325016400868,0.12
screen,global_level,gaussian_blur,4,extra,pooled,0.967875,0.9412254426020134,0.09
screen,global_level,gaussian_blur,5,extra,pooled,0.988725,0.9709982631896305,0.025
screen,global_level,spatter,1,extra,pooled,0.4736,0.4754767053812172,0.95
screen,global_level,spatter,2,extra,pooled,0.577325,0.5192707390689948,0.725
screen,global_level,spatter,3,extra,pooled,0.780875,0.6692653250062025,0.455
screen,global_level,spatter,4,extra,pooled,0.880875,0.8672386966785924,0.48
screen,global_level,spatter,5,extra,pooled,0.92365,0.9188938106982787,0.38
screen,global_level,saturate,1,extra,pooled,0.5189125,0.5300735878770012,0.925
screen,global_level,saturate,2,extra,pooled,0.5520125,0.550178611572699,0.9
screen,global_level,saturate,3,extra,pooled,0.5647625,0.5425545362924776,0.88
screen,global_level,saturate,4,extra,pooled,0.69115,0.662998736690136,0.715
screen,global_level,saturate,5,extra,pooled,0.782025,0.778155968686973,0.615
screen,means_knn,gaussian_noise,1,common,pooled,0.91325,0.8909791698980838,0.255
screen,means_knn,gaussian_noise,2,common,pooled,0.984125,0.9783043492559073,0.06
screen,means_knn,gaussian_noise,3,common,pooled,0.997575,0.9969051741731149,0.005
screen,means_knn,gaussian_noise,4,common,pooled,1.0,1.0,0.0
screen,means_knn,gaussian_noise,5,common,pooled,1.0,1.0,0.0
screen,means_knn,shot_noise,1,common,pooled,0.898275,0.8804953079813544,0.295
screen,means_knn,shot_noise,2,common,pooled,0.980775,0.9758807953016376,0.07
screen,means_knn,shot_noise,3,common,pooled,0.99655,0.9956794044812269,0.01
screen,means_knn,shot_noise,4,common,pooled,0.999925,0.9999249987499687,0.0
screen,means_knn,shot_noise,5,common,pooled,1.0,1.0,0.0
screen,means_knn,impulse_noise,1,common,pooled,0.9601,0.9483356566991341,0.135
screen,means_knn,impulse_noise,2,common,pooled,0.99455,0.9923850957938168,0.015
screen,means_knn,impulse_noise,3,common,pooled,0.998175,0.9978179266902102,0.005
screen,means_knn,impulse_noise,4,common,pooled,1.0,1.0,0.0
screen,means_knn,impulse_noise,5,common,pooled,1.0,1.0,0.0
screen,means_knn,defocus_blur,1,common,pooled,0.77,0.710222447743701,0.495
screen,means_knn,defocus_blur,2,common,pooled,0.830025,0.7732368426408723,0.395
screen,means_knn,defocus_blur,3,common,pooled,0.89105,0.8493337600613554,0.275
screen,means_knn,defocus_blur,4,common,pooled,0.93065,0.90169488341105,0.2
screen,means_knn,defocus_blur,5,common,pooled,0.955775,0.9334690480452998,0.12
screen,means_knn,glass_blur,1,common,pooled,0.66735,0.6132071840442742,0.665
screen,means_knn,glass_blur,2,common,pooled,0.744825,0.6782334763435469,0.535
screen,means_knn,glass_blur,3,common,pooled,0.79295,0.7218849234152422,0.45
screen,means_knn,glass_blur,4,common,pooled,0.82715,0.7607437467736685,0.405
screen,means_knn,glass_blur,5,common,pooled,0.895675,0.8487077265012151,0.235
screen,means_knn,motion_blur,1,common,pooled,0.6627,0.6157219613601216,0.77
screen,means_knn,motion_blur,2,common,pooled,0.739075,0.6825279619078415,0.575
screen,means_knn,motion_blur,3,common,pooled,0.80395,0.747933019745938,0.445
screen,means_knn,motion_blur,4,common,pooled,0.855775,0.8046267167516342,0.36
screen,means_knn,motion_blur,5,common,pooled,0.879575,0.8378675077472446,0.31
screen,means_knn,zoom_blur,1,common,pooled,0.697225,0.6397171976342901,0.65
screen,means_knn,zoom_blur,2,common,pooled,0.7446,0.6808767607141204,0.545
screen,means_knn,zoom_blur,3,common,pooled,0.739325,0.676179896153576,0.555
screen,means_knn,zoom_blur,4,common,pooled,0.767975,0.7023087963727196,0.515
screen,means_knn,zoom_blur,5,common,pooled,0.7712,0.7033364100359382,0.51
screen,means_knn,snow,1,common,pooled,0.756075,0.7032704701630681,0.575
screen,means_knn,snow,2,common,pooled,0.937225,0.9139625974558986,0.195
screen,means_knn,snow,3,common,pooled,0.895925,0.8606852250408961,0.285
screen,means_knn,snow,4,common,pooled,0.949775,0.9276693516742142,0.15
screen,means_knn,snow,5,common,pooled,0.96145,0.9471261810516667,0.12
screen,means_knn,frost,1,common,pooled,0.69,0.6580490781660154,0.855
screen,means_knn,frost,2,common,pooled,0.7995,0.7565007362100422,0.5
screen,means_knn,frost,3,common,pooled,0.862425,0.8240755922564451,0.335
screen,means_knn,frost,4,common,pooled,0.855675,0.8171746863223379,0.385
screen,means_knn,frost,5,common,pooled,0.887425,0.8524195730686186,0.32
screen,means_knn,fog,1,common,pooled,0.540475,0.4955866189897727,0.865
screen,means_knn,fog,2,common,pooled,0.57505,0.5158832646578183,0.785
screen,means_knn,fog,3,common,pooled,0.595075,0.529057955496684,0.74
screen,means_knn,fog,4,common,pooled,0.57905,0.5180590886194189,0.76
screen,means_knn,fog,5,common,pooled,0.60005,0.52622863107825,0.74
screen,means_knn,brightness,1,common,pooled,0.567575,0.567213002117744,0.91
screen,means_knn,brightness,2,common,pooled,0.664325,0.648666450245745,0.78
screen,means_knn,brightness,3,common,pooled,0.76845,0.7443451154822437,0.555
screen,means_knn,brightness,4,common,pooled,0.865475,0.8455429926858552,0.375
screen,means_knn,brightness,5,common,pooled,0.92645,0.9135844092347736,0.24
screen,means_knn,contrast,1,common,pooled,0.700675,0.6486933214905305,0.645
screen,means_knn,contrast,2,common,pooled,0.783875,0.7383668206822549,0.51
screen,means_knn,contrast,3,common,pooled,0.877,0.8497024127249453,0.335
screen,means_knn,contrast,4,common,pooled,0.96955,0.9612483620097636,0.12
screen,means_knn,contrast,5,common,pooled,0.99595,0.9946403447057445,0.01
screen,means_knn,elastic_transform,1,common,pooled,0.50195,0.5015659729521444,0.935
screen,means_knn,elastic_transform,2,common,pooled,0.504625,0.5030846228486793,0.935
screen,means_knn,elastic_transform,3,common,pooled,0.515325,0.5091670055201001,0.935
screen,means_knn,elastic_transform,4,common,pooled,0.532075,0.5177019011529664,0.925
screen,means_knn,elastic_transform,5,common,pooled,0.554375,0.530974229089431,0.91
screen,means_knn,pixelate,1,common,pooled,0.508475,0.503357872537175,0.92
screen,means_knn,pixelate,2,common,pooled,0.523775,0.511668799860302,0.91
screen,means_knn,pixelate,3,common,pooled,0.5835,0.5494652675828228,0.835
screen,means_knn,pixelate,4,common,pooled,0.703175,0.6430817904664081,0.61
screen,means_knn,pixelate,5,common,pooled,0.77445,0.713697933971143,0.49
screen,means_knn,jpeg_compression,1,common,pooled,0.531425,0.5128979881986455,0.92
screen,means_knn,jpeg_compression,2,common,pooled,0.5484,0.522772852816826,0.88
screen,means_knn,jpeg_compression,3,common,pooled,0.5632,0.5312916344081071,0.865
screen,means_knn,jpeg_compression,4,common,pooled,0.613075,0.5629788213655997,0.795
screen,means_knn,jpeg_compression,5,common,pooled,0.66835,0.6006903584258918,0.665
screen,means_knn,speckle_noise,1,extra,pooled,0.815625,0.8017693882295015,0.51
screen,means_knn,speckle_noise,2,extra,pooled,0.8925,0.8840737515221218,0.375
screen,means_knn,speckle_noise,3,extra,pooled,0.982775,0.9806619260377478,0.1
screen,means_knn,speckle_noise,4,extra,pooled,0.99455,0.9939806716958466,0.02
screen,means_knn,speckle_noise,5,extra,pooled,0.998775,0.998701185438885,0.01
screen,means_knn,gaussian_blur,1,extra,pooled,0.660675,0.611682012217164,0.68
screen,means_knn,gaussian_blur,2,extra,pooled,0.8201,0.7643898696663152,0.425
screen,means_knn,gaussian_blur,3,extra,pooled,0.89305,0.8542413390586471,0.275
screen,means_knn,gaussian_blur,4,extra,pooled,0.935075,0.9069783331392163,0.185
screen,means_knn,gaussian_blur,5,extra,pooled,0.97575,0.9593642927333217,0.065
screen,means_knn,spatter,1,extra,pooled,0.4922,0.4951117440613034,0.95
screen,means_knn,spatter,2,extra,pooled,0.602175,0.5703175954656574,0.865
screen,means_knn,spatter,3,extra,pooled,0.7648,0.7135552041424834,0.535
screen,means_knn,spatter,4,extra,pooled,0.79305,0.7725635767054124,0.535
screen,means_knn,spatter,5,extra,pooled,0.86255,0.835801894165842,0.38
screen,means_knn,saturate,1,extra,pooled,0.4625375,0.46039293183920793,0.96
screen,means_knn,saturate,2,extra,pooled,0.4914875,0.470966921334827,0.935
screen,means_knn,saturate,3,extra,pooled,0.6890875,0.6765865152431216,0.79
screen,means_knn,saturate,4,extra,pooled,0.90215,0.8958671358994215,0.375
screen,means_knn,saturate,5,extra,pooled,0.9581,0.9576205151686189,0.205
screen,means_own,gaussian_noise,1,common,pooled,0.812275,0.6877376812383884,0.355
screen,means_own,gaussian_noise,2,common,pooled,0.9353,0.8688408959553666,0.13
screen,means_own,gaussian_noise,3,common,pooled,0.992325,0.9860515616150226,0.02
screen,means_own,gaussian_noise,4,common,pooled,0.999975,0.9999751243781094,0.0
screen,means_own,gaussian_noise,5,common,pooled,1.0,1.0,0.0
screen,means_own,shot_noise,1,common,pooled,0.804825,0.7083654573017979,0.505
screen,means_own,shot_noise,2,common,pooled,0.936275,0.9009801253804305,0.21
screen,means_own,shot_noise,3,common,pooled,0.98585,0.9839453051054805,0.065
screen,means_own,shot_noise,4,common,pooled,0.9992,0.9992075923067981,0.005
screen,means_own,shot_noise,5,common,pooled,0.999975,0.9999751243781094,0.0
screen,means_own,impulse_noise,1,common,pooled,0.925275,0.863810237830876,0.155
screen,means_own,impulse_noise,2,common,pooled,0.9847,0.9719274437831394,0.04
screen,means_own,impulse_noise,3,common,pooled,0.9959,0.9938694051769151,0.01
screen,means_own,impulse_noise,4,common,pooled,1.0,1.0,0.0
screen,means_own,impulse_noise,5,common,pooled,1.0,1.0,0.0
screen,means_own,defocus_blur,1,common,pooled,0.817125,0.7444762907629126,0.415
screen,means_own,defocus_blur,2,common,pooled,0.878425,0.8128747733905776,0.24
screen,means_own,defocus_blur,3,common,pooled,0.928575,0.8810223799467993,0.14
screen,means_own,defocus_blur,4,common,pooled,0.9532,0.9186056829784203,0.11
screen,means_own,defocus_blur,5,common,pooled,0.9704,0.9467691812204326,0.07
screen,means_own,glass_blur,1,common,pooled,0.689825,0.6409282546784887,0.695
screen,means_own,glass_blur,2,common,pooled,0.7881,0.7203297137377944,0.505
screen,means_own,glass_blur,3,common,pooled,0.840425,0.7698050266719679,0.36
screen,means_own,glass_blur,4,common,pooled,0.8797,0.8162832097473012,0.26
screen,means_own,glass_blur,5,common,pooled,0.9333,0.8903178908968491,0.135
screen,means_own,motion_blur,1,common,pooled,0.641775,0.6028283518543585,0.735
screen,means_own,motion_blur,2,common,pooled,0.7425,0.6787293874593954,0.6
screen,means_own,motion_blur,3,common,pooled,0.83195,0.7634590692333356,0.43
screen,means_own,motion_blur,4,common,pooled,0.885875,0.8214578026088214,0.235
screen,means_own,motion_blur,5,common,pooled,0.9102,0.8574553163575184,0.22
screen,means_own,zoom_blur,1,common,pooled,0.8275,0.7615002549998557,0.425
screen,means_own,zoom_blur,2,common,pooled,0.87255,0.8099638318853888,0.26
screen,means_own,zoom_blur,3,common,pooled,0.87155,0.8076574857759582,0.27
screen,means_own,zoom_blur,4,common,pooled,0.893325,0.8346433816000982,0.23
screen,means_own,zoom_blur,5,common,pooled,0.891675,0.8299507728337333,0.23
screen,means_own,snow,1,common,pooled,0.629775,0.5503219812241309,0.675
screen,means_own,snow,2,common,pooled,0.778775,0.6631774969472293,0.435
screen,means_own,snow,3,common,pooled,0.75645,0.6500084418357011,0.505
screen,means_own,snow,4,common,pooled,0.80825,0.6992809778714391,0.415
screen,means_own,snow,5,common,pooled,0.780325,0.6784961587322728,0.42
screen,means_own,frost,1,common,pooled,0.503325,0.482476272901768,0.885
screen,means_own,frost,2,common,pooled,0.525625,0.4839518276182865,0.84
screen,means_own,frost,3,common,pooled,0.56635,0.4980658059593228,0.74
screen,means_own,frost,4,common,pooled,0.5554,0.4926607847981429,0.735
screen,means_own,frost,5,common,pooled,0.583275,0.5058440845958364,0.685
screen,means_own,fog,1,common,pooled,0.80295,0.7619523407112968,0.56
screen,means_own,fog,2,common,pooled,0.854325,0.8097417424064619,0.405
screen,means_own,fog,3,common,pooled,0.883375,0.8382207070032778,0.265
screen,means_own,fog,4,common,pooled,0.87685,0.8276236509000728,0.3
screen,means_own,fog,5,common,pooled,0.89315,0.8383662070500391,0.235
screen,means_own,brightness,1,common,pooled,0.509525,0.5090380943269968,0.96
screen,means_own,brightness,2,common,pooled,0.534675,0.5257996015677279,0.91
screen,means_own,brightness,3,common,pooled,0.570825,0.5520581739480089,0.885
screen,means_own,brightness,4,common,pooled,0.619225,0.587117452491031,0.83
screen,means_own,brightness,5,common,pooled,0.6663,0.6267758526272659,0.73
screen,means_own,contrast,1,common,pooled,0.817525,0.774556426224362,0.53
screen,means_own,contrast,2,common,pooled,0.8924,0.8531834185657532,0.265
screen,means_own,contrast,3,common,pooled,0.946375,0.9216258664016486,0.14
screen,means_own,contrast,4,common,pooled,0.986425,0.98004836850451,0.045
screen,means_own,contrast,5,common,pooled,0.99745,0.9968760805045469,0.01
screen,means_own,elastic_transform,1,common,pooled,0.50425,0.5057829885123343,0.905
screen,means_own,elastic_transform,2,common,pooled,0.50495,0.5052625590037518,0.905
screen,means_own,elastic_transform,3,common,pooled,0.515025,0.5074957541893357,0.885
screen,means_own,elastic_transform,4,common,pooled,0.53045,0.5142346819003126,0.885
screen,means_own,elastic_transform,5,common,pooled,0.5589,0.5276365538902053,0.855
screen,means_own,pixelate,1,common,pooled,0.51295,0.5183354857381932,0.91
screen,means_own,pixelate,2,common,pooled,0.52585,0.5259405686733154,0.885
screen,means_own,pixelate,3,common,pooled,0.576125,0.5510095814197521,0.855
screen,means_own,pixelate,4,common,pooled,0.6841,0.6269590836575974,0.73
screen,means_own,pixelate,5,common,pooled,0.755325,0.6837972178860807,0.555
screen,means_own,jpeg_compression,1,common,pooled,0.4904,0.4865679463753746,0.89
screen,means_own,jpeg_compression,2,common,pooled,0.4863,0.47867548383745256,0.885
screen,means_own,jpeg_compression,3,common,pooled,0.493175,0.4795518575341,0.855
screen,means_own,jpeg_compression,4,common,pooled,0.5291,0.49506430218169284,0.78
screen,means_own,jpeg_compression,5,common,pooled,0.603625,0.5364506187589035,0.715
screen,means_own,speckle_noise,1,extra,pooled,0.714,0.6386532245561451,0.71
screen,means_own,speckle_noise,2,extra,pooled,0.814675,0.7589368535070073,0.62
screen,means_own,speckle_noise,3,extra,pooled,0.949925,0.9491641346807606,0.235
screen,means_own,speckle_noise,4,extra,pooled,0.9771,0.9791219713710521,0.155
screen,means_own,speckle_noise,5,extra,pooled,0.990375,0.9914585827856247,0.07
screen,means_own,gaussian_blur,1,extra,pooled,0.667625,0.6205466731593414,0.71
screen,means_own,gaussian_blur,2,extra,pooled,0.86615,0.7947332698297583,0.265
screen,means_own,gaussian_blur,3,extra,pooled,0.92645,0.8773646434278397,0.155
screen,means_own,gaussian_blur,4,extra,pooled,0.953475,0.9178247606774096,0.1
screen,means_own,gaussian_blur,5,extra,pooled,0.980625,0.962312066060582,0.05
screen,means_own,spatter,1,extra,pooled,0.47725,0.4747108587518894,0.93
screen,means_own,spatter,2,extra,pooled,0.58165,0.5130984746361433,0.73
screen,means_own,spatter,3,extra,pooled,0.768175,0.6450494831063902,0.445
screen,means_own,spatter,4,extra,pooled,0.86825,0.8464938485659683,0.465
screen,means_own,spatter,5,extra,pooled,0.918625,0.9055378864258792,0.3
screen,means_own,saturate,1,extra,pooled,0.5173875,0.5253197120878603,0.925
screen,means_own,saturate,2,extra,pooled,0.5415875,0.5386930921437129,0.91
screen,means_own,saturate,3,extra,pooled,0.5557625,0.5371090457052335,0.91
screen,means_own,saturate,4,extra,pooled,0.6765,0.6324395193126175,0.755
screen,means_own,saturate,5,extra,pooled,0.766475,0.757996004800759,0.645
screen,saod_top3,gaussian_noise,1,common,pooled,0.53455,0.5435103117146447,0.925
screen,saod_top3,gaussian_noise,2,common,pooled,0.565575,0.568969192263457,0.915
screen,saod_top3,gaussian_noise,3,common,pooled,0.645325,0.6505919481873563,0.82
screen,saod_top3,gaussian_noise,4,common,pooled,0.74255,0.7590342376603509,0.71
screen,saod_top3,gaussian_noise,5,common,pooled,0.88435,0.8951749286233244,0.485
screen,saod_top3,shot_noise,1,common,pooled,0.539275,0.5357093478679587,0.925
screen,saod_top3,shot_noise,2,common,pooled,0.5779,0.5786600785044794,0.91
screen,saod_top3,shot_noise,3,common,pooled,0.6397,0.6510881177406979,0.835
screen,saod_top3,shot_noise,4,common,pooled,0.76375,0.7731681846055387,0.67
screen,saod_top3,shot_noise,5,common,pooled,0.854375,0.8657853707604886,0.51
screen,saod_top3,impulse_noise,1,common,pooled,0.568475,0.5683268402278583,0.895
screen,saod_top3,impulse_noise,2,common,pooled,0.6011,0.601937786452041,0.875
screen,saod_top3,impulse_noise,3,common,pooled,0.645875,0.6537070742157906,0.805
screen,saod_top3,impulse_noise,4,common,pooled,0.751625,0.7700046317805893,0.715
screen,saod_top3,impulse_noise,5,common,pooled,0.881125,0.8890573119852694,0.495
screen,saod_top3,defocus_blur,1,common,pooled,0.55875,0.5643125255185258,0.875
screen,saod_top3,defocus_blur,2,common,pooled,0.594475,0.6021639838226951,0.875
screen,saod_top3,defocus_blur,3,common,pooled,0.65405,0.6617393287323179,0.785
screen,saod_top3,defocus_blur,4,common,pooled,0.7052,0.7053663724188813,0.7
screen,saod_top3,defocus_blur,5,common,pooled,0.753975,0.7542873210761732,0.625
screen,saod_top3,glass_blur,1,common,pooled,0.558375,0.5626745413090938,0.905
screen,saod_top3,glass_blur,2,common,pooled,0.610775,0.6096555294681434,0.87
screen,saod_top3,glass_blur,3,common,pooled,0.7327,0.7399901092760379,0.725
screen,saod_top3,glass_blur,4,common,pooled,0.7569,0.7674624172188789,0.685
screen,saod_top3,glass_blur,5,common,pooled,0.7984,0.8083436900997274,0.625
screen,saod_top3,motion_blur,1,common,pooled,0.542675,0.55107402383563,0.91
screen,saod_top3,motion_blur,2,common,pooled,0.579725,0.5835498448422651,0.9
screen,saod_top3,motion_blur,3,common,pooled,0.641275,0.6454259574524218,0.785
screen,saod_top3,motion_blur,4,common,pooled,0.710675,0.7167664892249701,0.735
screen,saod_top3,motion_blur,5,common,pooled,0.75035,0.7547628184149411,0.655
screen,saod_top3,zoom_blur,1,common,pooled,0.699425,0.7025822165346804,0.73
screen,saod_top3,zoom_blur,2,common,pooled,0.758375,0.7648584431056991,0.675
screen,saod_top3,zoom_blur,3,common,pooled,0.8005,0.8013565586241993,0.59
screen,saod_top3,zoom_blur,4,common,pooled,0.83535,0.8383106601965687,0.525
screen,saod_top3,zoom_blur,5,common,pooled,0.866425,0.8698807500779809,0.47
screen,saod_top3,snow,1,common,pooled,0.56215,0.5647178128393887,0.925
screen,saod_top3,snow,2,common,pooled,0.6257,0.6328832892657108,0.825
screen,saod_top3,snow,3,common,pooled,0.64245,0.6587141363790308,0.845
screen,saod_top3,snow,4,common,pooled,0.693,0.7246680047066238,0.81
screen,saod_top3,snow,5,common,pooled,0.6824,0.6953676785800059,0.81
screen,saod_top3,frost,1,common,pooled,0.55415,0.5613499050418298,0.935
screen,saod_top3,frost,2,common,pooled,0.6059,0.6174552397075204,0.9
screen,saod_top3,frost,3,common,pooled,0.6455,0.6640196211792726,0.86
screen,saod_top3,frost,4,common,pooled,0.6551,0.6699228568328623,0.84
screen,saod_top3,frost,5,common,pooled,0.6914,0.7175612912777258,0.815
screen,saod_top3,fog,1,common,pooled,0.521175,0.5305887496289867,0.945
screen,saod_top3,fog,2,common,pooled,0.532125,0.5346472130028678,0.945
screen,saod_top3,fog,3,common,pooled,0.538725,0.552464413134883,0.935
screen,saod_top3,fog,4,common,pooled,0.54625,0.5535238005123211,0.94
screen,saod_top3,fog,5,common,pooled,0.5606,0.5682393547725401,0.91
screen,saod_top3,brightness,1,common,pooled,0.499825,0.5083848003533176,0.945
screen,saod_top3,brightness,2,common,pooled,0.51085,0.5218022031329681,0.95
screen,saod_top3,brightness,3,common,pooled,0.52055,0.5286793924362825,0.945
screen,saod_top3,brightness,4,common,pooled,0.5308,0.5384460249255385,0.945
screen,saod_top3,brightness,5,common,pooled,0.542375,0.5530106099508182,0.94
screen,saod_top3,contrast,1,common,pooled,0.515775,0.5194688159779928,0.945
screen,saod_top3,contrast,2,common,pooled,0.529275,0.5350985518812011,0.945
screen,saod_top3,contrast,3,common,pooled,0.55365,0.5655157580740027,0.925
screen,saod_top3,contrast,4,common,pooled,0.613375,0.6161078898430355,0.845
screen,saod_top3,contrast,5,common,pooled,0.757825,0.7781735434237311,0.715
screen,saod_top3,elastic_transform,1,common,pooled,0.5375,0.5496738457004186,0.94
screen,saod_top3,elastic_transform,2,common,pooled,0.5553,0.5693844670920892,0.925
screen,saod_top3,elastic_transform,3,common,pooled,0.609125,0.620754621790658,0.875
screen,saod_top3,elastic_transform,4,common,pooled,0.644025,0.6502493097966047,0.87
screen,saod_top3,elastic_transform,5,common,pooled,0.698725,0.7255392803409986,0.83
screen,saod_top3,pixelate,1,common,pooled,0.52165,0.5226815797054492,0.94
screen,saod_top3,pixelate,2,common,pooled,0.5296,0.5365893880050998,0.93
screen,saod_top3,pixelate,3,common,pooled,0.6098,0.625616067503129,0.9
screen,saod_top3,pixelate,4,common,pooled,0.764725,0.7916149870487036,0.725
screen,saod_top3,pixelate,5,common,pooled,0.869925,0.886508057896168,0.59
screen,saod_top3,jpeg_compression,1,common,pooled,0.548075,0.5370155196667287,0.92
screen,saod_top3,jpeg_compression,2,common,pooled,0.5654,0.5599241548226732,0.875
screen,saod_top3,jpeg_compression,3,common,pooled,0.583325,0.5829201327666386,0.87
screen,saod_top3,jpeg_compression,4,common,pooled,0.661625,0.6683483903016583,0.805
screen,saod_top3,jpeg_compression,5,common,pooled,0.7493,0.7570757580056914,0.705
screen,saod_top3,speckle_noise,1,extra,pooled,0.53325,0.5348912334635241,0.93
screen,saod_top3,speckle_noise,2,extra,pooled,0.54485,0.5423275170798336,0.915
screen,saod_top3,speckle_noise,3,extra,pooled,0.6114,0.6227525161772521,0.87
screen,saod_top3,speckle_noise,4,extra,pooled,0.665,0.6751595093309688,0.815
screen,saod_top3,speckle_noise,5,extra,pooled,0.7276,0.7417245016684556,0.775
screen,saod_top3,gaussian_blur,1,extra,pooled,0.5166,0.514097190993537,0.925
screen,saod_top3,gaussian_blur,2,extra,pooled,0.57735,0.5847966522877416,0.895
screen,saod_top3,gaussian_blur,3,extra,pooled,0.6357,0.6448580724145109,0.805
screen,saod_top3,gaussian_blur,4,extra,pooled,0.676,0.6788704278465376,0.73
screen,saod_top3,gaussian_blur,5,extra,pooled,0.763225,0.76734371426185,0.615
screen,saod_top3,spatter,1,extra,pooled,0.506475,0.5133814204785576,0.945
screen,saod_top3,spatter,2,extra,pooled,0.540475,0.5469305658467417,0.925
screen,saod_top3,spatter,3,extra,pooled,0.56755,0.568933317653505,0.895
screen,saod_top3,spatter,4,extra,pooled,0.626825,0.6280443235240267,0.87
screen,saod_top3,spatter,5,extra,pooled,0.675775,0.6869552818357889,0.8
screen,saod_top3,saturate,1,extra,pooled,0.5146625,0.5199661779368256,0.96
screen,saod_top3,saturate,2,extra,pooled,0.5342125,0.5356315546076678,0.945
screen,saod_top3,saturate,3,extra,pooled,0.5099625,0.5143778424602725,0.945
screen,saod_top3,saturate,4,extra,pooled,0.53985,0.5403148499415955,0.945
screen,saod_top3,saturate,5,extra,pooled,0.5666,0.56759213127632,0.905
screen,saod_min,gaussian_noise,1,common,pooled,0.56065,0.5648915867354203,0.925
screen,saod_min,gaussian_noise,2,common,pooled,0.60565,0.6277678032797267,0.915
screen,saod_min,gaussian_noise,3,common,pooled,0.714275,0.7432051591333506,0.855
screen,saod_min,gaussian_noise,4,common,pooled,0.820625,0.8420511035628531,0.675
screen,saod_min,gaussian_noise,5,common,pooled,0.9367,0.9451924406132173,0.35
screen,saod_min,shot_noise,1,common,pooled,0.56525,0.5557373973884088,0.905
screen,saod_min,shot_noise,2,common,pooled,0.62005,0.6302133072757465,0.87
screen,saod_min,shot_noise,3,common,pooled,0.710975,0.7380997089857261,0.855
screen,saod_min,shot_noise,4,common,pooled,0.83805,0.8594098776144614,0.635
screen,saod_min,shot_noise,5,common,pooled,0.919875,0.9284786713804176,0.385
screen,saod_min,impulse_noise,1,common,pooled,0.59835,0.6209681879596457,0.885
screen,saod_min,impulse_noise,2,common,pooled,0.655975,0.6773636529859212,0.87
screen,saod_min,impulse_noise,3,common,pooled,0.71385,0.7465527495903836,0.84
screen,saod_min,impulse_noise,4,common,pooled,0.8284,0.8521307360443564,0.655
screen,saod_min,impulse_noise,5,common,pooled,0.93785,0.9460440140061694,0.355
screen,saod_min,defocus_blur,1,common,pooled,0.583125,0.5954084643997116,0.91
screen,saod_min,defocus_blur,2,common,pooled,0.63115,0.6442798918390457,0.885
screen,saod_min,defocus_blur,3,common,pooled,0.70195,0.7173092662666538,0.81
screen,saod_min,defocus_blur,4,common,pooled,0.761525,0.7766260034241629,0.81
screen,saod_min,defocus_blur,5,common,pooled,0.812725,0.8300298799451356,0.655
screen,saod_min,glass_blur,1,common,pooled,0.59445,0.6000563631463841,0.895
screen,saod_min,glass_blur,2,common,pooled,0.64925,0.6581869458975583,0.855
screen,saod_min,glass_blur,3,common,pooled,0.7927,0.8162972483742321,0.685
screen,saod_min,glass_blur,4,common,pooled,0.8191625,0.8406813385528279,0.65
screen,saod_min,glass_blur,5,common,pooled,0.861125,0.8788534450335757,0.545
screen,saod_min,motion_blur,1,common,pooled,0.552325,0.5625443169603737,0.93
screen,saod_min,motion_blur,2,common,pooled,0.6077,0.61315915668321,0.92
screen,saod_min,motion_blur,3,common,pooled,0.67925,0.6952405102181027,0.885
screen,saod_min,motion_blur,4,common,pooled,0.764375,0.7800530820701779,0.775
screen,saod_min,motion_blur,5,common,pooled,0.8056,0.823629826934196,0.67
screen,saod_min,zoom_blur,1,common,pooled,0.750375,0.7629121531670118,0.715
screen,saod_min,zoom_blur,2,common,pooled,0.7948,0.8085485149827022,0.685
screen,saod_min,zoom_blur,3,common,pooled,0.847375,0.8604353435551384,0.665
screen,saod_min,zoom_blur,4,common,pooled,0.878475,0.8907983834278516,0.54
screen,saod_min,zoom_blur,5,common,pooled,0.903175,0.9137895900763788,0.37
screen,saod_min,snow,1,common,pooled,0.596025,0.622673379634703,0.92
screen,saod_min,snow,2,common,pooled,0.6776,0.7102837407244185,0.87
screen,saod_min,snow,3,common,pooled,0.703475,0.7413304358491681,0.84
screen,saod_min,snow,4,common,pooled,0.77105,0.8012097341501633,0.785
screen,saod_min,snow,5,common,pooled,0.7524,0.7790019694957119,0.74
screen,saod_min,frost,1,common,pooled,0.575475,0.5936142857313891,0.925
screen,saod_min,frost,2,common,pooled,0.635675,0.6703692747268781,0.875
screen,saod_min,frost,3,common,pooled,0.703,0.739704299670495,0.87
screen,saod_min,frost,4,common,pooled,0.699825,0.7391878089911796,0.855
screen,saod_min,frost,5,common,pooled,0.74825,0.781156927123401,0.785
screen,saod_min,fog,1,common,pooled,0.513975,0.5242867136987079,0.95
screen,saod_min,fog,2,common,pooled,0.52805,0.5414908208955196,0.945
screen,saod_min,fog,3,common,pooled,0.5382,0.5481315984966721,0.94
screen,saod_min,fog,4,common,pooled,0.55325,0.5600168125608787,0.945
screen,saod_min,fog,5,common,pooled,0.58615,0.606123497430318,0.925
screen,saod_min,brightness,1,common,pooled,0.50565,0.5145717159734815,0.95
screen,saod_min,brightness,2,common,pooled,0.514825,0.5294579618276621,0.95
screen,saod_min,brightness,3,common,pooled,0.5208,0.5424919323181464,0.945
screen,saod_min,brightness,4,common,pooled,0.5333,0.5596688633375587,0.94
screen,saod_min,brightness,5,common,pooled,0.5562,0.5782074341460723,0.925
screen,saod_min,contrast,1,common,pooled,0.508375,0.5159339512950559,0.945
screen,saod_min,contrast,2,common,pooled,0.518,0.5327283121246118,0.95
screen,saod_min,contrast,3,common,pooled,0.5524,0.5726482476194721,0.94
screen,saod_min,contrast,4,common,pooled,0.651975,0.6735954881468789,0.875
screen,saod_min,contrast,5,common,pooled,0.815925,0.8368322012766458,0.58
screen,saod_min,elastic_transform,1,common,pooled,0.554525,0.5706846033303861,0.925
screen,saod_min,elastic_transform,2,common,pooled,0.585,0.6148126463247258,0.91
screen,saod_min,elastic_transform,3,common,pooled,0.6419625,0.6823609158224214,0.875
screen,saod_min,elastic_transform,4,common,pooled,0.669925,0.7093650670192497,0.855
screen,saod_min,elastic_transform,5,common,pooled,0.75535,0.7883100995821035,0.805
screen,saod_min,pixelate,1,common,pooled,0.53155,0.5366626564771126,0.94
screen,saod_min,pixelate,2,common,pooled,0.543375,0.5514349998727813,0.93
screen,saod_min,pixelate,3,common,pooled,0.6442,0.6702888636414622,0.9
screen,saod_min,pixelate,4,common,pooled,0.8172,0.8471081164499965,0.685
screen,saod_min,pixelate,5,common,pooled,0.91905,0.9344519466106377,0.46
screen,saod_min,jpeg_compression,1,common,pooled,0.5731,0.5733991926515992,0.895
screen,saod_min,jpeg_compression,2,common,pooled,0.6126,0.6150231923053664,0.87
screen,saod_min,jpeg_compression,3,common,pooled,0.64505,0.6590837457894454,0.875
screen,saod_min,jpeg_compression,4,common,pooled,0.747075,0.7675220252704792,0.73
screen,saod_min,jpeg_compression,5,common,pooled,0.8273,0.8463440972741296,0.63
screen,saod_min,speckle_noise,1,extra,pooled,0.55225,0.5591398901377824,0.93
screen,saod_min,speckle_noise,2,extra,pooled,0.570025,0.5773574519803928,0.905
screen,saod_min,speckle_noise,3,extra,pooled,0.661525,0.6817073460663079,0.85
screen,saod_min,speckle_noise,4,extra,pooled,0.71165,0.7390709178028531,0.795
screen,saod_min,speckle_noise,5,extra,pooled,0.791725,0.8124243467292597,0.725
screen,saod_min,gaussian_blur,1,extra,pooled,0.541025,0.5401897013350208,0.94
screen,saod_min,gaussian_blur,2,extra,pooled,0.61485,0.6260372125932133,0.905
screen,saod_min,gaussian_blur,3,extra,pooled,0.67475,0.6929487422598966,0.87
screen,saod_min,gaussian_blur,4,extra,pooled,0.72355,0.7433930321733672,0.805
screen,saod_min,gaussian_blur,5,extra,pooled,0.824625,0.8436043145188528,0.63
screen,saod_min,spatter,1,extra,pooled,0.5104,0.5110442452861268,0.95
screen,saod_min,spatter,2,extra,pooled,0.568475,0.5868713702294268,0.925
screen,saod_min,spatter,3,extra,pooled,0.618675,0.6471355620221334,0.87
screen,saod_min,spatter,4,extra,pooled,0.684625,0.7111851167443941,0.855
screen,saod_min,spatter,5,extra,pooled,0.750625,0.7760295617128252,0.8
screen,saod_min,saturate,1,extra,pooled,0.5164875,0.5198198429393976,0.95
screen,saod_min,saturate,2,extra,pooled,0.5384125,0.5441597906556478,0.94
screen,saod_min,saturate,3,extra,pooled,0.5200625,0.5255950184612121,0.95
screen,saod_min,saturate,4,extra,pooled,0.554325,0.5679701231991474,0.95
screen,saod_min,saturate,5,extra,pooled,0.60245,0.6139446489208782,0.92
screen,contrastive,gaussian_noise,1,common,fold-averaged,0.5206250000000001,0.5352810773247224,0.89
screen,contrastive,gaussian_noise,2,common,fold-averaged,0.5465,0.5587945682227365,0.915
screen,contrastive,gaussian_noise,3,common,fold-averaged,0.6145,0.6212945391545912,0.8400000000000001
screen,contrastive,gaussian_noise,4,common,fold-averaged,0.717,0.7269842121657322,0.7300000000000001
screen,contrastive,gaussian_noise,5,common,fold-averaged,0.8274999999999999,0.8455294471798924,0.6100000000000001
screen,contrastive,shot_noise,1,common,fold-averaged,0.52325,0.5264221262574666,0.9
screen,contrastive,shot_noise,2,common,fold-averaged,0.525375,0.5427343442013639,0.8950000000000001
screen,contrastive,shot_noise,3,common,fold-averaged,0.6068749999999999,0.6052681431423699,0.8600000000000001
screen,contrastive,shot_noise,4,common,fold-averaged,0.70525,0.7166579139827596,0.78
screen,contrastive,shot_noise,5,common,fold-averaged,0.788375,0.8085547408625292,0.6849999999999999
screen,contrastive,impulse_noise,1,common,fold-averaged,0.542375,0.549774679500322,0.89
screen,contrastive,impulse_noise,2,common,fold-averaged,0.579,0.5801746962916171,0.86
screen,contrastive,impulse_noise,3,common,fold-averaged,0.6300000000000001,0.6288588122568228,0.8200000000000001
screen,contrastive,impulse_noise,4,common,fold-averaged,0.70425,0.7165933327832319,0.7700000000000001
screen,contrastive,impulse_noise,5,common,fold-averaged,0.8162499999999999,0.8349146776402874,0.615
screen,contrastive,defocus_blur,1,common,fold-averaged,0.512875,0.5125558986026293,0.915
screen,contrastive,defocus_blur,2,common,fold-averaged,0.5139999999999999,0.5126385322748859,0.885
screen,contrastive,defocus_blur,3,common,fold-averaged,0.5355000000000001,0.5349524543911567,0.8450000000000001
screen,contrastive,defocus_blur,4,common,fold-averaged,0.5586249999999999,0.5573099787337308,0.8400000000000001
screen,contrastive,defocus_blur,5,common,fold-averaged,0.6056250000000001,0.6070675259512054,0.835
screen,contrastive,glass_blur,1,common,fold-averaged,0.534625,0.5437283509836892,0.89
screen,contrastive,glass_blur,2,common,fold-averaged,0.54875,0.5406762699284222,0.8550000000000001
screen,contrastive,glass_blur,3,common,fold-averaged,0.6435,0.6419251434516887,0.8099999999999999
screen,contrastive,glass_blur,4,common,fold-averaged,0.6537499999999999,0.6673403243743594,0.8150000000000001
screen,contrastive,glass_blur,5,common,fold-averaged,0.7005000000000001,0.6995168200775437,0.72
screen,contrastive,motion_blur,1,common,fold-averaged,0.507,0.5175345201258131,0.915
screen,contrastive,motion_blur,2,common,fold-averaged,0.508125,0.5139127274719235,0.9
screen,contrastive,motion_blur,3,common,fold-averaged,0.536625,0.5386951002185937,0.8450000000000001
screen,contrastive,motion_blur,4,common,fold-averaged,0.595125,0.59571157866928,0.8299999999999998
screen,contrastive,motion_blur,5,common,fold-averaged,0.6345,0.6453155806582774,0.8
screen,contrastive,zoom_blur,1,common,fold-averaged,0.5773750000000001,0.5797506274053006,0.8499999999999999
screen,contrastive,zoom_blur,2,common,fold-averaged,0.61525,0.6230021755208651,0.835
screen,contrastive,zoom_blur,3,common,fold-averaged,0.65575,0.6685211700938434,0.765
screen,contrastive,zoom_blur,4,common,fold-averaged,0.6735,0.6889532753599719,0.7449999999999999
screen,contrastive,zoom_blur,5,common,fold-averaged,0.711875,0.7225526923649422,0.7350000000000001
screen,contrastive,snow,1,common,fold-averaged,0.536125,0.5556722706510614,0.8950000000000001
screen,contrastive,snow,2,common,fold-averaged,0.58725,0.5842522093495129,0.89
screen,contrastive,snow,3,common,fold-averaged,0.6214999999999999,0.613811858552714,0.865
screen,contrastive,snow,4,common,fold-averaged,0.6693749999999999,0.6708529225636114,0.825
screen,contrastive,snow,5,common,fold-averaged,0.626875,0.6257833782975247,0.8300000000000001
screen,contrastive,frost,1,common,fold-averaged,0.5276250000000001,0.5337981536588142,0.9
screen,contrastive,frost,2,common,fold-averaged,0.570375,0.5714059141932657,0.8699999999999999
screen,contrastive,frost,3,common,fold-averaged,0.604125,0.6093167680302549,0.835
screen,contrastive,frost,4,common,fold-averaged,0.60625,0.5973779747323423,0.8400000000000001
screen,contrastive,frost,5,common,fold-averaged,0.622125,0.6296720374993464,0.8300000000000001
screen,contrastive,fog,1,common,fold-averaged,0.500625,0.5069040981626564,0.915
screen,contrastive,fog,2,common,fold-averaged,0.5035000000000001,0.5113803441371759,0.915
screen,contrastive,fog,3,common,fold-averaged,0.5,0.5143210999885868,0.9099999999999999
screen,contrastive,fog,4,common,fold-averaged,0.501,0.5097639829022269,0.905
screen,contrastive,fog,5,common,fold-averaged,0.5181250000000001,0.5134240239490052,0.9149999999999998
screen,contrastive,brightness,1,common,fold-averaged,0.506125,0.5240782236269418,0.9250000000000002
screen,contrastive,brightness,2,common,fold-averaged,0.51025,0.5288576709005474,0.9200000000000002
screen,contrastive,brightness,3,common,fold-averaged,0.52175,0.5335030306336976,0.905
screen,contrastive,brightness,4,common,fold-averaged,0.5261250000000001,0.5385115853702128,0.925
screen,contrastive,brightness,5,common,fold-averaged,0.52275,0.5347253148978154,0.925
screen,contrastive,contrast,1,common,fold-averaged,0.49775,0.5057424119552935,0.925
screen,contrastive,contrast,2,common,fold-averaged,0.497375,0.5055952123070567,0.9349999999999999
screen,contrastive,contrast,3,common,fold-averaged,0.5038750000000001,0.5099786245695208,0.93
screen,contrastive,contrast,4,common,fold-averaged,0.530625,0.5308503091128794,0.885
screen,contrastive,contrast,5,common,fold-averaged,0.66875,0.6726065123048101,0.765
screen,contrastive,elastic_transform,1,common,fold-averaged,0.53625,0.5398173799224629,0.8950000000000001
screen,contrastive,elastic_transform,2,common,fold-averaged,0.544,0.5484215867036429,0.875
screen,contrastive,elastic_transform,3,common,fold-averaged,0.5752499999999999,0.5705121278312768,0.845
screen,contrastive,elastic_transform,4,common,fold-averaged,0.576,0.5551009797097599,0.835
screen,contrastive,elastic_transform,5,common,fold-averaged,0.6231250000000002,0.62567338060161,0.7849999999999999
screen,contrastive,pixelate,1,common,fold-averaged,0.5221250000000001,0.5391722067742923,0.905
screen,contrastive,pixelate,2,common,fold-averaged,0.5367500000000001,0.5476505895730786,0.9
screen,contrastive,pixelate,3,common,fold-averaged,0.58675,0.61208726804253,0.845
screen,contrastive,pixelate,4,common,fold-averaged,0.714125,0.7295696440152938,0.77
screen,contrastive,pixelate,5,common,fold-averaged,0.7943749999999999,0.8141558411635558,0.62
screen,contrastive,jpeg_compression,1,common,fold-averaged,0.5305,0.5280942753633324,0.9
screen,contrastive,jpeg_compression,2,common,fold-averaged,0.55425,0.5527563742148552,0.8899999999999999
screen,contrastive,jpeg_compression,3,common,fold-averaged,0.5861250000000001,0.5749663651475748,0.85
screen,contrastive,jpeg_compression,4,common,fold-averaged,0.654625,0.6541124552150817,0.7850000000000001
screen,contrastive,jpeg_compression,5,common,fold-averaged,0.7387500000000001,0.7492533069016363,0.7
screen,contrastive,speckle_noise,1,extra,fold-averaged,0.520125,0.5278953419441047,0.9099999999999999
screen,contrastive,speckle_noise,2,extra,fold-averaged,0.517625,0.5220572004207467,0.8949999999999999
screen,contrastive,speckle_noise,3,extra,fold-averaged,0.572,0.569703439438926,0.8550000000000001
screen,contrastive,speckle_noise,4,extra,fold-averaged,0.59775,0.6046417252330659,0.8300000000000001
screen,contrastive,speckle_noise,5,extra,fold-averaged,0.63575,0.6422788089115844,0.775
screen,contrastive,gaussian_blur,1,extra,fold-averaged,0.5327500000000001,0.5310840395568005,0.8949999999999999
screen,contrastive,gaussian_blur,2,extra,fold-averaged,0.52625,0.5178817956804366,0.8799999999999999
screen,contrastive,gaussian_blur,3,extra,fold-averaged,0.526625,0.5305316384196723,0.835
screen,contrastive,gaussian_blur,4,extra,fold-averaged,0.566125,0.5714459650467377,0.8299999999999998
screen,contrastive,gaussian_blur,5,extra,fold-averaged,0.641,0.6402590249315576,0.8
screen,contrastive,spatter,1,extra,fold-averaged,0.507,0.5207366812810937,0.905
screen,contrastive,spatter,2,extra,fold-averaged,0.5365,0.5414124819415501,0.9100000000000001
screen,contrastive,spatter,3,extra,fold-averaged,0.5598750000000001,0.5675233120729833,0.8800000000000001
screen,contrastive,spatter,4,extra,fold-averaged,0.617875,0.6305269167268791,0.865
screen,contrastive,spatter,5,extra,fold-averaged,0.6441250000000001,0.6430667855533113,0.8049999999999999
screen,contrastive,saturate,1,extra,fold-averaged,0.5030625000000001,0.5039812852767107,0.9400000000000001
screen,contrastive,saturate,2,extra,fold-averaged,0.5158124999999999,0.5138408428736521,0.9100000000000001
screen,contrastive,saturate,3,extra,fold-averaged,0.5059375,0.5246341426782636,0.9100000000000001
screen,contrastive,saturate,4,extra,fold-averaged,0.529375,0.5402008033601431,0.885
screen,contrastive,saturate,5,extra,fold-averaged,0.547125,0.5458724752598032,0.89
screen,knn,gaussian_noise,1,common,pooled,0.547625,0.5482861093188538,0.915
screen,knn,gaussian_noise,2,common,pooled,0.594675,0.5897326698130307,0.885
screen,knn,gaussian_noise,3,common,pooled,0.691675,0.6944571511001746,0.795
screen,knn,gaussian_noise,4,common,pooled,0.806,0.8238506420825827,0.6
screen,knn,gaussian_noise,5,common,pooled,0.921275,0.9282215871876361,0.405
screen,knn,shot_noise,1,common,pooled,0.546775,0.5479761315268014,0.915
screen,knn,shot_noise,2,common,pooled,0.6057,0.5958633065391078,0.87
screen,knn,shot_noise,3,common,pooled,0.695625,0.6967812396864714,0.77
screen,knn,shot_noise,4,common,pooled,0.829075,0.840132443007655,0.565
screen,knn,shot_noise,5,common,pooled,0.91625,0.9221676598093059,0.385
screen,knn,impulse_noise,1,common,pooled,0.611925,0.6142819211139373,0.87
screen,knn,impulse_noise,2,common,pooled,0.659475,0.6574082840754119,0.855
screen,knn,impulse_noise,3,common,pooled,0.705525,0.7086241078886842,0.765
screen,knn,impulse_noise,4,common,pooled,0.816925,0.8339531559864707,0.62
screen,knn,impulse_noise,5,common,pooled,0.9102,0.9211326171789964,0.455
screen,knn,defocus_blur,1,common,pooled,0.592375,0.5704850471465523,0.85
screen,knn,defocus_blur,2,common,pooled,0.6264,0.5970218520649268,0.81
screen,knn,defocus_blur,3,common,pooled,0.690575,0.6561490011616729,0.72
screen,knn,defocus_blur,4,common,pooled,0.753275,0.7222254050834616,0.615
screen,knn,defocus_blur,5,common,pooled,0.809875,0.7842706455601239,0.52
screen,knn,glass_blur,1,common,pooled,0.610875,0.5898846276884064,0.87
screen,knn,glass_blur,2,common,pooled,0.673375,0.6487581098837936,0.805
screen,knn,glass_blur,3,common,pooled,0.81735,0.8265370551838169,0.605
screen,knn,glass_blur,4,common,pooled,0.84065,0.8464168184158354,0.54
screen,knn,glass_blur,5,common,pooled,0.8695,0.874525683599221,0.5
screen,knn,motion_blur,1,common,pooled,0.5488,0.5425209749842866,0.91
screen,knn,motion_blur,2,common,pooled,0.585925,0.5712500593377678,0.895
screen,knn,motion_blur,3,common,pooled,0.647025,0.6283637990770099,0.79
screen,knn,motion_blur,4,common,pooled,0.730275,0.7026015805735506,0.745
screen,knn,motion_blur,5,common,pooled,0.7866,0.769644147063448,0.54
screen,knn,zoom_blur,1,common,pooled,0.712625,0.692340668731652,0.73
screen,knn,zoom_blur,2,common,pooled,0.77795,0.758811042422832,0.57
screen,knn,zoom_blur,3,common,pooled,0.83555,0.8228010557722626,0.505
screen,knn,zoom_blur,4,common,pooled,0.87225,0.8636878079105108,0.455
screen,knn,zoom_blur,5,common,pooled,0.894825,0.8879376797295869,0.345
screen,knn,snow,1,common,pooled,0.604975,0.604873856988602,0.895
screen,knn,snow,2,common,pooled,0.652225,0.6645564624916429,0.89
screen,knn,snow,3,common,pooled,0.687375,0.7017373742172457,0.85
screen,knn,snow,4,common,pooled,0.745925,0.7556577859780584,0.745
screen,knn,snow,5,common,pooled,0.723725,0.7397428791936278,0.83
screen,knn,frost,1,common,pooled,0.564625,0.568989834359686,0.94
screen,knn,frost,2,common,pooled,0.6314,0.6310418459674275,0.85
screen,knn,frost,3,common,pooled,0.682725,0.6860511255458999,0.88
screen,knn,frost,4,common,pooled,0.68975,0.6916025589618695,0.855
screen,knn,frost,5,common,pooled,0.7215,0.7327657773883225,0.825
screen,knn,fog,1,common,pooled,0.5227,0.5324949578070919,0.94
screen,knn,fog,2,common,pooled,0.530475,0.5390631852035161,0.91
screen,knn,fog,3,common,pooled,0.545275,0.5495918985734538,0.91
screen,knn,fog,4,common,pooled,0.557075,0.5579520399276808,0.91
screen,knn,fog,5,common,pooled,0.590825,0.5886985759471228,0.88
screen,knn,brightness,1,common,pooled,0.5042,0.5068126755127156,0.95
screen,knn,brightness,2,common,pooled,0.511125,0.514869631516522,0.95
screen,knn,brightness,3,common,pooled,0.52025,0.5232457811365083,0.94
screen,knn,brightness,4,common,pooled,0.53455,0.5397752913258571,0.94
screen,knn,brightness,5,common,pooled,0.553125,0.5581227095242491,0.925
screen,knn,contrast,1,common,pooled,0.5213,0.5293609863768486,0.94
screen,knn,contrast,2,common,pooled,0.532675,0.5395770120185226,0.925
screen,knn,contrast,3,common,pooled,0.55625,0.5589949133687947,0.91
screen,knn,contrast,4,common,pooled,0.650325,0.6418190817900588,0.825
screen,knn,contrast,5,common,pooled,0.82385,0.8335851250672152,0.545
screen,knn,elastic_transform,1,common,pooled,0.567125,0.5484627549652545,0.915
screen,knn,elastic_transform,2,common,pooled,0.603875,0.5859269666544165,0.91
screen,knn,elastic_transform,3,common,pooled,0.655225,0.641844644002979,0.9
screen,knn,elastic_transform,4,common,pooled,0.68945,0.6767382519667241,0.85
screen,knn,elastic_transform,5,common,pooled,0.73815,0.7264851049993499,0.8
screen,knn,pixelate,1,common,pooled,0.527,0.5306049037500671,0.92
screen,knn,pixelate,2,common,pooled,0.5358,0.5373365972544986,0.915
screen,knn,pixelate,3,common,pooled,0.638275,0.6251702775310835,0.835
screen,knn,pixelate,4,common,pooled,0.82065,0.8227802493464427,0.54
screen,knn,pixelate,5,common,pooled,0.930325,0.9310889362639413,0.29
screen,knn,jpeg_compression,1,common,pooled,0.544725,0.5411952879378481,0.91
screen,knn,jpeg_compression,2,common,pooled,0.579375,0.5641874879876034,0.885
screen,knn,jpeg_compression,3,common,pooled,0.6171,0.5949952317859613,0.87
screen,knn,jpeg_compression,4,common,pooled,0.70815,0.6846452075496936,0.745
screen,knn,jpeg_compression,5,common,pooled,0.806175,0.7933831067822588,0.565
screen,knn,speckle_noise,1,extra,pooled,0.5323,0.5343601520340167,0.915
screen,knn,speckle_noise,2,extra,pooled,0.555475,0.5562020076242826,0.88
screen,knn,speckle_noise,3,extra,pooled,0.654275,0.6464117624101383,0.795
screen,knn,speckle_noise,4,extra,pooled,0.7133,0.7128056220426224,0.74
screen,knn,speckle_noise,5,extra,pooled,0.78705,0.7986447784910942,0.605
screen,knn,gaussian_blur,1,extra,pooled,0.57205,0.5567828760275768,0.85
screen,knn,gaussian_blur,2,extra,pooled,0.632875,0.6025482716125737,0.79
screen,knn,gaussian_blur,3,extra,pooled,0.681725,0.6492268840465,0.73
screen,knn,gaussian_blur,4,extra,pooled,0.732575,0.7047152171844921,0.645
screen,knn,gaussian_blur,5,extra,pooled,0.835075,0.8222729809547562,0.505
screen,knn,spatter,1,extra,pooled,0.527475,0.5270033929415261,0.915
screen,knn,spatter,2,extra,pooled,0.632275,0.6067774105722968,0.79
screen,knn,spatter,3,extra,pooled,0.63555,0.6293276017450822,0.8
screen,knn,spatter,4,extra,pooled,0.791875,0.7701084866765804,0.54
screen,knn,spatter,5,extra,pooled,0.801775,0.7771505315721682,0.53
screen,knn,saturate,1,extra,pooled,0.5088875,0.520460482421341,0.955
screen,knn,saturate,2,extra,pooled,0.5187375,0.5286081772388411,0.94
screen,knn,saturate,3,extra,pooled,0.5075375,0.5092166131814931,0.94
screen,knn,saturate,4,extra,pooled,0.548075,0.5450835133722475,0.915
screen,knn,saturate,5,extra,pooled,0.600275,0.5860682790464431,0.88
screen,discopatch,gaussian_noise,1,common,pooled,0.8777,0.8767430773635104,0.455
screen,discopatch,gaussian_noise,2,common,pooled,0.95445,0.9523648048125818,0.21
screen,discopatch,gaussian_noise,3,common,pooled,0.9901,0.9893018806378,0.05
screen,discopatch,gaussian_noise,4,common,pooled,0.99865,0.9986330847268257,0.02
screen,discopatch,gaussian_noise,5,common,pooled,1.0,1.0,0.0
screen,discopatch,shot_noise,1,common,pooled,0.870675,0.8634346866338409,0.43
screen,discopatch,shot_noise,2,common,pooled,0.945125,0.9412897466485369,0.23
screen,discopatch,shot_noise,3,common,pooled,0.9779,0.9763005814088351,0.095
screen,discopatch,shot_noise,4,common,pooled,0.991525,0.9912373325507887,0.05
screen,discopatch,shot_noise,5,common,pooled,0.99445,0.9944155686734897,0.03
screen,discopatch,impulse_noise,1,common,pooled,0.92425,0.9168552346867241,0.275
screen,discopatch,impulse_noise,2,common,pooled,0.982175,0.9807374142754859,0.085
screen,discopatch,impulse_noise,3,common,pooled,0.994125,0.9936967168111561,0.025
screen,discopatch,impulse_noise,4,common,pooled,1.0,1.0,0.0
screen,discopatch,impulse_noise,5,common,pooled,1.0,1.0,0.0
screen,discopatch,defocus_blur,1,common,pooled,0.652325,0.6256343594876579,0.8
screen,discopatch,defocus_blur,2,common,pooled,0.715375,0.6783997847774954,0.71
screen,discopatch,defocus_blur,3,common,pooled,0.782225,0.7384393021567863,0.575
screen,discopatch,defocus_blur,4,common,pooled,0.80975,0.7629501864305476,0.49
screen,discopatch,defocus_blur,5,common,pooled,0.827175,0.7799799932199276,0.46
screen,discopatch,glass_blur,1,common,pooled,0.672825,0.6406153757122205,0.775
screen,discopatch,glass_blur,2,common,pooled,0.76655,0.7328192841558203,0.69
screen,discopatch,glass_blur,3,common,pooled,0.87815,0.8515214172515195,0.395
screen,discopatch,glass_blur,4,common,pooled,0.905025,0.8851623602067278,0.31
screen,discopatch,glass_blur,5,common,pooled,0.929275,0.915607029654919,0.245
screen,discopatch,motion_blur,1,common,pooled,0.57935,0.5672159646451028,0.9
screen,discopatch,motion_blur,2,common,pooled,0.65605,0.6286730546100072,0.79
screen,discopatch,motion_blur,3,common,pooled,0.732425,0.6934084529822031,0.7
screen,discopatch,motion_blur,4,common,pooled,0.781375,0.7406054977353702,0.67
screen,discopatch,motion_blur,5,common,pooled,0.8139,0.7730631837352202,0.55
screen,discopatch,zoom_blur,1,common,pooled,0.7375,0.6999560832964997,0.695
screen,discopatch,zoom_blur,2,common,pooled,0.777025,0.7369558348056382,0.57
screen,discopatch,zoom_blur,3,common,pooled,0.8083,0.7689861458603893,0.49
screen,discopatch,zoom_blur,4,common,pooled,0.824525,0.7843331882952467,0.495
screen,discopatch,zoom_blur,5,common,pooled,0.8414,0.8054297267356836,0.445
screen,discopatch,snow,1,common,pooled,0.7517,0.6934557744305101,0.6
screen,discopatch,snow,2,common,pooled,0.84095,0.7962629187818002,0.42
screen,discopatch,snow,3,common,pooled,0.833975,0.7748063569847184,0.405
screen,discopatch,snow,4,common,pooled,0.8612,0.7991056875544156,0.33
screen,discopatch,snow,5,common,pooled,0.8339,0.7682651215452169,0.39
screen,discopatch,frost,1,common,pooled,0.66285,0.6200767113554315,0.745
screen,discopatch,frost,2,common,pooled,0.777625,0.7334318766056828,0.565
screen,discopatch,frost,3,common,pooled,0.8256,0.7807196647334471,0.475
screen,discopatch,frost,4,common,pooled,0.8441,0.8052762722376314,0.45
screen,discopatch,frost,5,common,pooled,0.873525,0.8337688832496168,0.355
screen,discopatch,fog,1,common,pooled,0.59705,0.5878524814159485,0.88
screen,discopatch,fog,2,common,pooled,0.644775,0.629588851987946,0.84
screen,discopatch,fog,3,common,pooled,0.7041,0.6868628271532004,0.76
screen,discopatch,fog,4,common,pooled,0.7535,0.7303104806859974,0.705
screen,discopatch,fog,5,common,pooled,0.833625,0.8187472262497137,0.485
screen,discopatch,brightness,1,common,pooled,0.49125,0.49589043823820494,0.95
screen,discopatch,brightness,2,common,pooled,0.494075,0.4923430372037044,0.92
screen,discopatch,brightness,3,common,pooled,0.5032,0.49252931606761285,0.875
screen,discopatch,brightness,4,common,pooled,0.51335,0.4924013241449482,0.86
screen,discopatch,brightness,5,common,pooled,0.51915,0.490926661613966,0.815
screen,discopatch,contrast,1,common,pooled,0.548025,0.5236573122784554,0.88
screen,discopatch,contrast,2,common,pooled,0.5707,0.5385163909995854,0.85
screen,discopatch,contrast,3,common,pooled,0.606975,0.5641183738486629,0.82
screen,discopatch,contrast,4,common,pooled,0.685475,0.6260742450401471,0.68
screen,discopatch,contrast,5,common,pooled,0.763875,0.7090838377737247,0.535
screen,discopatch,elastic_transform,1,common,pooled,0.61035,0.5845623190768559,0.81
screen,discopatch,elastic_transform,2,common,pooled,0.639,0.6033616477691938,0.76
screen,discopatch,elastic_transform,3,common,pooled,0.6734,0.6295240250387184,0.72
screen,discopatch,elastic_transform,4,common,pooled,0.694875,0.6422032073313116,0.69
screen,discopatch,elastic_transform,5,common,pooled,0.715175,0.6576094550514371,0.65
screen,discopatch,pixelate,1,common,pooled,0.547,0.5407306992710175,0.9
screen,discopatch,pixelate,2,common,pooled,0.555375,0.5477453788642735,0.9
screen,discopatch,pixelate,3,common,pooled,0.640475,0.6095597649601335,0.79
screen,discopatch,pixelate,4,common,pooled,0.712325,0.674424433418852,0.72
screen,discopatch,pixelate,5,common,pooled,0.7468,0.7052044633889878,0.67
screen,discopatch,jpeg_compression,1,common,pooled,0.630275,0.5782239835774332,0.76
screen,discopatch,jpeg_compression,2,common,pooled,0.639925,0.575701374393619,0.75
screen,discopatch,jpeg_compression,3,common,pooled,0.645225,0.5737327454054971,0.735
screen,discopatch,jpeg_compression,4,common,pooled,0.633075,0.5554787369244436,0.71
screen,discopatch,jpeg_compression,5,common,pooled,0.594375,0.5232397131669654,0.71
screen,discopatch,speckle_noise,1,extra,pooled,0.8045,0.7898858312677817,0.57
screen,discopatch,speckle_noise,2,extra,pooled,0.862125,0.84618200592244,0.42
screen,discopatch,speckle_noise,3,extra,pooled,0.942075,0.9337339324037943,0.22
screen,discopatch,speckle_noise,4,extra,pooled,0.961925,0.9568806894812404,0.165
screen,discopatch,speckle_noise,5,extra,pooled,0.975325,0.9724545669809592,0.115
screen,discopatch,gaussian_blur,1,extra,pooled,0.555325,0.5472151856658346,0.915
screen,discopatch,gaussian_blur,2,extra,pooled,0.703025,0.6689066636107356,0.74
screen,discopatch,gaussian_blur,3,extra,pooled,0.786875,0.7449261893146996,0.565
screen,discopatch,gaussian_blur,4,extra,pooled,0.823625,0.7796683685970403,0.465
screen,discopatch,gaussian_blur,5,extra,pooled,0.84775,0.8014714823270384,0.41
screen,discopatch,spatter,1,extra,pooled,0.5225,0.5186612393641014,0.92
screen,discopatch,spatter,2,extra,pooled,0.677175,0.6211070089789759,0.73
screen,discopatch,spatter,3,extra,pooled,0.806725,0.759760642343614,0.465
screen,discopatch,spatter,4,extra,pooled,0.8219,0.771473407117174,0.415
screen,discopatch,spatter,5,extra,pooled,0.882725,0.8373623995667181,0.265
screen,discopatch,saturate,1,extra,pooled,0.6545125,0.6259330111810559,0.76
screen,discopatch,saturate,2,extra,pooled,0.7646875,0.7312021074978728,0.585
screen,discopatch,saturate,3,extra,pooled,0.4664625,0.47819227986469187,0.955
screen,discopatch,saturate,4,extra,pooled,0.517375,0.49523282345316855,0.88
screen,discopatch,saturate,5,extra,pooled,0.5647,0.521512936260029,0.78
screen,hashemi,gaussian_noise,1,common,pooled,0.46845,0.4712106274638592,0.975
screen,hashemi,gaussian_noise,2,common,pooled,0.4469125,0.4520507004014703,0.985
screen,hashemi,gaussian_noise,3,common,pooled,0.410525,0.42845251064097656,0.985
screen,hashemi,gaussian_noise,4,common,pooled,0.395675,0.4162657085274931,0.985
screen,hashemi,gaussian_noise,5,common,pooled,0.3792375,0.4067494883339287,0.985
screen,hashemi,shot_noise,1,common,pooled,0.46875,0.4699169479470164,0.985
screen,hashemi,shot_noise,2,common,pooled,0.438775,0.4484106236008294,0.98
screen,hashemi,shot_noise,3,common,pooled,0.421825,0.431764803041385,0.985
screen,hashemi,shot_noise,4,common,pooled,0.4041,0.421579118869928,0.985
screen,hashemi,shot_noise,5,common,pooled,0.38785,0.4134969078451087,0.985
screen,hashemi,impulse_noise,1,common,pooled,0.4493625,0.45507261648271446,0.985
screen,hashemi,impulse_noise,2,common,pooled,0.428325,0.43889341439986884,0.985
screen,hashemi,impulse_noise,3,common,pooled,0.4184875,0.430289440678548,0.985
screen,hashemi,impulse_noise,4,common,pooled,0.3889625,0.41215647329640626,0.985
screen,hashemi,impulse_noise,5,common,pooled,0.370375,0.40433274362024796,0.98
screen,hashemi,defocus_blur,1,common,pooled,0.5040375,0.4763460689866208,0.9
screen,hashemi,defocus_blur,2,common,pooled,0.477375,0.45467116245716926,0.945
screen,hashemi,defocus_blur,3,common,pooled,0.4429875,0.4348772601543922,0.945
screen,hashemi,defocus_blur,4,common,pooled,0.4228625,0.4232632881117513,0.9
screen,hashemi,defocus_blur,5,common,pooled,0.41475,0.41837086104884785,0.94
screen,hashemi,glass_blur,1,common,pooled,0.54185,0.5023112344243098,0.9
screen,hashemi,glass_blur,2,common,pooled,0.5282125,0.4832119190802623,0.86
screen,hashemi,glass_blur,3,common,pooled,0.5443125,0.48814534333905346,0.86
screen,hashemi,glass_blur,4,common,pooled,0.5321375,0.48479193722987085,0.85
screen,hashemi,glass_blur,5,common,pooled,0.548075,0.49350109181623436,0.85
screen,hashemi,motion_blur,1,common,pooled,0.49805,0.47689590670000614,0.93
screen,hashemi,motion_blur,2,common,pooled,0.4599375,0.45081813887905287,0.945
screen,hashemi,motion_blur,3,common,pooled,0.4155875,0.424430495787818,0.945
screen,hashemi,motion_blur,4,common,pooled,0.382025,0.40723783414889453,0.935
screen,hashemi,motion_blur,5,common,pooled,0.4048875,0.41726914913482044,0.95
screen,hashemi,zoom_blur,1,common,pooled,0.3614625,0.39822160924780475,0.985
screen,hashemi,zoom_blur,2,common,pooled,0.3435,0.3905688091873747,0.975
screen,hashemi,zoom_blur,3,common,pooled,0.34725,0.39196631948969024,0.96
screen,hashemi,zoom_blur,4,common,pooled,0.3483,0.3916697690194886,0.95
screen,hashemi,zoom_blur,5,common,pooled,0.3644875,0.39823713951429673,0.935
screen,hashemi,snow,1,common,pooled,0.4499125,0.45912089309860643,0.985
screen,hashemi,snow,2,common,pooled,0.4329,0.4440590173926386,0.975
screen,hashemi,snow,3,common,pooled,0.42885,0.4409989457675143,0.965
screen,hashemi,snow,4,common,pooled,0.387875,0.4177282081185558,0.985
screen,hashemi,snow,5,common,pooled,0.4096375,0.4266760786029273,0.955
screen,hashemi,frost,1,common,pooled,0.4614,0.4692539675185667,0.95
screen,hashemi,frost,2,common,pooled,0.443025,0.4509107366711275,0.975
screen,hashemi,frost,3,common,pooled,0.4285375,0.4375970497554609,0.98
screen,hashemi,frost,4,common,pooled,0.4251875,0.4364149807316662,0.985
screen,hashemi,frost,5,common,pooled,0.4171875,0.4281589772761518,0.98
screen,hashemi,fog,1,common,pooled,0.4998125,0.49771182110897416,0.95
screen,hashemi,fog,2,common,pooled,0.4941375,0.49087152868222766,0.935
screen,hashemi,fog,3,common,pooled,0.482925,0.4825796940677618,0.945
screen,hashemi,fog,4,common,pooled,0.4794125,0.4778217300882851,0.945
screen,hashemi,fog,5,common,pooled,0.4638375,0.46409040847634764,0.96
screen,hashemi,brightness,1,common,pooled,0.5031875,0.5095175233602833,0.945
screen,hashemi,brightness,2,common,pooled,0.5077125,0.5056865621244113,0.945
screen,hashemi,brightness,3,common,pooled,0.5025875,0.500070164484603,0.935
screen,hashemi,brightness,4,common,pooled,0.496525,0.49315515838074875,0.935
screen,hashemi,brightness,5,common,pooled,0.485875,0.48293907248214707,0.96
screen,hashemi,contrast,1,common,pooled,0.496075,0.49572883233477616,0.935
screen,hashemi,contrast,2,common,pooled,0.498425,0.4925315220881752,0.945
screen,hashemi,contrast,3,common,pooled,0.4846375,0.4782789006650031,0.95
screen,hashemi,contrast,4,common,pooled,0.4668375,0.4557023842598953,0.9
screen,hashemi,contrast,5,common,pooled,0.447525,0.43498848334693085,0.9
screen,hashemi,elastic_transform,1,common,pooled,0.485525,0.4817163191615163,0.96
screen,hashemi,elastic_transform,2,common,pooled,0.4620375,0.463044214183732,0.965
screen,hashemi,elastic_transform,3,common,pooled,0.4205,0.4330631866239829,0.95
screen,hashemi,elastic_transform,4,common,pooled,0.386175,0.41375417175598084,0.95
screen,hashemi,elastic_transform,5,common,pooled,0.3510375,0.39725438912040456,0.975
screen,hashemi,pixelate,1,common,pooled,0.506475,0.5048665358437687,0.945
screen,hashemi,pixelate,2,common,pooled,0.5120875,0.5043999693130838,0.945
screen,hashemi,pixelate,3,common,pooled,0.5143125,0.4907630390562787,0.945
screen,hashemi,pixelate,4,common,pooled,0.5023,0.4669702897155748,0.85
screen,hashemi,pixelate,5,common,pooled,0.4518,0.43707484846478295,0.855
screen,hashemi,jpeg_compression,1,common,pooled,0.4345375,0.44826099598107066,0.98
screen,hashemi,jpeg_compression,2,common,pooled,0.407075,0.4305977550538018,0.985
screen,hashemi,jpeg_compression,3,common,pooled,0.4040625,0.42580558817586256,0.985
screen,hashemi,jpeg_compression,4,common,pooled,0.382625,0.41123221871354926,0.985
screen,hashemi,jpeg_compression,5,common,pooled,0.4003625,0.41609227322838943,0.945
screen,hashemi,speckle_noise,1,extra,pooled,0.4680625,0.4745005496724847,0.985
screen,hashemi,speckle_noise,2,extra,pooled,0.45945,0.46508315356326435,0.985
screen,hashemi,speckle_noise,3,extra,pooled,0.4325625,0.44204000564645995,0.98
screen,hashemi,speckle_noise,4,extra,pooled,0.409975,0.42639312250034034,0.985
screen,hashemi,speckle_noise,5,extra,pooled,0.388925,0.4169486361821609,0.985
screen,hashemi,gaussian_blur,1,extra,pooled,0.6294625,0.574853833388768,0.83
screen,hashemi,gaussian_blur,2,extra,pooled,0.5766625,0.5226461783543698,0.86
screen,hashemi,gaussian_blur,3,extra,pooled,0.537525,0.4915473992144922,0.875
screen,hashemi,gaussian_blur,4,extra,pooled,0.51035,0.4725227086888597,0.85
screen,hashemi,gaussian_blur,5,extra,pooled,0.4987375,0.4614575388221195,0.865
screen,hashemi,spatter,1,extra,pooled,0.4943375,0.496029712488415,0.95
screen,hashemi,spatter,2,extra,pooled,0.4441375,0.4561087118203331,0.98
screen,hashemi,spatter,3,extra,pooled,0.4308,0.4480158516410726,0.985
screen,hashemi,spatter,4,extra,pooled,0.50335,0.4959198454388089,0.945
screen,hashemi,spatter,5,extra,pooled,0.384875,0.41405029804054583,0.985
screen,hashemi,saturate,1,extra,pooled,0.4885625,0.4913751053702786,0.96
screen,hashemi,saturate,2,extra,pooled,0.4718625,0.47400808712921016,0.945
screen,hashemi,saturate,3,extra,pooled,0.4895,0.4990511607817351,0.97
screen,hashemi,saturate,4,extra,pooled,0.4739375,0.4772401901335771,0.97
screen,hashemi,saturate,5,extra,pooled,0.4542125,0.4623426489956087,0.96
screen,cdf,gaussian_noise,1,common,pooled,0.82775,0.733604242925922,0.37
screen,cdf,gaussian_noise,2,common,pooled,0.948825,0.8935321100195093,0.11
screen,cdf,gaussian_noise,3,common,pooled,0.991225,0.9846686037291468,0.015
screen,cdf,gaussian_noise,4,common,pooled,0.99995,0.9999501243781094,0.0
screen,cdf,gaussian_noise,5,common,pooled,1.0,1.0,0.0
screen,cdf,shot_noise,1,common,pooled,0.81925,0.7421943356645483,0.42
screen,cdf,shot_noise,2,common,pooled,0.947675,0.9159800999072918,0.135
screen,cdf,shot_noise,3,common,pooled,0.9887,0.9850526032791559,0.04
screen,cdf,shot_noise,4,common,pooled,0.999475,0.9994714169767387,0.005
screen,cdf,shot_noise,5,common,pooled,0.999975,0.9999751243781094,0.0
screen,cdf,impulse_noise,1,common,pooled,0.908975,0.8398673986587826,0.215
screen,cdf,impulse_noise,2,common,pooled,0.979425,0.9610995897385706,0.045
screen,cdf,impulse_noise,3,common,pooled,0.99365,0.9900991938211945,0.015
screen,cdf,impulse_noise,4,common,pooled,1.0,1.0,0.0
screen,cdf,impulse_noise,5,common,pooled,1.0,1.0,0.0
screen,cdf,defocus_blur,1,common,pooled,0.82595,0.7639944747095724,0.39
screen,cdf,defocus_blur,2,common,pooled,0.890025,0.8339643463381062,0.25
screen,cdf,defocus_blur,3,common,pooled,0.941025,0.8961269577098585,0.12
screen,cdf,defocus_blur,4,common,pooled,0.959525,0.9249311103407368,0.075
screen,cdf,defocus_blur,5,common,pooled,0.97005,0.9433448122484265,0.06
screen,cdf,glass_blur,1,common,pooled,0.68705,0.6406236691851255,0.655
screen,cdf,glass_blur,2,common,pooled,0.7768,0.7166738743517704,0.515
screen,cdf,glass_blur,3,common,pooled,0.81505,0.7510577665515092,0.42
screen,cdf,glass_blur,4,common,pooled,0.85835,0.7983757202195452,0.325
screen,cdf,glass_blur,5,common,pooled,0.928225,0.8827218562463637,0.18
screen,cdf,motion_blur,1,common,pooled,0.67315,0.6316704109472484,0.705
screen,cdf,motion_blur,2,common,pooled,0.76315,0.7050792848820714,0.515
screen,cdf,motion_blur,3,common,pooled,0.838325,0.7786160561428306,0.395
screen,cdf,motion_blur,4,common,pooled,0.889525,0.8347385947697403,0.285
screen,cdf,motion_blur,5,common,pooled,0.913,0.8648956564966246,0.235
screen,cdf,zoom_blur,1,common,pooled,0.79105,0.7416437465120456,0.545
screen,cdf,zoom_blur,2,common,pooled,0.836825,0.7832560909771459,0.445
screen,cdf,zoom_blur,3,common,pooled,0.82685,0.7730785594886894,0.475
screen,cdf,zoom_blur,4,common,pooled,0.854575,0.80090934817231,0.395
screen,cdf,zoom_blur,5,common,pooled,0.85,0.7944169045320978,0.39
screen,cdf,snow,1,common,pooled,0.702275,0.6277138803545824,0.575
screen,cdf,snow,2,common,pooled,0.9013,0.8354595045296305,0.235
screen,cdf,snow,3,common,pooled,0.8583,0.7813542662083254,0.305
screen,cdf,snow,4,common,pooled,0.915575,0.8541969613072087,0.19
screen,cdf,snow,5,common,pooled,0.9316,0.8835190585925434,0.165
screen,cdf,frost,1,common,pooled,0.65945,0.6194870187607641,0.74
screen,cdf,frost,2,common,pooled,0.755175,0.683296599065683,0.53
screen,cdf,frost,3,common,pooled,0.81915,0.7427363891308852,0.395
screen,cdf,frost,4,common,pooled,0.81495,0.7412871113553671,0.42
screen,cdf,frost,5,common,pooled,0.84635,0.7692437235721485,0.345
screen,cdf,fog,1,common,pooled,0.783,0.7248894095648383,0.555
screen,cdf,fog,2,common,pooled,0.838175,0.7794891320565043,0.42
screen,cdf,fog,3,common,pooled,0.870375,0.8103327072847882,0.34
screen,cdf,fog,4,common,pooled,0.863725,0.8013450823060263,0.325
screen,cdf,fog,5,common,pooled,0.885425,0.8159679099379317,0.285
screen,cdf,brightness,1,common,pooled,0.5343,0.536545414319727,0.93
screen,cdf,brightness,2,common,pooled,0.606825,0.5946420580707881,0.89
screen,cdf,brightness,3,common,pooled,0.6976,0.66796113714333,0.74
screen,cdf,brightness,4,common,pooled,0.787975,0.7541030294961105,0.58
screen,cdf,brightness,5,common,pooled,0.85945,0.8248365582835299,0.395
screen,cdf,contrast,1,common,pooled,0.838675,0.7975256072267002,0.46
screen,cdf,contrast,2,common,pooled,0.91395,0.8806536436274184,0.25
screen,cdf,contrast,3,common,pooled,0.96305,0.943546617961532,0.1
screen,cdf,contrast,4,common,pooled,0.9906,0.9863043766623496,0.025
screen,cdf,contrast,5,common,pooled,0.99845,0.9982321689037047,0.005
screen,cdf,elastic_transform,1,common,pooled,0.5046,0.5082337285940175,0.915
screen,cdf,elastic_transform,2,common,pooled,0.503125,0.506901924639964,0.915
screen,cdf,elastic_transform,3,common,pooled,0.506775,0.5075879004716903,0.915
screen,cdf,elastic_transform,4,common,pooled,0.51365,0.5103924306755565,0.92
screen,cdf,elastic_transform,5,common,pooled,0.525725,0.5150998074142688,0.915
screen,cdf,pixelate,1,common,pooled,0.5154,0.5195287272141258,0.905
screen,cdf,pixelate,2,common,pooled,0.5298,0.5291308109163662,0.88
screen,cdf,pixelate,3,common,pooled,0.579275,0.5583058759670203,0.8
screen,cdf,pixelate,4,common,pooled,0.679325,0.6290242134755961,0.695
screen,cdf,pixelate,5,common,pooled,0.7443,0.6838986405461971,0.57
screen,cdf,jpeg_compression,1,common,pooled,0.52285,0.5110330561496936,0.885
screen,cdf,jpeg_compression,2,common,pooled,0.52755,0.5115475229376427,0.88
screen,cdf,jpeg_compression,3,common,pooled,0.5343,0.5133761045027024,0.855
screen,cdf,jpeg_compression,4,common,pooled,0.55405,0.5224658358838421,0.8
screen,cdf,jpeg_compression,5,common,pooled,0.587675,0.5415577678792339,0.775
screen,cdf,speckle_noise,1,extra,pooled,0.72635,0.6643165891028966,0.6
screen,cdf,speckle_noise,2,extra,pooled,0.823475,0.7725156589431903,0.5
screen,cdf,speckle_noise,3,extra,pooled,0.959075,0.951138225294403,0.18
screen,cdf,speckle_noise,4,extra,pooled,0.98295,0.9818606404999383,0.075
screen,cdf,speckle_noise,5,extra,pooled,0.99445,0.9944193923151016,0.04
screen,cdf,gaussian_blur,1,extra,pooled,0.69255,0.6434185046601013,0.645
screen,cdf,gaussian_blur,2,extra,pooled,0.88445,0.8256690210064626,0.26
screen,cdf,gaussian_blur,3,extra,pooled,0.94335,0.8984284083671863,0.12
screen,cdf,gaussian_blur,4,extra,pooled,0.962525,0.9292623505368368,0.07
screen,cdf,gaussian_blur,5,extra,pooled,0.97885,0.9579262483041326,0.045
screen,cdf,spatter,1,extra,pooled,0.48505,0.48234898766513834,0.96
screen,cdf,spatter,2,extra,pooled,0.547175,0.49766001970241946,0.8
screen,cdf,spatter,3,extra,pooled,0.704825,0.6076792716490416,0.555
screen,cdf,spatter,4,extra,pooled,0.789575,0.744874467434645,0.555
screen,cdf,spatter,5,extra,pooled,0.8636,0.8334039770752313,0.42
screen,cdf,saturate,1,extra,pooled,0.5052625,0.5082833798838039,0.915
screen,cdf,saturate,2,extra,pooled,0.5395625,0.5301063125052526,0.88
screen,cdf,saturate,3,extra,pooled,0.6247375,0.5939710280753515,0.845
screen,cdf,saturate,4,extra,pooled,0.8228,0.7778388313452884,0.515
screen,cdf,saturate,5,extra,pooled,0.910975,0.8868992773143607,0.255
screen,cdf_sum,gaussian_noise,1,common,pooled,0.74245,0.6546937155028507,0.525
screen,cdf_sum,gaussian_noise,2,common,pooled,0.88755,0.8199965390553386,0.28
screen,cdf_sum,gaussian_noise,3,common,pooled,0.978675,0.9664984094730408,0.045
screen,cdf_sum,gaussian_noise,4,common,pooled,0.999125,0.9990668167745556,0.005
screen,cdf_sum,gaussian_noise,5,common,pooled,1.0,1.0,0.0
screen,cdf_sum,shot_noise,1,common,pooled,0.7436,0.6672572291667933,0.55
screen,cdf_sum,shot_noise,2,common,pooled,0.894275,0.8532209529694826,0.33
screen,cdf_sum,shot_noise,3,common,pooled,0.9739,0.966853430589927,0.095
screen,cdf_sum,shot_noise,4,common,pooled,0.998425,0.9984195910779492,0.005
screen,cdf_sum,shot_noise,5,common,pooled,0.999875,0.9998743655140563,0.0
screen,cdf_sum,impulse_noise,1,common,pooled,0.833625,0.7592128435338793,0.39
screen,cdf_sum,impulse_noise,2,common,pooled,0.949725,0.9216583144308166,0.145
screen,cdf_sum,impulse_noise,3,common,pooled,0.984025,0.97680155684041,0.04
screen,cdf_sum,impulse_noise,4,common,pooled,0.9998,0.9997974410884574,0.0
screen,cdf_sum,impulse_noise,5,common,pooled,1.0,1.0,0.0
screen,cdf_sum,defocus_blur,1,common,pooled,0.7702,0.7140271848158191,0.465
screen,cdf_sum,defocus_blur,2,common,pooled,0.8293,0.7738219119434544,0.375
screen,cdf_sum,defocus_blur,3,common,pooled,0.8914,0.8403796853752257,0.27
screen,cdf_sum,defocus_blur,4,common,pooled,0.922475,0.8814916714077938,0.175
screen,cdf_sum,defocus_blur,5,common,pooled,0.94235,0.9094530466831847,0.145
screen,cdf_sum,glass_blur,1,common,pooled,0.6657,0.6258173339496986,0.72
screen,cdf_sum,glass_blur,2,common,pooled,0.743375,0.6887796000246985,0.545
screen,cdf_sum,glass_blur,3,common,pooled,0.800275,0.740078464987884,0.43
screen,cdf_sum,glass_blur,4,common,pooled,0.83815,0.7806453682525997,0.375
screen,cdf_sum,glass_blur,5,common,pooled,0.904425,0.8587531044851814,0.225
screen,cdf_sum,motion_blur,1,common,pooled,0.633425,0.6038039714130499,0.785
screen,cdf_sum,motion_blur,2,common,pooled,0.7114,0.6635789263305968,0.635
screen,cdf_sum,motion_blur,3,common,pooled,0.779025,0.7242169530211695,0.49
screen,cdf_sum,motion_blur,4,common,pooled,0.8353,0.7777997275627523,0.38
screen,cdf_sum,motion_blur,5,common,pooled,0.8665,0.8147870509625755,0.335
screen,cdf_sum,zoom_blur,1,common,pooled,0.759225,0.7088113958599511,0.55
screen,cdf_sum,zoom_blur,2,common,pooled,0.807175,0.752158319454446,0.435
screen,cdf_sum,zoom_blur,3,common,pooled,0.808575,0.748082734093135,0.435
screen,cdf_sum,zoom_blur,4,common,pooled,0.838675,0.7793293311279905,0.385
screen,cdf_sum,zoom_blur,5,common,pooled,0.843125,0.7823486961855618,0.36
screen,cdf_sum,snow,1,common,pooled,0.6619,0.5982146078105282,0.67
screen,cdf_sum,snow,2,common,pooled,0.84105,0.7716911025842017,0.34
screen,cdf_sum,snow,3,common,pooled,0.80155,0.7274284957822298,0.425
screen,cdf_sum,snow,4,common,pooled,0.865925,0.7995327805744098,0.315
screen,cdf_sum,snow,5,common,pooled,0.883625,0.8290664903586685,0.28
screen,cdf_sum,frost,1,common,pooled,0.63535,0.6008570595899931,0.81
screen,cdf_sum,frost,2,common,pooled,0.717225,0.6530397405996955,0.585
screen,cdf_sum,frost,3,common,pooled,0.772625,0.6964912276485496,0.435
screen,cdf_sum,frost,4,common,pooled,0.76895,0.6965664419260494,0.46
screen,cdf_sum,frost,5,common,pooled,0.8005,0.7227756986945748,0.415
screen,cdf_sum,fog,1,common,pooled,0.736625,0.6809062166222345,0.61
screen,cdf_sum,fog,2,common,pooled,0.78515,0.7260325473305524,0.505
screen,cdf_sum,fog,3,common,pooled,0.816575,0.7596848790579609,0.43
screen,cdf_sum,fog,4,common,pooled,0.810925,0.7517566239456918,0.43
screen,cdf_sum,fog,5,common,pooled,0.83615,0.7723514660505086,0.395
screen,cdf_sum,brightness,1,common,pooled,0.527775,0.5316104537229299,0.94
screen,cdf_sum,brightness,2,common,pooled,0.586175,0.5762787696930358,0.85
screen,cdf_sum,brightness,3,common,pooled,0.6599,0.6378538259690714,0.81
screen,cdf_sum,brightness,4,common,pooled,0.7378,0.7071589199678653,0.635
screen,cdf_sum,brightness,5,common,pooled,0.8029,0.7681207046408121,0.495
screen,cdf_sum,contrast,1,common,pooled,0.7882,0.7508681917441719,0.535
screen,cdf_sum,contrast,2,common,pooled,0.86445,0.8295850794551226,0.39
screen,cdf_sum,contrast,3,common,pooled,0.928375,0.9042952703774527,0.205
screen,cdf_sum,contrast,4,common,pooled,0.9775,0.9696838057942473,0.065
screen,cdf_sum,contrast,5,common,pooled,0.99565,0.9947093423075442,0.02
screen,cdf_sum,elastic_transform,1,common,pooled,0.5064,0.5097971599326854,0.935
screen,cdf_sum,elastic_transform,2,common,pooled,0.506075,0.510281187847117,0.925
screen,cdf_sum,elastic_transform,3,common,pooled,0.51625,0.515478342429089,0.94
screen,cdf_sum,elastic_transform,4,common,pooled,0.53115,0.5238379187353672,0.93
screen,cdf_sum,elastic_transform,5,common,pooled,0.5564,0.5373462769453391,0.88
screen,cdf_sum,pixelate,1,common,pooled,0.5117,0.5172585901966595,0.925
screen,cdf_sum,pixelate,2,common,pooled,0.52405,0.5253303400973361,0.88
screen,cdf_sum,pixelate,3,common,pooled,0.567275,0.5464770601574789,0.83
screen,cdf_sum,pixelate,4,common,pooled,0.6804,0.635685549914289,0.715
screen,cdf_sum,pixelate,5,common,pooled,0.7701125,0.7208025488199759,0.545
screen,cdf_sum,jpeg_compression,1,common,pooled,0.51535,0.509164147728867,0.925
screen,cdf_sum,jpeg_compression,2,common,pooled,0.51675,0.5052871330553803,0.89
screen,cdf_sum,jpeg_compression,3,common,pooled,0.524825,0.5075350496706157,0.87
screen,cdf_sum,jpeg_compression,4,common,pooled,0.542825,0.5148811966026796,0.85
screen,cdf_sum,jpeg_compression,5,common,pooled,0.5842,0.5349541665727946,0.825
screen,cdf_sum,speckle_noise,1,extra,pooled,0.666475,0.6078190449102294,0.715
screen,cdf_sum,speckle_noise,2,extra,pooled,0.756575,0.7025063953494057,0.605
screen,cdf_sum,speckle_noise,3,extra,pooled,0.92505,0.9138055022396957,0.29
screen,cdf_sum,speckle_noise,4,extra,pooled,0.966525,0.9654156703815688,0.15
screen,cdf_sum,speckle_noise,5,extra,pooled,0.988175,0.9887241077362482,0.065
screen,cdf_sum,gaussian_blur,1,extra,pooled,0.66115,0.6207597688582743,0.69
screen,cdf_sum,gaussian_blur,2,extra,pooled,0.822975,0.7641138659411246,0.375
screen,cdf_sum,gaussian_blur,3,extra,pooled,0.892725,0.8420087834878908,0.245
screen,cdf_sum,gaussian_blur,4,extra,pooled,0.924925,0.8829449031642564,0.165
screen,cdf_sum,gaussian_blur,5,extra,pooled,0.9582,0.9320193866368467,0.11
screen,cdf_sum,spatter,1,extra,pooled,0.4872,0.4842665041508661,0.945
screen,cdf_sum,spatter,2,extra,pooled,0.5305,0.4912561466539569,0.855
screen,cdf_sum,spatter,3,extra,pooled,0.65595,0.5733938256053638,0.67
screen,cdf_sum,spatter,4,extra,pooled,0.743975,0.7071981584363818,0.66
screen,cdf_sum,spatter,5,extra,pooled,0.8216,0.788580054462983,0.495
screen,cdf_sum,saturate,1,extra,pooled,0.5039875,0.5090119009585764,0.935
screen,cdf_sum,saturate,2,extra,pooled,0.5277125,0.5202577609016055,0.89
screen,cdf_sum,saturate,3,extra,pooled,0.5962375,0.5713252899898968,0.85
screen,cdf_sum,saturate,4,extra,pooled,0.769925,0.7206590645231781,0.585
screen,cdf_sum,saturate,5,extra,pooled,0.860575,0.8322092069779131,0.43
