subset,method,group,severity,auroc,aupr,fpr95
all,two_axis,common,1,0.7862240213333334,0.7398197508743601,0.49661333333333335
all,two_axis,common,2,0.8345807466666666,0.7965997313757064,0.3835333333333334
all,two_axis,common,3,0.8538154773333333,0.8187183587272246,0.33422666666666667
all,two_axis,common,4,0.868661856,0.8365715156780239,0.30273333333333335
all,two_axis,common,5,0.8778545493333334,0.8493297998561999,0.27571999999999997
all,two_axis,common,all,0.8442273301333333,0.8082078313023031,0.3585653333333333
all,two_axis,extra,1,0.68036326,0.6456615173896592,0.70565
all,two_axis,extra,2,0.79580784,0.7485618816094814,0.4922
all,two_axis,extra,3,0.8414226600000001,0.8220939491893262,0.36125
all,two_axis,extra,4,0.87863875,0.8749251510735749,0.3464
all,two_axis,extra,5,0.91986718,0.9240534686645934,0.28245
all,two_axis,extra,all,0.8232199379999999,0.8030591935853272,0.43759
all,two_axis,all,1,0.7639375452631579,0.719996964877581,0.540621052631579
all,two_axis,all,2,0.8264180294736843,0.7864864998459749,0.4064105263157895
all,two_axis,all,3,0.8512064631578948,0.819429009350825,0.3399157894736842
all,two_axis,all,4,0.870762254736842,0.8446459652349821,0.3119263157894737
all,two_axis,all,5,0.8866993136842104,0.865061098552704,0.2771368421052632
all,two_axis,all,all,0.8398047212631577,0.8071239075724135,0.3752021052631579
all,peak_share,common,1,0.7049848586666666,0.6455357287672284,0.6258266666666668
all,peak_share,common,2,0.7651517386666667,0.704221023362821,0.49982666666666664
all,peak_share,common,3,0.7914704560000001,0.7304027579726023,0.43538666666666664
all,peak_share,common,4,0.8165028906666667,0.7553100838194449,0.3771866666666666
all,peak_share,common,5,0.837179448,0.7768999327736258,0.32904000000000005
all,peak_share,common,all,0.7830578784000001,0.7224739053391444,0.4534533333333333
all,peak_share,extra,1,0.61839948,0.5816707572512054,0.79295
all,peak_share,extra,2,0.71105302,0.6551761799120946,0.60545
all,peak_share,extra,3,0.79551618,0.7384104366643635,0.4856
all,peak_share,extra,4,0.79244357,0.7369425148390059,0.4935
all,peak_share,extra,5,0.84188567,0.7897967632963213,0.41670000000000007
all,peak_share,extra,all,0.751859584,0.7003993303925983,0.55884
all,peak_share,all,1,0.6867563578947369,0.6320904716059604,0.6610105263157895
all,peak_share,all,2,0.7537625347368421,0.6938957931626679,0.5220631578947367
all,peak_share,all,3,0.792322187368421,0.7320885850656048,0.4459578947368421
all,peak_share,all,4,0.8114377705263158,0.7514432271919841,0.40167368421052635
all,peak_share,all,5,0.8381702315789473,0.7796150549889301,0.34749473684210525
all,peak_share,all,all,0.7764898164210525,0.7178266264030293,0.47564000000000006
all,level,common,1,0.7411772799999999,0.7007841338272066,0.5577866666666667
all,level,common,2,0.7968097573333335,0.7621396013060007,0.42932
all,level,common,3,0.8160990506666665,0.7824697242272568,0.38112
all,level,common,4,0.8366269573333334,0.8036380016838279,0.3359333333333333
all,level,common,5,0.8510907040000001,0.8169580460014984,0.29792
all,level,common,all,0.8083607498666667,0.7731979014091581,0.40041600000000005
all,level,extra,1,0.6473557799999999,0.6170534330885322,0.75415
all,level,extra,2,0.75503865,0.716788783770329,0.55225
all,level,extra,3,0.82876142,0.8007451082504199,0.39659999999999995
all,level,extra,4,0.89948439,0.8863039470233302,0.29655
all,level,extra,5,0.94132332,0.9363167730750442,0.21355000000000002
all,level,extra,all,0.8143927120000001,0.791441609041531,0.44261999999999996
all,level,all,1,0.7214253852631579,0.6831566178822226,0.5991263157894737
all,level,all,2,0.78801584,0.7525920607721751,0.45520000000000005
all,level,all,3,0.8187648126315789,0.7863171734952912,0.3843789473684211
all,level,all,4,0.8498601010526315,0.8210413585974073,0.3276421052631579
all,level,all,5,0.8700870442105263,0.842086199069613,0.2801578947368421
all,level,all,all,0.8096306366315789,0.7770386819633418,0.4093010526315789
all,global_level,common,1,0.6859834613333332,0.6406634913939474,0.6461466666666666
all,global_level,common,2,0.7477359733333333,0.7057310617293514,0.51648
all,global_level,common,3,0.7728540266666667,0.7352629100873496,0.4539733333333334
all,global_level,common,4,0.7967183733333333,0.7586845754148772,0.40127999999999997
all,global_level,common,5,0.8129620853333334,0.7727382506766634,0.35650666666666664
all,global_level,common,all,0.7632507839999999,0.7226160578604378,0.4748773333333333
all,global_level,extra,1,0.59961211,0.5672153105524678,0.8060499999999999
all,global_level,extra,2,0.71076805,0.6642008847438254,0.6235999999999999
all,global_level,extra,3,0.80842198,0.7678745520619413,0.42200000000000004
all,global_level,extra,4,0.8814693499999999,0.8604402154449436,0.32505
all,global_level,extra,5,0.92616909,0.9156731326692559,0.24435
all,global_level,extra,all,0.785288116,0.7550808190944869,0.48421000000000014
all,global_level,all,1,0.6678000189473683,0.6252007164799516,0.6798105263157894
all,global_level,all,2,0.7399532526315791,0.696987866574504,0.5390315789473684
all,global_level,all,3,0.7803420168421052,0.7421285189241056,0.44724210526315783
all,global_level,all,4,0.8145606842105263,0.780106815421207,0.3852315789473684
all,global_level,all,5,0.8367951389473685,0.8028298047803668,0.3328947368421053
all,global_level,all,all,0.7678902223157893,0.7294507444360269,0.47684210526315796
all,means_knn,common,1,0.6911969440000001,0.6560714320754307,0.6720933333333332
all,means_knn,common,2,0.757820344,0.7221137755557977,0.5335733333333333
all,means_knn,common,3,0.794739512,0.7574734092561807,0.4634400000000001
all,means_knn,common,4,0.8318960639999999,0.7954003583923531,0.3818399999999999
all,means_knn,common,5,0.8608861706666667,0.8259016494658014,0.31736
all,means_knn,common,all,0.7873078069333335,0.7513921249491128,0.4736613333333333
all,means_knn,extra,1,0.60896974,0.5900645127454384,0.80595
all,means_knn,extra,2,0.7076040399999999,0.6751814216698009,0.6368
all,means_knn,extra,3,0.83638597,0.8055361122085196,0.44125000000000003
all,means_knn,extra,4,0.9136543899999999,0.8926328310843015,0.27690000000000003
all,means_knn,extra,5,0.95519341,0.9394667671502335,0.14775
all,means_knn,extra,all,0.80436151,0.7805763289716586,0.46173000000000003
all,means_knn,all,1,0.6738859536842104,0.6421752385322744,0.7002736842105263
all,means_knn,all,2,0.7472484905263158,0.712233280000851,0.5553052631578947
all,means_knn,all,3,0.803507187368421,0.7675918730356205,0.45876842105263155
all,means_knn,all,4,0.8491083431578949,0.8158703526432896,0.3597473684210526
all,means_knn,all,5,0.8807403263157894,0.8498100952941028,0.2816526315789474
all,means_knn,all,all,0.7908980602105264,0.7575361679012277,0.4711494736842107
all,means_own,common,1,0.673140717333333,0.6293939707599524,0.6824133333333333
all,means_own,common,2,0.738858816,0.6959679211025417,0.5467333333333334
all,means_own,common,3,0.772449984,0.7325439112709133,0.46669333333333335
all,means_own,common,4,0.8033771466666668,0.7622305361802372,0.40085333333333334
all,means_own,common,5,0.8261194293333333,0.7823154528664799,0.35142666666666666
all,means_own,common,all,0.7627892186666666,0.7204903584360248,0.489624
all,means_own,extra,1,0.5864113,0.5587594212024781,0.83845
all,means_own,extra,2,0.69395794,0.6482526025022799,0.6568499999999999
all,means_own,extra,3,0.79713628,0.7538319584315203,0.45614999999999994
all,means_own,extra,4,0.87088667,0.8484442524399519,0.3603
all,means_own,extra,5,0.91845474,0.9067601157720026,0.2655
all,means_own,extra,all,0.7733693859999999,0.7432096700696466,0.5154500000000001
all,means_own,all,1,0.6548818926315789,0.6145235392741683,0.7152631578947368
all,means_own,all,2,0.729406,0.6859225908709077,0.5699157894736843
all,means_own,all,3,0.7776470989473685,0.7370256054099886,0.46447368421052626
all,means_own,all,4,0.8175896778947368,0.780380792234914,0.3923157894736842
all,means_own,all,5,0.8455584421052632,0.8085143292676426,0.33333684210526315
all,means_own,all,all,0.7650166223157895,0.725273371411524,0.495061052631579
all,saod_top3,common,1,0.5530971546666666,0.538616941794769,0.9081466666666668
all,saod_top3,common,2,0.5862445733333334,0.5664887439710001,0.8781866666666667
all,saod_top3,common,3,0.6346013213333334,0.6117908444188057,0.82604
all,saod_top3,common,4,0.6980484906666666,0.6754530381793818,0.74868
all,saod_top3,common,5,0.762062404,0.7416294013947753,0.6500800000000001
all,saod_top3,common,all,0.6468107888,0.6267957939517464,0.8022266666666666
all,saod_top3,extra,1,0.518267405,0.5123081174520556,0.9371999999999999
all,saod_top3,extra,2,0.550257,0.5352839315108009,0.9139999999999999
all,saod_top3,extra,3,0.58338104,0.563679939515229,0.8784
all,saod_top3,extra,4,0.6270332,0.6020210606656495,0.8318
all,saod_top3,extra,5,0.6894977250000001,0.6645029498138804,0.76065
all,saod_top3,extra,all,0.5936872739999999,0.575559199791523,0.86441
all,saod_top3,all,1,0.5457645757894737,0.5330782419331451,0.914263157894737
all,saod_top3,all,2,0.5786682421052631,0.5599193097688528,0.8857263157894737
all,saod_top3,all,3,0.6238181042105263,0.601662232860158,0.8370631578947368
all,saod_top3,all,4,0.6830979031578948,0.6599936744922803,0.7661789473684211
all,saod_top3,all,5,0.7467856294736841,0.7253922536935344,0.673357894736842
all,saod_top3,all,all,0.6356268909473684,0.616009142549594,0.8153178947368419
all,saod_min,common,1,0.5629629426666667,0.5531379387225497,0.9175733333333334
all,saod_min,common,2,0.6008056746666667,0.5891581791025738,0.89464
all,saod_min,common,3,0.6557041666666665,0.6446556485301695,0.8544933333333334
all,saod_min,common,4,0.7264841573333333,0.7160451613275672,0.7830933333333334
all,saod_min,common,5,0.7921003466666666,0.7816828217855828,0.6473866666666667
all,saod_min,common,all,0.6676114576,0.6569359498936885,0.8194373333333334
all,saod_min,extra,1,0.522423885,0.5170203219270284,0.94055
all,saod_min,extra,2,0.561030295,0.5502025891799172,0.9204
all,saod_min,extra,3,0.599892235,0.588308028037037,0.8994
all,saod_min,extra,4,0.653711195,0.6391602426999696,0.8624999999999999
all,saod_min,extra,5,0.724081995,0.7103450903481059,0.778
all,saod_min,extra,all,0.612227921,0.6010072544384115,0.8801699999999999
all,saod_min,all,1,0.5544284042105264,0.5455342299234925,0.9224105263157895
all,saod_min,all,2,0.5924319105263158,0.5809570022767514,0.9000631578947368
all,saod_min,all,3,0.6439542863157893,0.632792991584247,0.8639473684210526
all,saod_min,all,4,0.7111635336842106,0.6998588626691256,0.7998105263157894
all,saod_min,all,5,0.7777806936842104,0.7666643520092717,0.6748842105263159
all,saod_min,all,all,0.6559517656842105,0.6451614876925776,0.8322231578947367
all,contrastive,common,1,0.51866816,0.5092557441011198,0.93076
all,contrastive,common,2,0.5320354133333333,0.5172043771518535,0.9191066666666667
all,contrastive,common,3,0.5595588799999999,0.5378475372026317,0.8963199999999999
all,contrastive,common,4,0.5983929466666668,0.5703146343313924,0.8630666666666666
all,contrastive,common,5,0.64542256,0.6133163771245719,0.8200266666666667
all,contrastive,common,all,0.570815592,0.5495877339823136,0.885856
all,contrastive,extra,1,0.5088401499999999,0.5035063077555286,0.9373
all,contrastive,extra,2,0.52223385,0.5096535838908356,0.9226
all,contrastive,extra,3,0.5347629,0.5191734653360646,0.9137
all,contrastive,extra,4,0.56994165,0.5531107716363444,0.885
all,contrastive,extra,5,0.6007947499999999,0.572056486437216,0.8575999999999999
all,contrastive,extra,all,0.54731466,0.5315001230111978,0.9032399999999999
all,contrastive,all,1,0.5165991052631579,0.5080453364494164,0.9321368421052633
all,contrastive,all,2,0.5299719263157895,0.5156147364653234,0.9198421052631579
all,contrastive,all,3,0.5543386736842105,0.5339161536517755,0.899978947368421
all,contrastive,all,4,0.5924031999999999,0.5666927685008559,0.8676842105263158
all,contrastive,all,5,0.6360272315789472,0.6046300843482862,0.8279368421052633
all,contrastive,all,all,0.5658680273684211,0.5457798158831315,0.8895157894736841
all,knn,common,1,0.558261476,0.547275902852433,0.9037466666666665
all,knn,common,2,0.5941897106666668,0.5803139919895606,0.8694933333333333
all,knn,common,3,0.6512593573333334,0.6375253771537444,0.8099466666666667
all,knn,common,4,0.7240490439999998,0.7129474958068133,0.7141866666666666
all,knn,common,5,0.7906895426666668,0.7815549887299096,0.6046533333333334
all,knn,common,all,0.6636898261333334,0.651923551306492,0.7804053333333333
all,knn,extra,1,0.53047731,0.522218473414255,0.92165
all,knn,extra,2,0.5765093450000001,0.5562754634913678,0.8704
all,knn,extra,3,0.60514739,0.587315790300134,0.8448500000000001
all,knn,extra,4,0.6812395600000001,0.6586946069655226,0.73925
all,knn,extra,5,0.7403262099999999,0.7202542180884693,0.6644
all,knn,extra,all,0.6267399630000001,0.6089517104519497,0.8081099999999999
all,knn,all,1,0.552412177894737,0.5420006545496587,0.9075157894736842
all,knn,all,2,0.5904675284210527,0.5752532491478357,0.8696842105263158
all,knn,all,3,0.6415515747368422,0.6269549378161422,0.8172947368421052
all,knn,all,4,0.7150365210526316,0.7015258349981205,0.7194631578947369
all,knn,all,5,0.7800867357894736,0.7686495633317115,0.6172315789473684
all,knn,all,all,0.6559109075789473,0.6428768479686937,0.7862378947368421
all,discopatch,common,1,0.677775256,0.6488958613414828,0.7443866666666668
all,discopatch,common,2,0.7325884386666668,0.7000097417994872,0.6356266666666668
all,discopatch,common,3,0.7768184719999999,0.7397707744262744,0.5432
all,discopatch,common,4,0.8052911266666667,0.7665957057161119,0.48020000000000007
all,discopatch,common,5,0.8251558999999999,0.7872303446860929,0.4318133333333334
all,discopatch,common,all,0.7635258386666668,0.7285004855938898,0.5670453333333334
all,discopatch,extra,1,0.6333820450000001,0.6136646256030449,0.81535
all,discopatch,extra,2,0.75498659,0.714279911330477,0.6375
all,discopatch,extra,3,0.755998525,0.7282572426900673,0.5627
all,discopatch,extra,4,0.78685026,0.7492246525823881,0.48555000000000004
all,discopatch,extra,5,0.8241512599999999,0.7807307483414526,0.3992
all,discopatch,extra,all,0.751073736,0.7172314361094859,0.58006
all,discopatch,all,1,0.6684293168421053,0.6414787590807591,0.7593263157894736
all,discopatch,all,2,0.7373038389473684,0.7030139880165376,0.6360210526315789
all,discopatch,all,3,0.7724353252631581,0.7373468730081255,0.5473052631578949
all,discopatch,all,4,0.8014088389473685,0.7629386418984857,0.48132631578947366
all,discopatch,all,5,0.8249443968421053,0.785862008613537,0.42494736842105263
all,discopatch,all,all,0.7609043433684214,0.726128054123489,0.5697852631578948
all,hashemi,common,1,0.47519678000000004,0.47167283939154786,0.9443466666666668
all,hashemi,common,2,0.457763236,0.4574790251423052,0.9453333333333332
all,hashemi,common,3,0.4405751026666667,0.44451472585401325,0.9466266666666667
all,hashemi,common,4,0.4217730226666666,0.4313021275479567,0.9464266666666667
all,hashemi,common,5,0.4135057866666667,0.424624761486573,0.9431066666666665
all,hashemi,common,all,0.44176278560000004,0.44591869588447935,0.9451680000000001
all,hashemi,extra,1,0.5233460849999999,0.5072464920356254,0.9132
all,hashemi,extra,2,0.496941435,0.48048228743729227,0.91875
all,hashemi,extra,3,0.47967720999999997,0.46895967862811033,0.92865
all,hashemi,extra,4,0.48135071999999995,0.4708003439286351,0.9312
all,hashemi,extra,5,0.43093721500000004,0.4336824095058759,0.9437
all,hashemi,extra,all,0.48245053300000007,0.47223424230710787,0.9270999999999999
all,hashemi,all,1,0.4853334757894736,0.4791620294218799,0.9377894736842106
all,hashemi,all,2,0.4660112778947369,0.4623218172044077,0.939736842105263
all,hashemi,all,3,0.448807125263158,0.44966103170119165,0.9428421052631579
all,hashemi,all,4,0.43431569578947365,0.43961754152283633,0.9432210526315788
all,hashemi,all,5,0.41717556105263154,0.4265316347537947,0.9432315789473683
all,hashemi,all,all,0.45032862715789473,0.45145881092082224,0.9413642105263159
all,cdf,common,1,0.7033026613333333,0.6517927867458245,0.63716
all,cdf,common,2,0.7779763493333334,0.7307301601927555,0.48348
all,cdf,common,3,0.8110304133333333,0.76727424336943,0.4141599999999999
all,cdf,common,4,0.8413731493333334,0.7985477237795018,0.35007999999999995
all,cdf,common,5,0.8653072800000001,0.8238513313278499,0.29819999999999997
all,cdf,common,all,0.7997979706666666,0.7544392490830724,0.4366160000000001
all,cdf,extra,1,0.60278498,0.5692175116773069,0.7965
all,cdf,extra,2,0.70052979,0.6531095718798264,0.6153
all,cdf,extra,3,0.80706596,0.7621167159704404,0.43715000000000004
all,cdf,extra,4,0.89017685,0.8559587015616158,0.305
all,cdf,extra,5,0.9409585600000001,0.9178988329253815,0.1728
all,cdf,extra,all,0.788303228,0.7516602668029143,0.46535000000000004
all,cdf,all,1,0.6821410442105261,0.6344085183103472,0.6707052631578948
all,cdf,all,2,0.7616718105263157,0.714388983705823,0.5112315789473684
all,cdf,all,3,0.8101957915789474,0.7661884481275374,0.419
all,cdf,all,4,0.8516476126315787,0.8106342454178417,0.34058947368421055
all,cdf,all,5,0.881233865263158,0.8436508053483829,0.2718
all,cdf,all,all,0.7973780248421051,0.7538542001819867,0.44266526315789473
all,cdf_sum,common,1,0.6643205160000001,0.618868802911724,0.7148133333333333
all,cdf_sum,common,2,0.7418717373333333,0.6946639381680539,0.56504
all,cdf_sum,common,3,0.7837707053333334,0.739587730861767,0.47526666666666667
all,cdf_sum,common,4,0.8199447693333334,0.7769517841204938,0.40348000000000006
all,cdf_sum,common,5,0.8491927666666665,0.8069008015320236,0.34500000000000003
all,cdf_sum,common,all,0.7718200989333333,0.7273946115188126,0.50072
all,cdf_sum,extra,1,0.576970795,0.5502609898141528,0.8451000000000001
all,cdf_sum,extra,2,0.659495405,0.6176570708785454,0.7078
all,cdf_sum,extra,3,0.7670545499999999,0.7244179017163133,0.53685
all,cdf_sum,extra,4,0.852561275,0.8174949975060616,0.399
all,cdf_sum,extra,5,0.91160053,0.8846128250983805,0.25665
all,cdf_sum,extra,all,0.753536511,0.7188887570026907,0.5490799999999999
all,cdf_sum,all,1,0.6459311010526316,0.6044250527859196,0.7422421052631579
all,cdf_sum,all,2,0.7245293515789474,0.6784519661071048,0.5950947368421052
all,cdf_sum,all,3,0.7802515147368422,0.7363940826206189,0.48823157894736846
all,cdf_sum,all,4,0.826811402105263,0.7854871974648239,0.40253684210526314
all,cdf_sum,all,5,0.8623312431578948,0.8232612275459937,0.32639999999999997
all,cdf_sum,all,all,0.7679709225263158,0.7256039053048919,0.5109010526315789
all,niqe,common,1,0.8090519546666666,0.7834321516060012,0.4376133333333333
all,niqe,common,2,0.8426983653333334,0.8238688055611229,0.36596
all,niqe,common,3,0.8587745653333335,0.843607113317646,0.3363466666666667
all,niqe,common,4,0.8762026666666667,0.8660696640490769,0.28665333333333337
all,niqe,common,5,0.8843767786666668,0.8749830655396571,0.26209333333333334
all,niqe,common,all,0.8542208661333333,0.8383921600147007,0.3377333333333334
all,niqe,extra,1,0.676432005,0.6525462990288593,0.64355
all,niqe,extra,2,0.7442291550000001,0.7170389558743127,0.56105
all,niqe,extra,3,0.806941935,0.7888880361251764,0.4183
all,niqe,extra,4,0.7737411399999999,0.7555004569975703,0.43320000000000003
all,niqe,extra,5,0.82380216,0.8085865425413657,0.33825
all,niqe,extra,all,0.765029279,0.7445120581134568,0.47887
all,niqe,all,1,0.7811319652631579,0.7558772352739715,0.4809684210526316
all,niqe,all,2,0.8219680052631579,0.8013783108902155,0.40703157894736847
all,niqe,all,3,0.847862432631579,0.8320873075929155,0.3536
all,niqe,all,4,0.8546318189473684,0.8427919362487599,0.31750526315789473
all,niqe,all,5,0.871624227368421,0.8610048501715957,0.27812631578947367
all,niqe,all,all,0.8354436898947369,0.8186279280354918,0.3674463157894736
all,niqe_default,common,1,0.7509602133333334,0.7327503199138096,0.49621333333333334
all,niqe_default,common,2,0.78574932,0.7750433673930975,0.41953333333333326
all,niqe_default,common,3,0.7995013386666666,0.7891216659961446,0.3955066666666667
all,niqe_default,common,4,0.823190048,0.8169615969570132,0.3372133333333333
all,niqe_default,common,5,0.8334381040000001,0.8305734995524231,0.31518666666666667
all,niqe_default,common,all,0.7985678048,0.7888900899624977,0.3927306666666667
all,niqe_default,extra,1,0.699653005,0.674704011972847,0.5935
all,niqe_default,extra,2,0.782336985,0.761630440133223,0.4554
all,niqe_default,extra,3,0.826241685,0.8120069874964195,0.35385
all,niqe_default,extra,4,0.81398822,0.7994761242882192,0.35015
all,niqe_default,extra,5,0.8564338200000001,0.8403193306809569,0.28815
all,niqe_default,extra,all,0.7957307429999999,0.7776273789143331,0.40820999999999996
all,niqe_default,all,1,0.7401586957894736,0.7205300445578173,0.5166947368421052
all,niqe_default,all,2,0.7850309336842105,0.772219593233124,0.42708421052631573
all,niqe_default,all,3,0.8051308852631578,0.7939396284172552,0.3867368421052632
all,niqe_default,all,4,0.8212528210526314,0.8132804448162144,0.33993684210526315
all,niqe_default,all,5,0.8382793073684209,0.8326252534742196,0.30949473684210527
all,niqe_default,all,all,0.7979705286315788,0.7865189928997262,0.3959894736842105
all,arniqa,common,1,0.8766317826666667,0.8588179783871126,0.2869466666666666
all,arniqa,common,2,0.9175676346666666,0.9067863217941341,0.20888000000000004
all,arniqa,common,3,0.9370211319999999,0.9313263327647718,0.16081333333333334
all,arniqa,common,4,0.9504766053333333,0.9484140151353786,0.1194
all,arniqa,common,5,0.9533239760000002,0.9508456179256833,0.11578666666666666
all,arniqa,common,all,0.9270042261333334,0.919238053201416,0.17836533333333332
all,arniqa,extra,1,0.84574103,0.8198935289507608,0.33374999999999994
all,arniqa,extra,2,0.9109018950000001,0.8976793471212958,0.2299
all,arniqa,extra,3,0.883862845,0.8631175012718868,0.33719999999999994
all,arniqa,extra,4,0.936537345,0.9141875736419385,0.171
all,arniqa,extra,5,0.9478449200000001,0.9258845450165563,0.14035
all,arniqa,extra,all,0.904977607,0.8841524992004877,0.24244000000000004
all,arniqa,all,1,0.8701284663157896,0.8506233574531439,0.2968
all,arniqa,all,2,0.9161643210526315,0.9048690639682734,0.21330526315789472
all,arniqa,all,3,0.9258299136842106,0.9169665787662697,0.1979473684210526
all,arniqa,all,4,0.9475420242105264,0.9412084485051804,0.13026315789473683
all,arniqa,all,5,0.952170490526316,0.9455906552079725,0.12095789473684211
all,arniqa,all,all,0.9223670431578945,0.911851620780168,0.19185473684210524
all,arniqa_proto,common,1,0.9241719239999998,0.9077180211041476,0.17957333333333333
all,arniqa_proto,common,2,0.942145428,0.9287410755190636,0.13769333333333333
all,arniqa_proto,common,3,0.9495141413333333,0.9371458773001091,0.12045333333333334
all,arniqa_proto,common,4,0.9553407973333332,0.9443580107353271,0.10405333333333332
all,arniqa_proto,common,5,0.9583027173333335,0.9478266607453679,0.09691999999999999
all,arniqa_proto,common,all,0.9458950016,0.9331579290808031,0.12773866666666667
all,arniqa_proto,extra,1,0.845431135,0.8227862316333212,0.30810000000000004
all,arniqa_proto,extra,2,0.8897925950000001,0.8597590746322992,0.23489999999999997
all,arniqa_proto,extra,3,0.8595520299999999,0.82259214898028,0.33965
all,arniqa_proto,extra,4,0.894221565,0.865333851629476,0.1999
all,arniqa_proto,extra,5,0.910720525,0.8819059308502988,0.17225
all,arniqa_proto,extra,all,0.87994357,0.8504754475451349,0.25096
all,arniqa_proto,all,1,0.9075949157894737,0.8898376443734474,0.20663157894736842
all,arniqa_proto,all,2,0.9311237789473684,0.914218549016587,0.1581578947368421
all,arniqa_proto,all,3,0.9305747494736841,0.913029302916987,0.1666
all,arniqa_proto,all,4,0.9424735905263159,0.927721345660411,0.12423157894736842
all,arniqa_proto,all,5,0.9482854136842104,0.9339486123464058,0.11277894736842105
all,arniqa_proto,all,all,0.9320104896842106,0.9157510908627677,0.15367999999999998
all,clipiqa,common,1,0.7548030066666667,0.7153941556540961,0.59704
all,clipiqa,common,2,0.7963358173333334,0.7529740673792282,0.5043866666666666
all,clipiqa,common,3,0.8076383586666668,0.7591574694940121,0.4710933333333333
all,clipiqa,common,4,0.822191872,0.7751280987171533,0.40843999999999997
all,clipiqa,common,5,0.8240577706666666,0.7762760390662901,0.3798666666666667
all,clipiqa,common,all,0.8010053650666666,0.7557859660621559,0.4721653333333333
all,clipiqa,extra,1,0.62944553,0.6000923990486966,0.7667499999999999
all,clipiqa,extra,2,0.6266586350000001,0.5978749792286913,0.718
all,clipiqa,extra,3,0.6789385450000001,0.631803309408338,0.6708000000000001
all,clipiqa,extra,4,0.69122879,0.6478907620870622,0.6426499999999999
all,clipiqa,extra,5,0.72678028,0.6741788917513525,0.5836
all,clipiqa,extra,all,0.670610356,0.630368068304828,0.6763600000000001
all,clipiqa,all,1,0.7284119589473685,0.6911201016319068,0.6327684210526316
all,clipiqa,all,2,0.7606143052631579,0.7203216277685889,0.549357894736842
all,clipiqa,all,3,0.7805436610526317,0.7323460673707122,0.5131368421052632
all,clipiqa,all,4,0.7946206968421053,0.7483412910055551,0.4577473684210527
all,clipiqa,all,5,0.8035782989473684,0.7547819027894611,0.42275789473684217
all,clipiqa,all,all,0.7735537842105263,0.7293821981132449,0.5151536842105262
untouched,two_axis,common,1,0.7857204486125179,0.7394831066568489,0.49892189218921884
untouched,two_axis,common,2,0.8343336782523137,0.7960512698651129,0.3847304730473047
untouched,two_axis,common,3,0.8535238375322681,0.8179593495578661,0.33432343234323436
untouched,two_axis,common,4,0.8683762739310235,0.8358116909900352,0.3028602860286028
untouched,two_axis,common,5,0.8776249605158536,0.8488373265992838,0.2766996699669967
untouched,two_axis,common,all,0.8439158397687954,0.8076285487338294,0.3595071507150715
untouched,two_axis,extra,1,0.6796883067019572,0.6455606288697251,0.7096534653465346
untouched,two_axis,extra,2,0.794840307050507,0.7480572275895329,0.5003300330033003
untouched,two_axis,extra,3,0.8407530171333965,0.8214748501979886,0.36369636963696367
untouched,two_axis,extra,4,0.8786892352601596,0.8740477276955261,0.34834983498349836
untouched,two_axis,extra,5,0.9198305177052359,0.9230213455041133,0.28547854785478544
untouched,two_axis,extra,all,0.8227602767702512,0.8024323559713771,0.44150165016501647
untouched,two_axis,all,1,0.7633978924208211,0.7197099534385071,0.5432864339065485
untouched,two_axis,all,2,0.8260192843150913,0.7859472609649908,0.4090672225117248
untouched,two_axis,all,3,0.8508352437640845,0.8186994549557868,0.3405072086155984
untouched,two_axis,all,4,0.8705474236845258,0.8438613829280334,0.3124370331770019
untouched,two_axis,all,5,0.8865103409767762,0.8644550147897746,0.27854785478547855
untouched,two_axis,all,all,0.8394620370322596,0.8065346134154183,0.3767691505992705
untouched,peak_share,common,1,0.7061398192624543,0.6457187570307935,0.626138613861386
untouched,peak_share,common,2,0.7663339251416892,0.704078673862893,0.4983498349834984
untouched,peak_share,common,3,0.7923242601487871,0.7300183584411896,0.4341254125412541
untouched,peak_share,common,4,0.8173595762216486,0.7548357982589559,0.3764796479647965
untouched,peak_share,common,5,0.8379507237852498,0.7761041064321063,0.3287788778877888
untouched,peak_share,common,all,0.7840216609119657,0.7221511388051877,0.4527744774477446
untouched,peak_share,extra,1,0.6190926679301594,0.5823908433969607,0.794884488448845
untouched,peak_share,extra,2,0.7115601275474082,0.6553138385156143,0.6094884488448845
untouched,peak_share,extra,3,0.7951736621681971,0.7374985658724584,0.4891914191419142
untouched,peak_share,extra,4,0.7925305525602065,0.7364876190467002,0.4957095709570957
untouched,peak_share,extra,5,0.8418229966561013,0.7888971696850346,0.4183993399339935
untouched,peak_share,extra,all,0.7520360013724144,0.7001176073033537,0.5615346534653466
untouched,peak_share,all,1,0.6878141031924974,0.6323865646868286,0.6616640611429564
untouched,peak_share,all,2,0.7548025993323669,0.6938123927371501,0.5217474379016849
untouched,peak_share,all,3,0.7929241342581367,0.7315931389530356,0.44571825603612997
untouched,peak_share,all,4,0.8121324133455555,0.7509730236879548,0.4015806843842279
untouched,peak_share,all,5,0.8387659391264816,0.778797382906407,0.3476463435817266
untouched,peak_share,all,all,0.7772878378510077,0.7175125005942752,0.4756713566093452
untouched,level,common,1,0.7420286899977125,0.7014209669399294,0.5574037403740374
untouched,level,common,2,0.7975639570557715,0.7619947703093094,0.42816281628162817
untouched,level,common,3,0.816674182269712,0.7820313669646115,0.3805500550055006
untouched,level,common,4,0.8371479775040209,0.8031917559354209,0.33542354235423544
untouched,level,common,5,0.8515773399122091,0.8167690642031308,0.2974697469746975
untouched,level,common,all,0.8089984293478854,0.7730815848704804,0.39980198019801977
untouched,level,extra,1,0.6482044107876134,0.6179010358351068,0.7538778877887788
untouched,level,extra,2,0.7551976521909617,0.7168648981574052,0.551072607260726
untouched,level,extra,3,0.8287379369125032,0.8004317339599148,0.3972772277227723
untouched,level,extra,4,0.9005720299752747,0.8860524973703439,0.29323432343234324
untouched,level,extra,5,0.9419322724351644,0.9356525691163953,0.21105610561056107
untouched,level,extra,all,0.8149288604603034,0.7913805468878332,0.44130363036303627
untouched,level,all,1,0.7222762101640076,0.6838378235494403,0.5987667187771408
untouched,level,all,2,0.7886447349789695,0.7524937445931189,0.45403856175091195
untouched,level,all,3,0.8192139200892471,0.785905128437307,0.384071565051242
untouched,level,all,4,0.8505004096032324,0.8206361225532994,0.32654160152857387
untouched,level,all,5,0.8705994309696733,0.84179717050066,0.27927740142435303
untouched,level,all,all,0.8102469411610258,0.7769339979267652,0.40853916970644444
untouched,global_level,common,1,0.6864102865732119,0.6410667417841005,0.6482728272827283
untouched,global_level,common,2,0.7481227258039335,0.7056349676750442,0.519053905390539
untouched,global_level,common,3,0.7730299062909592,0.7347049047781649,0.45661166116611657
untouched,global_level,common,4,0.7968582528219817,0.7581847152345689,0.40275027502750277
untouched,global_level,common,5,0.8130665403173981,0.7724634920468193,0.357975797579758
untouched,global_level,common,all,0.7634975423614968,0.7224109643037396,0.476932893289329
untouched,global_level,extra,1,0.6003078538051825,0.5680122447237784,0.8046204620462046
untouched,global_level,extra,2,0.7103232390070691,0.6645307457104448,0.6292079207920792
untouched,global_level,extra,3,0.8070445844089359,0.7671334749466068,0.42813531353135315
untouched,global_level,extra,4,0.8820713110915053,0.8602706010329015,0.32491749174917495
untouched,global_level,extra,5,0.9268318737814375,0.915262033507073,0.24174917491749173
untouched,global_level,extra,all,0.7853157724188261,0.7550418199841608,0.48572607260726075
untouched,global_level,all,1,0.6682834586220476,0.625686847666138,0.6811881188118811
untouched,global_level,all,2,0.7401649391098568,0.6969814472614444,0.5422442244224422
untouched,global_level,all,3,0.7801908911579017,0.7415319721820474,0.45061664061142964
untouched,global_level,all,4,0.8147978440366183,0.7796764806657968,0.3863644259162758
untouched,global_level,all,5,0.8370171368361432,0.802526342880557,0.33350703491401773
untouched,global_level,all,all,0.7680908539525134,0.7292806181311967,0.4787840889352092
untouched,means_knn,common,1,0.692607572968518,0.6574541468087297,0.673069306930693
untouched,means_knn,common,2,0.7591498364357888,0.7229756619080052,0.533113311331133
untouched,means_knn,common,3,0.7962315386654178,0.7582319105596379,0.46352035203520353
untouched,means_knn,common,4,0.8333141122693128,0.796095235119095,0.3807480748074807
untouched,means_knn,common,5,0.8622959767923988,0.826531386758739,0.3147414741474147
untouched,means_knn,common,all,0.7887198074262872,0.7522576682308413,0.47303850385038515
untouched,means_knn,extra,1,0.610276702175168,0.5916764411854187,0.80990099009901
untouched,means_knn,extra,2,0.7093400565304055,0.6768014830229486,0.6354785478547855
untouched,means_knn,extra,3,0.8377546455140563,0.8055186562542586,0.43985148514851485
untouched,means_knn,extra,4,0.9146510146064112,0.8924395090376264,0.2754125412541254
untouched,means_knn,extra,5,0.9556931782287139,0.9387557149480623,0.14645214521452146
untouched,means_knn,extra,all,0.8055431194109511,0.7810383608896629,0.4614191419141915
untouched,means_knn,all,1,0.6752747580646548,0.6436062087827694,0.7018759770713915
untouched,means_knn,all,2,0.7486635669820239,0.7132547821427299,0.5546638874413757
untouched,means_knn,all,3,0.8049732453703943,0.7681870149164002,0.4585374326906374
untouched,means_knn,all,4,0.8504376706560702,0.8163782401545753,0.35857217300677435
untouched,means_knn,all,5,0.8819585455158336,0.850157561114386,0.27931214174048985
untouched,means_knn,all,all,0.7922615573177951,0.7583167614221723,0.4705923223901337
untouched,means_own,common,1,0.6733427659597643,0.6307754409064593,0.6877667766776678
untouched,means_own,common,2,0.7392263067890947,0.6970974762132806,0.5496589658965897
untouched,means_own,common,3,0.7725049032956101,0.7329088298969679,0.46825082508250826
untouched,means_own,common,4,0.8034103192497467,0.7626470538268763,0.4027722772277228
untouched,means_own,common,5,0.8260841820155613,0.7828969459542028,0.3528932893289329
untouched,means_own,common,all,0.7629136954619554,0.7212651493595574,0.49226842684268424
untouched,means_own,extra,1,0.5866137442952216,0.5600007956349381,0.842986798679868
untouched,means_own,extra,2,0.6932261134529294,0.6498400505156171,0.6636138613861385
untouched,means_own,extra,3,0.7959793293685804,0.7543135840653827,0.460973597359736
untouched,means_own,extra,4,0.87164477338823,0.8495798222659532,0.3616336633663366
untouched,means_own,extra,5,0.9192380376651526,0.9074265770110315,0.2659240924092409
untouched,means_own,extra,all,0.7733403996340228,0.7442321658985845,0.519026402640264
untouched,means_own,all,1,0.6550840245567027,0.6158755155861391,0.720444676046552
untouched,means_own,all,2,0.7295420555604284,0.6871485444874567,0.5736494702101789
untouched,means_own,all,3,0.7774468877320249,0.7374150939324237,0.466718777140872
untouched,means_own,all,4,0.8177754674894274,0.7809486892877345,0.39411151641479936
untouched,means_own,all,5,0.8456955200470542,0.8091137103872194,0.3345839847142608
untouched,means_own,all,all,0.7651087910771275,0.7261003107361946,0.49790168490533265
untouched,saod_top3,common,1,0.5516609301194146,0.5373896718378958,0.9106930693069305
untouched,saod_top3,common,2,0.5844511358726633,0.5642223400052991,0.881078107810781
untouched,saod_top3,common,3,0.6324187497957717,0.6086054693304185,0.8275247524752474
untouched,saod_top3,common,4,0.6952096744327899,0.6714185409472968,0.7531133113311331
untouched,saod_top3,common,5,0.7589609152334377,0.7366196441659499,0.6556435643564356
untouched,saod_top3,common,all,0.6445402810908154,0.623651133257372,0.8056105610561056
untouched,saod_top3,extra,1,0.5176026723959525,0.5123717427177591,0.9373762376237623
untouched,saod_top3,extra,2,0.5486133303924452,0.5337896845021239,0.9154290429042904
untouched,saod_top3,extra,3,0.5816525068348418,0.5620939911982155,0.8797029702970298
untouched,saod_top3,extra,4,0.6245458097789978,0.5991417426431092,0.8322607260726074
untouched,saod_top3,extra,5,0.6866570679345163,0.6603047786986312,0.7638613861386139
untouched,saod_top3,extra,all,0.5918142774673508,0.5735403879519679,0.8657260726072609
untouched,saod_top3,all,1,0.5444907705986857,0.5321227393915513,0.9163105784262637
untouched,saod_top3,all,2,0.5769063347189332,0.5578154651625256,0.8883098836199409
untouched,saod_top3,all,3,0.6217311196987338,0.5988135791973229,0.838509640437728
untouched,saod_top3,all,4,0.6803330713477809,0.6562023728832573,0.7697759249609172
untouched,saod_top3,all,5,0.743739052644191,0.7205533566991459,0.6784262636789995
untouched,saod_top3,all,all,0.633440069801665,0.6131015026667607,0.8182664582247696
untouched,saod_min,common,1,0.5627704800182989,0.5529462473972248,0.918943894389439
untouched,saod_min,common,2,0.5996494461327321,0.5877550397179997,0.8964796479647964
untouched,saod_min,common,3,0.6542779829138029,0.6426234519632211,0.8548734873487348
untouched,saod_min,common,4,0.7248850838879267,0.7133149335617158,0.7843344334433444
untouched,saod_min,common,5,0.7902666005874514,0.7782337968217061,0.6517711771177118
untouched,saod_min,common,all,0.6663699187080424,0.6549746938923735,0.8212805280528053
untouched,saod_min,extra,1,0.5225849862213945,0.517463552277263,0.9410066006600659
untouched,saod_min,extra,2,0.5606269537844873,0.5495169537284579,0.9215346534653465
untouched,saod_min,extra,3,0.5989465085122373,0.5873300279288529,0.898102310231023
untouched,saod_min,extra,4,0.6526762082148809,0.6368951518787963,0.8587458745874588
untouched,saod_min,extra,5,0.7230857405047435,0.7073767827317143,0.7705445544554456
untouched,saod_min,extra,all,0.6115840794475487,0.5997164937090169,0.877986798679868
untouched,saod_min,all,1,0.5543103760610558,0.5454762063193378,0.9235886746569395
untouched,saod_min,all,2,0.5914341845857332,0.5797049163517803,0.9017543859649123
untouched,saod_min,all,3,0.6426292514608418,0.6309827311138804,0.8639742921660588
untouched,saod_min,all,4,0.7096832153251802,0.6972265584705749,0.7999999999999999
untouched,saod_min,all,5,0.7761232616226709,0.7633165306974973,0.6767760986624979
untouched,saod_min,all,all,0.6548360578110964,0.6433413885906142,0.8332186902900816
untouched,contrastive,common,1,0.5189550407185933,0.5101574768231985,0.9304510451045106
untouched,contrastive,common,2,0.5325958965533517,0.5184094716077697,0.9183938393839381
untouched,contrastive,common,3,0.560730320556808,0.5396055643296056,0.8958635863586359
untouched,contrastive,common,4,0.6000725782149171,0.572601763718082,0.8607700770077009
untouched,contrastive,common,5,0.6469286235554248,0.6150570751638428,0.8204620462046205
untouched,contrastive,common,all,0.5718564919198191,0.5511662703284997,0.8851881188118813
untouched,contrastive,extra,1,0.5088965270289405,0.5044402152186745,0.9385313531353137
untouched,contrastive,extra,2,0.522779969828666,0.5108322254702816,0.9231023102310232
untouched,contrastive,extra,3,0.5354654091646789,0.5204725016697744,0.9128712871287128
untouched,contrastive,extra,4,0.5705957476935813,0.5537972457557951,0.8867161716171618
untouched,contrastive,extra,5,0.6019556906185668,0.5734328156907335,0.8574257425742574
untouched,contrastive,extra,all,0.5479386688668868,0.5325950007610519,0.9037293729372937
untouched,contrastive,all,1,0.5168374588891927,0.5089538428011936,0.9321521625846796
untouched,contrastive,all,2,0.5305293856639441,0.5168142618946144,0.9193850964043773
untouched,contrastive,all,3,0.5554113918426757,0.5355775511380622,0.89944415494181
untouched,contrastive,all,4,0.5938669296841096,0.5686429178312848,0.8662324127149558
untouched,contrastive,all,5,0.6374606376739811,0.606294073169504,0.8282438770192808
untouched,contrastive,all,all,0.5668211607507806,0.5472565293669318,0.8890915407330208
untouched,knn,common,1,0.5580561709636311,0.5468183496383113,0.9038063806380638
untouched,knn,common,2,0.5939329404887684,0.5801079160478302,0.8704950495049505
untouched,knn,common,3,0.6507965195859521,0.6371441586338628,0.8093069306930692
untouched,knn,common,4,0.7237450576740844,0.7127024138282043,0.7157315731573157
untouched,knn,common,5,0.790353454817429,0.7812080298259143,0.6033663366336633
untouched,knn,common,all,0.6633768287059729,0.6515961735948246,0.7805412541254125
untouched,knn,extra,1,0.5305150230369571,0.5220586903976057,0.9231848184818482
untouched,knn,extra,2,0.5768242901022775,0.5562969572643245,0.8714521452145214
untouched,knn,extra,3,0.6049581604200024,0.5874741802985408,0.8440594059405941
untouched,knn,extra,4,0.6802237389580542,0.6580441613438368,0.7429042904290428
untouched,knn,extra,5,0.7390175118997048,0.7193943658981143,0.667986798679868
untouched,knn,extra,all,0.6263077448833992,0.6086536710404844,0.8099174917491749
untouched,knn,all,1,0.5522580345580155,0.5416057897981627,0.9078860517630712
untouched,knn,all,2,0.5903311193547702,0.5750950826197239,0.8706965433385442
untouched,knn,all,3,0.6411463387089099,0.6266873210895844,0.8166232412714955
untouched,knn,all,4,0.7145826747864991,0.7011954133051796,0.7214521452145215
untouched,knn,all,5,0.7795458878873817,0.768194626893746,0.6169706444328644
untouched,knn,all,all,0.6555728110591152,0.6425556467412792,0.7867257252040994
untouched,discopatch,common,1,0.6761855881957832,0.6462970039289845,0.7486248624862486
untouched,discopatch,common,2,0.7307632730269726,0.6968543976697309,0.6393179317931793
untouched,discopatch,common,3,0.7746432884212514,0.736040237487322,0.5468426842684269
untouched,discopatch,common,4,0.8027464010427446,0.7622928784954586,0.4843564356435643
untouched,discopatch,common,5,0.8226638310695757,0.7828999838776778,0.4384158415841584
untouched,discopatch,common,all,0.7614004763512654,0.7248769002918346,0.5715115511551155
untouched,discopatch,extra,1,0.6315325703362415,0.6108953742036356,0.818976897689769
untouched,discopatch,extra,2,0.7519282423291834,0.7097818508132956,0.6410891089108911
untouched,discopatch,extra,3,0.7536198793146642,0.7242147546249461,0.5642739273927393
untouched,discopatch,extra,4,0.7836864305242406,0.7442772660869588,0.4931518151815182
untouched,discopatch,extra,5,0.8206294589855025,0.7748179663254295,0.40577557755775573
untouched,discopatch,extra,all,0.7482793162979664,0.7127974424108532,0.5846534653465347
untouched,discopatch,all,1,0.6667849528569324,0.6388440292499638,0.7634358172659371
untouched,discopatch,all,2,0.7352190560379643,0.6995759667525865,0.6396908111863817
untouched,discopatch,all,3,0.7702173075567067,0.7335506621478743,0.5505124196630189
untouched,discopatch,all,4,0.7987337756704279,0.758500117988406,0.48620809449365987
untouched,discopatch,all,5,0.8222355422097707,0.7811985064982573,0.4315442070522842
untouched,discopatch,all,all,0.7586381268663603,0.7223338565274173,0.5742782699322564
untouched,hashemi,common,1,0.47715503926630287,0.4730381934514414,0.9438063806380638
untouched,hashemi,common,2,0.4598927084127555,0.4588448577250795,0.9454565456545653
untouched,hashemi,common,3,0.4432430625900875,0.4462857743306168,0.9467766776677667
untouched,hashemi,common,4,0.425297654187861,0.4334345701313809,0.946930693069307
untouched,hashemi,common,5,0.41787672595642406,0.427043539507644,0.9434323432343235
untouched,hashemi,common,all,0.4446930380826863,0.44772938702923254,0.9452805280528052
untouched,hashemi,extra,1,0.5250102794932958,0.5085174954852119,0.9100660066006601
untouched,hashemi,extra,2,0.49952429772680235,0.48245275103639823,0.9132838283828384
untouched,hashemi,extra,3,0.48222547626049733,0.47090058964257264,0.9264851485148515
untouched,hashemi,extra,4,0.48406211536995286,0.4727854353497228,0.9320957095709571
untouched,hashemi,extra,5,0.433587039397009,0.43548517646910984,0.9458745874587459
untouched,hashemi,extra,all,0.48488184164951154,0.4740282895966031,0.9255610561056106
untouched,hashemi,all,1,0.487229826682512,0.480507520195393,0.9367031439986105
untouched,hashemi,all,2,0.4682362008999233,0.46381494052746236,0.9386833420184124
untouched,hashemi,all,3,0.45144988652069995,0.4514678407120812,0.9425047767934689
untouched,hashemi,all,4,0.4376691196998803,0.4417189628089265,0.9438075386486018
untouched,hashemi,all,5,0.4211841603649682,0.42882072623637374,0.9439464999131493
untouched,hashemi,all,all,0.45315383883359683,0.45326599809604734,0.9411290602744485
untouched,cdf,common,1,0.7041826255232785,0.6539046118709922,0.6385698569856986
untouched,cdf,common,2,0.7791981033086806,0.7325181408508961,0.48281628162816276
untouched,cdf,common,3,0.8118190300878273,0.7681686560415858,0.4156435643564357
untouched,cdf,common,4,0.8421700559494895,0.7998047534356445,0.35119911991199115
untouched,cdf,common,5,0.8662233695316726,0.8252418194173106,0.29988998899889985
untouched,cdf,common,all,0.8007186368801895,0.7559275963232859,0.4376237623762376
untouched,cdf,extra,1,0.6033380033547909,0.5709166830147742,0.7972772277227723
untouched,cdf,extra,2,0.7010560103040007,0.6553147893411396,0.6186468646864687
untouched,cdf,extra,3,0.8072741642976179,0.763020852810092,0.43754125412541256
untouched,cdf,extra,4,0.8910778627367688,0.8569882951160664,0.2998349834983498
untouched,cdf,extra,5,0.9419219248657538,0.9183048498872682,0.17244224422442245
untouched,cdf,extra,all,0.7889335931117865,0.7529090940338681,0.4651485148514851
untouched,cdf,all,1,0.6829521787509654,0.6364334689538937,0.6719819350356089
untouched,cdf,all,2,0.762747136360327,0.7162648036909472,0.511412193850964
untouched,cdf,all,3,0.8108622162372568,0.7670849079928503,0.4202536043077993
untouched,cdf,all,4,0.8524664363257587,0.8118433937894176,0.34038561750911933
untouched,cdf,all,5,0.8821599074967423,0.8448340363583542,0.273058884835852
untouched,cdf,all,all,0.7982375750342099,0.7552921221570928,0.4434184471078687
untouched,cdf_sum,common,1,0.6656084806500452,0.621461173107814,0.7174037403740374
untouched,cdf_sum,common,2,0.7437035257981245,0.6974262033227893,0.5655225522552255
untouched,cdf_sum,common,3,0.7853812734408755,0.7416791043525696,0.4749614961496149
untouched,cdf_sum,common,4,0.8214293805618187,0.7790823270815338,0.4036303630363037
untouched,cdf_sum,common,5,0.8507668710765465,0.8091304871397083,0.34620462046204625
untouched,cdf_sum,common,all,0.773377906305482,0.7297558590008829,0.5015445544554455
untouched,cdf_sum,extra,1,0.5774029506911087,0.5520887044645755,0.8467821782178218
untouched,cdf_sum,extra,2,0.660280868433378,0.6204607010462628,0.7095709570957096
untouched,cdf_sum,extra,3,0.7681653350978663,0.7263751080021493,0.5416666666666666
untouched,cdf_sum,extra,4,0.8540110718992692,0.8194374717333309,0.3994224422442244
untouched,cdf_sum,extra,5,0.9130801991090198,0.8862404264919538,0.2542079207920792
untouched,cdf_sum,extra,all,0.7545880850461284,0.7209204823476545,0.5503300330033004
untouched,cdf_sum,all,1,0.6470388953955322,0.6068564428671321,0.7446413062358868
untouched,cdf_sum,all,2,0.7261408610897567,0.6812229396856259,0.5958485322216431
untouched,cdf_sum,all,3,0.7817568653686628,0.7384572103840601,0.48900468994267854
untouched,cdf_sum,all,4,0.828288684001282,0.7875781470082278,0.40274448497481324
untouched,cdf_sum,all,5,0.8638854664518042,0.8253641585822863,0.3268368942157373
untouched,cdf_sum,all,all,0.7694221544614074,0.7278957797054665,0.5118151815181518
untouched,niqe,common,1,0.8095929665573819,0.7840533820850853,0.4381518151815181
untouched,niqe,common,2,0.843094504169889,0.8238751745044183,0.3644664466446645
untouched,niqe,common,3,0.8586105719482838,0.8433521797933167,0.335027502750275
untouched,niqe,common,4,0.8760854309853426,0.865968899533165,0.2878987898789879
untouched,niqe,common,5,0.8844698885730156,0.8749442803617772,0.2618921892189219
untouched,niqe,common,all,0.8543706724467827,0.8384387832555524,0.3374873487348735
untouched,niqe,extra,1,0.6770400096940387,0.6532985557614769,0.6392739273927392
untouched,niqe,extra,2,0.7448181142371663,0.7183072019034326,0.560891089108911
untouched,niqe,extra,3,0.8069841328192224,0.7890843167834667,0.4193894389438944
untouched,niqe,extra,4,0.7737853315034474,0.7556481050063427,0.43184818481848186
untouched,niqe,extra,5,0.8243054602489952,0.8087679499019901,0.33613861386138616
untouched,niqe,extra,all,0.7653866097005741,0.7450212258713418,0.47750825082508247
untouched,niqe,all,1,0.7816870809019412,0.7565260502274839,0.4804933124891436
untouched,niqe,all,2,0.8224047378682633,0.8016503381673686,0.4058190029529269
untouched,niqe,all,3,0.8477418479211131,0.8319273665280852,0.3527879103699844
untouched,niqe,all,4,0.8545485679365227,0.8427434691064656,0.31820392565572353
untouched,niqe,all,5,0.8718036931363797,0.8610124213176115,0.2775230154594407
untouched,niqe,all,all,0.8356371855528443,0.818771929069403,0.3669654333854438
untouched,niqe_default,common,1,0.7511005021294209,0.732175504751632,0.49678767876787683
untouched,niqe_default,common,2,0.7859487196244377,0.7741872301212609,0.4188778877887789
untouched,niqe_default,common,3,0.799743118866342,0.7885288435946307,0.39388338833883385
untouched,niqe_default,common,4,0.8235103312311428,0.8164632793752475,0.3362156215621563
untouched,niqe_default,common,5,0.833877085398309,0.8302194663674977,0.3143234323432343
untouched,niqe_default,common,all,0.7988359514499305,0.7883148648420537,0.392017601760176
untouched,niqe_default,extra,1,0.6999250754283348,0.6746235353162291,0.5922442244224422
untouched,niqe_default,extra,2,0.7825783011469465,0.7611245401757464,0.45404290429042904
untouched,niqe_default,extra,3,0.8263394247840625,0.8114477491154372,0.3523102310231023
untouched,niqe_default,extra,4,0.8139607228049538,0.7991664169258799,0.3502475247524752
untouched,niqe_default,extra,5,0.8569212168741627,0.8402721431134292,0.28803630363036303
untouched,niqe_default,extra,all,0.7959449482076921,0.7773268769293443,0.40737623762376235
untouched,niqe_default,all,1,0.740326728087087,0.720059300659968,0.5168837936425221
untouched,niqe_default,all,2,0.7852391578397027,0.7714371901327316,0.4262810491575473
untouched,niqe_default,all,3,0.8053423411648095,0.7933538763358531,0.3851311446934167
untouched,niqe_default,all,4,0.8214998873519451,0.812821834649065,0.3391697064443287
untouched,niqe_default,all,5,0.8387284814984887,0.8323358193666411,0.30878929998262994
untouched,niqe_default,all,all,0.7982273191884065,0.7860016042288518,0.395250998784089
untouched,arniqa,common,1,0.8759392543214717,0.8596008266154247,0.2884708470847085
untouched,arniqa,common,2,0.9170025233546457,0.9070959662230251,0.21190319031903193
untouched,arniqa,common,3,0.9366245284594468,0.9315236741935558,0.16182618261826184
untouched,arniqa,common,4,0.9503462405646504,0.9487142491298023,0.1192959295929593
untouched,arniqa,common,5,0.9532158139906399,0.9511243618100842,0.1148954895489549
untouched,arniqa,common,all,0.9266256721381712,0.9196118155943783,0.17927832783278327
untouched,arniqa,extra,1,0.8453667260290386,0.8211510055224294,0.3365511551155116
untouched,arniqa,extra,2,0.9109785533008746,0.8990436639384181,0.22813531353135316
untouched,arniqa,extra,3,0.8830011899704822,0.862853267071679,0.33473597359735974
untouched,arniqa,extra,4,0.9359538008256272,0.9137294478679334,0.1693069306930693
untouched,arniqa,extra,5,0.9469388077421603,0.9251379518269558,0.14183168316831682
untouched,arniqa,extra,all,0.9044478155736366,0.884383067245483,0.24211221122112211
untouched,arniqa,all,1,0.8695029325756963,0.8515061274379518,0.2985930171964565
untouched,arniqa,all,2,0.9157343191327992,0.905400744689424,0.2153204794163627
untouched,arniqa,all,3,0.9253354045670331,0.9170667463784239,0.1982282438770193
untouched,arniqa,all,4,0.947316253251172,0.9413490278115141,0.12982456140350876
untouched,arniqa,all,5,0.9518943389909601,0.9456535386557413,0.12056626715303109
untouched,arniqa,all,all,0.9219566497035322,0.912195236994611,0.1925065138092756
untouched,arniqa_proto,common,1,0.9241157293947218,0.9068860287766228,0.17859185918591863
untouched,arniqa_proto,common,2,0.9420875295450337,0.9281147584312008,0.13755775577557755
untouched,arniqa_proto,common,3,0.949388828981908,0.936465925070851,0.11938393839383937
untouched,arniqa_proto,common,4,0.9552185406659478,0.9436294173294132,0.10365236523652364
untouched,arniqa_proto,common,5,0.9583002065883157,0.9471633261431457,0.09564356435643566
untouched,arniqa_proto,common,all,0.9458221670351852,0.9324518911502466,0.12696589658965898
untouched,arniqa_proto,extra,1,0.8454649326318769,0.8221299363875633,0.3066831683168317
untouched,arniqa_proto,extra,2,0.8902016550664967,0.8590619338365975,0.23448844884488448
untouched,arniqa_proto,extra,3,0.8606808972976505,0.8231929331001219,0.3395214521452145
untouched,arniqa_proto,extra,4,0.8954208056944308,0.8657279615194029,0.19900990099009902
untouched,arniqa_proto,extra,5,0.9117927980916904,0.8826438074145534,0.17161716171617164
untouched,arniqa_proto,extra,all,0.8807122177564292,0.8505513144516479,0.2502640264026402
untouched,arniqa_proto,all,1,0.9075576669183333,0.8890426409052419,0.2055584505819003
untouched,arniqa_proto,all,2,0.9311641875495521,0.9135773216744422,0.15796421747437903
untouched,arniqa_proto,all,3,0.9307134749431168,0.9126189793928029,0.16572867813097097
untouched,arniqa_proto,all,4,0.9426295438298391,0.9272291108430953,0.12372763592148689
untouched,arniqa_proto,all,5,0.9485091732206051,0.9335802695687052,0.11163800590585375
untouched,arniqa_proto,all,all,0.9321148092922894,0.9152096644768571,0.15292339760291818
untouched,clipiqa,common,1,0.7564654481949844,0.7156355750166695,0.5915071507150714
untouched,clipiqa,common,2,0.7979411495605007,0.7533557428018453,0.498987898789879
untouched,clipiqa,common,3,0.8094390637083512,0.7599771749207013,0.46591859185918594
untouched,clipiqa,common,4,0.8240462844964362,0.7760664326733019,0.4041804180418042
untouched,clipiqa,common,5,0.825855322826012,0.7772606540339714,0.3756435643564356
untouched,clipiqa,common,all,0.8027494537572569,0.7564591158892978,0.46724752475247516
untouched,clipiqa,extra,1,0.6306718159439707,0.6008109531509505,0.7674092409240925
untouched,clipiqa,extra,2,0.6274877054537137,0.5982833052722515,0.716006600660066
untouched,clipiqa,extra,3,0.6808701625113006,0.632568113360133,0.6686468646864687
untouched,clipiqa,extra,4,0.6928180516071409,0.6483780343008166,0.6401815181518152
untouched,clipiqa,extra,5,0.7294266765785489,0.6756588951750089,0.5843234323432343
untouched,clipiqa,extra,all,0.6722548824189349,0.6311398602518322,0.6753135313531353
untouched,clipiqa,all,1,0.7299825782474026,0.6914619704133601,0.6285391697064443
untouched,clipiqa,all,2,0.7620562139590717,0.7207089138482466,0.5446760465520236
untouched,clipiqa,all,3,0.7823719266142352,0.7331542145921606,0.508598228243877
untouched,clipiqa,all,4,0.79641928809869,0.7491846645948841,0.4538648601702276
untouched,clipiqa,all,5,0.8055545551949671,0.7558708100636633,0.41957616814313015
untouched,clipiqa,all,all,0.7752769124228732,0.7300761147024629,0.5110508945631407
held_out,two_axis,common,1,0.7861553877314814,0.7397275518153648,0.4971388888888889
held_out,two_axis,common,2,0.8345259577546298,0.7964169709953725,0.38390277777777776
held_out,two_axis,common,3,0.8538002199074074,0.8185985587696355,0.33476388888888897
held_out,two_axis,common,4,0.868701753472222,0.8364827446262809,0.3030833333333333
held_out,two_axis,common,5,0.8779517621527778,0.8492704431335262,0.27586111111111117
held_out,two_axis,common,all,0.8442270162037037,0.8080992538680359,0.35895
held_out,two_axis,extra,1,0.6803732476128472,0.645663831555471,0.7049479166666667
held_out,two_axis,extra,2,0.7959547146267362,0.7485973002621549,0.491875
held_out,two_axis,extra,3,0.8416441026475695,0.8224052797642529,0.3606770833333333
held_out,two_axis,extra,4,0.8789069661458333,0.8749827442544325,0.34442708333333333
held_out,two_axis,extra,5,0.9201763454861112,0.9241547249406223,0.28328125
held_out,two_axis,extra,all,0.8234110753038193,0.8031607761553866,0.43704166666666655
held_out,two_axis,all,1,0.7638854634959795,0.7199246633395976,0.5408881578947369
held_out,two_axis,all,2,0.8264056960434941,0.7863496718936427,0.4066337719298246
held_out,two_axis,all,3,0.8512410373263888,0.8193999737158708,0.3402192982456141
held_out,two_axis,all,4,0.8708502192982457,0.8445880077058918,0.3117872807017544
held_out,two_axis,all,5,0.88684114811769,0.8650355550929149,0.2774232456140351
held_out,two_axis,all,all,0.8398447128563598,0.8070595743495832,0.375390350877193
held_out,peak_share,common,1,0.7054458304398149,0.646500907585552,0.6255416666666667
held_out,peak_share,common,2,0.765803851273148,0.7054810731334185,0.4998888888888889
held_out,peak_share,common,3,0.792160101273148,0.731760320688892,0.4352638888888889
held_out,peak_share,common,4,0.8172276388888889,0.7567056588880359,0.3765972222222222
held_out,peak_share,common,5,0.8380000983796295,0.7783735537161609,0.3284444444444444
held_out,peak_share,common,all,0.783727504050926,0.7237643028024118,0.4531472222222223
held_out,peak_share,extra,1,0.6186968912760417,0.5823351682770976,0.7919270833333334
held_out,peak_share,extra,2,0.7116708062065972,0.6562774353699918,0.6054166666666667
held_out,peak_share,extra,3,0.7962415744357639,0.7400020226081382,0.4864583333333333
held_out,peak_share,extra,4,0.7931510416666667,0.7383928246638207,0.49359374999999994
held_out,peak_share,extra,5,0.8426857096354168,0.791261198691323,0.41578125
held_out,peak_share,extra,all,0.7524892046440972,0.7016537299220743,0.5586354166666666
held_out,peak_share,all,1,0.6871828958790204,0.6329923308890354,0.6605701754385965
held_out,peak_share,all,2,0.7544074207328216,0.6951224125516445,0.5221052631578947
held_out,peak_share,all,3,0.7930193587810672,0.7334954158297858,0.44604166666666667
held_out,peak_share,all,4,0.8121588815789473,0.7528503253671485,0.40122807017543866
held_out,peak_share,all,5,0.8389865428545322,0.7810867421319847,0.3468311403508772
held_out,peak_share,all,all,0.7771510199652778,0.7191094453539197,0.4753552631578947
held_out,level,common,1,0.7412580989583334,0.7006449512263777,0.5576666666666666
held_out,level,common,2,0.7968930873842591,0.7619349290494776,0.42938888888888893
held_out,level,common,3,0.8161322280092594,0.7822481512889214,0.3815694444444444
held_out,level,common,4,0.836698972800926,0.8034397555851494,0.3359166666666667
held_out,level,common,5,0.8511678674768519,0.8167446178906375,0.2979027777777778
held_out,level,common,all,0.808430050925926,0.7730024810081129,0.4004888888888889
held_out,level,extra,1,0.6474597493489583,0.6170518459944615,0.7532291666666666
held_out,level,extra,2,0.7552626898871528,0.7168374061508299,0.55234375
held_out,level,extra,3,0.8288438639322917,0.8008698435014853,0.39651041666666664
held_out,level,extra,4,0.8997076063368055,0.8863166675898517,0.29723958333333333
held_out,level,extra,5,0.94155595703125,0.9363517783628181,0.21333333333333332
held_out,level,extra,all,0.8145659733072919,0.7914855083198893,0.44253124999999993
held_out,level,all,1,0.7215110779879387,0.6830464027565006,0.5988377192982457
held_out,level,all,2,0.7881287931743421,0.752440713702394,0.45527412280701757
held_out,level,all,3,0.8188083618877924,0.786168507544198,0.3847149122807017
held_out,level,all,4,0.8499639482821637,0.8208875265335076,0.32777412280701756
held_out,level,all,5,0.8701969389619882,0.841925072726886,0.28009868421052636
held_out,level,all,all,0.8097218240588452,0.7768936446526971,0.40933991228070177
held_out,global_level,common,1,0.6854988744212963,0.6402148362800647,0.6466111111111111
held_out,global_level,common,2,0.7472899045138888,0.7051960790331098,0.5177638888888889
held_out,global_level,common,3,0.7724292476851852,0.73472453597319,0.45527777777777784
held_out,global_level,common,4,0.7963436255787038,0.7582000747629114,0.40266666666666673
held_out,global_level,common,5,0.8126305989583332,0.772272455042849,0.35736111111111113
held_out,global_level,common,all,0.7628384502314816,0.7221215962184249,0.475936111111111
held_out,global_level,extra,1,0.5994037272135416,0.567059231647167,0.80484375
held_out,global_level,extra,2,0.7106435384114583,0.6640941878895086,0.6244270833333334
held_out,global_level,extra,3,0.8082681803385416,0.7679089526627789,0.42276041666666664
held_out,global_level,extra,4,0.8815582248263889,0.8604274862213612,0.3243229166666667
held_out,global_level,extra,5,0.9264051215277778,0.915745597974184,0.24374999999999997
held_out,global_level,extra,all,0.7852557584635418,0.7550470912789999,0.4840208333333333
held_out,global_level,all,1,0.6673735802722952,0.6248136563573494,0.6799232456140352
held_out,global_level,all,2,0.7395748800712718,0.6965430493186674,0.540219298245614
held_out,global_level,all,3,0.7799742861385234,0.7417107289604719,0.44843201754385964
held_out,global_level,all,4,0.8142835412097954,0.7797216350699534,0.3861732456140351
held_out,global_level,all,5,0.8365831300255848,0.8024773272389195,0.3334429824561404
held_out,global_level,all,all,0.767557883543494,0.7290532793890724,0.47763815789473674
held_out,means_knn,common,1,0.6912040769675926,0.6561542378174658,0.6726527777777778
held_out,means_knn,common,2,0.757871814236111,0.722182289532879,0.5342083333333333
held_out,means_knn,common,3,0.7948618373842593,0.7575789861901471,0.4639305555555556
held_out,means_knn,common,4,0.8320053703703706,0.7954764353811803,0.3816527777777778
held_out,means_knn,common,5,0.8610105902777778,0.8259968135910155,0.31745833333333334
held_out,means_knn,common,all,0.7873907378472221,0.7514777525025376,0.4739805555555555
held_out,means_knn,extra,1,0.6090306369357639,0.5901886884921081,0.8059895833333334
held_out,means_knn,extra,2,0.7078708930121528,0.6754513588013819,0.63625
held_out,means_knn,extra,3,0.8365738552517361,0.805678732896828,0.44083333333333335
held_out,means_knn,extra,4,0.9139829644097223,0.8927370778761219,0.27666666666666667
held_out,means_knn,extra,5,0.9554491427951388,0.9395304192529967,0.14661458333333333
held_out,means_knn,extra,all,0.8045814984809028,0.7807172554638873,0.4612708333333333
held_out,means_knn,all,1,0.6739044053819444,0.6422667537489695,0.7007236842105263
held_out,means_knn,all,2,0.7473453045047513,0.712344198852564,0.5556907894736842
held_out,means_knn,all,3,0.8036433148300439,0.7677052486547115,0.4590679824561404
held_out,means_knn,all,4,0.8492638112207603,0.8159523601169575,0.3595504385964913
held_out,means_knn,all,5,0.8808923908077484,0.8498986253093276,0.2814912280701754
held_out,means_knn,all,all,0.7910098453490498,0.7576334373365061,0.4713048245614035
held_out,means_own,common,1,0.6726133391203705,0.6291403145594008,0.6840555555555555
held_out,means_own,common,2,0.7384097800925927,0.6956449180950456,0.5479861111111112
held_out,means_own,common,3,0.7719837500000002,0.7321554724795879,0.4679861111111111
held_out,means_own,common,4,0.8029424652777777,0.7618623189963348,0.402125
held_out,means_own,common,5,0.8256937413194444,0.7819480067548997,0.35238888888888886
held_out,means_own,common,all,0.762328615162037,0.7201502061770536,0.49090833333333334
held_out,means_own,extra,1,0.5861068413628472,0.5587121567747088,0.8388020833333333
held_out,means_own,extra,2,0.6936881998697917,0.6483368801412163,0.65859375
held_out,means_own,extra,3,0.7970158365885416,0.7540640651502251,0.45515625000000004
held_out,means_own,extra,4,0.870986501736111,0.8486630966472073,0.35953124999999997
held_out,means_own,extra,5,0.9186868706597222,0.9069355089921963,0.26609375
held_out,means_own,extra,all,0.7732968500434028,0.7433423415411109,0.5156354166666667
held_out,means_own,all,1,0.6544014448556287,0.6143133339731497,0.7166337719298246
held_out,means_own,all,2,0.7289947105720029,0.6856853311573973,0.5712719298245614
held_out,means_own,all,3,0.7772536629660087,0.7367678077786696,0.46528508771929833
held_out,means_own,all,4,0.8172675255847953,0.7801361669228343,0.3931578947368421
held_out,means_own,all,5,0.8452712422331872,0.8082611651206463,0.3342214912280701
held_out,means_own,all,all,0.7646377172423247,0.7250327609905393,0.49611403508771923
held_out,saod_top3,common,1,0.5532454383680555,0.5383834479698109,0.9080694444444445
held_out,saod_top3,common,2,0.5864613324652778,0.5660687408038333,0.8779444444444444
held_out,saod_top3,common,3,0.6348564134837963,0.6111018043192298,0.8249722222222222
held_out,saod_top3,common,4,0.6983959418402778,0.6746809053825855,0.7470694444444445
held_out,saod_top3,common,5,0.7623695298032408,0.7408206148021776,0.6488611111111111
held_out,saod_top3,common,all,0.6470657311921296,0.6262111026555275,0.8013833333333333
held_out,saod_top3,extra,1,0.5183054578993056,0.5123145848634519,0.9371354166666667
held_out,saod_top3,extra,2,0.550341943359375,0.5350240844057826,0.911875
held_out,saod_top3,extra,3,0.583533544921875,0.5631664334260049,0.8791666666666667
held_out,saod_top3,extra,4,0.6271441080729168,0.6013205763453288,0.8306770833333335
held_out,saod_top3,extra,5,0.6898438639322917,0.6637543170527069,0.7599479166666667
held_out,saod_top3,extra,all,0.5938337836371528,0.575115999218655,0.8637604166666668
held_out,saod_top3,all,1,0.5458896530062134,0.532895266263209,0.914188596491228
held_out,saod_top3,all,2,0.5788572505482457,0.5595330236674017,0.8850877192982456
held_out,saod_top3,all,3,0.6240515990497076,0.6010101472890771,0.8363815789473683
held_out,saod_top3,all,4,0.6833955557839912,0.6592366255852683,0.7646710526315789
held_out,saod_top3,all,5,0.7471009685672515,0.724596131065447,0.6722478070175438
held_out,saod_top3,all,all,0.6358590053910819,0.6154542387740807,0.8145153508771931
held_out,saod_min,common,1,0.562689302662037,0.5524642436277009,0.9175972222222221
held_out,saod_min,common,2,0.600406701388889,0.5880333214495105,0.8944027777777778
held_out,saod_min,common,3,0.6550227141203705,0.6428966587299448,0.8543055555555555
held_out,saod_min,common,4,0.7258408087384258,0.714310723543347,0.7835277777777777
held_out,saod_min,common,5,0.7914285387731482,0.779994292773034,0.6485972222222222
held_out,saod_min,common,all,0.6670776131365741,0.6555398480247074,0.8196861111111112
held_out,saod_min,extra,1,0.5221882161458333,0.516715465507847,0.9403125
held_out,saod_min,extra,2,0.5606250054253472,0.54942199240082,0.9201041666666667
held_out,saod_min,extra,3,0.5992173936631945,0.5868952134271241,0.8990625
held_out,saod_min,extra,4,0.653207080078125,0.6375915013424842,0.8617708333333333
held_out,saod_min,extra,5,0.7233969401041667,0.7085572848692296,0.7770833333333333
held_out,saod_min,extra,all,0.6117269270833334,0.599836291509501,0.8796666666666667
held_out,saod_min,all,1,0.55416275813231,0.5449381850761525,0.9223793859649122
held_out,saod_min,all,2,0.5920316075018275,0.5799046205971546,0.8998135964912282
held_out,saod_min,all,3,0.6432742256030701,0.6311068807714563,0.8637280701754384
held_out,saod_min,all,4,0.7105494974415204,0.6981593083431653,0.7999999999999999
held_out,saod_min,all,5,0.7771060969480995,0.7649549226880225,0.6756469298245613
held_out,saod_min,all,all,0.6554248371253654,0.6438127834951903,0.8323135964912282
held_out,contrastive,common,1,0.518483912037037,0.5092168394806877,0.9311527777777777
held_out,contrastive,common,2,0.5316754050925926,0.5169793038363103,0.9185833333333334
held_out,contrastive,common,3,0.5587439959490741,0.5370317201360565,0.8966527777777779
held_out,contrastive,common,4,0.5973326244212963,0.568816948940989,0.8638611111111113
held_out,contrastive,common,5,0.6440057291666668,0.6107989000723364,0.8204305555555556
held_out,contrastive,common,all,0.5700483333333334,0.5485687424932759,0.8861361111111112
held_out,contrastive,extra,1,0.508675265842014,0.5036015036756251,0.93703125
held_out,contrastive,extra,2,0.5222616916232639,0.5098870629903252,0.9221875
held_out,contrastive,extra,3,0.5346048448350695,0.519092556973028,0.91421875
held_out,contrastive,extra,4,0.5696676432291667,0.5528124923829707,0.8859895833333333
held_out,contrastive,extra,5,0.6002255859375001,0.571244520762943,0.8590104166666669
held_out,contrastive,extra,all,0.5470870062934028,0.5313276273569785,0.9036875
held_out,contrastive,all,1,0.5164189338907164,0.5080346635217271,0.9323903508771931
held_out,contrastive,all,2,0.5296935706779969,0.5154862005003135,0.919342105263158
held_out,contrastive,all,3,0.5536620693987573,0.5332550542069979,0.9003508771929826
held_out,contrastive,all,4,0.5915084178545321,0.5654475896656167,0.8685197368421054
held_out,contrastive,all,5,0.6347888569078947,0.6024716623229904,0.8285526315789473
held_out,contrastive,all,all,0.5652143697459794,0.5449390340435292,0.8898311403508773
held_out,knn,common,1,0.5578751316550926,0.5468135570799847,0.9040277777777778
held_out,knn,common,2,0.5936944227430555,0.5797219357545592,0.8695277777777778
held_out,knn,common,3,0.6506624406828703,0.6366969156455635,0.8102916666666665
held_out,knn,common,4,0.7235400694444445,0.7121881729508192,0.71475
held_out,knn,common,5,0.7903144646990742,0.7808801189428668,0.6046111111111111
held_out,knn,common,all,0.6632173058449075,0.6512601400747586,0.7806416666666667
held_out,knn,extra,1,0.5303191351996528,0.5220079294296496,0.9221354166666667
held_out,knn,extra,2,0.5761938530815973,0.555820842184718,0.8714062499999999
held_out,knn,extra,3,0.6045424696180556,0.5866124182569554,0.8457812499999999
held_out,knn,extra,4,0.6806089409722222,0.6578460579238177,0.7407291666666667
held_out,knn,extra,5,0.7396718207465278,0.7192831611870982,0.6658854166666666
held_out,knn,extra,all,0.6262672439236111,0.6083140817964476,0.8091875
held_out,knn,all,1,0.552073869243421,0.541591319679914,0.9078399122807018
held_out,knn,all,2,0.5900100922880117,0.5746901265819611,0.8699232456140352
held_out,knn,all,3,0.6409529730902778,0.6261528109321723,0.8177631578947369
held_out,knn,all,4,0.7145019371345029,0.7007477276819767,0.720219298245614
held_out,knn,all,5,0.7796528554459065,0.7679123383627051,0.6175109649122806
held_out,knn,all,all,0.655438345440424,0.6422188646477459,0.7866513157894737
held_out,discopatch,common,1,0.6778573466435186,0.6488728228356099,0.7449999999999999
held_out,discopatch,common,2,0.7327053226273148,0.7000056376461699,0.6359027777777777
held_out,discopatch,common,3,0.77699984375,0.7398584623632513,0.5430972222222222
held_out,discopatch,common,4,0.8054968938078704,0.7667402465716863,0.48004166666666676
held_out,discopatch,common,5,0.8254112818287037,0.7874392131533947,0.4320555555555556
held_out,discopatch,common,all,0.7636941377314815,0.7285832765140224,0.5672194444444444
held_out,discopatch,extra,1,0.6333811306423611,0.6135505338690483,0.8161458333333333
held_out,discopatch,extra,2,0.7551348253038195,0.7142629341139678,0.6373958333333334
held_out,discopatch,extra,3,0.7562376030815973,0.7283604266925409,0.5626562500000001
held_out,discopatch,extra,4,0.7870985243055556,0.7492888373692482,0.4855729166666667
held_out,discopatch,extra,5,0.824412673611111,0.7807393814838037,0.39973958333333337
held_out,discopatch,extra,all,0.7512529513888888,0.7172404227057217,0.5803020833333334
held_out,discopatch,all,1,0.6684939327485381,0.6414365514742283,0.7599780701754386
held_out,discopatch,all,2,0.7374273231907894,0.7030071737446537,0.6362171052631579
held_out,discopatch,all,3,0.7726288457145468,0.7374378232746809,0.5472149122807017
held_out,discopatch,all,4,0.8016235528600146,0.7630662656869625,0.48120614035087717
held_out,discopatch,all,5,0.8252010485197369,0.7860287222755862,0.42525219298245615
held_out,discopatch,all,all,0.7610749406067251,0.7261953072912224,0.5699736842105264
held_out,hashemi,common,1,0.47520367042824074,0.4717165591426567,0.9436944444444445
held_out,hashemi,common,2,0.4577227575231481,0.45752177807997474,0.9449305555555557
held_out,hashemi,common,3,0.44041839988425924,0.44452068454140115,0.9461388888888888
held_out,hashemi,common,4,0.4215744429976852,0.4312634660323863,0.9465
held_out,hashemi,common,5,0.4132561125578704,0.42455920555915516,0.9428194444444444
held_out,hashemi,common,all,0.44163507667824076,0.44591633867111485,0.9448166666666666
held_out,hashemi,extra,1,0.5234784559461805,0.5073219839223064,0.9127083333333333
held_out,hashemi,extra,2,0.49729589301215277,0.4806545423851739,0.9168229166666666
held_out,hashemi,extra,3,0.4799724229600695,0.46907295641778135,0.9264062500000001
held_out,hashemi,extra,4,0.48165638020833335,0.4710817794832277,0.9306770833333333
held_out,hashemi,extra,5,0.4309128797743056,0.4336204970074963,0.9430208333333334
held_out,hashemi,extra,all,0.48266320638020843,0.4723503518431971,0.9259270833333334
held_out,hashemi,all,1,0.4853667831688597,0.47921243804363556,0.9371710526315791
held_out,hashemi,all,2,0.4660539439418859,0.46239183372317466,0.9390131578947369
held_out,hashemi,all,3,0.4487455626370615,0.449689583883797,0.9419846491228071
held_out,hashemi,all,4,0.4342232718841375,0.43964626886414243,0.9431688596491227
held_out,hashemi,all,5,0.41697332670869885,0.4264668458640692,0.9428618421052631
held_out,hashemi,all,all,0.4502725776681287,0.45148139407576365,0.9408399122807017
held_out,cdf,common,1,0.7031979021990741,0.6515101047343486,0.6380138888888889
held_out,cdf,common,2,0.7778547453703706,0.7304090258163615,0.48406944444444455
held_out,cdf,common,3,0.8108878530092593,0.7669007619225818,0.41466666666666663
held_out,cdf,common,4,0.8412223755787036,0.7981730186650137,0.35024999999999995
held_out,cdf,common,5,0.8651485792824075,0.8235086402221728,0.29869444444444443
held_out,cdf,common,all,0.7996622910879629,0.7541003102720956,0.43713888888888885
held_out,cdf,extra,1,0.6027987033420139,0.5691488167651765,0.7978125
held_out,cdf,extra,2,0.7006211208767361,0.6531395306579824,0.6160416666666667
held_out,cdf,extra,3,0.8070393283420139,0.7621794197809872,0.4379166666666667
held_out,cdf,extra,4,0.8902201714409722,0.8559611791833128,0.30583333333333335
held_out,cdf,extra,5,0.9411112413194445,0.9179366503078661,0.171875
held_out,cdf,extra,all,0.7883581130642361,0.751673119339065,0.46589583333333334
held_out,cdf,all,1,0.6820612287554826,0.6341708862145228,0.6716557017543859
held_out,cdf,all,2,0.7615950349506578,0.7141417636777554,0.5118530701754386
held_out,cdf,all,3,0.8100776372898393,0.7659067951559303,0.41956140350877186
held_out,cdf,all,4,0.8515377010233918,0.8103389471951818,0.3408991228070175
held_out,cdf,all,5,0.8811407186586258,0.8433882212928451,0.27199561403508765
held_out,cdf,all,all,0.7972824641355992,0.7535893227072469,0.44319298245614036
held_out,cdf_sum,common,1,0.6641477039930556,0.61866876504238,0.7158333333333334
held_out,cdf_sum,common,2,0.741770407986111,0.6944325919740072,0.5663194444444445
held_out,cdf_sum,common,3,0.7836361675347221,0.7392797830657237,0.4764583333333333
held_out,cdf_sum,common,4,0.8198069806134259,0.77663585105021,0.40398611111111116
held_out,cdf_sum,common,5,0.8490705989583334,0.8066246301783284,0.3454166666666667
held_out,cdf_sum,common,all,0.7716863718171296,0.7271283242621298,0.5016027777777777
held_out,cdf_sum,extra,1,0.5768627387152778,0.5502510811718911,0.8459895833333334
held_out,cdf_sum,extra,2,0.6594987630208334,0.6177656961635085,0.7084895833333333
held_out,cdf_sum,extra,3,0.7670475965711805,0.7245187989849059,0.5375000000000001
held_out,cdf_sum,extra,4,0.8526074164496528,0.8175362646811256,0.3989583333333333
held_out,cdf_sum,extra,5,0.9117959092881944,0.8846449691569069,0.2557291666666667
held_out,cdf_sum,extra,all,0.7535624848090279,0.7189433620316675,0.5493333333333335
held_out,cdf_sum,all,1,0.6457719218293129,0.6042650421222772,0.743234649122807
held_out,cdf_sum,all,2,0.7244500616776316,0.6782921928560074,0.5962500000000001
held_out,cdf_sum,all,3,0.7801438368055555,0.736172207469762,0.48930921052631576
held_out,cdf_sum,all,4,0.8267123355263157,0.7852464644461922,0.4029276315789474
held_out,cdf_sum,all,5,0.8622759274488304,0.8230499647001343,0.32653508771929823
held_out,cdf_sum,all,all,0.7678708166575291,0.7254051743188745,0.5116513157894738
held_out,niqe,common,1,0.8088389554398149,0.7832993448018915,0.43822222222222224
held_out,niqe,common,2,0.8425647627314815,0.8238244571304819,0.36670833333333336
held_out,niqe,common,3,0.8585909403935186,0.8435061644390883,0.33661111111111114
held_out,niqe,common,4,0.876072265625,0.8659123568893841,0.2869861111111111
held_out,niqe,common,5,0.8842499913194445,0.874827743855255,0.2622777777777778
held_out,niqe,common,all,0.8540633831018518,0.83827401342322,0.33816111111111113
held_out,niqe,extra,1,0.676293967013889,0.6524150320034909,0.6433854166666666
held_out,niqe,extra,2,0.7439670355902778,0.716850307832612,0.5620833333333333
held_out,niqe,extra,3,0.8067842122395833,0.7887714145696323,0.41869791666666667
held_out,niqe,extra,4,0.7733589301215278,0.7552454872382973,0.43395833333333333
held_out,niqe,extra,5,0.8235780273437501,0.8084440459688058,0.33828125
held_out,niqe,extra,all,0.7647964344618055,0.7443452575225677,0.47928125
held_out,niqe,all,1,0.7809347473501462,0.7557447526338071,0.4814144736842106
held_out,niqe,all,2,0.821807346491228,0.8013035835940884,0.4078399122807017
held_out,niqe,all,3,0.8476842607821636,0.8319830592034134,0.35389254385964913
held_out,niqe,all,4,0.854448405519006,0.842614068541787,0.3179276315789473
held_out,niqe,all,5,0.87147694627193,0.8608522285107394,0.2782785087719298
held_out,niqe,all,all,0.8352703412828948,0.8184995384967672,0.36787061403508786
held_out,niqe_default,common,1,0.7505656394675927,0.7323401753253062,0.49719444444444444
held_out,niqe_default,common,2,0.7854839728009261,0.7747093985729439,0.4200416666666667
held_out,niqe_default,common,3,0.7992016174768518,0.7887851859350634,0.39648611111111115
held_out,niqe_default,common,4,0.8228938165509259,0.8166402586842842,0.33802777777777776
held_out,niqe_default,common,5,0.8331803674768519,0.8302932217949691,0.3156666666666667
held_out,niqe_default,common,all,0.7982650827546296,0.7885536480625135,0.3934833333333333
held_out,niqe_default,extra,1,0.6994592339409723,0.6743824969124869,0.5939583333333334
held_out,niqe_default,extra,2,0.7823115234375,0.7614886549445388,0.45557291666666666
held_out,niqe_default,extra,3,0.8260868706597222,0.8117393280967955,0.35354166666666664
held_out,niqe_default,extra,4,0.8134501193576389,0.7991489146220021,0.35067708333333336
held_out,niqe_default,extra,5,0.8560527018229166,0.8401097951206621,0.28869791666666667
held_out,niqe_default,extra,all,0.79547208984375,0.777373837939297,0.40848958333333335
held_out,niqe_default,all,1,0.7398063961988304,0.7201385588173442,0.5175657894736843
held_out,niqe_default,all,2,0.7848160887244152,0.7719260841248587,0.4275219298245614
held_out,niqe_default,all,3,0.8048616707785087,0.7936176369164807,0.38744517543859647
held_out,niqe_default,all,4,0.8209056697733919,0.812957870460646,0.34069078947368425
held_out,niqe_default,all,5,0.8379955957602339,0.8323598688109045,0.30998903508771924
held_out,niqe_default,all,all,0.797677084247076,0.7862000038260468,0.3966425438596491
held_out,arniqa,common,1,0.8771219603587963,0.8600805056636496,0.2861805555555555
held_out,arniqa,common,2,0.9178931510416668,0.9076212339039228,0.20861111111111105
held_out,arniqa,common,3,0.9373253515624999,0.9319823820864003,0.1602222222222222
held_out,arniqa,common,4,0.9507722280092594,0.9489218258158496,0.11880555555555554
held_out,arniqa,common,5,0.9535658275462964,0.9512531386184633,0.11525
held_out,arniqa,common,all,0.9273357037037039,0.9199718172176571,0.1778138888888889
held_out,arniqa,extra,1,0.8462525010850694,0.8213263600391145,0.33338541666666666
held_out,arniqa,extra,2,0.9113904676649307,0.8987207304584232,0.22880208333333332
held_out,arniqa,extra,3,0.8841411241319445,0.8637039860483975,0.3375520833333333
held_out,arniqa,extra,4,0.936625320095486,0.9144278788994318,0.17140625
held_out,arniqa,extra,5,0.9479181857638889,0.9260226829767861,0.14020833333333332
held_out,arniqa,extra,all,0.905265519748264,0.8848403276844307,0.24227083333333335
held_out,arniqa,all,1,0.8706231268274853,0.8519217381637474,0.2961184210526316
held_out,arniqa,all,2,0.916524165067617,0.9057474437048701,0.21286184210526313
held_out,arniqa,all,3,0.9261286721034356,0.9176079829205049,0.19755482456140352
held_out,arniqa,all,4,0.9477939316063596,0.9416599422544983,0.12987938596491228
held_out,arniqa,all,5,0.9523768503289474,0.9459414637465313,0.12050438596491231
held_out,arniqa,all,all,0.922689349186769,0.9125757141580305,0.19138377192982461
held_out,arniqa_proto,common,1,0.9244562514467592,0.9083417025794159,0.1789861111111111
held_out,arniqa_proto,common,2,0.9423629007523148,0.9292732259468595,0.13706944444444444
held_out,arniqa_proto,common,3,0.9497298032407406,0.9376256391260055,0.12022222222222223
held_out,arniqa_proto,common,4,0.9555499797453705,0.9447840720580908,0.10355555555555557
held_out,arniqa_proto,common,5,0.958514312789352,0.9482342493308195,0.09661111111111112
held_out,arniqa_proto,common,all,0.9461226495949074,0.9336517778082383,0.1272888888888889
held_out,arniqa_proto,extra,1,0.8458537434895833,0.8235053081540661,0.3063020833333333
held_out,arniqa_proto,extra,2,0.8902817654079861,0.8604194203814205,0.2341666666666667
held_out,arniqa_proto,extra,3,0.859849853515625,0.8231437309921454,0.34010416666666665
held_out,arniqa_proto,extra,4,0.8944780924479168,0.8656900567592248,0.19911458333333334
held_out,arniqa_proto,extra,5,0.9109147894965278,0.8822243599875371,0.17171875
held_out,arniqa_proto,extra,all,0.8802756488715276,0.8509965752548787,0.25028125
held_out,arniqa_proto,all,1,0.9079083550347221,0.8904814090161843,0.20578947368421052
held_out,arniqa_proto,all,2,0.9313984512061402,0.9147776879330829,0.15751096491228073
held_out,arniqa_proto,all,3,0.930807708561769,0.9135241847820348,0.16651315789473686
held_out,arniqa_proto,all,4,0.9426927403143274,0.9281327004162241,0.1236732456140351
held_out,arniqa_proto,all,5,0.9484933605171784,0.9343374305217074,0.11242324561403508
held_out,arniqa_proto,all,all,0.9322601231268276,0.9162506825338468,0.15318201754385966
held_out,clipiqa,common,1,0.7552342129629629,0.7162202463037466,0.5967361111111111
held_out,clipiqa,common,2,0.7967164887152778,0.7538620014070385,0.5037916666666666
held_out,clipiqa,common,3,0.8079349247685185,0.7600228262569292,0.47080555555555553
held_out,clipiqa,common,4,0.8224371122685183,0.7758222695299424,0.4080694444444444
held_out,clipiqa,common,5,0.8241836660879629,0.7768177622108677,0.3798333333333333
held_out,clipiqa,common,all,0.8013012809606482,0.7565490211417047,0.47184722222222214
held_out,clipiqa,extra,1,0.6296239800347222,0.6006331097243274,0.76625
held_out,clipiqa,extra,2,0.6266182020399306,0.5983869839558585,0.7180729166666666
held_out,clipiqa,extra,3,0.6789418240017361,0.6322573606199189,0.6694791666666666
held_out,clipiqa,extra,4,0.6911033962673612,0.6481878439984596,0.6405208333333333
held_out,clipiqa,extra,5,0.7266834798177083,0.6742959588502635,0.5821875000000001
held_out,clipiqa,extra,all,0.6705941764322917,0.6307522514297655,0.6753020833333333
held_out,clipiqa,all,1,0.7287899533991229,0.6918861122870268,0.6324232456140351
held_out,clipiqa,all,2,0.7609063230994152,0.7211304187857375,0.5489035087719298
held_out,clipiqa,all,3,0.7807784825018276,0.7331248334912429,0.5126315789473684
held_out,clipiqa,all,4,0.7947879088998537,0.7489518641548933,0.45700657894736835
held_out,clipiqa,all,5,0.8036573110836989,0.7552342246612669,0.42243421052631586
held_out,clipiqa,all,all,0.7737839957967837,0.7300654906760331,0.5146798245614035
screen,two_axis,common,1,0.7884216666666666,0.7480754763031573,0.48500000000000004
screen,two_axis,common,2,0.83634,0.8066817964849704,0.36233333333333323
screen,two_axis,common,3,0.8544816666666666,0.8262294492015795,0.31533333333333335
screen,two_axis,common,4,0.8684166666666668,0.8430694312876253,0.29366666666666663
screen,two_axis,common,5,0.8756799999999999,0.8542697818390136,0.2743333333333334
screen,two_axis,common,all,0.844668,0.8156651870232693,0.3461333333333333
screen,two_axis,extra,1,0.6805281249999999,0.6518472257746828,0.745
screen,two_axis,extra,2,0.792809375,0.7532518260752445,0.5037499999999999
screen,two_axis,extra,3,0.836140625,0.8167315304714864,0.385
screen,two_axis,extra,4,0.8713625,0.8743941424022814,0.38375000000000004
screen,two_axis,extra,5,0.9117562499999999,0.921295358049804,0.29000000000000004
screen,two_axis,extra,all,0.8185193749999999,0.8035040165546998,0.4615
screen,two_axis,all,1,0.7657072368421052,0.7278168972445311,0.5397368421052632
screen,two_axis,all,2,0.8271756578947368,0.7954333816618703,0.39210526315789473
screen,two_axis,all,3,0.8506203947368423,0.8242298873636651,0.3299999999999999
screen,two_axis,all,4,0.869036842105263,0.8496641073117635,0.31263157894736837
screen,two_axis,all,5,0.883275,0.8683804294623378,0.2776315789473684
screen,two_axis,all,all,0.8391630263157893,0.8131049406088336,0.370421052631579
screen,peak_share,common,1,0.6942716666666667,0.6298924444942143,0.6273333333333333
screen,peak_share,common,2,0.7498283333333333,0.6828452841359637,0.502
screen,peak_share,common,3,0.7754483333333333,0.7070393654662946,0.44466666666666665
screen,peak_share,common,4,0.7997683333333331,0.7307756144657788,0.39
screen,peak_share,common,5,0.81828,0.7507469101173988,0.3416666666666667
screen,peak_share,common,all,0.7675193333333333,0.70025992373593,0.46113333333333323
screen,peak_share,extra,1,0.611309375,0.5723960474162861,0.81375
screen,peak_share,extra,2,0.6968593750000001,0.6372087141713447,0.6175
screen,peak_share,extra,3,0.778496875,0.7083843673444131,0.48375
screen,peak_share,extra,4,0.7756375000000001,0.7106910508617479,0.48375
screen,peak_share,extra,5,0.8222750000000001,0.7606015120909267,0.4225
screen,peak_share,extra,all,0.736915625,0.6778563383769436,0.56425
screen,peak_share,all,1,0.6768059210526316,0.6177879398462295,0.666578947368421
screen,peak_share,all,2,0.7386769736842104,0.6732375851960439,0.5263157894736842
screen,peak_share,all,3,0.7760901315789474,0.7073225237564249,0.4528947368421052
screen,peak_share,all,4,0.7946881578947368,0.7265472852859829,0.4097368421052632
screen,peak_share,all,5,0.819121052631579,0.7528215631644573,0.3586842105263158
screen,peak_share,all,all,0.7610764473684211,0.6955433794498276,0.48284210526315785
screen,level,common,1,0.7393766666666667,0.7087444729463044,0.5513333333333333
screen,level,common,2,0.7951916666666666,0.7719639887275751,0.42133333333333334
screen,level,common,3,0.8156116666666665,0.7916580084759743,0.37233333333333335
screen,level,common,4,0.8349466666666666,0.8116781599259867,0.3266666666666667
screen,level,common,5,0.8490833333333333,0.8250561128516253,0.2946666666666667
screen,level,common,all,0.8068420000000001,0.7818201485854933,0.39326666666666665
screen,level,extra,1,0.6450156250000001,0.6224266970251321,0.7625
screen,level,extra,2,0.750228125,0.7206972796323582,0.5162500000000001
screen,level,extra,3,0.826696875,0.7992101259783433,0.4325
screen,level,extra,4,0.8942000000000001,0.8875535520179403,0.31
screen,level,extra,5,0.93554375,0.9355108436819944,0.21875
screen,level,extra,all,0.8103368750000002,0.7930796996671535,0.44799999999999995
screen,level,all,1,0.7195111842105263,0.6905723095944787,0.5957894736842105
screen,level,all,2,0.7857256578947368,0.7611709973391083,0.4413157894736843
screen,level,all,3,0.817945394736842,0.7932479279501573,0.385
screen,level,all,4,0.8474210526315789,0.8276519266821873,0.3231578947368421
screen,level,all,5,0.8672855263157894,0.8483097403948608,0.2786842105263158
screen,level,all,all,0.8075777631578948,0.7841905803921585,0.4047894736842104
screen,global_level,common,1,0.6978366666666667,0.6563625341779408,0.609
screen,global_level,common,2,0.7580683333333332,0.7218795307164172,0.47266666666666673
screen,global_level,common,3,0.7830016666666667,0.7518955984007969,0.4163333333333333
screen,global_level,common,4,0.8055883333333334,0.7739702817667727,0.365
screen,global_level,common,5,0.8208583333333334,0.7873077925956029,0.3346666666666666
screen,global_level,common,all,0.7730706666666667,0.738283147531506,0.4395333333333334
screen,global_level,extra,1,0.605315625,0.5795050722368081,0.8199999999999998
screen,global_level,extra,2,0.714059375,0.6728067758079574,0.61125
screen,global_level,extra,3,0.811503125,0.7687885009597137,0.4125
screen,global_level,extra,4,0.880425,0.8638551792958038,0.34750000000000003
screen,global_level,extra,5,0.921725,0.9153394669430057,0.25875
screen,global_level,extra,all,0.7866056250000002,0.7600589990486578,0.49000000000000005
screen,global_level,all,1,0.6783585526315791,0.6401820158745445,0.6534210526315789
screen,global_level,all,2,0.7488032894736842,0.7115484244198993,0.5018421052631579
screen,global_level,all,3,0.7890019736842105,0.7554519989395163,0.4155263157894737
screen,global_level,all,4,0.8213434210526316,0.792893418088674,0.3613157894736842
screen,global_level,all,5,0.8420934210526315,0.8142618293003192,0.31868421052631585
screen,global_level,all,all,0.7759201315789473,0.7428675373245907,0.4501578947368422
screen,means_knn,common,1,0.6910366666666669,0.6592875499984036,0.6593333333333333
screen,means_knn,common,2,0.7569833333333336,0.7248234284490207,0.5126666666666667
screen,means_knn,common,3,0.7920316666666668,0.7589016208821938,0.44200000000000006
screen,means_knn,common,4,0.8299550000000001,0.7975170757570403,0.37333333333333335
screen,means_knn,common,5,0.8580483333333334,0.8268494901970147,0.31133333333333335
screen,means_knn,common,all,0.7856110000000001,0.7534758330567345,0.4597333333333334
screen,means_knn,extra,1,0.607759375,0.5922390190867941,0.7749999999999999
screen,means_knn,extra,2,0.701565625,0.6724370344972304,0.65
screen,means_knn,extra,3,0.832428125,0.8062612461204999,0.42500000000000004
screen,means_knn,extra,4,0.9062062500000001,0.8923474293599742,0.27875
screen,means_knn,extra,5,0.94879375,0.9378719718766669,0.165
screen,means_knn,extra,all,0.799350625,0.780231340188233,0.4587500000000001
screen,means_knn,all,1,0.6735046052631578,0.6451720698064859,0.6836842105263157
screen,means_knn,all,2,0.7453164473684212,0.7137947139328543,0.5415789473684212
screen,means_knn,all,3,0.8005361842105263,0.7688720683007846,0.43842105263157904
screen,means_knn,all,4,0.8460078947368419,0.817481360726079,0.3534210526315789
screen,means_knn,all,5,0.8771526315789474,0.8502226442348358,0.2805263157894737
screen,means_knn,all,all,0.7885035526315789,0.7591085714002078,0.4595263157894736
screen,means_own,common,1,0.6859533333333334,0.6399118709787425,0.64
screen,means_own,common,2,0.7493833333333334,0.7072919246808046,0.501
screen,means_own,common,3,0.7836183333333333,0.7455897614544416,0.4283333333333334
screen,means_own,common,4,0.813405,0.7742108063949564,0.37066666666666664
screen,means_own,common,5,0.8362599999999999,0.794580737315453,0.32399999999999995
screen,means_own,common,all,0.7737240000000001,0.7323170201648797,0.45280000000000004
screen,means_own,extra,1,0.594065625,0.564807617138809,0.8187500000000001
screen,means_own,extra,2,0.701015625,0.6513654225291555,0.63125
screen,means_own,extra,3,0.800078125,0.752171826730056,0.43625
screen,means_own,extra,4,0.8688312499999999,0.8439700249817619,0.36875
screen,means_own,extra,5,0.9140250000000001,0.9043261350182112,0.26625
screen,means_own,extra,all,0.7756031250000001,0.7433282052795989,0.5042500000000001
screen,means_own,all,1,0.6666085526315788,0.6241004491177037,0.6776315789473685
screen,means_own,all,2,0.7392006578947368,0.6955179242278259,0.5284210526315791
screen,means_own,all,3,0.7870835526315789,0.7469754594072026,0.43
screen,means_own,all,4,0.8250736842105263,0.7888969576763893,0.3702631578947368
screen,means_own,all,5,0.8526315789473685,0.8176850315686651,0.31184210526315786
screen,means_own,all,all,0.7741196052631582,0.7346351643995573,0.46363157894736834
screen,saod_top3,common,1,0.5507883333333333,0.5548047223948335,0.9106666666666666
screen,saod_top3,common,2,0.582805,0.5878386243579272,0.8876666666666667
screen,saod_top3,common,3,0.6308366666666668,0.640172215832848,0.8333333333333335
screen,saod_top3,common,4,0.6916633333333333,0.702866283804875,0.768
screen,saod_top3,common,5,0.7561033333333333,0.7679178510190389,0.6786666666666666
screen,saod_top3,common,all,0.6424393333333334,0.6507199394819047,0.8156666666666667
screen,saod_top3,extra,1,0.517746875,0.520584005718111,0.94
screen,saod_top3,extra,2,0.549221875,0.5524215724554962,0.92
screen,saod_top3,extra,3,0.581153125,0.5877304371763852,0.87875
screen,saod_top3,extra,4,0.6269187500000001,0.6305972776607822,0.84
screen,saod_top3,extra,5,0.6833,0.6909039072606036,0.7737500000000002
screen,saod_top3,extra,all,0.5916681250000001,0.5964474400542756,0.8705
screen,saod_top3,all,1,0.5438322368421054,0.5476003609892078,0.916842105263158
screen,saod_top3,all,2,0.5757348684210527,0.5803824029047839,0.8944736842105264
screen,saod_top3,all,3,0.6203769736842105,0.6291318413788557,0.8428947368421053
screen,saod_top3,all,4,0.6780328947368421,0.6876517561955924,0.7831578947368422
screen,saod_top3,all,5,0.7407763157894737,0.7517043891751579,0.6986842105263157
screen,saod_top3,all,all,0.6317506578947368,0.6392941501287196,0.8272105263157893
screen,saod_min,common,1,0.57088,0.5809563312366262,0.9076666666666665
screen,saod_min,common,2,0.6119800000000001,0.6283413481163915,0.8866666666666665
screen,saod_min,common,3,0.6739641666666666,0.6982120016887247,0.8520000000000001
screen,saod_min,common,4,0.7436141666666667,0.7666282960415383,0.7606666666666668
screen,saod_min,common,5,0.8091783333333332,0.8277630693952075,0.6120000000000001
screen,saod_min,common,all,0.6819233333333333,0.7003802092956976,0.8038
screen,saod_min,extra,1,0.530040625,0.5325484199245819,0.9425000000000001
screen,saod_min,extra,2,0.572940625,0.5836064563646702,0.9187500000000001
screen,saod_min,extra,3,0.618753125,0.6368466672023875,0.885
screen,saod_min,extra,4,0.6685375,0.6904047974799405,0.8512500000000001
screen,saod_min,extra,5,0.74235625,0.7615007179704538,0.76875
screen,saod_min,extra,all,0.626525625,0.6409814117884067,0.87325
screen,saod_min,all,1,0.5622822368421052,0.5707651920130379,0.9149999999999999
screen,saod_min,all,2,0.6037611842105263,0.6189234761686608,0.893421052631579
screen,saod_min,all,3,0.6623407894736841,0.6852929839021273,0.8589473684210525
screen,saod_min,all,4,0.7278085526315788,0.750581243712781,0.7797368421052632
screen,saod_min,all,5,0.7951105263157894,0.8138131006742066,0.6450000000000001
screen,saod_min,all,all,0.6702606578947367,0.6878751992941627,0.818421052631579
screen,contrastive,common,1,0.5250166666666667,0.5332217533543199,0.9006666666666667
screen,contrastive,common,2,0.5427166666666667,0.54815021435273,0.8893333333333334
screen,contrastive,common,3,0.581475,0.5852008337003481,0.8513333333333333
screen,contrastive,common,4,0.6257083333333333,0.6303793646460315,0.8186666666666668
screen,contrastive,common,5,0.6799666666666667,0.6885830186899987,0.7579999999999999
screen,contrastive,common,all,0.5909766666666668,0.5971070369486857,0.8436000000000001
screen,contrastive,extra,1,0.515734375,0.5209243370146774,0.9125
screen,contrastive,extra,2,0.5240468749999999,0.5237980802290962,0.89875
screen,contrastive,extra,3,0.541109375,0.5480981331524614,0.8700000000000001
screen,contrastive,extra,4,0.57778125,0.5867038525917065,0.8525
screen,contrastive,extra,5,0.617,0.6178692736640642,0.8175
screen,contrastive,extra,all,0.555134375,0.5594787353304012,0.8702500000000001
screen,contrastive,all,1,0.5230625000000001,0.5306328235986056,0.9031578947368422
screen,contrastive,all,2,0.5387861842105263,0.5430234492740702,0.8913157894736842
screen,contrastive,all,3,0.5729769736842105,0.5773897388481615,0.8552631578947368
screen,contrastive,all,4,0.6156184210526314,0.6211845200030158,0.8257894736842106
screen,contrastive,all,5,0.6667105263157895,0.6736959144740124,0.7705263157894737
screen,contrastive,all,all,0.5834309210526316,0.5891852892395731,0.8492105263157894
screen,knn,common,1,0.5685100000000001,0.5645713825472403,0.8979999999999998
screen,knn,common,2,0.6066966666666667,0.5996936342154012,0.8616666666666666
screen,knn,common,3,0.66572,0.6610229770688014,0.803
screen,knn,common,4,0.7362883333333335,0.7335892213270967,0.7033333333333333
screen,knn,common,5,0.7997466666666665,0.7994514823529603,0.5873333333333333
screen,knn,common,all,0.6753923333333334,0.6716657395022999,0.7706666666666666
screen,knn,extra,1,0.5351781250000001,0.5346517258561152,0.9087500000000001
screen,knn,extra,2,0.584840625,0.5735339667619985,0.85
screen,knn,extra,3,0.6197718750000001,0.6085457153458034,0.81625
screen,knn,extra,4,0.69645625,0.6831782098189856,0.71
screen,knn,extra,5,0.75604375,0.7460341425161154,0.63
screen,knn,extra,all,0.6384581250000001,0.6291887520598036,0.7829999999999999
screen,knn,all,1,0.5614927631578949,0.5582725074543718,0.9002631578947369
screen,knn,all,2,0.6020953947368421,0.5941863358041587,0.8592105263157894
screen,knn,all,3,0.6560467105263158,0.6499751324955385,0.8057894736842105
screen,knn,all,4,0.7279026315789473,0.7229763767990735,0.704736842105263
screen,knn,all,5,0.790546052631579,0.788205726597835,0.5963157894736842
screen,knn,all,all,0.6676167105263158,0.6627232158301954,0.7732631578947368
screen,discopatch,common,1,0.6768750000000001,0.6543269667646275,0.7236666666666667
screen,discopatch,common,2,0.7306116666666667,0.7045460933794249,0.6193333333333333
screen,discopatch,common,3,0.7730783333333334,0.7415671714200452,0.5273333333333333
screen,discopatch,common,4,0.8005833333333334,0.7658797358188836,0.47866666666666663
screen,discopatch,common,5,0.8191083333333334,0.7850227242705912,0.42266666666666663
screen,discopatch,common,all,0.7600513333333333,0.7302685383307145,0.5543333333333333
screen,discopatch,extra,1,0.634209375,0.6204238168696934,0.79125
screen,discopatch,extra,2,0.751753125,0.716849446502506,0.6187499999999999
screen,discopatch,extra,3,0.750534375,0.7291532609816999,0.55125
screen,discopatch,extra,4,0.78120625,0.7508138221621558,0.48124999999999996
screen,discopatch,extra,5,0.817625,0.7832003462836862,0.3925
screen,discopatch,extra,all,0.7470656250000001,0.7200881385599482,0.5670000000000001
screen,discopatch,all,1,0.6678927631578947,0.6471894615235888,0.7378947368421053
screen,discopatch,all,2,0.7350625000000001,0.707136272984284,0.6192105263157895
screen,discopatch,all,3,0.7683322368421054,0.73895371659092,0.5323684210526315
screen,discopatch,all,4,0.796503947368421,0.7627079645227304,0.4792105263157895
screen,discopatch,all,5,0.818796052631579,0.7846390657470322,0.4163157894736842
screen,discopatch,all,all,0.7573174999999998,0.728125296273711,0.5569999999999999
screen,hashemi,common,1,0.47525916666666673,0.47441012664399296,0.954
screen,hashemi,common,2,0.45869583333333336,0.4600484049010151,0.9563333333333334
screen,hashemi,common,3,0.44449249999999996,0.44793884944855533,0.9546666666666666
screen,hashemi,common,4,0.42673333333333335,0.43531621806453924,0.9416666666666667
screen,hashemi,common,5,0.419795,0.4292821274874378,0.9436666666666668
screen,hashemi,common,all,0.4449951666666667,0.449399145309108,0.9500666666666666
screen,hashemi,extra,1,0.52010625,0.5091898002299866,0.9312499999999999
screen,hashemi,extra,2,0.48802812500000003,0.47946153271679437,0.9425
screen,hashemi,extra,3,0.472596875,0.47016360432093995,0.9524999999999999
screen,hashemi,extra,4,0.4744031249999999,0.46801896669039655,0.9375
screen,hashemi,extra,5,0.4316875,0.4386997805101087,0.94875
screen,hashemi,extra,all,0.47736437499999995,0.47310673689364513,0.9424999999999999
screen,hashemi,all,1,0.4847006578947369,0.48173216318841267,0.9492105263157895
screen,hashemi,all,2,0.4648710526315789,0.46413537917802117,0.9534210526315791
screen,hashemi,all,3,0.4504092105263158,0.4526177452111626,0.9542105263157893
screen,hashemi,all,4,0.43676907894736844,0.44220100724893024,0.9407894736842103
screen,hashemi,all,5,0.42229868421052635,0.43126479128168427,0.9447368421052631
screen,hashemi,all,all,0.4518097368421052,0.45439021722164213,0.948473684210526
screen,cdf,common,1,0.7062483333333333,0.6625703413858464,0.6176666666666666
screen,cdf,common,2,0.7812416666666667,0.7420471061372308,0.4676666666666666
screen,cdf,common,3,0.8149099999999998,0.7789267159595107,0.3953333333333333
screen,cdf,common,4,0.8454166666666667,0.8104996904012826,0.336
screen,cdf,common,5,0.8693483333333333,0.8345139992687453,0.288
screen,cdf,common,all,0.803433,0.7657115706305231,0.4209333333333333
screen,cdf,extra,1,0.6023031249999999,0.574591865327985,0.78
screen,cdf,extra,2,0.6986656249999998,0.6564877530393313,0.61
screen,cdf,extra,3,0.807996875,0.7628042333464956,0.425
screen,cdf,extra,4,0.8894625,0.8584590724541772,0.30375
screen,cdf,extra,5,0.93696875,0.9181622237522065,0.19
screen,cdf,extra,all,0.787079375,0.754101029584039,0.46175000000000005
screen,cdf,all,1,0.6843651315789474,0.6440485569526123,0.6518421052631578
screen,cdf,all,2,0.7638572368421052,0.7240346107481993,0.4976315789473684
screen,cdf,all,3,0.8134546052631579,0.7755325090936127,0.4015789473684211
screen,cdf,all,4,0.8546894736842103,0.8205964024124182,0.32921052631578945
screen,cdf,all,5,0.8835842105263157,0.8521241517915792,0.26736842105263153
screen,cdf,all,all,0.7999901315789473,0.7632672461996843,0.42952631578947376
screen,cdf_sum,common,1,0.6687683333333332,0.6288200067726741,0.6890000000000002
screen,cdf_sum,common,2,0.7442483333333335,0.7047160309914184,0.5406666666666666
screen,cdf_sum,common,3,0.7868833333333334,0.7505436923648826,0.45000000000000007
screen,cdf_sum,common,4,0.8231616666666667,0.7877102123168466,0.38166666666666665
screen,cdf_sum,common,5,0.8523875,0.8163561972147185,0.32800000000000007
screen,cdf_sum,common,all,0.7750898333333335,0.7376292279321081,0.4778666666666667
screen,cdf_sum,extra,1,0.579703125,0.5554643047194866,0.8212499999999999
screen,cdf_sum,extra,2,0.659440625,0.6195335422115231,0.68125
screen,cdf_sum,extra,3,0.767490625,0.7251333503307118,0.51375
screen,cdf_sum,extra,4,0.8513374999999999,0.8190544491263463,0.39
screen,cdf_sum,extra,5,0.9071375,0.8853831889534978,0.27499999999999997
screen,cdf_sum,extra,all,0.7530218750000002,0.7209137670683131,0.5362499999999999
screen,cdf_sum,all,1,0.6500177631578946,0.6133767010772663,0.716842105263158
screen,cdf_sum,all,2,0.7263940789473684,0.6867828754588089,0.5702631578947369
screen,cdf_sum,all,3,0.7828006578947369,0.7451941466734782,0.46342105263157896
screen,cdf_sum,all,4,0.8290934210526316,0.7943089990135833,0.38342105263157894
screen,cdf_sum,all,5,0.8639138157894737,0.8308881954755142,0.3168421052631579
screen,cdf_sum,all,all,0.7704439473684213,0.7341101835397302,0.4901578947368422
screen,niqe,common,1,0.8141633333333332,0.7885671538160152,0.42366666666666664
screen,niqe,common,2,0.84621,0.8272774101061136,0.348
screen,niqe,common,3,0.863255,0.847338810769299,0.32133333333333336
screen,niqe,common,4,0.8793533333333333,0.8705979491336467,0.2766666666666666
screen,niqe,common,5,0.8873933333333334,0.8795012904065437,0.2573333333333333
screen,niqe,common,all,0.858075,0.8426565228463236,0.32539999999999997
screen,niqe,extra,1,0.6794781249999999,0.6586123757849198,0.63875
screen,niqe,extra,2,0.750590625,0.7245964998297939,0.545
screen,niqe,extra,3,0.810653125,0.7935473517970698,0.39749999999999996
screen,niqe,extra,4,0.7831875,0.7639484449685466,0.4175
screen,niqe,extra,5,0.8291812500000001,0.8133749577765744,0.3325
screen,niqe,extra,all,0.7706181250000002,0.7508159260313809,0.46624999999999994
screen,niqe,all,1,0.785808552631579,0.76120825317789,0.4689473684210526
screen,niqe,all,2,0.8260796052631578,0.8056603763637306,0.3894736842105263
screen,niqe,all,3,0.8521809210526318,0.8360142930909349,0.3373684210526316
screen,niqe,all,4,0.8591078947368422,0.848145421940994,0.30631578947368415
screen,niqe,all,5,0.8751381578947367,0.865579957221287,0.2731578947368421
screen,niqe,all,all,0.8396630263157895,0.8233216603589673,0.35505263157894734
screen,niqe_default,common,1,0.76026,0.7459482056685314,0.46866666666666673
screen,niqe_default,common,2,0.7917866666666665,0.7851423150107951,0.39866666666666667
screen,niqe_default,common,3,0.8068666666666666,0.7990759186072537,0.36833333333333335
screen,niqe_default,common,4,0.8304683333333334,0.826089775263578,0.31933333333333336
screen,niqe_default,common,5,0.8395483333333333,0.8386193489473868,0.301
screen,niqe_default,common,all,0.8057859999999999,0.798975112699509,0.3712
screen,niqe_default,extra,1,0.7040656249999999,0.6847666201412195,0.575
screen,niqe_default,extra,2,0.783196875,0.7666446043295763,0.43875
screen,niqe_default,extra,3,0.830115625,0.8198840386188342,0.37375
screen,niqe_default,extra,4,0.8269249999999999,0.8090336800885363,0.3325
screen,niqe_default,extra,5,0.8654937500000001,0.8465363923859307,0.2775
screen,niqe_default,extra,all,0.801959375,0.7853730671128194,0.39949999999999997
screen,niqe_default,all,1,0.7484296052631578,0.7330678718733079,0.4910526315789473
screen,niqe_default,all,2,0.7899782894736842,0.7812480601305388,0.40710526315789475
screen,niqe_default,all,3,0.8117611842105263,0.8034565754517969,0.3694736842105263
screen,niqe_default,all,4,0.8297223684210525,0.8224990183846219,0.3221052631578947
screen,niqe_default,all,5,0.8450105263157894,0.8402860949344488,0.29605263157894735
screen,niqe_default,all,all,0.8049803947368421,0.796111524154943,0.3771578947368421
screen,arniqa,common,1,0.8648116666666665,0.8335191868035892,0.29633333333333334
screen,arniqa,common,2,0.9098050000000001,0.8896260734218818,0.21066666666666667
screen,arniqa,common,3,0.9295483333333333,0.9174150813612912,0.174
screen,arniqa,common,4,0.9433966666666669,0.9373645695208677,0.13166666666666668
screen,arniqa,common,5,0.9474416666666666,0.941892510141392,0.12833333333333333
screen,arniqa,common,all,0.9190006666666668,0.9039634842498043,0.1882
screen,arniqa,extra,1,0.833753125,0.7928271058835541,0.335
screen,arniqa,extra,2,0.899609375,0.8768451115235578,0.25
screen,arniqa,extra,3,0.8771781249999999,0.8521972351318516,0.3375
screen,arniqa,extra,4,0.9345749999999999,0.9101237540817757,0.16249999999999998
screen,arniqa,extra,5,0.9459625,0.9232517350444847,0.14625000000000002
screen,arniqa,extra,all,0.8982156250000001,0.8710489883330448,0.24625
screen,arniqa,all,1,0.8582730263157895,0.8249524329256871,0.30447368421052634
screen,arniqa,all,2,0.9076585526315789,0.8869353446011821,0.21894736842105259
screen,arniqa,all,3,0.9185230263157894,0.903685008470883,0.20842105263157895
screen,arniqa,all,4,0.9415394736842108,0.9316296610073748,0.1381578947368421
screen,arniqa,all,5,0.9471302631578948,0.93796813643678,0.13210526315789473
screen,arniqa,all,all,0.9146248684210527,0.8970341166883815,0.2004210526315789
screen,arniqa_proto,common,1,0.9173033333333334,0.8971266588099717,0.19233333333333336
screen,arniqa_proto,common,2,0.9365316666666668,0.9188415593146745,0.14699999999999996
screen,arniqa_proto,common,3,0.9443499999999999,0.928280226252073,0.12699999999999997
screen,arniqa_proto,common,4,0.9503133333333335,0.9366178100630691,0.11066666666666665
screen,arniqa_proto,common,5,0.9533000000000001,0.9409099373593571,0.10533333333333332
screen,arniqa_proto,common,all,0.9403596666666668,0.924355238359829,0.1364666666666667
screen,arniqa_proto,extra,1,0.835321875,0.8089065167537032,0.3225
screen,arniqa_proto,extra,2,0.878103125,0.8480550873481933,0.25125
screen,arniqa_proto,extra,3,0.853040625,0.8142458476446564,0.315
screen,arniqa_proto,extra,4,0.88784375,0.8585750903813764,0.225
screen,arniqa_proto,extra,5,0.90590625,0.8757779780204475,0.175
screen,arniqa_proto,extra,all,0.8720431249999999,0.8411121040296754,0.25775000000000003
screen,arniqa_proto,all,1,0.9000440789473685,0.8785539973244415,0.21973684210526315
screen,arniqa_proto,all,2,0.9242309210526316,0.9039391441638364,0.16894736842105262
screen,arniqa_proto,all,3,0.9251269736842104,0.9042729886505118,0.16657894736842102
screen,arniqa_proto,all,4,0.9371618421052631,0.9201877638142917,0.13473684210526313
screen,arniqa_proto,all,5,0.9433223684210525,0.9271979459195867,0.12
screen,arniqa_proto,all,all,0.9259772368421054,0.9068303679745335,0.16199999999999998
screen,clipiqa,common,1,0.7452983333333333,0.701318645177121,0.6013333333333333
screen,clipiqa,common,2,0.7878950000000001,0.7378499337965301,0.5133333333333333
screen,clipiqa,common,3,0.8009716666666666,0.7443914195459358,0.4713333333333333
screen,clipiqa,common,4,0.8165266666666667,0.7627817547113338,0.413
screen,clipiqa,common,5,0.8210283333333331,0.7670915003575334,0.36866666666666664
screen,clipiqa,common,all,0.7943439999999999,0.7426866507176906,0.47353333333333336
screen,clipiqa,extra,1,0.626375,0.5954400870176607,0.7575000000000001
screen,clipiqa,extra,2,0.627871875,0.5917783961693687,0.71375
screen,clipiqa,extra,3,0.67835625,0.6272925388577983,0.6837500000000001
screen,clipiqa,extra,4,0.694328125,0.6458083574583209,0.6475
screen,clipiqa,extra,5,0.7285375,0.6754188409528974,0.5862499999999999
screen,clipiqa,extra,all,0.67109375,0.6271476440912092,0.67775
screen,clipiqa,all,1,0.7202618421052632,0.6790284224067084,0.6342105263157894
screen,clipiqa,all,2,0.7542059210526316,0.7070980311381801,0.5555263157894736
screen,clipiqa,all,3,0.775157894736842,0.719739023611591,0.5160526315789473
screen,clipiqa,all,4,0.7908006578947367,0.7381557763422782,0.4623684210526316
screen,clipiqa,all,5,0.8015565789473683,0.7477919931144521,0.4144736842105263
screen,clipiqa,all,all,0.7683965789473682,0.7183626493226422,0.5165263157894737
