subset,method,group,severity,auroc,aupr,fpr95
all,two_axis,common,1,0.8626232693333334,0.8232688114207927,0.37879999999999997
all,two_axis,common,2,0.9046727306666668,0.8739673764078293,0.26034666666666667
all,two_axis,common,3,0.9261797413333334,0.9006118078383596,0.1987733333333333
all,two_axis,common,4,0.9397247599999999,0.9165944043585242,0.15998666666666667
all,two_axis,common,5,0.9512848560000001,0.9305142359398552,0.13378666666666666
all,two_axis,common,all,0.9168970714666667,0.8889913271930724,0.22633866666666666
all,two_axis,extra,1,0.70548056,0.6623257937424463,0.6988
all,two_axis,extra,2,0.84858208,0.8103239368643087,0.4214
all,two_axis,extra,3,0.85928757,0.8470233028641747,0.32755
all,two_axis,extra,4,0.9235585199999999,0.9056950957833837,0.20854999999999999
all,two_axis,extra,5,0.95531089,0.943620839074879,0.14615
all,two_axis,extra,all,0.8584439240000001,0.8337977936658385,0.36049000000000003
all,two_axis,all,1,0.8295405936842105,0.7893860708569305,0.44616842105263155
all,two_axis,all,2,0.8928641726315788,0.8605687575565617,0.2942526315789474
all,two_axis,all,3,0.9120971789473685,0.8893300173174786,0.2258842105263158
all,two_axis,all,4,0.9363213410526314,0.9142998130795476,0.17021052631578948
all,two_axis,all,5,0.952132442105263,0.9332735208103867,0.13638947368421053
all,two_axis,all,all,0.9045911456842106,0.8773716359241808,0.2545810526315789
all,peak_share,common,1,0.8160687893333333,0.7682454750053471,0.44392000000000004
all,peak_share,common,2,0.8774046613333333,0.8361827502450854,0.29944
all,peak_share,common,3,0.9134627519999999,0.8782826057344272,0.21482666666666667
all,peak_share,common,4,0.9346637786666665,0.9049789095101145,0.16415999999999997
all,peak_share,common,5,0.9496627040000001,0.9235390365248265,0.129
all,peak_share,common,all,0.8982525370666665,0.8622457554039603,0.25026933333333334
all,peak_share,extra,1,0.67943016,0.6417506709043165,0.71565
all,peak_share,extra,2,0.8482405900000001,0.8023643648905727,0.40989999999999993
all,peak_share,extra,3,0.87205736,0.8483287941252815,0.315
all,peak_share,extra,4,0.93756728,0.9142982711690251,0.1698
all,peak_share,extra,5,0.9657728299999999,0.950011358637344,0.1
all,peak_share,extra,all,0.8606136440000002,0.831350691945308,0.34207
all,peak_share,all,1,0.7873027621052632,0.741614989931446,0.5011263157894738
all,peak_share,all,2,0.8712648568421053,0.8290630901704512,0.3226947368421053
all,peak_share,all,3,0.9047458273684209,0.8719765401325019,0.23591578947368422
all,peak_share,all,4,0.9352750421052631,0.9069408803856747,0.1653473684210526
all,peak_share,all,5,0.9530543094736842,0.9291121569695671,0.12289473684210526
all,peak_share,all,all,0.8903285595789474,0.8557415315179282,0.2695957894736842
all,level,common,1,0.7611836186666667,0.7122270751409374,0.5257066666666667
all,level,common,2,0.8148455359999999,0.7661379523588541,0.4191333333333334
all,level,common,3,0.8499895093333334,0.8023812602005006,0.34593333333333326
all,level,common,4,0.878129312,0.831950685482527,0.2824400000000001
all,level,common,5,0.8986265466666665,0.855805128338668,0.2321866666666667
all,level,common,all,0.8405549045333334,0.7937004203042973,0.36108
all,level,extra,1,0.6829775600000001,0.6378916123318269,0.69455
all,level,extra,2,0.85768104,0.8090285741635928,0.373
all,level,extra,3,0.8813783800000001,0.8541007390905719,0.30155
all,level,extra,4,0.9429878100000001,0.9134785450595284,0.16275
all,level,extra,5,0.96541185,0.9425233561452939,0.10145000000000001
all,level,extra,all,0.8660873280000001,0.8314045653581627,0.32666
all,level,all,1,0.744719185263158,0.6965775040232299,0.5612526315789474
all,level,all,2,0.8238635368421052,0.7751675569493252,0.40942105263157896
all,level,all,3,0.856597692631579,0.8132695715457787,0.33658947368421055
all,level,all,4,0.8917837326315788,0.8491144453934748,0.2572421052631579
all,level,all,5,0.9126866105263156,0.8740615973505891,0.20466315789473682
all,level,all,all,0.8459301515789475,0.8016381350524796,0.3538336842105263
all,global_level,common,1,0.7004341973333333,0.6615580682324276,0.6305599999999999
all,global_level,common,2,0.7647947680000001,0.7205002142192161,0.5058933333333333
all,global_level,common,3,0.8092050159999999,0.7630965650838085,0.42402666666666666
all,global_level,common,4,0.848647496,0.8042889384634763,0.3463733333333333
all,global_level,common,5,0.8758560933333333,0.835980888156312,0.28964
all,global_level,common,all,0.7997875141333334,0.757084934831048,0.43929866666666667
all,global_level,extra,1,0.62413045,0.5953502117027355,0.7922
all,global_level,extra,2,0.80325392,0.7501732736701275,0.4891
all,global_level,extra,3,0.85943311,0.8284226064366388,0.3327
all,global_level,extra,4,0.91470111,0.8870374328301895,0.21985
all,global_level,extra,5,0.94645378,0.9245584584502374,0.15255
all,global_level,extra,all,0.8295944740000001,0.7971083966179858,0.39727999999999997
all,global_level,all,1,0.6843702505263158,0.6476195721209135,0.6645894736842105
all,global_level,all,2,0.7728914315789474,0.7267471741036187,0.5023578947368421
all,global_level,all,3,0.8197793515789474,0.7768494158949307,0.4048
all,global_level,all,4,0.8625535199999999,0.8217096741196265,0.3197368421052631
all,global_level,all,5,0.8907187642105262,0.8546287976918753,0.260778947368421
all,global_level,all,all,0.8060626635789474,0.7655109267861927,0.43045263157894753
all,means_knn,common,1,0.7208210266666666,0.6728352914211794,0.59728
all,means_knn,common,2,0.7754815599999999,0.7253480157424901,0.50028
all,means_knn,common,3,0.8150381466666669,0.7662244588929121,0.42184000000000005
all,means_knn,common,4,0.8381636533333335,0.79183552362095,0.36408
all,means_knn,common,5,0.8554794240000002,0.809808058974523,0.3155866666666666
all,means_knn,common,all,0.8009967621333332,0.7532102697304108,0.4398133333333334
all,means_knn,extra,1,0.64871429,0.6030440429314823,0.7482500000000001
all,means_knn,extra,2,0.81310607,0.7546013209826707,0.4885
all,means_knn,extra,3,0.8615524999999999,0.8194410800754615,0.36750000000000005
all,means_knn,extra,4,0.9355716399999999,0.896272591574161,0.1787
all,means_knn,extra,5,0.95600962,0.9248499228251639,0.1197
all,means_knn,extra,all,0.8429908240000001,0.7996417916777878,0.38053000000000003
all,means_knn,all,1,0.7056406610526316,0.6581423970022957,0.6290631578947368
all,means_knn,all,2,0.7834025094736842,0.7315066063193703,0.4978000000000001
all,means_knn,all,3,0.8248306421052632,0.7774279580892381,0.41039999999999993
all,means_knn,all,4,0.8586705978947368,0.8138222747689943,0.32505263157894737
all,means_knn,all,5,0.8766436757894736,0.8340273987325526,0.2743473684210526
all,means_knn,all,all,0.8098376172631578,0.7629853269824903,0.4273326315789474
all,means_own,common,1,0.672136352,0.6351722558574101,0.6839999999999999
all,means_own,common,2,0.7401549813333334,0.6964659645213669,0.5590133333333333
all,means_own,common,3,0.7926573653333333,0.7479580536978985,0.4640666666666667
all,means_own,common,4,0.8367268853333335,0.7935231466545349,0.37307999999999997
all,means_own,common,5,0.8665877226666668,0.8263594065091369,0.3092533333333333
all,means_own,common,all,0.7816526613333333,0.7398957654480693,0.47788266666666657
all,means_own,extra,1,0.60156597,0.5731859495209637,0.82665
all,means_own,extra,2,0.77411933,0.7207095401061305,0.55385
all,means_own,extra,3,0.83925205,0.80206152102358,0.38305
all,means_own,extra,4,0.89486675,0.8624019015095623,0.2611
all,means_own,extra,5,0.9322822900000001,0.9050626433854128,0.1833
all,means_own,extra,all,0.808417278,0.7726843111091299,0.44159000000000004
all,means_own,all,1,0.6572794294736842,0.6221225071550003,0.7140315789473685
all,means_own,all,2,0.7473053705263158,0.7015698751707908,0.5579263157894737
all,means_own,all,3,0.802466772631579,0.7593482573454102,0.44701052631578947
all,means_own,all,4,0.8489668568421053,0.8080239371503302,0.34950526315789476
all,means_own,all,5,0.880418157894737,0.8429285090094054,0.2827368421052632
all,means_own,all,all,0.787287317473684,0.7467986171661872,0.47024210526315774
all,saod_top3,common,1,0.5803043306666666,0.5506476899242865,0.8786666666666668
all,saod_top3,common,2,0.625358648,0.5846465740580478,0.8279866666666665
all,saod_top3,common,3,0.6831777413333333,0.6352788952813656,0.7490266666666667
all,saod_top3,common,4,0.7445146333333333,0.6942669665988354,0.6468533333333333
all,saod_top3,common,5,0.7983400826666668,0.7529122507091962,0.5436933333333334
all,saod_top3,common,all,0.6863390872,0.6435504753143462,0.7292453333333334
all,saod_top3,extra,1,0.530807515,0.5176520349844977,0.92655
all,saod_top3,extra,2,0.57726815,0.5482225971248373,0.8848499999999999
all,saod_top3,extra,3,0.618074675,0.5807698136961652,0.8340000000000001
all,saod_top3,extra,4,0.66746238,0.6214086754577867,0.7731
all,saod_top3,extra,5,0.73095707,0.6843716905255564,0.6790499999999999
all,saod_top3,extra,all,0.624913958,0.5904849623577686,0.81951
all,saod_top3,all,1,0.5698839484210526,0.543701236252752,0.8887473684210526
all,saod_top3,all,2,0.615234332631579,0.5769783683878982,0.8399578947368422
all,saod_top3,all,3,0.6694718326315791,0.6238032991581656,0.7669157894736842
all,saod_top3,all,4,0.7282931063157895,0.6789283789901935,0.6734315789473684
all,saod_top3,all,5,0.7841541852631579,0.7384826590915877,0.5721894736842106
all,saod_top3,all,all,0.6734074810526315,0.6323787883761194,0.7482484210526318
all,saod_min,common,1,0.6082352026666666,0.5953626659513738,0.89156
all,saod_min,common,2,0.6654309453333334,0.6512957943362584,0.8449866666666669
all,saod_min,common,3,0.7328715373333333,0.7187922777569439,0.74836
all,saod_min,common,4,0.7989460239999998,0.784984905106679,0.6132533333333332
all,saod_min,common,5,0.8480683053333333,0.8338205813364482,0.4725466666666667
all,saod_min,common,all,0.7307104029333333,0.7168512448975405,0.7141413333333333
all,saod_min,extra,1,0.5433271399999999,0.5353552951785503,0.9306000000000001
all,saod_min,extra,2,0.60743514,0.5951045949161637,0.8924
all,saod_min,extra,3,0.66031683,0.6476889024152868,0.84135
all,saod_min,extra,4,0.7197267549999999,0.7060199285062255,0.7641
all,saod_min,extra,5,0.7873029650000001,0.7736014061728529,0.6248
all,saod_min,extra,all,0.663621766,0.6515540254378159,0.8106500000000001
all,saod_min,all,1,0.5945703473684211,0.5827295352623584,0.8997789473684211
all,saod_min,all,2,0.6532213021052631,0.6394660681425542,0.8549684210526317
all,saod_min,all,3,0.7175968621052631,0.7038231461060688,0.7679368421052631
all,saod_min,all,4,0.7822682831578947,0.7683606995065834,0.6450105263157895
all,saod_min,all,5,0.8352756021052632,0.8211428602493756,0.5046
all,saod_min,all,all,0.7165864793684211,0.703104461853388,0.7344589473684212
all,contrastive,common,1,0.5274460666666667,0.512562100126232,0.924786666666667
all,contrastive,common,2,0.5454357466666667,0.5209829294742137,0.9094266666666666
all,contrastive,common,3,0.56895356,0.5327427586985333,0.8803066666666667
all,contrastive,common,4,0.5953543333333333,0.5474574573833946,0.8349866666666667
all,contrastive,common,5,0.6052790666666666,0.5481420273220212,0.79568
all,contrastive,common,all,0.5684937546666667,0.532377454600879,0.8690373333333334
all,contrastive,extra,1,0.50746815,0.500760170281787,0.9386000000000001
all,contrastive,extra,2,0.5312801,0.5141230539319824,0.9218
all,contrastive,extra,3,0.5476482500000001,0.5225304619861144,0.90685
all,contrastive,extra,4,0.5819622999999999,0.5561547323740572,0.8732
all,contrastive,extra,5,0.6002335500000001,0.5573841767395407,0.8324499999999999
all,contrastive,extra,all,0.55371847,0.5301905190626963,0.89458
all,contrastive,all,1,0.5232401894736841,0.510077483316875,0.9276947368421053
all,contrastive,all,2,0.5424556105263157,0.5195387451495335,0.9120315789473683
all,contrastive,all,3,0.5644682315789474,0.5305928014959187,0.8858947368421051
all,contrastive,all,4,0.5925349578947369,0.5492884626445868,0.8430315789473685
all,contrastive,all,5,0.6042168526315789,0.5500877429888673,0.8034210526315789
all,contrastive,all,all,0.5653831684210527,0.5319170471191563,0.8744147368421055
all,knn,common,1,0.546263348,0.5247840401887138,0.9038266666666666
all,knn,common,2,0.5589388026666667,0.5287618897921731,0.8877733333333334
all,knn,common,3,0.5903862853333333,0.5570855044153575,0.8606800000000001
all,knn,common,4,0.6245971746666666,0.5878448455878619,0.81572
all,knn,common,5,0.6498038133333334,0.6051579225839021,0.7669733333333332
all,knn,common,all,0.5939978848,0.5607268405136017,0.8469946666666668
all,knn,extra,1,0.51839587,0.5052353880177364,0.91615
all,knn,extra,2,0.587333075,0.5656153310047755,0.86355
all,knn,extra,3,0.60476489,0.5722822381295664,0.8594
all,knn,extra,4,0.672898385,0.6331083396466335,0.71885
all,knn,extra,5,0.7254732899999999,0.6733963594046231,0.64995
all,knn,extra,all,0.6217731019999999,0.5899275312406669,0.8015800000000001
all,knn,all,1,0.5403965105263158,0.5206685344685081,0.906421052631579
all,knn,all,2,0.5649165442105264,0.5365205089948262,0.8826736842105264
all,knn,all,3,0.59341336,0.5602848167762435,0.8604105263157894
all,knn,all,4,0.6347658505263157,0.5973740022318138,0.7953263157894738
all,knn,all,5,0.6657342294736841,0.6195239092830013,0.7423368421052632
all,knn,all,all,0.5998452989473686,0.5668743543508786,0.8374336842105263
all,discopatch,common,1,0.677775256,0.6488958613414828,0.7443866666666668
all,discopatch,common,2,0.7325884386666668,0.7000097417994872,0.6356266666666668
all,discopatch,common,3,0.7768184719999999,0.7397707744262744,0.5432
all,discopatch,common,4,0.8052911266666667,0.7665957057161119,0.48020000000000007
all,discopatch,common,5,0.8251558999999999,0.7872303446860929,0.4318133333333334
all,discopatch,common,all,0.7635258386666668,0.7285004855938898,0.5670453333333334
all,discopatch,extra,1,0.6333820450000001,0.6136646256030449,0.81535
all,discopatch,extra,2,0.75498659,0.714279911330477,0.6375
all,discopatch,extra,3,0.755998525,0.7282572426900673,0.5627
all,discopatch,extra,4,0.78685026,0.7492246525823881,0.48555000000000004
all,discopatch,extra,5,0.8241512599999999,0.7807307483414526,0.3992
all,discopatch,extra,all,0.751073736,0.7172314361094859,0.58006
all,discopatch,all,1,0.6684293168421053,0.6414787590807591,0.7593263157894736
all,discopatch,all,2,0.7373038389473684,0.7030139880165376,0.6360210526315789
all,discopatch,all,3,0.7724353252631581,0.7373468730081255,0.5473052631578949
all,discopatch,all,4,0.8014088389473685,0.7629386418984857,0.48132631578947366
all,discopatch,all,5,0.8249443968421053,0.785862008613537,0.42494736842105263
all,discopatch,all,all,0.7609043433684214,0.726128054123489,0.5697852631578948
all,hashemi,common,1,0.44271923600000007,0.45414212309592994,0.9603333333333334
all,hashemi,common,2,0.4245547546666666,0.44194230247603794,0.9614400000000001
all,hashemi,common,3,0.4205970493333334,0.43969785747067297,0.9600933333333331
all,hashemi,common,4,0.4218077706666666,0.44085896984486034,0.95816
all,hashemi,common,5,0.4303963306666666,0.4496179003116581,0.9533466666666667
all,hashemi,common,all,0.4280150282666666,0.44525183063983176,0.9586746666666665
all,hashemi,extra,1,0.47068913999999995,0.4753555471390689,0.9545
all,hashemi,extra,2,0.44256604,0.45547161738932457,0.95515
all,hashemi,extra,3,0.41560724,0.4399253849751211,0.9646
all,hashemi,extra,4,0.43200567,0.44517771484119284,0.9452
all,hashemi,extra,5,0.42648337000000003,0.43880612141609876,0.95145
all,hashemi,extra,all,0.4374702920000001,0.45094727715216126,0.95418
all,hashemi,all,1,0.44860763684210536,0.4586081071050118,0.9591052631578947
all,hashemi,all,2,0.4283466042105263,0.4447905792998878,0.9601157894736843
all,hashemi,all,3,0.4195465631578948,0.4397457579979253,0.9610421052631578
all,hashemi,all,4,0.42395469684210524,0.4417681793177725,0.9554315789473683
all,hashemi,all,5,0.4295725494736842,0.4473417363336456,0.9529473684210525
all,hashemi,all,all,0.43000561010526306,0.44645087201084854,0.9577284210526316
all,hashemi_enc,common,1,0.42495806266666664,0.44934265302677273,0.9659733333333335
all,hashemi_enc,common,2,0.3856476466666667,0.4284069684181932,0.9708666666666669
all,hashemi_enc,common,3,0.35230477199999993,0.4123372139616377,0.9741466666666667
all,hashemi_enc,common,4,0.3056679653333333,0.3949517492241539,0.9757466666666667
all,hashemi_enc,common,5,0.26157749599999996,0.38167202729374416,0.9812
all,hashemi_enc,common,all,0.34603118853333337,0.41334212238490037,0.9735866666666666
all,hashemi_enc,extra,1,0.44579075,0.4581348765828709,0.9613999999999999
all,hashemi_enc,extra,2,0.42922613,0.4464249469247449,0.9606000000000001
all,hashemi_enc,extra,3,0.38162793,0.420719966836207,0.96565
all,hashemi_enc,extra,4,0.39888189999999996,0.4557108752345793,0.94405
all,hashemi_enc,extra,5,0.34896105,0.42965134328950527,0.9565
all,hashemi_enc,extra,all,0.400897552,0.4421284017735815,0.9576399999999999
all,hashemi_enc,all,1,0.42934389157894737,0.4511936474596354,0.9650105263157897
all,hashemi_enc,all,2,0.39482206421052635,0.4322002270511515,0.9687052631578947
all,hashemi_enc,all,3,0.3584780684210526,0.41410200404049435,0.9723578947368422
all,hashemi_enc,all,4,0.32529195157894736,0.40774314417371704,0.9690736842105262
all,hashemi_enc,all,5,0.27997403368421053,0.3917729359244308,0.976
all,hashemi_enc,all,all,0.3575820018947368,0.41940239172988597,0.9702294736842105
all,cdf,common,1,0.7074449840000001,0.6597628750226312,0.6337733333333333
all,cdf,common,2,0.7809459333333334,0.7310902095754187,0.4970133333333334
all,cdf,common,3,0.8363209626666668,0.7870470077216355,0.3912399999999999
all,cdf,common,4,0.8771436666666667,0.8346608609734134,0.2983066666666667
all,cdf,common,5,0.9009942533333334,0.8636557583990806,0.2466
all,cdf,common,all,0.8205699599999999,0.7752433423384358,0.4133866666666667
all,cdf,extra,1,0.61004569,0.5786496287654869,0.8039499999999999
all,cdf,extra,2,0.7624799400000001,0.7015214449762436,0.5405
all,cdf,extra,3,0.83353964,0.7913695281188581,0.3716
all,cdf,extra,4,0.89613202,0.8660904949832642,0.2556
all,cdf,extra,5,0.93450091,0.911865462595782,0.17115
all,cdf,extra,all,0.80733964,0.7698993118879269,0.42855999999999994
all,cdf,all,1,0.6869398694736842,0.64268640212639,0.6696
all,cdf,all,2,0.7770583557894737,0.7248652065019083,0.5061684210526316
all,cdf,all,3,0.8357354210526315,0.7879570120157875,0.3871052631578948
all,cdf,all,4,0.881141214736842,0.8412776260281188,0.2893157894736842
all,cdf,all,5,0.9080482863157894,0.8738051698089123,0.23071578947368418
all,cdf,all,all,0.8177846294736841,0.7741182832962233,0.41658105263157896
all,cdf_sum,common,1,0.6441238373333334,0.6074153731201821,0.7553866666666667
all,cdf_sum,common,2,0.7208135133333333,0.6756894770735368,0.6285733333333333
all,cdf_sum,common,3,0.7912359946666668,0.7426330994549447,0.5029066666666667
all,cdf_sum,common,4,0.8482027253333335,0.804108856271651,0.37532000000000004
all,cdf_sum,common,5,0.8809088760000001,0.8424035783199901,0.2998133333333333
all,cdf_sum,common,all,0.7770569893333333,0.7344500768480607,0.5124
all,cdf_sum,extra,1,0.563392405,0.5434939246850922,0.8732
all,cdf_sum,extra,2,0.6844053349999999,0.6333742611601592,0.6974
all,cdf_sum,extra,3,0.7741036450000001,0.7256072602196282,0.5132000000000001
all,cdf_sum,extra,4,0.848383535,0.8095884889854956,0.3547
all,cdf_sum,extra,5,0.90061774,0.8720658776626955,0.24684999999999999
all,cdf_sum,extra,all,0.7541805320000001,0.7168259625426141,0.53707
all,cdf_sum,all,1,0.6271277463157895,0.5939582260812157,0.7801894736842105
all,cdf_sum,all,2,0.7131486336842106,0.6667810105654572,0.643063157894737
all,cdf_sum,all,3,0.7876291842105264,0.7390487122475097,0.5050736842105263
all,cdf_sum,all,4,0.8482407905263157,0.8052624631587761,0.370978947368421
all,cdf_sum,all,5,0.8850581105263158,0.8486482729184543,0.2886631578947369
all,cdf_sum,all,all,0.7722408930526317,0.7307397369942827,0.5175936842105264
all,niqe,common,1,0.8090519546666666,0.7834321516060012,0.4376133333333333
all,niqe,common,2,0.8426983653333334,0.8238688055611229,0.36596
all,niqe,common,3,0.8587745653333335,0.843607113317646,0.3363466666666667
all,niqe,common,4,0.8762026666666667,0.8660696640490769,0.28665333333333337
all,niqe,common,5,0.8843767786666668,0.8749830655396571,0.26209333333333334
all,niqe,common,all,0.8542208661333333,0.8383921600147007,0.3377333333333334
all,niqe,extra,1,0.676432005,0.6525462990288593,0.64355
all,niqe,extra,2,0.7442291550000001,0.7170389558743127,0.56105
all,niqe,extra,3,0.806941935,0.7888880361251764,0.4183
all,niqe,extra,4,0.7737411399999999,0.7555004569975703,0.43320000000000003
all,niqe,extra,5,0.82380216,0.8085865425413657,0.33825
all,niqe,extra,all,0.765029279,0.7445120581134568,0.47887
all,niqe,all,1,0.7811319652631579,0.7558772352739715,0.4809684210526316
all,niqe,all,2,0.8219680052631579,0.8013783108902155,0.40703157894736847
all,niqe,all,3,0.847862432631579,0.8320873075929155,0.3536
all,niqe,all,4,0.8546318189473684,0.8427919362487599,0.31750526315789473
all,niqe,all,5,0.871624227368421,0.8610048501715957,0.27812631578947367
all,niqe,all,all,0.8354436898947369,0.8186279280354918,0.3674463157894736
all,niqe_default,common,1,0.7509602133333334,0.7327503199138096,0.49621333333333334
all,niqe_default,common,2,0.78574932,0.7750433673930975,0.41953333333333326
all,niqe_default,common,3,0.7995013386666666,0.7891216659961446,0.3955066666666667
all,niqe_default,common,4,0.823190048,0.8169615969570132,0.3372133333333333
all,niqe_default,common,5,0.8334381040000001,0.8305734995524231,0.31518666666666667
all,niqe_default,common,all,0.7985678048,0.7888900899624977,0.3927306666666667
all,niqe_default,extra,1,0.699653005,0.674704011972847,0.5935
all,niqe_default,extra,2,0.782336985,0.761630440133223,0.4554
all,niqe_default,extra,3,0.826241685,0.8120069874964195,0.35385
all,niqe_default,extra,4,0.81398822,0.7994761242882192,0.35015
all,niqe_default,extra,5,0.8564338200000001,0.8403193306809569,0.28815
all,niqe_default,extra,all,0.7957307429999999,0.7776273789143331,0.40820999999999996
all,niqe_default,all,1,0.7401586957894736,0.7205300445578173,0.5166947368421052
all,niqe_default,all,2,0.7850309336842105,0.772219593233124,0.42708421052631573
all,niqe_default,all,3,0.8051308852631578,0.7939396284172552,0.3867368421052632
all,niqe_default,all,4,0.8212528210526314,0.8132804448162144,0.33993684210526315
all,niqe_default,all,5,0.8382793073684209,0.8326252534742196,0.30949473684210527
all,niqe_default,all,all,0.7979705286315788,0.7865189928997262,0.3959894736842105
all,arniqa,common,1,0.8766317826666667,0.8588179783871126,0.2869466666666666
all,arniqa,common,2,0.9175676346666666,0.9067863217941341,0.20888000000000004
all,arniqa,common,3,0.9370211319999999,0.9313263327647718,0.16081333333333334
all,arniqa,common,4,0.9504766053333333,0.9484140151353786,0.1194
all,arniqa,common,5,0.9533239760000002,0.9508456179256833,0.11578666666666666
all,arniqa,common,all,0.9270042261333334,0.919238053201416,0.17836533333333332
all,arniqa,extra,1,0.84574103,0.8198935289507608,0.33374999999999994
all,arniqa,extra,2,0.9109018950000001,0.8976793471212958,0.2299
all,arniqa,extra,3,0.883862845,0.8631175012718868,0.33719999999999994
all,arniqa,extra,4,0.936537345,0.9141875736419385,0.171
all,arniqa,extra,5,0.9478449200000001,0.9258845450165563,0.14035
all,arniqa,extra,all,0.904977607,0.8841524992004877,0.24244000000000004
all,arniqa,all,1,0.8701284663157896,0.8506233574531439,0.2968
all,arniqa,all,2,0.9161643210526315,0.9048690639682734,0.21330526315789472
all,arniqa,all,3,0.9258299136842106,0.9169665787662697,0.1979473684210526
all,arniqa,all,4,0.9475420242105264,0.9412084485051804,0.13026315789473683
all,arniqa,all,5,0.952170490526316,0.9455906552079725,0.12095789473684211
all,arniqa,all,all,0.9223670431578945,0.911851620780168,0.19185473684210524
all,arniqa_proto,common,1,0.9241719239999998,0.9077180211041476,0.17957333333333333
all,arniqa_proto,common,2,0.942145428,0.9287410755190636,0.13769333333333333
all,arniqa_proto,common,3,0.9495141413333333,0.9371458773001091,0.12045333333333334
all,arniqa_proto,common,4,0.9553407973333332,0.9443580107353271,0.10405333333333332
all,arniqa_proto,common,5,0.9583027173333335,0.9478266607453679,0.09691999999999999
all,arniqa_proto,common,all,0.9458950016,0.9331579290808031,0.12773866666666667
all,arniqa_proto,extra,1,0.845431135,0.8227862316333212,0.30810000000000004
all,arniqa_proto,extra,2,0.8897925950000001,0.8597590746322992,0.23489999999999997
all,arniqa_proto,extra,3,0.8595520299999999,0.82259214898028,0.33965
all,arniqa_proto,extra,4,0.894221565,0.865333851629476,0.1999
all,arniqa_proto,extra,5,0.910720525,0.8819059308502988,0.17225
all,arniqa_proto,extra,all,0.87994357,0.8504754475451349,0.25096
all,arniqa_proto,all,1,0.9075949157894737,0.8898376443734474,0.20663157894736842
all,arniqa_proto,all,2,0.9311237789473684,0.914218549016587,0.1581578947368421
all,arniqa_proto,all,3,0.9305747494736841,0.913029302916987,0.1666
all,arniqa_proto,all,4,0.9424735905263159,0.927721345660411,0.12423157894736842
all,arniqa_proto,all,5,0.9482854136842104,0.9339486123464058,0.11277894736842105
all,arniqa_proto,all,all,0.9320104896842106,0.9157510908627677,0.15367999999999998
all,clipiqa,common,1,0.7548030066666667,0.7153941556540961,0.59704
all,clipiqa,common,2,0.7963358173333334,0.7529740673792282,0.5043866666666666
all,clipiqa,common,3,0.8076383586666668,0.7591574694940121,0.4710933333333333
all,clipiqa,common,4,0.822191872,0.7751280987171533,0.40843999999999997
all,clipiqa,common,5,0.8240577706666666,0.7762760390662901,0.3798666666666667
all,clipiqa,common,all,0.8010053650666666,0.7557859660621559,0.4721653333333333
all,clipiqa,extra,1,0.62944553,0.6000923990486966,0.7667499999999999
all,clipiqa,extra,2,0.6266586350000001,0.5978749792286913,0.718
all,clipiqa,extra,3,0.6789385450000001,0.631803309408338,0.6708000000000001
all,clipiqa,extra,4,0.69122879,0.6478907620870622,0.6426499999999999
all,clipiqa,extra,5,0.72678028,0.6741788917513525,0.5836
all,clipiqa,extra,all,0.670610356,0.630368068304828,0.6763600000000001
all,clipiqa,all,1,0.7284119589473685,0.6911201016319068,0.6327684210526316
all,clipiqa,all,2,0.7606143052631579,0.7203216277685889,0.549357894736842
all,clipiqa,all,3,0.7805436610526317,0.7323460673707122,0.5131368421052632
all,clipiqa,all,4,0.7946206968421053,0.7483412910055551,0.4577473684210527
all,clipiqa,all,5,0.8035782989473684,0.7547819027894611,0.42275789473684217
all,clipiqa,all,all,0.7735537842105263,0.7293821981132449,0.5151536842105262
untouched,two_axis,common,1,0.8618689670947292,0.8208502779620404,0.38002200220022003
untouched,two_axis,common,2,0.9040095778554754,0.8712638174450791,0.26035203520352035
untouched,two_axis,common,3,0.9257090917012493,0.8983330698930011,0.1983498349834983
untouched,two_axis,common,4,0.9393089275924293,0.9145615702679647,0.16156215621562156
untouched,two_axis,common,5,0.9509250944896469,0.9285598867418788,0.1339273927392739
untouched,two_axis,common,all,0.9163643317467061,0.8867137244619929,0.22684268426842683
untouched,two_axis,extra,1,0.7048224711084969,0.6616826579953801,0.7006600660066007
untouched,two_axis,extra,2,0.8473766869261183,0.8076465559763802,0.42359735973597357
untouched,two_axis,extra,3,0.8587481483296845,0.8445244049925946,0.32945544554455447
untouched,two_axis,extra,4,0.9230342068860351,0.903783353330952,0.20825082508250825
untouched,two_axis,extra,5,0.9550403827511463,0.9421178135828399,0.14727722772277227
untouched,two_axis,extra,all,0.8578043792002964,0.8319509571756294,0.36184818481848186
untouched,two_axis,all,1,0.8288065468871013,0.7873413053374805,0.44752475247524753
untouched,two_axis,all,2,0.8920868639756107,0.8578707097674583,0.2947194719471947
untouched,two_axis,all,3,0.9116120509914463,0.8870049299139682,0.225951016154247
untouched,two_axis,all,4,0.9358826706016096,0.9122924719654356,0.17139134966128192
untouched,two_axis,all,5,0.951791470965752,0.9314141871294496,0.13673788431474723
untouched,two_axis,all,all,0.9040359206843039,0.8751847208227588,0.2552648949105437
untouched,peak_share,common,1,0.8175832579957665,0.7695042861507531,0.44367436743674377
untouched,peak_share,common,2,0.8785799576657336,0.8367889198188698,0.29779977997799784
untouched,peak_share,common,3,0.9143679450453297,0.8785798996478732,0.21414741474147414
untouched,peak_share,common,4,0.9353551467357959,0.9051151021770583,0.1633883388338834
untouched,peak_share,common,5,0.9503273099587185,0.9236747054372985,0.12774477447744773
untouched,peak_share,common,all,0.8992427234802688,0.8627325826463705,0.2493509350935094
untouched,peak_share,extra,1,0.6811617733555534,0.6434978912719528,0.719141914191419
untouched,peak_share,extra,2,0.8491474828175887,0.8032034402145973,0.4138613861386139
untouched,peak_share,extra,3,0.8721398092779575,0.8475331560177759,0.3146039603960396
untouched,peak_share,extra,4,0.9378271738064896,0.9138253699658082,0.16897689768976898
untouched,peak_share,extra,5,0.9661574573298914,0.9499362852761336,0.09958745874587459
untouched,peak_share,extra,all,0.8612867393174962,0.8315992285492536,0.3432343234323433
untouched,peak_share,all,1,0.7888629454399322,0.7429766240710056,0.5016675351745702
untouched,peak_share,all,2,0.8723836471713873,0.8297182925337598,0.3222338023276012
untouched,peak_share,all,3,0.9054778111995672,0.8720437430941685,0.23529616119506688
untouched,peak_share,all,4,0.9358755734875206,0.9069488427641634,0.16456487754038565
untouched,peak_share,all,5,0.9536599725631761,0.9292034590875796,0.12181691853395867
untouched,peak_share,all,all,0.8912519899723167,0.8561781923101355,0.26911585895431644
untouched,level,common,1,0.7604354692895031,0.7113051661156763,0.5281408140814082
untouched,level,common,2,0.8142403395455058,0.7651073934205713,0.4207480748074807
untouched,level,common,3,0.8493363468360037,0.8012760535276034,0.34783278327832784
untouched,level,common,4,0.8778280996416473,0.831112072841859,0.28330033003300337
untouched,level,common,5,0.8984148031964913,0.8547930153021767,0.23256325632563254
untouched,level,common,all,0.8400510117018303,0.7927187402415774,0.3625170517051705
untouched,level,extra,1,0.6824744169961551,0.6375666139184251,0.6934818481848185
untouched,level,extra,2,0.8569063898964153,0.8069967899694629,0.3755775577557756
untouched,level,extra,3,0.8805022247274232,0.8516136568548969,0.30165016501650166
untouched,level,extra,4,0.9423952989358342,0.911967492983207,0.16534653465346535
untouched,level,extra,5,0.9651138504939603,0.9411747360697683,0.10305280528052804
untouched,level,extra,all,0.8654784362099575,0.829863857959152,0.3278217821782179
untouched,level,all,1,0.7440226161751142,0.6957812603899391,0.5629494528400208
untouched,level,all,2,0.8232226659351709,0.7739262137466537,0.4112384922702797
untouched,level,all,3,0.8558975842868289,0.8118734437017706,0.33811012680215385
untouched,level,all,4,0.8914211942298972,0.8481342665558269,0.2584679520583637
untouched,level,all,5,0.9124567078906951,0.872978640726933,0.20529789821087374
untouched,level,all,all,0.8454041537035413,0.8005387650242248,0.35521278443633847
untouched,global_level,common,1,0.7000056276254686,0.6608859997303296,0.6309130913091309
untouched,global_level,common,2,0.7645008150980114,0.7196792628102939,0.5041804180418041
untouched,global_level,common,3,0.8087116295787994,0.761888978059709,0.4243344334433443
untouched,global_level,common,4,0.8483595072378525,0.8032612392015968,0.3464906490649065
untouched,global_level,common,5,0.8754819897831367,0.8348203424084094,0.2894829482948295
untouched,global_level,common,all,0.7994119138646538,0.7561071644420677,0.43908030803080306
untouched,global_level,extra,1,0.6244190520537203,0.595441421410513,0.7932343234323432
untouched,global_level,extra,2,0.8022467704691261,0.7486807035140868,0.49620462046204616
untouched,global_level,extra,3,0.857957948022525,0.8260614372605191,0.3335808580858086
untouched,global_level,extra,4,0.9140000163382674,0.8855437209655804,0.2188943894389439
untouched,global_level,extra,5,0.9463342918450262,0.9235788312806993,0.15264026402640263
untouched,global_level,extra,all,0.8289916157457331,0.7958612228862798,0.39891089108910893
untouched,global_level,all,1,0.684092664347206,0.647108193768263,0.6650859822824389
untouched,global_level,all,2,0.7724473320182461,0.7257848292742504,0.5025013027618551
untouched,global_level,all,3,0.8190792755669523,0.775398969470406,0.40522841757859995
untouched,global_level,all,4,0.8621785617853083,0.8205838669413826,0.3196282786173354
untouched,global_level,all,5,0.8903982639014292,0.8535063400657336,0.26067396213305544
untouched,global_level,all,all,0.8056392195238282,0.7644764399040074,0.430623588674657
untouched,means_knn,common,1,0.7213417275720971,0.673518908694225,0.5983278327832784
untouched,means_knn,common,2,0.7762024275034765,0.7257548930367442,0.5002860286028603
untouched,means_knn,common,3,0.8154234406939044,0.766523445210222,0.4246644664466447
untouched,means_knn,common,4,0.8384370740704435,0.7921823402359955,0.36475247524752474
untouched,means_knn,common,5,0.8555255294506348,0.8100365698778013,0.3167656765676567
untouched,means_knn,common,all,0.8013860398581111,0.7536032314109975,0.44095929592959304
untouched,means_knn,extra,1,0.6489919425110828,0.6038397121291652,0.7503300330033003
untouched,means_knn,extra,2,0.8142293375377141,0.7551120920147636,0.4928217821782178
untouched,means_knn,extra,3,0.8617714085765013,0.8185303222219804,0.36518151815181515
untouched,means_knn,extra,4,0.936125706630069,0.8962901668082512,0.17846534653465346
untouched,means_knn,extra,5,0.9563575738761995,0.9246912322452852,0.1183993399339934
untouched,means_knn,extra,all,0.8434951938263133,0.7996927050838891,0.381039603960396
untouched,means_knn,all,1,0.7061101938750415,0.6588496041542123,0.6303282959874935
untouched,means_knn,all,2,0.7842080927738423,0.7319353559794853,0.4987146083029356
untouched,means_knn,all,3,0.8251809076165565,0.7774722614232237,0.4121417404898385
untouched,means_knn,all,4,0.8590031019777329,0.8140997774091021,0.3255341323606045
untouched,means_knn,all,5,0.8767533282770694,0.8341743935341135,0.2750043425395171
untouched,means_knn,all,all,0.8102511249040484,0.7633062785000275,0.4283446239360779
untouched,means_own,common,1,0.6727233423012267,0.6352846374919703,0.683960396039604
untouched,means_own,common,2,0.7409582430190214,0.6964623751724178,0.5552915291529154
untouched,means_own,common,3,0.7932681472767739,0.7474901099775175,0.4611661166116612
untouched,means_own,common,4,0.8373284318530861,0.7932149458106278,0.3703190319031904
untouched,means_own,common,5,0.8670836773446322,0.8259330476899464,0.30767876787678766
untouched,means_own,common,all,0.7822723683589481,0.739677023228496,0.47568316831683166
untouched,means_own,extra,1,0.6023792465880251,0.5737162464873808,0.8252475247524753
untouched,means_own,extra,2,0.774091224716531,0.7199923760702975,0.5573432343234324
untouched,means_own,extra,3,0.8383717146467121,0.8002915875938094,0.38325082508250824
untouched,means_own,extra,4,0.8947188184164953,0.861356606156404,0.25709570957095707
untouched,means_own,extra,5,0.9323344388894335,0.9043040813977047,0.18234323432343233
untouched,means_own,extra,all,0.8083790886514395,0.7719321795411193,0.441056105610561
untouched,means_own,all,1,0.6579140589931843,0.6223228709646884,0.7137050547159979
untouched,means_own,all,2,0.7479336075869182,0.7014160595719714,0.5557234670835506
untouched,means_own,all,3,0.8027636351441293,0.7586062105283159,0.4447628973423658
untouched,means_own,all,4,0.8494106184980145,0.8075605585150016,0.34648254299114123
untouched,means_own,all,5,0.8808206797751167,0.8424322126810534,0.2812923397602918
untouched,means_own,all,all,0.7877685199994727,0.7464675824522062,0.4683932603786694
untouched,saod_top3,common,1,0.5783220744516696,0.5482574857937376,0.8784598459845986
untouched,saod_top3,common,2,0.6228356805977627,0.5810555385755328,0.8295709570957096
untouched,saod_top3,common,3,0.679716977638358,0.6296578526771077,0.750935093509351
untouched,saod_top3,common,4,0.7402357321540735,0.6863737276893594,0.6494609460946095
untouched,saod_top3,common,5,0.7935389921830467,0.7431631726351091,0.5458085808580858
untouched,saod_top3,common,all,0.682929891404982,0.6377015554741693,0.7308470847084707
untouched,saod_top3,extra,1,0.5296226268666471,0.5166811590280924,0.9273927392739274
untouched,saod_top3,extra,2,0.5753990485682232,0.5466470543491226,0.8850660066006601
untouched,saod_top3,extra,3,0.6156627209750678,0.577658158992164,0.8358085808580857
untouched,saod_top3,extra,4,0.6642395761853412,0.6161053997672371,0.7765676567656766
untouched,saod_top3,extra,5,0.7267286976222375,0.6769427138810382,0.6824257425742575
untouched,saod_top3,extra,all,0.6223305340435032,0.5868068972035309,0.8214521452145214
untouched,saod_top3,all,1,0.5680695591706121,0.5416098380536019,0.8887615077297203
untouched,saod_top3,all,2,0.6128490212231227,0.5738116471594464,0.8412541254125413
untouched,saod_top3,all,3,0.666231870972402,0.6187105487434356,0.7688031961090845
untouched,saod_top3,all,4,0.7242365414238141,0.6715803954952284,0.6762202536043077
untouched,saod_top3,all,5,0.77947366701235,0.7292220234237257,0.5745700885878062
untouched,saod_top3,all,all,0.6701721319604602,0.6269868905750876,0.7499218342886919
untouched,saod_min,common,1,0.6097305238774703,0.595949520242107,0.8947634763476349
untouched,saod_min,common,2,0.6670797815755172,0.6514535950519263,0.8478767876787678
untouched,saod_min,common,3,0.7335764975837515,0.7176128620813763,0.753179317931793
untouched,saod_min,common,4,0.7987677714966215,0.7826006953071597,0.6142354235423542
untouched,saod_min,common,5,0.8478229657949293,0.8311025780716292,0.4692409240924093
untouched,saod_min,common,all,0.7313955080656581,0.7157438501508397,0.7158591859185919
untouched,saod_min,extra,1,0.544269815595421,0.5361797398790463,0.93003300330033
untouched,saod_min,extra,2,0.6094244845276607,0.5965223054772651,0.8938118811881188
untouched,saod_min,extra,3,0.6611593906915444,0.6474818398214984,0.8443069306930693
untouched,saod_min,extra,4,0.7197533466217909,0.7044354550515064,0.7693894389438943
untouched,saod_min,extra,5,0.7875571975514383,0.7714505134397125,0.6248349834983499
untouched,saod_min,extra,all,0.6644328469975711,0.6512139707338057,0.8124752475247524
untouched,saod_min,all,1,0.595949322133881,0.5833664085867258,0.9021886399166232
untouched,saod_min,all,2,0.6549418243022843,0.6398891130362083,0.8575473336807365
untouched,saod_min,all,3,0.7183307908696027,0.7028484363424546,0.7723640785131144
untouched,saod_min,all,4,0.7821331557334994,0.7661448552533379,0.6468994267847836
untouched,saod_min,all,5,0.8351354356384049,0.8185442486754363,0.5019975681778703
untouched,saod_min,all,all,0.7172981057355345,0.7021586123788325,0.7361994094146257
untouched,contrastive,common,1,0.5277947332687064,0.51342443780593,0.9270407040704068
untouched,contrastive,common,2,0.5456768944221154,0.521727591067516,0.9094609460946095
untouched,contrastive,common,3,0.5696437894614544,0.5338148102299439,0.8821782178217821
untouched,contrastive,common,4,0.5966058156970813,0.5486872706726179,0.8369416941694169
untouched,contrastive,common,5,0.6064926459642663,0.5498180496806471,0.7984598459845985
untouched,contrastive,common,all,0.5692427757627248,0.533494431891331,0.8708162816281628
untouched,contrastive,extra,1,0.5081760094326264,0.5018532567854094,0.93993399339934
untouched,contrastive,extra,2,0.5320839324031413,0.5152217835968528,0.9243399339933993
untouched,contrastive,extra,3,0.5479060467927981,0.5231103973227706,0.9086633663366336
untouched,contrastive,extra,4,0.5825273121371543,0.5568755225092128,0.8761551155115511
untouched,contrastive,extra,5,0.6011534816848021,0.5580561393962993,0.8347359735973598
untouched,contrastive,extra,all,0.5543693564901045,0.531023419922109,0.8967656765676567
untouched,contrastive,all,1,0.5236644756190053,0.5109883996963466,0.929755080771235
untouched,contrastive,all,2,0.5428152182075946,0.5203579473894816,0.9125933645996178
untouched,contrastive,all,3,0.5650674225838426,0.5315612496179076,0.8877540385617511
untouched,contrastive,all,4,0.5936419202107808,0.5504111131645327,0.8451971512940768
untouched,contrastive,all,5,0.605368611379116,0.5515523843576263,0.8060969254820219
untouched,contrastive,all,all,0.5661115296000678,0.5329742188451789,0.8762793121417404
untouched,knn,common,1,0.546339556397884,0.5255339541831047,0.9062486248624863
untouched,knn,common,2,0.5593305413049556,0.5298276321679468,0.8896149614961496
untouched,knn,common,3,0.5915770131468592,0.5587072857478025,0.8618261826182618
untouched,knn,common,4,0.6262822308633503,0.5895534295170548,0.814015401540154
untouched,knn,common,5,0.65246723451223,0.6075592480218913,0.7656765676567657
untouched,knn,common,all,0.5951993152450558,0.5622363099275601,0.8474763476347634
untouched,knn,extra,1,0.5176335925671776,0.5054481223762981,0.9190594059405941
untouched,knn,extra,2,0.5868998001285277,0.5657759284428405,0.8667491749174917
untouched,knn,extra,3,0.6054661852323846,0.5733010387361872,0.8636138613861386
untouched,knn,extra,4,0.6746659368907189,0.6345946196150137,0.722937293729373
untouched,knn,extra,5,0.7283185744317007,0.6758473246349321,0.6499174917491749
untouched,knn,extra,all,0.6225968178501018,0.5909934067610545,0.8044554455445544
untouched,knn,all,1,0.5402961955914195,0.5213053580132505,0.9089456314052459
untouched,knn,all,2,0.5651345957941287,0.5373956945416086,0.8848011116901165
untouched,knn,all,3,0.5945010493753909,0.5617796547979887,0.862202536043078
untouched,knn,all,4,0.6364682742375332,0.5990357853271513,0.7948410630536739
untouched,knn,all,5,0.6684359376531712,0.6219356852035842,0.7413062358867467
untouched,knn,all,all,0.6009672105303288,0.5682904355767169,0.8384193156157721
untouched,discopatch,common,1,0.6761855881957832,0.6462970039289845,0.7486248624862486
untouched,discopatch,common,2,0.7307632730269726,0.6968543976697309,0.6393179317931793
untouched,discopatch,common,3,0.7746432884212514,0.736040237487322,0.5468426842684269
untouched,discopatch,common,4,0.8027464010427446,0.7622928784954586,0.4843564356435643
untouched,discopatch,common,5,0.8226638310695757,0.7828999838776778,0.4384158415841584
untouched,discopatch,common,all,0.7614004763512654,0.7248769002918346,0.5715115511551155
untouched,discopatch,extra,1,0.6315325703362415,0.6108953742036356,0.818976897689769
untouched,discopatch,extra,2,0.7519282423291834,0.7097818508132956,0.6410891089108911
untouched,discopatch,extra,3,0.7536198793146642,0.7242147546249461,0.5642739273927393
untouched,discopatch,extra,4,0.7836864305242406,0.7442772660869588,0.4931518151815182
untouched,discopatch,extra,5,0.8206294589855025,0.7748179663254295,0.40577557755775573
untouched,discopatch,extra,all,0.7482793162979664,0.7127974424108532,0.5846534653465347
untouched,discopatch,all,1,0.6667849528569324,0.6388440292499638,0.7634358172659371
untouched,discopatch,all,2,0.7352190560379643,0.6995759667525865,0.6396908111863817
untouched,discopatch,all,3,0.7702173075567067,0.7335506621478743,0.5505124196630189
untouched,discopatch,all,4,0.7987337756704279,0.758500117988406,0.48620809449365987
untouched,discopatch,all,5,0.8222355422097707,0.7811985064982573,0.4315442070522842
untouched,discopatch,all,all,0.7586381268663603,0.7223338565274173,0.5742782699322564
untouched,hashemi,common,1,0.4438999408191645,0.4552793024400709,0.9582398239823982
untouched,hashemi,common,2,0.42586797227577544,0.4430261749324098,0.959009900990099
untouched,hashemi,common,3,0.4226019634966797,0.4410391915950823,0.9573817381738174
untouched,hashemi,common,4,0.42375541613567297,0.44197718037543876,0.9542134213421343
untouched,hashemi,common,5,0.43211842339349443,0.4505951969985234,0.9508250825082507
untouched,hashemi,common,all,0.42964874322415736,0.44638340926830505,0.9559339933993398
untouched,hashemi,extra,1,0.47129460347024804,0.4758946294306864,0.9539603960396039
untouched,hashemi,extra,2,0.44324695835920225,0.4562753375086271,0.9534653465346534
untouched,hashemi,extra,3,0.41619732270256726,0.44053860930185396,0.9634488448844885
untouched,hashemi,extra,4,0.4330108976244159,0.4458718264787336,0.9428217821782179
untouched,hashemi,extra,5,0.428175328671481,0.4397610683616785,0.9466171617161716
untouched,hashemi,extra,all,0.43838502216558295,0.4516682942163158,0.9520627062706272
untouched,hashemi,all,1,0.4496672382193925,0.45961937128020053,0.9573388917839152
untouched,hashemi,all,2,0.4295267061880758,0.4458154723168766,0.9578426263679001
untouched,hashemi,all,3,0.42125361806634026,0.4409338058491395,0.9586590237971166
untouched,hashemi,all,4,0.42570393855435573,0.4427971058708694,0.9518151815181518
untouched,hashemi,all,5,0.43128829818886005,0.4483143278118192,0.9499392044467605
untouched,hashemi,all,all,0.4314879598434048,0.447496016625781,0.9551189855827689
untouched,hashemi_enc,common,1,0.4254061475454476,0.4500556510361691,0.9675467546754675
untouched,hashemi_enc,common,2,0.38604322742505276,0.42891553038777347,0.9718151815181517
untouched,hashemi_enc,common,3,0.3528205985615063,0.4128649655267997,0.9752695269526952
untouched,hashemi_enc,common,4,0.30640083579315025,0.3955612238458393,0.9766996699669969
untouched,hashemi_enc,common,5,0.26249076161741586,0.3824239547547875,0.9821562156215621
untouched,hashemi_enc,common,all,0.3466323141885146,0.4139642651102738,0.9746974697469745
untouched,hashemi_enc,extra,1,0.4462010532736442,0.4587561989779101,0.9625412541254126
untouched,hashemi_enc,extra,2,0.429842390179612,0.4469987085964565,0.961963696369637
untouched,hashemi_enc,extra,3,0.3821628734655644,0.42134673001323397,0.9656765676567656
untouched,hashemi_enc,extra,4,0.3994437909137448,0.4564478304873585,0.9456270627062706
untouched,hashemi_enc,extra,5,0.3496713285189905,0.43069105018166753,0.9559405940594059
untouched,hashemi_enc,extra,all,0.4014642872703112,0.4428481036513253,0.9583498349834982
untouched,hashemi_enc,all,1,0.42978402243559427,0.45188734533969344,0.9664929650859824
untouched,hashemi_enc,all,2,0.39526410379443366,0.43272251527381206,0.9697411846447804
untouched,hashemi_enc,all,3,0.3589979195939396,0.41465060015552274,0.9732499565746048
untouched,hashemi_enc,all,4,0.3259888263448544,0.40837945682300125,0.9701580684384228
untouched,hashemi_enc,all,5,0.2808445651756421,0.3925854485288676,0.9766371373979502
untouched,hashemi_enc,all,all,0.3581758874688927,0.4200450732241795,0.9712558624283482
untouched,cdf,common,1,0.7081677903763973,0.6610694773832168,0.6352915291529153
untouched,cdf,common,2,0.7821013698729609,0.7324998027958058,0.4953135313531353
untouched,cdf,common,3,0.837432924150501,0.7885236532693164,0.3897689768976898
untouched,cdf,common,4,0.878438126981015,0.836178450754235,0.2972937293729373
untouched,cdf,common,5,0.9019788110824283,0.8647453210501024,0.24415841584158413
untouched,cdf,common,all,0.8216238044926605,0.7766033410505353,0.4123652365236523
untouched,cdf,extra,1,0.6103119111416093,0.5797733202988347,0.804950495049505
untouched,cdf,extra,2,0.7628302100011981,0.703429502902183,0.5476897689768976
untouched,cdf,extra,3,0.8338399421625331,0.7924918454665147,0.37161716171617165
untouched,cdf,extra,4,0.8967504275179993,0.8663998966571109,0.2513201320132013
untouched,cdf,extra,5,0.934895761853413,0.911813119078458,0.16848184818481848
untouched,cdf,extra,all,0.8077256505353507,0.7707815368806203,0.4288118811881188
untouched,cdf,all,1,0.6875665526427577,0.6439544969443994,0.6710092061837762
untouched,cdf,all,2,0.7780442835841688,0.7263797396603063,0.5063401076949801
untouched,cdf,all,3,0.8366765068898762,0.7893590621529372,0.38594754212263327
untouched,cdf,all,4,0.8822933481466958,0.8425408604179986,0.2876150772972034
untouched,cdf,all,5,0.9089086954552672,0.8746543311613353,0.22822650686121246
untouched,cdf,all,all,0.8186978773437534,0.7753776980673954,0.4158276880319611
untouched,cdf_sum,common,1,0.6458545966807904,0.609638318912307,0.7546094609460946
untouched,cdf_sum,common,2,0.7233456850635559,0.6785110278687241,0.6261606160616062
untouched,cdf_sum,common,3,0.7939647020807692,0.7457082932503526,0.5005720572057206
untouched,cdf_sum,common,4,0.8507133287586183,0.806974147726007,0.37293729372937284
untouched,cdf_sum,common,5,0.8831425531992142,0.8448593704440247,0.29617161716171625
untouched,cdf_sum,common,all,0.7794041731565895,0.737138231640283,0.5100902090209022
untouched,cdf_sum,extra,1,0.5640873443780021,0.5448268630338358,0.8741749174917492
untouched,cdf_sum,extra,2,0.6859613028134497,0.6361375092752681,0.698019801980198
untouched,cdf_sum,extra,3,0.7755221301833154,0.7282446421173114,0.5131188118811881
untouched,cdf_sum,extra,4,0.8504308401137143,0.8117694771822912,0.35189768976897695
untouched,cdf_sum,extra,5,0.9021473929571174,0.8730430413293807,0.24100660066006602
untouched,cdf_sum,extra,all,0.7556298020891197,0.7188043065876173,0.5356435643564356
untouched,cdf_sum,all,1,0.6286404383012559,0.5959938018852604,0.7797811360083375
untouched,cdf_sum,all,2,0.7154752888003756,0.6695902871122069,0.6412888657286782
untouched,cdf_sum,all,3,0.7900820553655157,0.7420317351170806,0.5032134792426611
untouched,cdf_sum,all,4,0.8506538574649545,0.8079836907694352,0.3685079034219212
untouched,cdf_sum,all,5,0.8871435720956149,0.8507927748409417,0.2845579294771583
untouched,cdf_sum,all,all,0.7743990424055434,0.733278457944985,0.5154698627757512
untouched,niqe,common,1,0.8095929665573819,0.7840533820850853,0.4381518151815181
untouched,niqe,common,2,0.843094504169889,0.8238751745044183,0.3644664466446645
untouched,niqe,common,3,0.8586105719482838,0.8433521797933167,0.335027502750275
untouched,niqe,common,4,0.8760854309853426,0.865968899533165,0.2878987898789879
untouched,niqe,common,5,0.8844698885730156,0.8749442803617772,0.2618921892189219
untouched,niqe,common,all,0.8543706724467827,0.8384387832555524,0.3374873487348735
untouched,niqe,extra,1,0.6770400096940387,0.6532985557614769,0.6392739273927392
untouched,niqe,extra,2,0.7448181142371663,0.7183072019034326,0.560891089108911
untouched,niqe,extra,3,0.8069841328192224,0.7890843167834667,0.4193894389438944
untouched,niqe,extra,4,0.7737853315034474,0.7556481050063427,0.43184818481848186
untouched,niqe,extra,5,0.8243054602489952,0.8087679499019901,0.33613861386138616
untouched,niqe,extra,all,0.7653866097005741,0.7450212258713418,0.47750825082508247
untouched,niqe,all,1,0.7816870809019412,0.7565260502274839,0.4804933124891436
untouched,niqe,all,2,0.8224047378682633,0.8016503381673686,0.4058190029529269
untouched,niqe,all,3,0.8477418479211131,0.8319273665280852,0.3527879103699844
untouched,niqe,all,4,0.8545485679365227,0.8427434691064656,0.31820392565572353
untouched,niqe,all,5,0.8718036931363797,0.8610124213176115,0.2775230154594407
untouched,niqe,all,all,0.8356371855528443,0.818771929069403,0.3669654333854438
untouched,niqe_default,common,1,0.7511005021294209,0.732175504751632,0.49678767876787683
untouched,niqe_default,common,2,0.7859487196244377,0.7741872301212609,0.4188778877887789
untouched,niqe_default,common,3,0.799743118866342,0.7885288435946307,0.39388338833883385
untouched,niqe_default,common,4,0.8235103312311428,0.8164632793752475,0.3362156215621563
untouched,niqe_default,common,5,0.833877085398309,0.8302194663674977,0.3143234323432343
untouched,niqe_default,common,all,0.7988359514499305,0.7883148648420537,0.392017601760176
untouched,niqe_default,extra,1,0.6999250754283348,0.6746235353162291,0.5922442244224422
untouched,niqe_default,extra,2,0.7825783011469465,0.7611245401757464,0.45404290429042904
untouched,niqe_default,extra,3,0.8263394247840625,0.8114477491154372,0.3523102310231023
untouched,niqe_default,extra,4,0.8139607228049538,0.7991664169258799,0.3502475247524752
untouched,niqe_default,extra,5,0.8569212168741627,0.8402721431134292,0.28803630363036303
untouched,niqe_default,extra,all,0.7959449482076921,0.7773268769293443,0.40737623762376235
untouched,niqe_default,all,1,0.740326728087087,0.720059300659968,0.5168837936425221
untouched,niqe_default,all,2,0.7852391578397027,0.7714371901327316,0.4262810491575473
untouched,niqe_default,all,3,0.8053423411648095,0.7933538763358531,0.3851311446934167
untouched,niqe_default,all,4,0.8214998873519451,0.812821834649065,0.3391697064443287
untouched,niqe_default,all,5,0.8387284814984887,0.8323358193666411,0.30878929998262994
untouched,niqe_default,all,all,0.7982273191884065,0.7860016042288518,0.395250998784089
untouched,arniqa,common,1,0.8759392543214717,0.8596008266154247,0.2884708470847085
untouched,arniqa,common,2,0.9170025233546457,0.9070959662230251,0.21190319031903193
untouched,arniqa,common,3,0.9366245284594468,0.9315236741935558,0.16182618261826184
untouched,arniqa,common,4,0.9503462405646504,0.9487142491298023,0.1192959295929593
untouched,arniqa,common,5,0.9532158139906399,0.9511243618100842,0.1148954895489549
untouched,arniqa,common,all,0.9266256721381712,0.9196118155943783,0.17927832783278327
untouched,arniqa,extra,1,0.8453667260290386,0.8211510055224294,0.3365511551155116
untouched,arniqa,extra,2,0.9109785533008746,0.8990436639384181,0.22813531353135316
untouched,arniqa,extra,3,0.8830011899704822,0.862853267071679,0.33473597359735974
untouched,arniqa,extra,4,0.9359538008256272,0.9137294478679334,0.1693069306930693
untouched,arniqa,extra,5,0.9469388077421603,0.9251379518269558,0.14183168316831682
untouched,arniqa,extra,all,0.9044478155736366,0.884383067245483,0.24211221122112211
untouched,arniqa,all,1,0.8695029325756963,0.8515061274379518,0.2985930171964565
untouched,arniqa,all,2,0.9157343191327992,0.905400744689424,0.2153204794163627
untouched,arniqa,all,3,0.9253354045670331,0.9170667463784239,0.1982282438770193
untouched,arniqa,all,4,0.947316253251172,0.9413490278115141,0.12982456140350876
untouched,arniqa,all,5,0.9518943389909601,0.9456535386557413,0.12056626715303109
untouched,arniqa,all,all,0.9219566497035322,0.912195236994611,0.1925065138092756
untouched,arniqa_proto,common,1,0.9241157293947218,0.9068860287766228,0.17859185918591863
untouched,arniqa_proto,common,2,0.9420875295450337,0.9281147584312008,0.13755775577557755
untouched,arniqa_proto,common,3,0.949388828981908,0.936465925070851,0.11938393839383937
untouched,arniqa_proto,common,4,0.9552185406659478,0.9436294173294132,0.10365236523652364
untouched,arniqa_proto,common,5,0.9583002065883157,0.9471633261431457,0.09564356435643566
untouched,arniqa_proto,common,all,0.9458221670351852,0.9324518911502466,0.12696589658965898
untouched,arniqa_proto,extra,1,0.8454649326318769,0.8221299363875633,0.3066831683168317
untouched,arniqa_proto,extra,2,0.8902016550664967,0.8590619338365975,0.23448844884488448
untouched,arniqa_proto,extra,3,0.8606808972976505,0.8231929331001219,0.3395214521452145
untouched,arniqa_proto,extra,4,0.8954208056944308,0.8657279615194029,0.19900990099009902
untouched,arniqa_proto,extra,5,0.9117927980916904,0.8826438074145534,0.17161716171617164
untouched,arniqa_proto,extra,all,0.8807122177564292,0.8505513144516479,0.2502640264026402
untouched,arniqa_proto,all,1,0.9075576669183333,0.8890426409052419,0.2055584505819003
untouched,arniqa_proto,all,2,0.9311641875495521,0.9135773216744422,0.15796421747437903
untouched,arniqa_proto,all,3,0.9307134749431168,0.9126189793928029,0.16572867813097097
untouched,arniqa_proto,all,4,0.9426295438298391,0.9272291108430953,0.12372763592148689
untouched,arniqa_proto,all,5,0.9485091732206051,0.9335802695687052,0.11163800590585375
untouched,arniqa_proto,all,all,0.9321148092922894,0.9152096644768571,0.15292339760291818
untouched,clipiqa,common,1,0.7564654481949844,0.7156355750166695,0.5915071507150714
untouched,clipiqa,common,2,0.7979411495605007,0.7533557428018453,0.498987898789879
untouched,clipiqa,common,3,0.8094390637083512,0.7599771749207013,0.46591859185918594
untouched,clipiqa,common,4,0.8240462844964362,0.7760664326733019,0.4041804180418042
untouched,clipiqa,common,5,0.825855322826012,0.7772606540339714,0.3756435643564356
untouched,clipiqa,common,all,0.8027494537572569,0.7564591158892978,0.46724752475247516
untouched,clipiqa,extra,1,0.6306718159439707,0.6008109531509505,0.7674092409240925
untouched,clipiqa,extra,2,0.6274877054537137,0.5982833052722515,0.716006600660066
untouched,clipiqa,extra,3,0.6808701625113006,0.632568113360133,0.6686468646864687
untouched,clipiqa,extra,4,0.6928180516071409,0.6483780343008166,0.6401815181518152
untouched,clipiqa,extra,5,0.7294266765785489,0.6756588951750089,0.5843234323432343
untouched,clipiqa,extra,all,0.6722548824189349,0.6311398602518322,0.6753135313531353
untouched,clipiqa,all,1,0.7299825782474026,0.6914619704133601,0.6285391697064443
untouched,clipiqa,all,2,0.7620562139590717,0.7207089138482466,0.5446760465520236
untouched,clipiqa,all,3,0.7823719266142352,0.7331542145921606,0.508598228243877
untouched,clipiqa,all,4,0.79641928809869,0.7491846645948841,0.4538648601702276
untouched,clipiqa,all,5,0.8055545551949671,0.7558708100636633,0.41957616814313015
untouched,clipiqa,all,all,0.7752769124228732,0.7300761147024629,0.5110508945631407
held_out,two_axis,common,1,0.8623791348379631,0.8224546989932175,0.3784027777777778
held_out,two_axis,common,2,0.9044507957175925,0.8731727634733413,0.2600277777777778
held_out,two_axis,common,3,0.926024994212963,0.900016292694634,0.1987638888888889
held_out,two_axis,common,4,0.9395846701388889,0.9160345194605697,0.16
held_out,two_axis,common,5,0.9511692216435186,0.9300240841880749,0.13345833333333335
held_out,two_axis,common,all,0.9167217633101852,0.8883404717619675,0.22613055555555556
held_out,two_axis,extra,1,0.7053783365885417,0.6618995086059594,0.6977604166666667
held_out,two_axis,extra,2,0.8483999294704861,0.8096296140196035,0.420625
held_out,two_axis,extra,3,0.859140695529514,0.8464818167495797,0.3271354166666667
held_out,two_axis,extra,4,0.9233773328993056,0.9051982346721906,0.20848958333333334
held_out,two_axis,extra,5,0.9553379665798611,0.9433263897155095,0.14651041666666667
held_out,two_axis,extra,all,0.8583268522135417,0.8333071127525684,0.3601041666666666
held_out,two_axis,all,1,0.8293263352065058,0.7886536062801106,0.4456359649122807
held_out,two_axis,all,2,0.8926506133497807,0.8597952583251861,0.2938377192982456
held_out,two_axis,all,3,0.9119440892269738,0.8887458767062015,0.22578947368421054
held_out,two_axis,all,4,0.9361725991410819,0.9137531963472266,0.17020833333333332
held_out,two_axis,all,5,0.9520468521564327,0.9328245695622716,0.1362061403508772
held_out,two_axis,all,all,0.904428097816155,0.8767545014441993,0.2543355263157895
held_out,peak_share,common,1,0.8162211342592595,0.7679566071843886,0.44388888888888883
held_out,peak_share,common,2,0.877518929398148,0.8358266841122953,0.2989722222222222
held_out,peak_share,common,3,0.9135251041666667,0.8779163097909832,0.21481944444444448
held_out,peak_share,common,4,0.9346786082175925,0.9046320975686775,0.16391666666666668
held_out,peak_share,common,5,0.9497129861111111,0.9232811611278617,0.12872222222222224
held_out,peak_share,common,all,0.8983313524305555,0.8619225719568412,0.25006388888888886
held_out,peak_share,extra,1,0.679755929904514,0.6417173147587338,0.714375
held_out,peak_share,extra,2,0.8484450575086806,0.8021228150419639,0.41010416666666666
held_out,peak_share,extra,3,0.8719701009114582,0.8478716820999537,0.31546875
held_out,peak_share,extra,4,0.9375199544270834,0.9139554060428876,0.1690625
held_out,peak_share,extra,5,0.9658874782986111,0.9498860864070358,0.09994791666666666
held_out,peak_share,extra,all,0.8607157042100694,0.8311106608701151,0.3417916666666667
held_out,peak_share,all,1,0.7874916175529971,0.7413799140421456,0.5008333333333335
held_out,peak_share,all,2,0.8713981142635235,0.8287311327290676,0.32236842105263164
held_out,peak_share,all,3,0.9047766824287281,0.8715911250139244,0.23600877192982458
held_out,peak_share,all,4,0.9352767863669589,0.9065948993527216,0.16499999999999998
held_out,peak_share,all,5,0.9531181423611111,0.9288821980287405,0.12266447368421052
held_out,peak_share,all,all,0.8904122685946638,0.8554358538333199,0.269375
held_out,level,common,1,0.7611155063657408,0.7118136852172926,0.5249166666666666
held_out,level,common,2,0.8148173292824074,0.7657734030726714,0.41884722222222226
held_out,level,common,3,0.8500141174768518,0.802087777692312,0.345125
held_out,level,common,4,0.8780898263888888,0.8316192244176602,0.2816666666666667
held_out,level,common,5,0.8985946325231481,0.8554720791983994,0.23174999999999998
held_out,level,common,all,0.8405262824074075,0.7933532339196671,0.36046111111111107
held_out,level,extra,1,0.6829836100260416,0.6375080614281121,0.6931770833333333
held_out,level,extra,2,0.8575674858940971,0.8084631295240912,0.37354166666666666
held_out,level,extra,3,0.8810478461371528,0.853460584987193,0.3020833333333333
held_out,level,extra,4,0.94276240234375,0.9129370669513026,0.16286458333333334
held_out,level,extra,5,0.9653842881944446,0.9421860825802502,0.10182291666666667
held_out,level,extra,all,0.8659491265190973,0.8309109850941898,0.3266979166666667
held_out,level,all,1,0.7446666860836988,0.6961703959985178,0.5603399122807018
held_out,level,all,2,0.8238173622532896,0.7747607139045494,0.4093092105263158
held_out,level,all,3,0.8565475340369152,0.8129031055438658,0.336063596491228
held_out,level,all,4,0.8917051055372806,0.8487387702142164,0.256655701754386
held_out,level,all,5,0.9126556126644737,0.8737276588577363,0.2043969298245614
held_out,level,all,all,0.8458784601151317,0.8012601289037771,0.3533530701754386
held_out,global_level,common,1,0.6999147164351852,0.6608110011174227,0.6309583333333334
held_out,global_level,common,2,0.7642966782407409,0.7197530234806371,0.5062083333333333
held_out,global_level,common,3,0.8087511168981482,0.7623652735512889,0.42434722222222226
held_out,global_level,common,4,0.8482128038194444,0.803535301572699,0.3464861111111111
held_out,global_level,common,5,0.8754955613425925,0.8352835364855925,0.29015277777777776
held_out,global_level,common,all,0.7993341753472223,0.7563496272415281,0.4396305555555556
held_out,global_level,extra,1,0.6239578504774306,0.5948408840564826,0.7915625000000001
held_out,global_level,extra,2,0.8028500054253472,0.7494140796480916,0.48953125
held_out,global_level,extra,3,0.8589548556857639,0.8276766671587887,0.33333333333333337
held_out,global_level,extra,4,0.9143570638020833,0.8864280339257761,0.21989583333333335
held_out,global_level,extra,5,0.9463831271701388,0.9240986218661269,0.15234375
held_out,global_level,extra,all,0.8293005805121527,0.7964916573310531,0.3973333333333333
held_out,global_level,all,1,0.6839237972861841,0.6469225554203826,0.6647697368421052
held_out,global_level,all,2,0.7724131681743421,0.725997456357996,0.5026973684210526
held_out,global_level,all,3,0.8193203250639619,0.776115040626552,0.40518640350877194
held_out,global_level,all,4,0.8621379111842105,0.8209864031207154,0.31983552631578943
held_out,global_level,all,5,0.8904192594115498,0.8539814491972839,0.26114035087719306
held_out,global_level,all,all,0.8056428922240496,0.7648005809445861,0.4307258771929824
held_out,means_knn,common,1,0.7209222366898148,0.6727249092348573,0.5972361111111112
held_out,means_knn,common,2,0.7756547077546296,0.7251987859814293,0.49974999999999997
held_out,means_knn,common,3,0.8151604918981482,0.7660893023224925,0.42191666666666666
held_out,means_knn,common,4,0.8382428009259257,0.7917224375197748,0.3635138888888889
held_out,means_knn,common,5,0.8555453096064815,0.8097198185213338,0.31548611111111113
held_out,means_knn,common,all,0.801105109375,0.7530910507159775,0.4395805555555556
held_out,means_knn,extra,1,0.6485880045572916,0.6027501487038944,0.7489062500000001
held_out,means_knn,extra,2,0.8131088053385416,0.7542626399726957,0.48854166666666665
held_out,means_knn,extra,3,0.8611756130642361,0.8188085485701011,0.3677083333333333
held_out,means_knn,extra,4,0.9353997829861112,0.8958834677609706,0.17901041666666667
held_out,means_knn,extra,5,0.9559409722222222,0.9245921243332863,0.12062500000000001
held_out,means_knn,extra,all,0.8428426356336806,0.7992593858681897,0.38095833333333334
held_out,means_knn,all,1,0.7056939772934941,0.657993380702023,0.6291666666666667
held_out,means_knn,all,2,0.78353978093019,0.7313174920848539,0.497390350877193
held_out,means_knn,all,3,0.8248478858278508,0.7771880910061996,0.41050438596491223
held_out,means_knn,all,4,0.8586969024122807,0.8136510754652896,0.32467105263157897
held_out,means_knn,all,5,0.8766812385782164,0.8339034618501656,0.27446271929824556
held_out,means_knn,all,all,0.8098919570084065,0.7628107002217063,0.4272390350877194
held_out,means_own,common,1,0.6716343431712963,0.6343553056476511,0.6842638888888889
held_out,means_own,common,2,0.7396213802083333,0.6955664782712834,0.5594444444444445
held_out,means_own,common,3,0.7921464062500001,0.7470246711336471,0.4640833333333333
held_out,means_own,common,4,0.8362166493055556,0.7925968665650512,0.37293055555555554
held_out,means_own,common,5,0.866135587384259,0.8254762080228631,0.309875
held_out,means_own,common,all,0.7811508732638889,0.7390039059280993,0.47811944444444443
held_out,means_own,extra,1,0.6014071885850695,0.5726015857021014,0.8266666666666667
held_out,means_own,extra,2,0.7736765028211806,0.719685433301257,0.5548958333333334
held_out,means_own,extra,3,0.8386274793836805,0.8010392309135365,0.38338541666666665
held_out,means_own,extra,4,0.8943484592013888,0.8615331374658457,0.2618229166666667
held_out,means_own,extra,5,0.9320875,0.904409534562068,0.18385416666666665
held_out,means_own,extra,all,0.8080294259982639,0.7718537843889617,0.4421249999999999
held_out,means_own,all,1,0.65684967904788,0.6213545225012196,0.7142434210526315
held_out,means_own,all,2,0.7467908797057748,0.7006441530144357,0.5584868421052631
held_out,means_own,all,3,0.8019318953307749,0.7583961574030973,0.44709429824561403
held_out,means_own,all,4,0.8484549250730995,0.8071097657020607,0.3495394736842105
held_out,means_own,all,5,0.8800202005665204,0.8420937504521694,0.283344298245614
held_out,means_own,all,all,0.7868095159448102,0.7459196698145965,0.4705416666666667
held_out,saod_top3,common,1,0.5804482899305554,0.5505407957414312,0.877388888888889
held_out,saod_top3,common,2,0.6256144806134258,0.5845532159653566,0.8266944444444444
held_out,saod_top3,common,3,0.6834848336226853,0.6351933041501354,0.7471805555555556
held_out,saod_top3,common,4,0.7447770384837963,0.6939312783560205,0.6455138888888888
held_out,saod_top3,common,5,0.7984916319444444,0.7524874347926437,0.5410277777777779
held_out,saod_top3,common,all,0.6865632549189814,0.6433412058011175,0.7275611111111111
held_out,saod_top3,extra,1,0.5307498372395834,0.5176490690020779,0.9265625
held_out,saod_top3,extra,2,0.5773493001302084,0.5482696209009748,0.8844270833333334
held_out,saod_top3,extra,3,0.6184618706597222,0.5808301948423594,0.83328125
held_out,saod_top3,extra,4,0.6677578993055555,0.6211620836475444,0.7721354166666667
held_out,saod_top3,extra,5,0.7310636013454861,0.6839356411728967,0.6778645833333333
held_out,saod_top3,extra,all,0.6250765017361111,0.5903693219131708,0.8188541666666668
held_out,saod_top3,all,1,0.5699854577850876,0.5436162216910411,0.8877412280701754
held_out,saod_top3,all,2,0.6154533899853801,0.576914564372855,0.8388486842105264
held_out,saod_top3,all,3,0.6697957887883772,0.6237484390327088,0.7653070175438598
held_out,saod_top3,all,4,0.7285624828673247,0.6786114478910782,0.6721710526315788
held_out,saod_top3,all,5,0.7842962570815059,0.7380554782411181,0.5698355263157895
held_out,saod_top3,all,all,0.6736186753015351,0.6321892302457603,0.7467807017543857
held_out,saod_min,common,1,0.6080953602430557,0.5944955566703691,0.8918888888888888
held_out,saod_min,common,2,0.6649483738425925,0.6499050324135048,0.8455833333333332
held_out,saod_min,common,3,0.7323948451967593,0.7173640830801102,0.7484583333333333
held_out,saod_min,common,4,0.7985033984375,0.7836845071823492,0.6137777777777778
held_out,saod_min,common,5,0.8476808839699074,0.8327283306119585,0.47184722222222225
held_out,saod_min,common,all,0.7303245723379629,0.7156355019916584,0.7143111111111111
held_out,saod_min,extra,1,0.543371044921875,0.5351667980778168,0.9304166666666667
held_out,saod_min,extra,2,0.6073505805121527,0.5943036668958651,0.8922916666666667
held_out,saod_min,extra,3,0.6600989366319444,0.6465400010082224,0.8417708333333334
held_out,saod_min,extra,4,0.7194130208333334,0.704805304008931,0.7658333333333334
held_out,saod_min,extra,5,0.7871785970052083,0.7726101740843396,0.6238541666666666
held_out,saod_min,extra,all,0.6634824359809028,0.650685188815035,0.8108333333333334
held_out,saod_min,all,1,0.5944691885964912,0.5820052917035161,0.9
held_out,saod_min,all,2,0.6528225226151316,0.6381994817782124,0.8554166666666667
held_out,saod_min,all,3,0.717174653919956,0.7024537500123444,0.7681030701754386
held_out,saod_min,all,4,0.7818527926260966,0.7670783591458401,0.6457894736842105
held_out,saod_min,all,5,0.8349435603983918,0.820071876606144,0.5038486842105262
held_out,saod_min,all,all,0.7162525436312134,0.7019617518492115,0.7346315789473683
held_out,contrastive,common,1,0.5271459201388888,0.5123055538105487,0.9255138888888889
held_out,contrastive,common,2,0.544845703125,0.5205187818078805,0.9096527777777778
held_out,contrastive,common,3,0.5679570891203702,0.5319529599156351,0.8804305555555555
held_out,contrastive,common,4,0.5939919704861112,0.5462559267506955,0.8357083333333333
held_out,contrastive,common,5,0.6036658275462964,0.5468163264456762,0.7970277777777778
held_out,contrastive,common,all,0.5675213020833333,0.5315699097460871,0.8696666666666668
held_out,contrastive,extra,1,0.5074804958767362,0.5006935385407421,0.9392708333333333
held_out,contrastive,extra,2,0.5311975640190972,0.5140038047708307,0.9221875
held_out,contrastive,extra,3,0.5472080349392362,0.5222541619745656,0.9084895833333333
held_out,contrastive,extra,4,0.5812124565972222,0.5554547756547177,0.8735937500000001
held_out,contrastive,extra,5,0.5990840386284723,0.5562675452402637,0.8333854166666665
held_out,contrastive,extra,all,0.5532365180121527,0.529734765236224,0.8953854166666666
held_out,contrastive,all,1,0.523005830820541,0.5098609190169052,0.9284100877192981
held_out,contrastive,all,2,0.541972410681652,0.5191472076948175,0.9122916666666666
held_out,contrastive,all,3,0.5635888671875,0.5299111077175153,0.8863377192982456
held_out,contrastive,all,4,0.591301546509503,0.5481925265199631,0.8436842105263158
held_out,contrastive,all,5,0.6027012404057018,0.5488060567182209,0.8046820175438597
held_out,contrastive,all,all,0.5645139791209796,0.5311835635334845,0.8750811403508771
held_out,knn,common,1,0.5461881047453704,0.5247322480054347,0.9040416666666665
held_out,knn,common,2,0.55894828125,0.5288000071915895,0.8880555555555555
held_out,knn,common,3,0.5904060792824075,0.5570762961435849,0.8609027777777777
held_out,knn,common,4,0.6246732204861111,0.5878119808350827,0.8152777777777778
held_out,knn,common,5,0.6500132378472222,0.6051892905030023,0.7666944444444446
held_out,knn,common,all,0.5940457847222222,0.5607219645357389,0.8469944444444445
held_out,knn,extra,1,0.51821708984375,0.5051051440209303,0.9160416666666666
held_out,knn,extra,2,0.5870142144097222,0.5653000982305035,0.8641666666666666
held_out,knn,extra,3,0.6044482042100694,0.5719934765710766,0.8591666666666666
held_out,knn,extra,4,0.6725197482638889,0.6326351394583806,0.7199479166666667
held_out,knn,extra,5,0.725313650173611,0.6729071701163094,0.6524479166666666
held_out,knn,extra,all,0.6215025813802083,0.58958820567944,0.8023541666666667
held_out,knn,all,1,0.5402994700292398,0.5206002261139602,0.9065679824561405
held_out,knn,all,2,0.56485689875731,0.5364842368839924,0.8830263157894737
held_out,knn,all,3,0.5933623161092837,0.5602167551809515,0.8605372807017543
held_out,knn,all,4,0.6347461737024854,0.5972484352820928,0.7952083333333333
held_out,knn,all,5,0.6658659562317253,0.619445686211067,0.7426425438596492
held_out,knn,all,all,0.5998261629660089,0.5667990679344127,0.8375964912280701
held_out,discopatch,common,1,0.6778573466435186,0.6488728228356099,0.7449999999999999
held_out,discopatch,common,2,0.7327053226273148,0.7000056376461699,0.6359027777777777
held_out,discopatch,common,3,0.77699984375,0.7398584623632513,0.5430972222222222
held_out,discopatch,common,4,0.8054968938078704,0.7667402465716863,0.48004166666666676
held_out,discopatch,common,5,0.8254112818287037,0.7874392131533947,0.4320555555555556
held_out,discopatch,common,all,0.7636941377314815,0.7285832765140224,0.5672194444444444
held_out,discopatch,extra,1,0.6333811306423611,0.6135505338690483,0.8161458333333333
held_out,discopatch,extra,2,0.7551348253038195,0.7142629341139678,0.6373958333333334
held_out,discopatch,extra,3,0.7562376030815973,0.7283604266925409,0.5626562500000001
held_out,discopatch,extra,4,0.7870985243055556,0.7492888373692482,0.4855729166666667
held_out,discopatch,extra,5,0.824412673611111,0.7807393814838037,0.39973958333333337
held_out,discopatch,extra,all,0.7512529513888888,0.7172404227057217,0.5803020833333334
held_out,discopatch,all,1,0.6684939327485381,0.6414365514742283,0.7599780701754386
held_out,discopatch,all,2,0.7374273231907894,0.7030071737446537,0.6362171052631579
held_out,discopatch,all,3,0.7726288457145468,0.7374378232746809,0.5472149122807017
held_out,discopatch,all,4,0.8016235528600146,0.7630662656869625,0.48120614035087717
held_out,discopatch,all,5,0.8252010485197369,0.7860287222755862,0.42525219298245615
held_out,discopatch,all,all,0.7610749406067251,0.7261953072912224,0.5699736842105264
held_out,hashemi,common,1,0.4426138541666667,0.45412689348283514,0.9604305555555556
held_out,hashemi,common,2,0.4242942245370371,0.44185605880949097,0.9614444444444444
held_out,hashemi,common,3,0.42028687934027775,0.43955464465187094,0.9602916666666667
held_out,hashemi,common,4,0.42122105034722224,0.4406911372602964,0.9581666666666668
held_out,hashemi,common,5,0.43004157552083344,0.44967275894993336,0.9534305555555556
held_out,hashemi,common,all,0.42769151678240735,0.4451802986308853,0.9587527777777778
held_out,hashemi,extra,1,0.47079070095486114,0.4754451776620405,0.9545833333333333
held_out,hashemi,extra,2,0.44251343315972225,0.45552491837221787,0.9552604166666667
held_out,hashemi,extra,3,0.4154897677951389,0.4399818813686623,0.9650520833333334
held_out,hashemi,extra,4,0.43167116970486114,0.44517596627606093,0.9458333333333333
held_out,hashemi,extra,5,0.42614874131944447,0.43877287449411473,0.9516145833333334
held_out,hashemi,extra,all,0.4373227625868056,0.4509801636346193,0.95446875
held_out,hashemi,all,1,0.4485458219115497,0.4586149533100364,0.9591995614035085
held_out,hashemi,all,2,0.42812984740497073,0.44473371345427565,0.9601425438596491
held_out,hashemi,all,3,0.41927696112024854,0.439644589223827,0.9612938596491226
held_out,hashemi,all,4,0.4234210754751462,0.4416353117899311,0.9555701754385965
held_out,hashemi,all,5,0.42922203147843574,0.4473780464329189,0.953048245614035
held_out,hashemi,all,all,0.4297191474780703,0.4464013228421977,0.9578508771929823
held_out,hashemi_enc,common,1,0.42503815827546304,0.4494970334923157,0.9660972222222223
held_out,hashemi_enc,common,2,0.38567663194444446,0.4285309493721131,0.9712777777777776
held_out,hashemi_enc,common,3,0.35214474392361106,0.4123574967310615,0.974625
held_out,hashemi_enc,common,4,0.3054410706018519,0.39497092323633803,0.9762638888888889
held_out,hashemi_enc,common,5,0.2612673582175926,0.38165957202431416,0.9814861111111112
held_out,hashemi_enc,common,all,0.3459135925925926,0.41340319497122846,0.9739499999999999
held_out,hashemi_enc,extra,1,0.4461238009982639,0.45836097061633596,0.9611458333333333
held_out,hashemi_enc,extra,2,0.4295517795138889,0.4466644393551387,0.9607291666666666
held_out,hashemi_enc,extra,3,0.3819240993923611,0.4209672315924571,0.9659375000000001
held_out,hashemi_enc,extra,4,0.39905706922743056,0.4557193333939905,0.9449479166666667
held_out,hashemi_enc,extra,5,0.34907833658854165,0.42961200218717255,0.9564062499999999
held_out,hashemi_enc,extra,all,0.4011470171440973,0.442264795429019,0.9578333333333333
held_out,hashemi_enc,all,1,0.4294772409539473,0.4513631255184253,0.9650548245614035
held_out,hashemi_enc,all,2,0.39491350511695905,0.4323485262106448,0.9690570175438595
held_out,hashemi_enc,all,3,0.35841408191703217,0.41417007249135535,0.9727960526315789
held_out,hashemi_enc,all,4,0.3251497018914473,0.4077600622168965,0.9696710526315788
held_out,hashemi_enc,all,5,0.27975387997989765,0.3917548204796529,0.9762061403508772
held_out,hashemi_enc,all,all,0.3575416819718567,0.419479321383395,0.9705570175438597
held_out,cdf,common,1,0.7070939988425925,0.6593940528824894,0.6345833333333334
held_out,cdf,common,2,0.780689134837963,0.7307651314689824,0.4969722222222222
held_out,cdf,common,3,0.8361426157407407,0.7868020489362648,0.39152777777777786
held_out,cdf,common,4,0.8770362962962963,0.8344782331455146,0.29895833333333327
held_out,cdf,common,5,0.9009341435185185,0.8635024811396906,0.24680555555555556
held_out,cdf,common,all,0.8203792378472221,0.7749883895145884,0.4137694444444444
held_out,cdf,extra,1,0.6099611707899306,0.5784809067432017,0.8034895833333333
held_out,cdf,extra,2,0.7624885036892362,0.7015536026429923,0.5413020833333333
held_out,cdf,extra,3,0.833489328342014,0.7914570496911536,0.3728125
held_out,cdf,extra,4,0.8961130967881945,0.8660281892081161,0.25453125
held_out,cdf,extra,5,0.9346372612847222,0.9118814096296546,0.17010416666666667
held_out,cdf,extra,all,0.8073378721788196,0.7698802315830238,0.42844791666666665
held_out,cdf,all,1,0.6866449824104531,0.6423597063268499,0.6701425438596491
held_out,cdf,all,2,0.7768574230171785,0.7246153359266686,0.5063048245614035
held_out,cdf,all,3,0.8355840289199561,0.7877820490951888,0.3875877192982456
held_out,cdf,all,4,0.8810524648209064,0.841120329158694,0.28960526315789475
held_out,cdf,all,5,0.9080295367324561,0.8736875187165252,0.23065789473684212
held_out,cdf,all,all,0.8176336871801902,0.7739129878447851,0.41685964912280715
held_out,cdf_sum,common,1,0.6436017042824074,0.6069981037524286,0.7555833333333334
held_out,cdf_sum,common,2,0.7203717028356481,0.6752847820622857,0.6291527777777779
held_out,cdf_sum,common,3,0.7909476273148148,0.7423145728434142,0.5031944444444444
held_out,cdf_sum,common,4,0.8480074146412039,0.8038848749653555,0.37559722222222225
held_out,cdf_sum,common,5,0.8808245732060186,0.8422568973641706,0.30006944444444444
held_out,cdf_sum,common,all,0.7767506044560185,0.7341478461975309,0.5127194444444445
held_out,cdf_sum,extra,1,0.5631083224826389,0.5432057594517481,0.8729166666666667
held_out,cdf_sum,extra,2,0.6840458875868056,0.6331225020856535,0.6981770833333333
held_out,cdf_sum,extra,3,0.773867209201389,0.7255211386447926,0.5143229166666667
held_out,cdf_sum,extra,4,0.8483195475260417,0.80951014220136,0.3550520833333334
held_out,cdf_sum,extra,5,0.90078349609375,0.8720513664550154,0.245625
held_out,cdf_sum,extra,all,0.7540248925781249,0.7166821817677138,0.53721875
held_out,cdf_sum,all,1,0.6266557291666666,0.5935681365312326,0.7802850877192983
held_out,cdf_sum,all,2,0.7127241627832603,0.6664085125935211,0.6436842105263159
held_out,cdf_sum,all,3,0.7873517498172514,0.7387791130121254,0.5055372807017543
held_out,cdf_sum,all,4,0.8480731268274855,0.8050691417518828,0.3712719298245615
held_out,cdf_sum,all,5,0.8850264517086989,0.8485294171727696,0.2886074561403509
held_out,cdf_sum,all,all,0.7719662440606724,0.7304708642123062,0.517877192982456
held_out,niqe,common,1,0.8088389554398149,0.7832993448018915,0.43822222222222224
held_out,niqe,common,2,0.8425647627314815,0.8238244571304819,0.36670833333333336
held_out,niqe,common,3,0.8585909403935186,0.8435061644390883,0.33661111111111114
held_out,niqe,common,4,0.876072265625,0.8659123568893841,0.2869861111111111
held_out,niqe,common,5,0.8842499913194445,0.874827743855255,0.2622777777777778
held_out,niqe,common,all,0.8540633831018518,0.83827401342322,0.33816111111111113
held_out,niqe,extra,1,0.676293967013889,0.6524150320034909,0.6433854166666666
held_out,niqe,extra,2,0.7439670355902778,0.716850307832612,0.5620833333333333
held_out,niqe,extra,3,0.8067842122395833,0.7887714145696323,0.41869791666666667
held_out,niqe,extra,4,0.7733589301215278,0.7552454872382973,0.43395833333333333
held_out,niqe,extra,5,0.8235780273437501,0.8084440459688058,0.33828125
held_out,niqe,extra,all,0.7647964344618055,0.7443452575225677,0.47928125
held_out,niqe,all,1,0.7809347473501462,0.7557447526338071,0.4814144736842106
held_out,niqe,all,2,0.821807346491228,0.8013035835940884,0.4078399122807017
held_out,niqe,all,3,0.8476842607821636,0.8319830592034134,0.35389254385964913
held_out,niqe,all,4,0.854448405519006,0.842614068541787,0.3179276315789473
held_out,niqe,all,5,0.87147694627193,0.8608522285107394,0.2782785087719298
held_out,niqe,all,all,0.8352703412828948,0.8184995384967672,0.36787061403508786
held_out,niqe_default,common,1,0.7505656394675927,0.7323401753253062,0.49719444444444444
held_out,niqe_default,common,2,0.7854839728009261,0.7747093985729439,0.4200416666666667
held_out,niqe_default,common,3,0.7992016174768518,0.7887851859350634,0.39648611111111115
held_out,niqe_default,common,4,0.8228938165509259,0.8166402586842842,0.33802777777777776
held_out,niqe_default,common,5,0.8331803674768519,0.8302932217949691,0.3156666666666667
held_out,niqe_default,common,all,0.7982650827546296,0.7885536480625135,0.3934833333333333
held_out,niqe_default,extra,1,0.6994592339409723,0.6743824969124869,0.5939583333333334
held_out,niqe_default,extra,2,0.7823115234375,0.7614886549445388,0.45557291666666666
held_out,niqe_default,extra,3,0.8260868706597222,0.8117393280967955,0.35354166666666664
held_out,niqe_default,extra,4,0.8134501193576389,0.7991489146220021,0.35067708333333336
held_out,niqe_default,extra,5,0.8560527018229166,0.8401097951206621,0.28869791666666667
held_out,niqe_default,extra,all,0.79547208984375,0.777373837939297,0.40848958333333335
held_out,niqe_default,all,1,0.7398063961988304,0.7201385588173442,0.5175657894736843
held_out,niqe_default,all,2,0.7848160887244152,0.7719260841248587,0.4275219298245614
held_out,niqe_default,all,3,0.8048616707785087,0.7936176369164807,0.38744517543859647
held_out,niqe_default,all,4,0.8209056697733919,0.812957870460646,0.34069078947368425
held_out,niqe_default,all,5,0.8379955957602339,0.8323598688109045,0.30998903508771924
held_out,niqe_default,all,all,0.797677084247076,0.7862000038260468,0.3966425438596491
held_out,arniqa,common,1,0.8771219603587963,0.8600805056636496,0.2861805555555555
held_out,arniqa,common,2,0.9178931510416668,0.9076212339039228,0.20861111111111105
held_out,arniqa,common,3,0.9373253515624999,0.9319823820864003,0.1602222222222222
held_out,arniqa,common,4,0.9507722280092594,0.9489218258158496,0.11880555555555554
held_out,arniqa,common,5,0.9535658275462964,0.9512531386184633,0.11525
held_out,arniqa,common,all,0.9273357037037039,0.9199718172176571,0.1778138888888889
held_out,arniqa,extra,1,0.8462525010850694,0.8213263600391145,0.33338541666666666
held_out,arniqa,extra,2,0.9113904676649307,0.8987207304584232,0.22880208333333332
held_out,arniqa,extra,3,0.8841411241319445,0.8637039860483975,0.3375520833333333
held_out,arniqa,extra,4,0.936625320095486,0.9144278788994318,0.17140625
held_out,arniqa,extra,5,0.9479181857638889,0.9260226829767861,0.14020833333333332
held_out,arniqa,extra,all,0.905265519748264,0.8848403276844307,0.24227083333333335
held_out,arniqa,all,1,0.8706231268274853,0.8519217381637474,0.2961184210526316
held_out,arniqa,all,2,0.916524165067617,0.9057474437048701,0.21286184210526313
held_out,arniqa,all,3,0.9261286721034356,0.9176079829205049,0.19755482456140352
held_out,arniqa,all,4,0.9477939316063596,0.9416599422544983,0.12987938596491228
held_out,arniqa,all,5,0.9523768503289474,0.9459414637465313,0.12050438596491231
held_out,arniqa,all,all,0.922689349186769,0.9125757141580305,0.19138377192982461
held_out,arniqa_proto,common,1,0.9244562514467592,0.9083417025794159,0.1789861111111111
held_out,arniqa_proto,common,2,0.9423629007523148,0.9292732259468595,0.13706944444444444
held_out,arniqa_proto,common,3,0.9497298032407406,0.9376256391260055,0.12022222222222223
held_out,arniqa_proto,common,4,0.9555499797453705,0.9447840720580908,0.10355555555555557
held_out,arniqa_proto,common,5,0.958514312789352,0.9482342493308195,0.09661111111111112
held_out,arniqa_proto,common,all,0.9461226495949074,0.9336517778082383,0.1272888888888889
held_out,arniqa_proto,extra,1,0.8458537434895833,0.8235053081540661,0.3063020833333333
held_out,arniqa_proto,extra,2,0.8902817654079861,0.8604194203814205,0.2341666666666667
held_out,arniqa_proto,extra,3,0.859849853515625,0.8231437309921454,0.34010416666666665
held_out,arniqa_proto,extra,4,0.8944780924479168,0.8656900567592248,0.19911458333333334
held_out,arniqa_proto,extra,5,0.9109147894965278,0.8822243599875371,0.17171875
held_out,arniqa_proto,extra,all,0.8802756488715276,0.8509965752548787,0.25028125
held_out,arniqa_proto,all,1,0.9079083550347221,0.8904814090161843,0.20578947368421052
held_out,arniqa_proto,all,2,0.9313984512061402,0.9147776879330829,0.15751096491228073
held_out,arniqa_proto,all,3,0.930807708561769,0.9135241847820348,0.16651315789473686
held_out,arniqa_proto,all,4,0.9426927403143274,0.9281327004162241,0.1236732456140351
held_out,arniqa_proto,all,5,0.9484933605171784,0.9343374305217074,0.11242324561403508
held_out,arniqa_proto,all,all,0.9322601231268276,0.9162506825338468,0.15318201754385966
held_out,clipiqa,common,1,0.7552342129629629,0.7162202463037466,0.5967361111111111
held_out,clipiqa,common,2,0.7967164887152778,0.7538620014070385,0.5037916666666666
held_out,clipiqa,common,3,0.8079349247685185,0.7600228262569292,0.47080555555555553
held_out,clipiqa,common,4,0.8224371122685183,0.7758222695299424,0.4080694444444444
held_out,clipiqa,common,5,0.8241836660879629,0.7768177622108677,0.3798333333333333
held_out,clipiqa,common,all,0.8013012809606482,0.7565490211417047,0.47184722222222214
held_out,clipiqa,extra,1,0.6296239800347222,0.6006331097243274,0.76625
held_out,clipiqa,extra,2,0.6266182020399306,0.5983869839558585,0.7180729166666666
held_out,clipiqa,extra,3,0.6789418240017361,0.6322573606199189,0.6694791666666666
held_out,clipiqa,extra,4,0.6911033962673612,0.6481878439984596,0.6405208333333333
held_out,clipiqa,extra,5,0.7266834798177083,0.6742959588502635,0.5821875000000001
held_out,clipiqa,extra,all,0.6705941764322917,0.6307522514297655,0.6753020833333333
held_out,clipiqa,all,1,0.7287899533991229,0.6918861122870268,0.6324232456140351
held_out,clipiqa,all,2,0.7609063230994152,0.7211304187857375,0.5489035087719298
held_out,clipiqa,all,3,0.7807784825018276,0.7331248334912429,0.5126315789473684
held_out,clipiqa,all,4,0.7947879088998537,0.7489518641548933,0.45700657894736835
held_out,clipiqa,all,5,0.8036573110836989,0.7552342246612669,0.42243421052631586
held_out,clipiqa,all,all,0.7737839957967837,0.7300654906760331,0.5146798245614035
screen,two_axis,common,1,0.8691466666666667,0.846907560378079,0.3846666666666667
screen,two_axis,common,2,0.9106749999999999,0.8962254482775525,0.2653333333333333
screen,two_axis,common,3,0.9303783333333333,0.9180024807116886,0.19366666666666668
screen,two_axis,common,4,0.9434216666666667,0.9330182551603722,0.161
screen,two_axis,common,5,0.9543433333333334,0.9446984543933888,0.13833333333333334
screen,two_axis,common,all,0.9215929999999999,0.9077704397842162,0.22860000000000005
screen,two_axis,extra,1,0.709184375,0.6774621592690226,0.7125
screen,two_axis,extra,2,0.8538968749999999,0.8300436837564371,0.40625
screen,two_axis,extra,3,0.8627343749999999,0.8610236714173954,0.31125
screen,two_axis,extra,4,0.9282187500000001,0.9197961938675122,0.215
screen,two_axis,extra,5,0.95455,0.9516837864656441,0.14625000000000002
screen,two_axis,extra,all,0.8617168749999999,0.8480018989552024,0.35824999999999996
screen,two_axis,all,1,0.8354703947368423,0.8112348443551199,0.45368421052631575
screen,two_axis,all,2,0.8987217105263157,0.8822924452204755,0.2950000000000001
screen,two_axis,all,3,0.9161374999999999,0.90600694191289,0.21842105263157893
screen,two_axis,all,4,0.940221052631579,0.9302346633092438,0.17236842105263156
screen,two_axis,all,5,0.9543868421052631,0.9461690506191266,0.14
screen,two_axis,all,all,0.9089875000000001,0.8951875890833715,0.25589473684210523
screen,peak_share,common,1,0.8137266666666665,0.7805619647260446,0.4493333333333333
screen,peak_share,common,2,0.8756483333333336,0.8492560279904402,0.3056666666666667
screen,peak_share,common,3,0.9124033333333335,0.8903458345088623,0.21600000000000003
screen,peak_share,common,4,0.9349199999999999,0.9164298339302983,0.15966666666666668
screen,peak_share,common,5,0.9488583333333332,0.932286313535256,0.132
screen,peak_share,common,all,0.8971113333333333,0.8737759949381803,0.2525333333333334
screen,peak_share,extra,1,0.672771875,0.6479190800984626,0.7350000000000001
screen,peak_share,extra,2,0.8432968750000001,0.8112303891611692,0.41500000000000004
screen,peak_share,extra,3,0.8746906249999999,0.8617127971336178,0.31
screen,peak_share,extra,4,0.9389875,0.9244706190654608,0.19124999999999998
screen,peak_share,extra,5,0.96315,0.954186567196925,0.11
screen,peak_share,extra,all,0.858579375,0.839903890531127,0.35225
screen,peak_share,all,1,0.7840519736842106,0.7526371469097114,0.5094736842105263
screen,peak_share,all,2,0.8688375,0.8412506303421726,0.32868421052631586
screen,peak_share,all,3,0.9044638157894737,0.8843178266403899,0.2357894736842105
screen,peak_share,all,4,0.9357763157894738,0.9181226308008588,0.1663157894736842
screen,peak_share,all,5,0.9518671052631579,0.9368968932535021,0.12736842105263155
screen,peak_share,all,all,0.8889993421052633,0.8666450255893269,0.2735263157894737
screen,level,common,1,0.763285,0.7257208432749415,0.5316666666666667
screen,level,common,2,0.8158949999999999,0.7781732676280154,0.41833333333333333
screen,level,common,3,0.8495000000000001,0.8126098634329393,0.3556666666666667
screen,level,common,4,0.8792000000000001,0.8430040462063108,0.2976666666666668
screen,level,common,5,0.8995916666666667,0.8669538873589718,0.23733333333333334
screen,level,common,all,0.8414943333333333,0.8052923815802359,0.3681333333333333
screen,level,extra,1,0.683396875,0.651057016600476,0.7125
screen,level,extra,2,0.8608781249999999,0.8260911652317559,0.34375
screen,level,extra,3,0.8896906250000001,0.8721322397676348,0.2775
screen,level,extra,4,0.94841875,0.9292203432664438,0.1525
screen,level,extra,5,0.966075,0.9532170652179202,0.0975
screen,level,extra,all,0.869691875,0.8463435660168461,0.31675000000000003
screen,level,all,1,0.746466447368421,0.7100021429224224,0.5697368421052631
screen,level,all,2,0.8253651315789474,0.7882612460709083,0.4026315789473685
screen,level,all,3,0.8579611842105264,0.8251408900297171,0.33921052631578946
screen,level,all,4,0.8937723684210526,0.8611548455873915,0.2671052631578947
screen,level,all,5,0.9135881578947366,0.8851145563819082,0.2078947368421053
screen,level,all,all,0.8474306578947369,0.8139347361984693,0.3573157894736843
screen,global_level,common,1,0.7128183333333332,0.6834232364274975,0.6206666666666667
screen,global_level,common,2,0.7768183333333334,0.7425796898257365,0.49733333333333335
screen,global_level,common,3,0.8202333333333333,0.7843344255691976,0.4186666666666667
screen,global_level,common,4,0.8587633333333333,0.8253100892090782,0.338
screen,global_level,common,5,0.8843233333333334,0.8556132989630816,0.2796666666666667
screen,global_level,common,all,0.8105913333333332,0.7782521479989183,0.43086666666666673
screen,global_level,extra,1,0.628559375,0.6112851228860589,0.80125
screen,global_level,extra,2,0.812921875,0.7723589353741745,0.47125
screen,global_level,extra,3,0.871446875,0.8494062758685101,0.31625000000000003
screen,global_level,extra,4,0.9228437500000001,0.9037709441171733,0.21749999999999997
screen,global_level,extra,5,0.94825625,0.9363842572518948,0.16375
screen,global_level,extra,all,0.8368056249999999,0.8146411070995624,0.394
screen,global_level,all,1,0.6950796052631578,0.6682362651556157,0.6586842105263159
screen,global_level,all,2,0.7844190789473684,0.7488490046780393,0.4918421052631579
screen,global_level,all,3,0.8310151315789474,0.798033762474316,0.3971052631578948
screen,global_level,all,4,0.872253947368421,0.841828163926572,0.3126315789473684
screen,global_level,all,5,0.897782894736842,0.8726177112344107,0.2552631578947368
screen,global_level,all,all,0.8161101315789472,0.7859129814937906,0.42310526315789476
screen,means_knn,common,1,0.7188633333333333,0.6800606950104158,0.5873333333333334
screen,means_knn,common,2,0.7710933333333334,0.7323772994354676,0.5040000000000001
screen,means_knn,common,3,0.8119466666666665,0.7725052599780518,0.41800000000000004
screen,means_knn,common,4,0.8362466666666666,0.7978717548748907,0.37699999999999995
screen,means_knn,common,5,0.8536083333333335,0.8143457585437055,0.3196666666666667
screen,means_knn,common,all,0.7983516666666666,0.7594321535685062,0.4411999999999999
screen,means_knn,extra,1,0.652834375,0.6155599156211164,0.7475
screen,means_knn,extra,2,0.812934375,0.7684408738112649,0.48
screen,means_knn,extra,3,0.8708906249999999,0.8392345322297611,0.36624999999999996
screen,means_knn,extra,4,0.93974375,0.9088252794373423,0.18375
screen,means_knn,extra,5,0.958175,0.9340659454379677,0.11125000000000002
screen,means_knn,extra,all,0.8469156250000001,0.8132253093074905,0.3777500000000001
screen,means_knn,all,1,0.7049625000000002,0.6664815835600367,0.6210526315789474
screen,means_knn,all,2,0.7799019736842105,0.7399696308830037,0.49894736842105264
screen,means_knn,all,3,0.8243559210526316,0.7865535278205168,0.40710526315789475
screen,means_knn,all,4,0.8580355263157895,0.8212303916248804,0.33631578947368423
screen,means_knn,all,5,0.8756223684210526,0.8395500084161819,0.2757894736842105
screen,means_knn,all,all,0.8085756578947367,0.7707570284609239,0.42784210526315786
screen,means_own,common,1,0.6846916666666666,0.6603909664192553,0.6746666666666667
screen,means_own,common,2,0.7530199999999999,0.722883051396143,0.5466666666666666
screen,means_own,common,3,0.8048166666666667,0.7750564924582701,0.45833333333333337
screen,means_own,common,4,0.8488616666666664,0.8202495210398483,0.36566666666666664
screen,means_own,common,5,0.8772850000000001,0.8509294152750542,0.29000000000000004
screen,means_own,common,all,0.7937350000000001,0.7659018893177141,0.4670666666666667
screen,means_own,extra,1,0.604853125,0.5924967131536125,0.82125
screen,means_own,extra,2,0.784359375,0.749653801026789,0.51625
screen,means_own,extra,3,0.854634375,0.8302194864992168,0.375
screen,means_own,extra,4,0.9071,0.8850091815962386,0.26625
screen,means_own,extra,5,0.93656875,0.9226973380970844,0.17625
screen,means_own,extra,all,0.817503125,0.7960153040745883,0.43099999999999994
screen,means_own,all,1,0.667883552631579,0.6460974394159621,0.7055263157894736
screen,means_own,all,2,0.7596177631578948,0.7285189986868051,0.5402631578947369
screen,means_own,all,3,0.8153046052631578,0.7866697543616274,0.4407894736842105
screen,means_own,all,4,0.8611223684210527,0.8338831337885619,0.3447368421052632
screen,means_own,all,5,0.8897657894736843,0.8660384516586394,0.2660526315789474
screen,means_own,all,all,0.7987388157894737,0.7722415555823191,0.4594736842105263
screen,saod_top3,common,1,0.5787733333333335,0.5600644886443754,0.8933333333333333
screen,saod_top3,common,2,0.6208666666666667,0.5930408241444677,0.8553333333333335
screen,saod_top3,common,3,0.6768283333333334,0.6432426611420254,0.7836666666666666
screen,saod_top3,common,4,0.7387116666666667,0.7077509799987733,0.678
screen,saod_top3,common,5,0.7952300000000001,0.7682775544423344,0.5910000000000001
screen,saod_top3,common,all,0.6820820000000001,0.6544753016743953,0.7602666666666668
screen,saod_top3,extra,1,0.533346875,0.5229497051619676,0.9175000000000001
screen,saod_top3,extra,2,0.576771875,0.551853508801988,0.885
screen,saod_top3,extra,3,0.609534375,0.5851757261906418,0.8525
screen,saod_top3,extra,4,0.6610375,0.6333849707049621,0.8087500000000001
screen,saod_top3,extra,5,0.72905625,0.7011239966765554,0.71875
screen,saod_top3,extra,all,0.621949375,0.598897581507223,0.8365
screen,saod_top3,all,1,0.5692098684210526,0.5522508500165001,0.898421052631579
screen,saod_top3,all,2,0.611583552631579,0.584369810388156,0.8615789473684211
screen,saod_top3,all,3,0.6626611842105262,0.6310180432575236,0.7981578947368422
screen,saod_top3,all,4,0.7223592105263158,0.6920949780421816,0.7055263157894738
screen,saod_top3,all,5,0.7812986842105264,0.7541399633337494,0.6178947368421053
screen,saod_top3,all,all,0.6694225,0.6427747290076222,0.7763157894736842
screen,saod_min,common,1,0.6151633333333334,0.6257190156725034,0.8666666666666667
screen,saod_min,common,2,0.6803,0.6927404603206953,0.8230000000000001
screen,saod_min,common,3,0.74605,0.7590258118830709,0.731
screen,saod_min,common,4,0.8110549999999999,0.8213154842214275,0.611
screen,saod_min,common,5,0.8582966666666666,0.8635841155052737,0.48866666666666664
screen,saod_min,common,all,0.742173,0.7524769775205942,0.7040666666666666
screen,saod_min,extra,1,0.544346875,0.5481982401751399,0.92625
screen,saod_min,extra,2,0.612128125,0.6233064751187372,0.88625
screen,saod_min,extra,3,0.66846875,0.681971069809775,0.825
screen,saod_min,extra,4,0.72893125,0.7409268864656363,0.75
screen,saod_min,extra,5,0.79091875,0.8004869917640848,0.6412500000000001
screen,saod_min,extra,all,0.6689587499999999,0.6789779326666746,0.8057500000000001
screen,saod_min,all,1,0.600254605263158,0.6093988524099005,0.8792105263157896
screen,saod_min,all,2,0.6659480263157896,0.678122779225546,0.8363157894736843
screen,saod_min,all,3,0.7297171052631579,0.7428037609202719,0.7507894736842106
screen,saod_min,all,4,0.7937657894736843,0.8043915689044189,0.6402631578947369
screen,saod_min,all,5,0.8441118421052632,0.8503005105071285,0.5207894736842105
screen,saod_min,all,all,0.7267594736842105,0.7370034943934531,0.7254736842105264
screen,contrastive,common,1,0.532875,0.5374413802832326,0.8993333333333334
screen,contrastive,common,2,0.556575,0.5518117804264322,0.8733333333333333
screen,contrastive,common,3,0.5864250000000001,0.5681580760974971,0.842
screen,contrastive,common,4,0.6184583333333334,0.5895877936336313,0.7763333333333333
screen,contrastive,common,5,0.6282750000000001,0.5895648970441842,0.7403333333333333
screen,contrastive,common,all,0.5845216666666666,0.5673127854969957,0.8262666666666667
screen,contrastive,extra,1,0.506109375,0.5210512768585455,0.92
screen,contrastive,extra,2,0.5314531250000001,0.5350093213080025,0.8899999999999999
screen,contrastive,extra,3,0.553703125,0.5471741509873684,0.87125
screen,contrastive,extra,4,0.59475,0.5854423564443383,0.8399999999999999
screen,contrastive,extra,5,0.61875,0.5929435385220664,0.77625
screen,contrastive,extra,all,0.5609531249999999,0.5563241288240642,0.8594999999999999
screen,contrastive,all,1,0.5272401315789473,0.5339908321938248,0.9036842105263159
screen,contrastive,all,2,0.5512861842105262,0.5482744206120259,0.8768421052631578
screen,contrastive,all,3,0.5795361842105264,0.5637404076532596,0.8481578947368422
screen,contrastive,all,4,0.6134671052631578,0.5887150700148328,0.7897368421052631
screen,contrastive,all,5,0.6262697368421053,0.5902761899868963,0.7478947368421052
screen,contrastive,all,all,0.5795598684210526,0.5649993840921679,0.8332631578947368
screen,knn,common,1,0.5479149999999999,0.5300590576912783,0.8986666666666666
screen,knn,common,2,0.5589216666666666,0.5320924120801331,0.8823333333333334
screen,knn,common,3,0.5899841666666668,0.5614275026216454,0.8553333333333334
screen,knn,common,4,0.6231616666666666,0.5934275282813805,0.82
screen,knn,common,5,0.6451016666666667,0.6093015761485804,0.7766666666666667
screen,knn,common,all,0.5930168333333334,0.5652616153646035,0.8466
screen,knn,extra,1,0.523465625,0.5134526769839152,0.905
screen,knn,extra,2,0.594665625,0.5781765105095396,0.825
screen,knn,extra,3,0.6127968750000001,0.5845044791237,0.84625
screen,knn,extra,4,0.6818625,0.6472572655832387,0.70875
screen,knn,extra,5,0.7291500000000001,0.6883077588324618,0.6174999999999999
screen,knn,extra,all,0.6283881250000001,0.6023397382065709,0.7805000000000001
screen,knn,all,1,0.5427677631578948,0.5265629775423597,0.8999999999999999
screen,knn,all,2,0.5664467105263157,0.5417943275389556,0.8702631578947366
screen,knn,all,3,0.5947868421052632,0.5662858134641832,0.853421052631579
screen,knn,all,4,0.6355197368421053,0.6047601045554557,0.7965789473684212
screen,knn,all,5,0.6627960526315789,0.6259344567136079,0.7431578947368421
screen,knn,all,all,0.6004634210526316,0.5730675359629124,0.8326842105263158
screen,discopatch,common,1,0.6768750000000001,0.6543269667646275,0.7236666666666667
screen,discopatch,common,2,0.7306116666666667,0.7045460933794249,0.6193333333333333
screen,discopatch,common,3,0.7730783333333334,0.7415671714200452,0.5273333333333333
screen,discopatch,common,4,0.8005833333333334,0.7658797358188836,0.47866666666666663
screen,discopatch,common,5,0.8191083333333334,0.7850227242705912,0.42266666666666663
screen,discopatch,common,all,0.7600513333333333,0.7302685383307145,0.5543333333333333
screen,discopatch,extra,1,0.634209375,0.6204238168696934,0.79125
screen,discopatch,extra,2,0.751753125,0.716849446502506,0.6187499999999999
screen,discopatch,extra,3,0.750534375,0.7291532609816999,0.55125
screen,discopatch,extra,4,0.78120625,0.7508138221621558,0.48124999999999996
screen,discopatch,extra,5,0.817625,0.7832003462836862,0.3925
screen,discopatch,extra,all,0.7470656250000001,0.7200881385599482,0.5670000000000001
screen,discopatch,all,1,0.6678927631578947,0.6471894615235888,0.7378947368421053
screen,discopatch,all,2,0.7350625000000001,0.707136272984284,0.6192105263157895
screen,discopatch,all,3,0.7683322368421054,0.73895371659092,0.5323684210526315
screen,discopatch,all,4,0.796503947368421,0.7627079645227304,0.4792105263157895
screen,discopatch,all,5,0.818796052631579,0.7846390657470322,0.4163157894736842
screen,discopatch,all,all,0.7573174999999998,0.728125296273711,0.5569999999999999
screen,hashemi,common,1,0.4441683333333334,0.4577749407749046,0.9529999999999997
screen,hashemi,common,2,0.4295175,0.4473891436921443,0.9593333333333334
screen,hashemi,common,3,0.42677166666666666,0.4458973401864019,0.9536666666666666
screen,hashemi,common,4,0.4344825,0.4477344940838638,0.9510000000000001
screen,hashemi,common,5,0.43759,0.45196358225036465,0.9490000000000001
screen,hashemi,common,all,0.434506,0.4501519001975357,0.9531999999999999
screen,hashemi,extra,1,0.46769374999999996,0.4767788868484291,0.94875
screen,hashemi,extra,2,0.44332187500000003,0.4577342936343639,0.9562499999999999
screen,hashemi,extra,3,0.41601875,0.4414965821161852,0.9575
screen,hashemi,extra,4,0.43857812500000004,0.4478393556251816,0.925
screen,hashemi,extra,5,0.43298125,0.4428528368057898,0.9437499999999999
screen,hashemi,extra,all,0.43971875000000005,0.45334039100598994,0.9462499999999998
screen,hashemi,all,1,0.449121052631579,0.4617757715272256,0.9521052631578946
screen,hashemi,all,2,0.4324236842105263,0.4495670699957694,0.9586842105263158
screen,hashemi,all,3,0.4245078947368421,0.4449708648031983,0.9544736842105263
screen,hashemi,all,4,0.43534473684210523,0.4477565701978254,0.9455263157894734
screen,hashemi,all,5,0.4366197368421052,0.45004553057782265,0.9478947368421053
screen,hashemi,all,all,0.4356034210526316,0.45082316142036827,0.9517368421052631
screen,hashemi_enc,common,1,0.4221858333333333,0.4490872207884752,0.9556666666666664
screen,hashemi_enc,common,2,0.38410000000000005,0.4288844926757373,0.9606666666666667
screen,hashemi_enc,common,3,0.3550666666666667,0.4148141097684603,0.9619999999999999
screen,hashemi_enc,common,4,0.31003,0.3970888178354791,0.9636666666666666
screen,hashemi_enc,common,5,0.2680883333333333,0.3846426917958018,0.9703333333333333
screen,hashemi_enc,common,all,0.34789416666666667,0.41490346657279076,0.9624666666666665
screen,hashemi_enc,extra,1,0.43743750000000003,0.4564669964898671,0.95875
screen,hashemi_enc,extra,2,0.42042187500000006,0.4454437535833682,0.95875
screen,hashemi_enc,extra,3,0.374284375,0.4182364955938293,0.9562499999999999
screen,hashemi_enc,extra,4,0.394096875,0.4596675130205153,0.9324999999999999
screen,hashemi_enc,extra,5,0.3465625,0.43624629729014996,0.9524999999999999
screen,hashemi_enc,extra,all,0.394560625,0.4432122111955459,0.9517499999999999
screen,hashemi_enc,all,1,0.4253967105263157,0.4506408577782419,0.9563157894736841
screen,hashemi_enc,all,2,0.39174671052631577,0.4323706528668176,0.9602631578947367
screen,hashemi_enc,all,3,0.3591125,0.4155346120474853,0.9607894736842105
screen,hashemi_enc,all,4,0.32772828947368415,0.4102632799796972,0.9571052631578949
screen,hashemi_enc,all,5,0.2846092105263158,0.39550660874198035,0.966578947368421
screen,hashemi_enc,all,all,0.3577186842105262,0.4208632022828447,0.9602105263157895
screen,cdf,common,1,0.7160416666666667,0.674364679384349,0.6263333333333334
screen,cdf,common,2,0.7869900000000001,0.7433816362927477,0.492
screen,cdf,common,3,0.8407750000000002,0.7964001618500458,0.37433333333333335
screen,cdf,common,4,0.8799766666666666,0.8425037815672269,0.2903333333333334
screen,cdf,common,5,0.9027666666666667,0.8704144846086364,0.234
screen,cdf,common,all,0.8253100000000001,0.7854129487406013,0.4034
screen,cdf,extra,1,0.612734375,0.589217833955308,0.8112499999999999
screen,cdf,extra,2,0.763128125,0.7066456321033556,0.5175000000000001
screen,cdf,extra,3,0.8353968749999999,0.7928001541511913,0.355
screen,cdf,extra,4,0.8966812500000001,0.869111276896836,0.26375
screen,cdf,extra,5,0.931325,0.9117683146915766,0.1925
screen,cdf,extra,all,0.8078531250000001,0.7739086423596534,0.42800000000000005
screen,cdf,all,1,0.6942927631578947,0.6564390277150773,0.6652631578947369
screen,cdf,all,2,0.7819664473684211,0.7356477406739286,0.4973684210526315
screen,cdf,all,3,0.8396427631578947,0.7956422654923923,0.37026315789473685
screen,cdf,all,4,0.8834934210526315,0.848105359531355,0.2847368421052631
screen,cdf,all,5,0.908778947368421,0.8791205540997817,0.2252631578947368
screen,cdf,all,all,0.8216348684210528,0.7829909895025072,0.40857894736842104
screen,cdf_sum,common,1,0.6573699999999999,0.6260634844182447,0.7396666666666667
screen,cdf_sum,common,2,0.7315600000000001,0.6922472530992854,0.6173333333333334
screen,cdf_sum,common,3,0.7980000000000002,0.7556262179013292,0.4853333333333333
screen,cdf_sum,common,4,0.8529366666666666,0.814338717343775,0.36733333333333335
screen,cdf_sum,common,5,0.8832433333333334,0.84981277902863,0.2923333333333334
screen,cdf_sum,common,all,0.7846219999999999,0.7476176903582528,0.5004000000000001
screen,cdf_sum,extra,1,0.569753125,0.5575857405524927,0.8775
screen,cdf_sum,extra,2,0.6929218750000001,0.6463758988471512,0.675
screen,cdf_sum,extra,3,0.780365625,0.7320430834374698,0.49375
screen,cdf_sum,extra,4,0.8502125,0.8146702866814121,0.34875
screen,cdf_sum,extra,5,0.8967125,0.874033392792899,0.275
screen,cdf_sum,extra,all,0.7579931249999999,0.724941680462285,0.534
screen,cdf_sum,all,1,0.6389243421052632,0.6116471172886127,0.7686842105263159
screen,cdf_sum,all,2,0.723425657894737,0.6825901258883098,0.6294736842105262
screen,cdf_sum,all,3,0.7942874999999999,0.7506613474878853,0.4871052631578947
screen,cdf_sum,all,4,0.8523631578947368,0.8144085214148564,0.363421052631579
screen,cdf_sum,all,5,0.8860789473684212,0.8549118556105814,0.28868421052631577
screen,cdf_sum,all,all,0.7790159210526317,0.7428437935380493,0.5074736842105263
screen,niqe,common,1,0.8141633333333332,0.7885671538160152,0.42366666666666664
screen,niqe,common,2,0.84621,0.8272774101061136,0.348
screen,niqe,common,3,0.863255,0.847338810769299,0.32133333333333336
screen,niqe,common,4,0.8793533333333333,0.8705979491336467,0.2766666666666666
screen,niqe,common,5,0.8873933333333334,0.8795012904065437,0.2573333333333333
screen,niqe,common,all,0.858075,0.8426565228463236,0.32539999999999997
screen,niqe,extra,1,0.6794781249999999,0.6586123757849198,0.63875
screen,niqe,extra,2,0.750590625,0.7245964998297939,0.545
screen,niqe,extra,3,0.810653125,0.7935473517970698,0.39749999999999996
screen,niqe,extra,4,0.7831875,0.7639484449685466,0.4175
screen,niqe,extra,5,0.8291812500000001,0.8133749577765744,0.3325
screen,niqe,extra,all,0.7706181250000002,0.7508159260313809,0.46624999999999994
screen,niqe,all,1,0.785808552631579,0.76120825317789,0.4689473684210526
screen,niqe,all,2,0.8260796052631578,0.8056603763637306,0.3894736842105263
screen,niqe,all,3,0.8521809210526318,0.8360142930909349,0.3373684210526316
screen,niqe,all,4,0.8591078947368422,0.848145421940994,0.30631578947368415
screen,niqe,all,5,0.8751381578947367,0.865579957221287,0.2731578947368421
screen,niqe,all,all,0.8396630263157895,0.8233216603589673,0.35505263157894734
screen,niqe_default,common,1,0.76026,0.7459482056685314,0.46866666666666673
screen,niqe_default,common,2,0.7917866666666665,0.7851423150107951,0.39866666666666667
screen,niqe_default,common,3,0.8068666666666666,0.7990759186072537,0.36833333333333335
screen,niqe_default,common,4,0.8304683333333334,0.826089775263578,0.31933333333333336
screen,niqe_default,common,5,0.8395483333333333,0.8386193489473868,0.301
screen,niqe_default,common,all,0.8057859999999999,0.798975112699509,0.3712
screen,niqe_default,extra,1,0.7040656249999999,0.6847666201412195,0.575
screen,niqe_default,extra,2,0.783196875,0.7666446043295763,0.43875
screen,niqe_default,extra,3,0.830115625,0.8198840386188342,0.37375
screen,niqe_default,extra,4,0.8269249999999999,0.8090336800885363,0.3325
screen,niqe_default,extra,5,0.8654937500000001,0.8465363923859307,0.2775
screen,niqe_default,extra,all,0.801959375,0.7853730671128194,0.39949999999999997
screen,niqe_default,all,1,0.7484296052631578,0.7330678718733079,0.4910526315789473
screen,niqe_default,all,2,0.7899782894736842,0.7812480601305388,0.40710526315789475
screen,niqe_default,all,3,0.8117611842105263,0.8034565754517969,0.3694736842105263
screen,niqe_default,all,4,0.8297223684210525,0.8224990183846219,0.3221052631578947
screen,niqe_default,all,5,0.8450105263157894,0.8402860949344488,0.29605263157894735
screen,niqe_default,all,all,0.8049803947368421,0.796111524154943,0.3771578947368421
screen,arniqa,common,1,0.8648116666666665,0.8335191868035892,0.29633333333333334
screen,arniqa,common,2,0.9098050000000001,0.8896260734218818,0.21066666666666667
screen,arniqa,common,3,0.9295483333333333,0.9174150813612912,0.174
screen,arniqa,common,4,0.9433966666666669,0.9373645695208677,0.13166666666666668
screen,arniqa,common,5,0.9474416666666666,0.941892510141392,0.12833333333333333
screen,arniqa,common,all,0.9190006666666668,0.9039634842498043,0.1882
screen,arniqa,extra,1,0.833753125,0.7928271058835541,0.335
screen,arniqa,extra,2,0.899609375,0.8768451115235578,0.25
screen,arniqa,extra,3,0.8771781249999999,0.8521972351318516,0.3375
screen,arniqa,extra,4,0.9345749999999999,0.9101237540817757,0.16249999999999998
screen,arniqa,extra,5,0.9459625,0.9232517350444847,0.14625000000000002
screen,arniqa,extra,all,0.8982156250000001,0.8710489883330448,0.24625
screen,arniqa,all,1,0.8582730263157895,0.8249524329256871,0.30447368421052634
screen,arniqa,all,2,0.9076585526315789,0.8869353446011821,0.21894736842105259
screen,arniqa,all,3,0.9185230263157894,0.903685008470883,0.20842105263157895
screen,arniqa,all,4,0.9415394736842108,0.9316296610073748,0.1381578947368421
screen,arniqa,all,5,0.9471302631578948,0.93796813643678,0.13210526315789473
screen,arniqa,all,all,0.9146248684210527,0.8970341166883815,0.2004210526315789
screen,arniqa_proto,common,1,0.9173033333333334,0.8971266588099717,0.19233333333333336
screen,arniqa_proto,common,2,0.9365316666666668,0.9188415593146745,0.14699999999999996
screen,arniqa_proto,common,3,0.9443499999999999,0.928280226252073,0.12699999999999997
screen,arniqa_proto,common,4,0.9503133333333335,0.9366178100630691,0.11066666666666665
screen,arniqa_proto,common,5,0.9533000000000001,0.9409099373593571,0.10533333333333332
screen,arniqa_proto,common,all,0.9403596666666668,0.924355238359829,0.1364666666666667
screen,arniqa_proto,extra,1,0.835321875,0.8089065167537032,0.3225
screen,arniqa_proto,extra,2,0.878103125,0.8480550873481933,0.25125
screen,arniqa_proto,extra,3,0.853040625,0.8142458476446564,0.315
screen,arniqa_proto,extra,4,0.88784375,0.8585750903813764,0.225
screen,arniqa_proto,extra,5,0.90590625,0.8757779780204475,0.175
screen,arniqa_proto,extra,all,0.8720431249999999,0.8411121040296754,0.25775000000000003
screen,arniqa_proto,all,1,0.9000440789473685,0.8785539973244415,0.21973684210526315
screen,arniqa_proto,all,2,0.9242309210526316,0.9039391441638364,0.16894736842105262
screen,arniqa_proto,all,3,0.9251269736842104,0.9042729886505118,0.16657894736842102
screen,arniqa_proto,all,4,0.9371618421052631,0.9201877638142917,0.13473684210526313
screen,arniqa_proto,all,5,0.9433223684210525,0.9271979459195867,0.12
screen,arniqa_proto,all,all,0.9259772368421054,0.9068303679745335,0.16199999999999998
screen,clipiqa,common,1,0.7452983333333333,0.701318645177121,0.6013333333333333
screen,clipiqa,common,2,0.7878950000000001,0.7378499337965301,0.5133333333333333
screen,clipiqa,common,3,0.8009716666666666,0.7443914195459358,0.4713333333333333
screen,clipiqa,common,4,0.8165266666666667,0.7627817547113338,0.413
screen,clipiqa,common,5,0.8210283333333331,0.7670915003575334,0.36866666666666664
screen,clipiqa,common,all,0.7943439999999999,0.7426866507176906,0.47353333333333336
screen,clipiqa,extra,1,0.626375,0.5954400870176607,0.7575000000000001
screen,clipiqa,extra,2,0.627871875,0.5917783961693687,0.71375
screen,clipiqa,extra,3,0.67835625,0.6272925388577983,0.6837500000000001
screen,clipiqa,extra,4,0.694328125,0.6458083574583209,0.6475
screen,clipiqa,extra,5,0.7285375,0.6754188409528974,0.5862499999999999
screen,clipiqa,extra,all,0.67109375,0.6271476440912092,0.67775
screen,clipiqa,all,1,0.7202618421052632,0.6790284224067084,0.6342105263157894
screen,clipiqa,all,2,0.7542059210526316,0.7070980311381801,0.5555263157894736
screen,clipiqa,all,3,0.775157894736842,0.719739023611591,0.5160526315789473
screen,clipiqa,all,4,0.7908006578947367,0.7381557763422782,0.4623684210526316
screen,clipiqa,all,5,0.8015565789473683,0.7477919931144521,0.4144736842105263
screen,clipiqa,all,all,0.7683965789473682,0.7183626493226422,0.5165263157894737
