subset,method,family,severity,group,pooling,auroc,aupr,fpr95
all,two_axis,gaussian_noise,1,common,pooled,0.925578,0.8713736953354082,0.219
all,two_axis,gaussian_noise,2,common,pooled,0.983913,0.9668037695032939,0.0468
all,two_axis,gaussian_noise,3,common,pooled,0.99708188,0.994001091421022,0.0082
all,two_axis,gaussian_noise,4,common,pooled,0.99953976,0.9993581565272809,0.0012
all,two_axis,gaussian_noise,5,common,pooled,0.99998968,0.999989597780469,0.0
all,two_axis,shot_noise,1,common,pooled,0.90792248,0.8610708587382466,0.281
all,two_axis,shot_noise,2,common,pooled,0.9798692,0.9670951018684149,0.0604
all,two_axis,shot_noise,3,common,pooled,0.99519924,0.99279271479903,0.012
all,two_axis,shot_noise,4,common,pooled,0.9993006,0.9992566230266822,0.0016
all,two_axis,shot_noise,5,common,pooled,0.99980456,0.9998159556742068,0.0004
all,two_axis,impulse_noise,1,common,pooled,0.98745296,0.9845235788404602,0.0542
all,two_axis,impulse_noise,2,common,pooled,0.99472252,0.9922322835522316,0.0168
all,two_axis,impulse_noise,3,common,pooled,0.9974008,0.9958471338779274,0.0086
all,two_axis,impulse_noise,4,common,pooled,0.99961824,0.9994845643159144,0.0012
all,two_axis,impulse_noise,5,common,pooled,0.99999168,0.9999916139375904,0.0
all,two_axis,defocus_blur,1,common,pooled,0.94770296,0.9143869212365437,0.18
all,two_axis,defocus_blur,2,common,pooled,0.96970968,0.9462275712825847,0.099
all,two_axis,defocus_blur,3,common,pooled,0.98161208,0.9641086588854648,0.059
all,two_axis,defocus_blur,4,common,pooled,0.98562144,0.9696948555929421,0.0446
all,two_axis,defocus_blur,5,common,pooled,0.98892528,0.9754168180132565,0.0348
all,two_axis,glass_blur,1,common,pooled,0.91460368,0.8674922624945977,0.2814
all,two_axis,glass_blur,2,common,pooled,0.95350336,0.9205205885682857,0.1562
all,two_axis,glass_blur,3,common,pooled,0.95933852,0.9244083365495174,0.1232
all,two_axis,glass_blur,4,common,pooled,0.9627052,0.9283134368847384,0.1062
all,two_axis,glass_blur,5,common,pooled,0.97712136,0.9524290780574811,0.0634
all,two_axis,motion_blur,1,common,pooled,0.86660544,0.8173087488296273,0.4122
all,two_axis,motion_blur,2,common,pooled,0.9225354,0.8880335907674705,0.2474
all,two_axis,motion_blur,3,common,pooled,0.9508826,0.9271597854419064,0.1524
all,two_axis,motion_blur,4,common,pooled,0.96550428,0.9490735878900568,0.102
all,two_axis,motion_blur,5,common,pooled,0.97212548,0.9584732735275214,0.0838
all,two_axis,zoom_blur,1,common,pooled,0.9021624,0.8391210554900803,0.2784
all,two_axis,zoom_blur,2,common,pooled,0.9239114,0.8671701940241474,0.2202
all,two_axis,zoom_blur,3,common,pooled,0.93044012,0.8802547096939214,0.2158
all,two_axis,zoom_blur,4,common,pooled,0.94242684,0.8967941801980238,0.1734
all,two_axis,zoom_blur,5,common,pooled,0.94983208,0.9096288645835979,0.1574
all,two_axis,snow,1,common,pooled,0.92240988,0.906292229620126,0.2904
all,two_axis,snow,2,common,pooled,0.96943984,0.9617558538035835,0.1178
all,two_axis,snow,3,common,pooled,0.97285336,0.9650810145811547,0.1054
all,two_axis,snow,4,common,pooled,0.98271804,0.977008204038548,0.0634
all,two_axis,snow,5,common,pooled,0.97645404,0.9683241754699385,0.0838
all,two_axis,frost,1,common,pooled,0.7162918,0.6513295971010995,0.6972
all,two_axis,frost,2,common,pooled,0.84436936,0.7705233083237868,0.437
all,two_axis,frost,3,common,pooled,0.88736332,0.8155948023193165,0.3138
all,two_axis,frost,4,common,pooled,0.90278156,0.836857844056001,0.2726
all,two_axis,frost,5,common,pooled,0.91904644,0.8549848133013542,0.2218
all,two_axis,fog,1,common,pooled,0.95165996,0.926597358264142,0.1736
all,two_axis,fog,2,common,pooled,0.9695902,0.9514945381797671,0.1022
all,two_axis,fog,3,common,pooled,0.9782164,0.9639533378782719,0.0716
all,two_axis,fog,4,common,pooled,0.97855908,0.9633894395019074,0.0662
all,two_axis,fog,5,common,pooled,0.98567672,0.9728497838779981,0.0466
all,two_axis,brightness,1,common,pooled,0.52917408,0.5172759198627944,0.9306
all,two_axis,brightness,2,common,pooled,0.55999288,0.5359840880438207,0.899
all,two_axis,brightness,3,common,pooled,0.59626588,0.5599344838929309,0.8544
all,two_axis,brightness,4,common,pooled,0.648902,0.5986218084464399,0.7794
all,two_axis,brightness,5,common,pooled,0.70734552,0.6477738531382486,0.6906
all,two_axis,contrast,1,common,pooled,0.94028456,0.9128427223674749,0.228
all,two_axis,contrast,2,common,pooled,0.96969648,0.9531815160263064,0.112
all,two_axis,contrast,3,common,pooled,0.98734676,0.9794803925353135,0.0492
all,two_axis,contrast,4,common,pooled,0.99637892,0.9942676933981419,0.0114
all,two_axis,contrast,5,common,pooled,0.99877592,0.998256973438537,0.0042
all,two_axis,elastic_transform,1,common,pooled,0.6834804,0.6318346464391646,0.7936
all,two_axis,elastic_transform,2,common,pooled,0.7175176,0.6613190199350506,0.738
all,two_axis,elastic_transform,3,common,pooled,0.76023336,0.7018456982919297,0.6596
all,two_axis,elastic_transform,4,common,pooled,0.79283036,0.7360840534949975,0.5864
all,two_axis,elastic_transform,5,common,pooled,0.83518656,0.7830474967724186,0.4876
all,two_axis,pixelate,1,common,pooled,0.85164668,0.8036196335015304,0.5278
all,two_axis,pixelate,2,common,pooled,0.88262912,0.8386216431579882,0.4298
all,two_axis,pixelate,3,common,pooled,0.95682688,0.9400136736197076,0.1624
all,two_axis,pixelate,4,common,pooled,0.97980476,0.9724404114064034,0.0682
all,two_axis,pixelate,5,common,pooled,0.9887986,0.9855123104358539,0.0404
all,two_axis,jpeg_compression,1,common,pooled,0.89237376,0.8439629431905957,0.3346
all,two_axis,jpeg_compression,2,common,pooled,0.92869092,0.8885475790807057,0.2226
all,two_axis,jpeg_compression,3,common,pooled,0.94163492,0.9047012837879816,0.186
all,two_axis,jpeg_compression,4,common,pooled,0.95918032,0.9282712065997889,0.122
all,two_axis,jpeg_compression,5,common,pooled,0.97019892,0.9512189310893575,0.092
all,two_axis,speckle_noise,1,extra,pooled,0.80113024,0.7502586760208467,0.5726
all,two_axis,speckle_noise,2,extra,pooled,0.89110876,0.8600278624322866,0.3874
all,two_axis,speckle_noise,3,extra,pooled,0.97848364,0.9733306269836539,0.0842
all,two_axis,speckle_noise,4,extra,pooled,0.99069864,0.9890388816212313,0.037
all,two_axis,speckle_noise,5,extra,pooled,0.99635596,0.9960397190399373,0.0116
all,two_axis,gaussian_blur,1,extra,pooled,0.85314536,0.7934663929353658,0.4596
all,two_axis,gaussian_blur,2,extra,pooled,0.96710736,0.9420907024575367,0.1108
all,two_axis,gaussian_blur,3,extra,pooled,0.98128136,0.9634448838358006,0.06
all,two_axis,gaussian_blur,4,extra,pooled,0.98506412,0.9682704387176645,0.048
all,two_axis,gaussian_blur,5,extra,pooled,0.98856084,0.9736515411505005,0.0344
all,two_axis,spatter,1,extra,pooled,0.56797388,0.5406694558260949,0.8968
all,two_axis,spatter,2,extra,pooled,0.87412624,0.8301412801389241,0.4138
all,two_axis,spatter,3,extra,pooled,0.94024964,0.925192476066492,0.2424
all,two_axis,spatter,4,extra,pooled,0.98982848,0.9888301702486283,0.0492
all,two_axis,spatter,5,extra,pooled,0.99700552,0.9966958866300113,0.0126
all,two_axis,saturate,1,extra,pooled,0.59967276,0.5649086501874777,0.8662
all,two_axis,saturate,2,extra,pooled,0.66198596,0.6090359024284874,0.7736
all,two_axis,saturate,3,extra,pooled,0.53713564,0.5261252245707523,0.9236
all,two_axis,saturate,4,extra,pooled,0.72864284,0.6766408925460108,0.7
all,two_axis,saturate,5,extra,pooled,0.83932124,0.808096209479067,0.526
all,peak_share,gaussian_noise,1,common,pooled,0.94734892,0.9135221226385783,0.1582
all,peak_share,gaussian_noise,2,common,pooled,0.98302032,0.9694580525137432,0.0462
all,peak_share,gaussian_noise,3,common,pooled,0.99536936,0.9920000823538404,0.013
all,peak_share,gaussian_noise,4,common,pooled,0.99895484,0.9985722557003615,0.0034
all,peak_share,gaussian_noise,5,common,pooled,0.99994968,0.9999485817073939,0.0004
all,peak_share,shot_noise,1,common,pooled,0.9297188,0.8974562114879504,0.2244
all,peak_share,shot_noise,2,common,pooled,0.97754296,0.964890057963489,0.0672
all,peak_share,shot_noise,3,common,pooled,0.99250964,0.9886696408315416,0.023
all,peak_share,shot_noise,4,common,pooled,0.99855812,0.9981953421495917,0.005
all,peak_share,shot_noise,5,common,pooled,0.99961936,0.9995944161320754,0.0018
all,peak_share,impulse_noise,1,common,pooled,0.97783312,0.9674061702112118,0.074
all,peak_share,impulse_noise,2,common,pooled,0.9900902,0.9841892437548159,0.0302
all,peak_share,impulse_noise,3,common,pooled,0.99471576,0.9913106246129331,0.0168
all,peak_share,impulse_noise,4,common,pooled,0.9989406,0.9985038349060299,0.0032
all,peak_share,impulse_noise,5,common,pooled,0.99995044,0.9999492616818435,0.0004
all,peak_share,defocus_blur,1,common,pooled,0.93411392,0.8844449329532484,0.1774
all,peak_share,defocus_blur,2,common,pooled,0.97070196,0.9410278470132708,0.0726
all,peak_share,defocus_blur,3,common,pooled,0.98756324,0.9729477813521833,0.028
all,peak_share,defocus_blur,4,common,pooled,0.99330436,0.9851679125292675,0.0156
all,peak_share,defocus_blur,5,common,pooled,0.996056,0.9912225506803111,0.0084
all,peak_share,glass_blur,1,common,pooled,0.84606956,0.7723879241420709,0.4034
all,peak_share,glass_blur,2,common,pooled,0.93142592,0.8775039938255931,0.1798
all,peak_share,glass_blur,3,common,pooled,0.9614902,0.9205255058345004,0.0922
all,peak_share,glass_blur,4,common,pooled,0.97295404,0.9419325500701611,0.059
all,peak_share,glass_blur,5,common,pooled,0.98836644,0.9739289005779603,0.0248
all,peak_share,motion_blur,1,common,pooled,0.83848316,0.7898249307592968,0.482
all,peak_share,motion_blur,2,common,pooled,0.92181504,0.8861059117732191,0.242
all,peak_share,motion_blur,3,common,pooled,0.96309176,0.9420074063128311,0.1126
all,peak_share,motion_blur,4,common,pooled,0.98149912,0.9703064933982085,0.0504
all,peak_share,motion_blur,5,common,pooled,0.9875928,0.9801616413328893,0.0346
all,peak_share,zoom_blur,1,common,pooled,0.89660136,0.8331644683985792,0.2574
all,peak_share,zoom_blur,2,common,pooled,0.9315464,0.8820655320587826,0.1746
all,peak_share,zoom_blur,3,common,pooled,0.90742304,0.8519716665726267,0.239
all,peak_share,zoom_blur,4,common,pooled,0.92990272,0.882640806537429,0.1872
all,peak_share,zoom_blur,5,common,pooled,0.91585252,0.8657335461953679,0.2304
all,peak_share,snow,1,common,pooled,0.92321992,0.8934089436125855,0.2614
all,peak_share,snow,2,common,pooled,0.97214108,0.9590884526337262,0.0932
all,peak_share,snow,3,common,pooled,0.97126988,0.9539884172315339,0.0908
all,peak_share,snow,4,common,pooled,0.9806906,0.966865424967779,0.0538
all,peak_share,snow,5,common,pooled,0.97962708,0.9684096280857439,0.0608
all,peak_share,frost,1,common,pooled,0.64826408,0.5934682425172185,0.7644
all,peak_share,frost,2,common,pooled,0.78742904,0.7054264085762769,0.5184
all,peak_share,frost,3,common,pooled,0.85171484,0.7697321042963198,0.3708
all,peak_share,frost,4,common,pooled,0.86383376,0.7832646253835537,0.3482
all,peak_share,frost,5,common,pooled,0.89134452,0.8151717279037146,0.2738
all,peak_share,fog,1,common,pooled,0.80646564,0.7366411069797599,0.487
all,peak_share,fog,2,common,pooled,0.87152772,0.8065058373449381,0.3262
all,peak_share,fog,3,common,pooled,0.90775264,0.8508986952099185,0.233
all,peak_share,fog,4,common,pooled,0.90408644,0.8456813382438882,0.2404
all,peak_share,fog,5,common,pooled,0.93147152,0.8843497157955124,0.1758
all,peak_share,brightness,1,common,pooled,0.5270966,0.5185656230301702,0.9374
all,peak_share,brightness,2,common,pooled,0.58365012,0.556095243835627,0.877
all,peak_share,brightness,3,common,pooled,0.65052364,0.6040420915389584,0.788
all,peak_share,brightness,4,common,pooled,0.72649392,0.664260469345076,0.6648
all,peak_share,brightness,5,common,pooled,0.79441632,0.7266594254505261,0.52
all,peak_share,contrast,1,common,pooled,0.82780352,0.7630093213751925,0.4558
all,peak_share,contrast,2,common,pooled,0.91582668,0.865176367248436,0.2206
all,peak_share,contrast,3,common,pooled,0.96957296,0.9437710461667191,0.0744
all,peak_share,contrast,4,common,pooled,0.99344484,0.9879731660504208,0.0168
all,peak_share,contrast,5,common,pooled,0.99878868,0.9982100754745162,0.0034
all,peak_share,elastic_transform,1,common,pooled,0.57554576,0.5420450637427345,0.8808
all,peak_share,elastic_transform,2,common,pooled,0.62547912,0.5753873614776261,0.8254
all,peak_share,elastic_transform,3,common,pooled,0.69363412,0.6261602354215601,0.7078
all,peak_share,elastic_transform,4,common,pooled,0.74160364,0.6659972112997312,0.6288
all,peak_share,elastic_transform,5,common,pooled,0.79740632,0.7161590286194224,0.5038
all,peak_share,pixelate,1,common,pooled,0.73063412,0.6643074196608163,0.6658
all,peak_share,pixelate,2,common,pooled,0.79837188,0.7314457373420205,0.5412
all,peak_share,pixelate,3,common,pooled,0.92882368,0.8919004821773621,0.22
all,peak_share,pixelate,4,common,pooled,0.97431748,0.958199961567428,0.078
all,peak_share,pixelate,5,common,pooled,0.98750296,0.980103538197833,0.0364
all,peak_share,jpeg_compression,1,common,pooled,0.83183336,0.7540296435707952,0.4294
all,peak_share,jpeg_compression,2,common,pooled,0.90050148,0.8383752063147181,0.277
all,peak_share,jpeg_compression,3,common,pooled,0.92648652,0.8743133061035796,0.213
all,peak_share,jpeg_compression,4,common,pooled,0.9613722,0.9271222505027915,0.1078
all,peak_share,jpeg_compression,5,common,pooled,0.97699592,0.9534835100372894,0.0602
all,peak_share,speckle_noise,1,extra,pooled,0.844471,0.8104812236959431,0.4974
all,peak_share,speckle_noise,2,extra,pooled,0.90489252,0.8795656603352955,0.3352
all,peak_share,speckle_noise,3,extra,pooled,0.9722058,0.9636681142377143,0.1046
all,peak_share,speckle_noise,4,extra,pooled,0.985426,0.9812988565923749,0.053
all,peak_share,speckle_noise,5,extra,pooled,0.99324844,0.9916933125766935,0.0252
all,peak_share,gaussian_blur,1,extra,pooled,0.7769722,0.7069873102513521,0.5586
all,peak_share,gaussian_blur,2,extra,pooled,0.9673966,0.9356508844498035,0.0838
all,peak_share,gaussian_blur,3,extra,pooled,0.988086,0.9741222133656867,0.027
all,peak_share,gaussian_blur,4,extra,pooled,0.99416688,0.9868791973759871,0.013
all,peak_share,gaussian_blur,5,extra,pooled,0.997954,0.9957043567489716,0.0042
all,peak_share,spatter,1,extra,pooled,0.51661084,0.5032548161413426,0.9372
all,peak_share,spatter,2,extra,pooled,0.8199594,0.7579066880224158,0.5176
all,peak_share,spatter,3,extra,pooled,0.92000872,0.8839581429014932,0.2682
all,peak_share,spatter,4,extra,pooled,0.9730222,0.9616058891981994,0.0956
all,peak_share,spatter,5,extra,pooled,0.98759892,0.9823431875371544,0.0416
all,peak_share,saturate,1,extra,pooled,0.5796666,0.546279333528628,0.8694
all,peak_share,saturate,2,extra,pooled,0.70071384,0.6363342267547762,0.703
all,peak_share,saturate,3,extra,pooled,0.60792892,0.5715667059962319,0.8602
all,peak_share,saturate,4,extra,pooled,0.79765404,0.7274091415095387,0.5176
all,peak_share,saturate,5,extra,pooled,0.88428996,0.8303045776865561,0.329
all,level,gaussian_noise,1,common,pooled,0.95866992,0.9149845957240127,0.1066
all,level,gaussian_noise,2,common,pooled,0.9886038,0.9734050309356694,0.0292
all,level,gaussian_noise,3,common,pooled,0.9974044,0.9943638905489736,0.0068
all,level,gaussian_noise,4,common,pooled,0.9995462,0.9993645693034892,0.0012
all,level,gaussian_noise,5,common,pooled,0.99998968,0.999989597780469,0.0
all,level,shot_noise,1,common,pooled,0.94958364,0.9100460529782245,0.1398
all,level,shot_noise,2,common,pooled,0.9864198,0.9748321903278528,0.0356
all,level,shot_noise,3,common,pooled,0.99624748,0.9937889569469042,0.0096
all,level,shot_noise,4,common,pooled,0.9994424,0.9993693918511992,0.0016
all,level,shot_noise,5,common,pooled,0.9998628,0.9998645825473197,0.0004
all,level,impulse_noise,1,common,pooled,0.99170312,0.9886423777212544,0.0324
all,level,impulse_noise,2,common,pooled,0.99581844,0.9934163874857312,0.013
all,level,impulse_noise,3,common,pooled,0.99770764,0.996179629334048,0.007
all,level,impulse_noise,4,common,pooled,0.99962184,0.9994881464447809,0.0012
all,level,impulse_noise,5,common,pooled,0.99999168,0.9999916139375904,0.0
all,level,defocus_blur,1,common,pooled,0.86821312,0.7982597917790047,0.3614
all,level,defocus_blur,2,common,pooled,0.90908804,0.8492619697201486,0.2464
all,level,defocus_blur,3,common,pooled,0.9244566,0.8607467899806727,0.1842
all,level,defocus_blur,4,common,pooled,0.933519,0.8673536424023376,0.1532
all,level,defocus_blur,5,common,pooled,0.93908672,0.8717958244458828,0.1328
all,level,glass_blur,1,common,pooled,0.762654,0.6820498229131219,0.5944
all,level,glass_blur,2,common,pooled,0.86534464,0.7880951679908563,0.356
all,level,glass_blur,3,common,pooled,0.92123368,0.853152010419988,0.2014
all,level,glass_blur,4,common,pooled,0.92865092,0.8614171971563301,0.1776
all,level,glass_blur,5,common,pooled,0.94800944,0.8918007645462562,0.1228
all,level,motion_blur,1,common,pooled,0.86228644,0.8194315379219748,0.441
all,level,motion_blur,2,common,pooled,0.91839676,0.8875052473196086,0.2726
all,level,motion_blur,3,common,pooled,0.94474992,0.9230759820092261,0.185
all,level,motion_blur,4,common,pooled,0.9605452,0.9450738754715604,0.1344
all,level,motion_blur,5,common,pooled,0.96762016,0.9546538392582936,0.1094
all,level,zoom_blur,1,common,pooled,0.73405104,0.6325778396072346,0.565
all,level,zoom_blur,2,common,pooled,0.76838864,0.6643122082948598,0.4976
all,level,zoom_blur,3,common,pooled,0.68011816,0.5851426393465532,0.6432
all,level,zoom_blur,4,common,pooled,0.7065306,0.6070207855241397,0.603
all,level,zoom_blur,5,common,pooled,0.64685944,0.5615559144258166,0.6996
all,level,snow,1,common,pooled,0.95413356,0.9372337688811981,0.1604
all,level,snow,2,common,pooled,0.98174252,0.974268328933608,0.0618
all,level,snow,3,common,pooled,0.9834704,0.9760930639028971,0.0558
all,level,snow,4,common,pooled,0.98865676,0.9833677677760381,0.0372
all,level,snow,5,common,pooled,0.98512104,0.9778749263201807,0.047
all,level,frost,1,common,pooled,0.65713748,0.5870581680657451,0.747
all,level,frost,2,common,pooled,0.76341544,0.6677119817732553,0.543
all,level,frost,3,common,pooled,0.81570476,0.7165932854316508,0.4368
all,level,frost,4,common,pooled,0.81945432,0.718444801173302,0.4288
all,level,frost,5,common,pooled,0.84392532,0.7452296112550107,0.3678
all,level,fog,1,common,pooled,0.5131714,0.4780838306438032,0.858
all,level,fog,2,common,pooled,0.5490178,0.4953191272984039,0.812
all,level,fog,3,common,pooled,0.57826876,0.5108128621767094,0.768
all,level,fog,4,common,pooled,0.57483716,0.507865405602172,0.7628
all,level,fog,5,common,pooled,0.62093876,0.5356020493870106,0.6842
all,level,brightness,1,common,pooled,0.5378904,0.524156050002922,0.9258
all,level,brightness,2,common,pooled,0.61122224,0.5736196172961295,0.8542
all,level,brightness,3,common,pooled,0.68525724,0.6291693278331218,0.7434
all,level,brightness,4,common,pooled,0.75838688,0.690695815625345,0.6108
all,level,brightness,5,common,pooled,0.8161222,0.7464417148478053,0.4818
all,level,contrast,1,common,pooled,0.5280036,0.49033645055453773,0.856
all,level,contrast,2,common,pooled,0.58111312,0.5182612834069291,0.7816
all,level,contrast,3,common,pooled,0.65624144,0.566428462297777,0.6628
all,level,contrast,4,common,pooled,0.77660328,0.6697160544723715,0.4646
all,level,contrast,5,common,pooled,0.88695792,0.7974429362405295,0.2564
all,level,elastic_transform,1,common,pooled,0.60152284,0.5655705518975043,0.8686
all,level,elastic_transform,2,common,pooled,0.66711688,0.6194771116700513,0.812
all,level,elastic_transform,3,common,pooled,0.75266792,0.6977515934249827,0.6828
all,level,elastic_transform,4,common,pooled,0.80884368,0.754754721501006,0.573
all,level,elastic_transform,5,common,pooled,0.86868964,0.8193977733755462,0.421
all,level,pixelate,1,common,pooled,0.68382072,0.638353871720287,0.7932
all,level,pixelate,2,common,pooled,0.74161612,0.6981943491088983,0.7118
all,level,pixelate,3,common,pooled,0.89111312,0.8722121138186084,0.414
all,level,pixelate,4,common,pooled,0.95334804,0.9449078388043991,0.1902
all,level,pixelate,5,common,pooled,0.97687384,0.9731943171375459,0.1002
all,level,jpeg_compression,1,common,pooled,0.814913,0.7166214167032373,0.436
all,level,jpeg_compression,2,common,pooled,0.8953788,0.8143892838208087,0.2602
all,level,jpeg_compression,3,common,pooled,0.92520112,0.8602082955353947,0.1882
all,level,jpeg_compression,4,common,pooled,0.9639534,0.9304202691294354,0.097
all,level,jpeg_compression,5,common,pooled,0.97934956,0.9622414595747613,0.0594
all,level,speckle_noise,1,extra,pooled,0.886557,0.8368423464882254,0.356
all,level,speckle_noise,2,extra,pooled,0.93896212,0.909228783216994,0.2012
all,level,speckle_noise,3,extra,pooled,0.98630464,0.9808059040556275,0.0472
all,level,speckle_noise,4,extra,pooled,0.9936536,0.9917337343193592,0.0242
all,level,speckle_noise,5,extra,pooled,0.99739652,0.9969390730169019,0.0094
all,level,gaussian_blur,1,extra,pooled,0.73077192,0.656501739576363,0.6498
all,level,gaussian_blur,2,extra,pooled,0.91041112,0.853641080069601,0.2476
all,level,gaussian_blur,3,extra,pooled,0.93589396,0.885165507369635,0.17
all,level,gaussian_blur,4,extra,pooled,0.94415064,0.8896593356816249,0.1336
all,level,gaussian_blur,5,extra,pooled,0.95519188,0.8983359949126184,0.0932
all,level,spatter,1,extra,pooled,0.54197536,0.5225498498154091,0.9144
all,level,spatter,2,extra,pooled,0.89941408,0.8593382985160363,0.3354
all,level,spatter,3,extra,pooled,0.96150124,0.9465788857032003,0.144
all,level,spatter,4,extra,pooled,0.99295372,0.991763844642068,0.0306
all,level,spatter,5,extra,pooled,0.99767448,0.997341905271556,0.01
all,level,saturate,1,extra,pooled,0.57260596,0.53567251344731,0.858
all,level,saturate,2,extra,pooled,0.68193684,0.6139061348517394,0.7078
all,level,saturate,3,extra,pooled,0.64181368,0.6038526592338254,0.845
all,level,saturate,4,extra,pooled,0.84119328,0.7807572655950614,0.4626
all,level,saturate,5,extra,pooled,0.91138452,0.8774764513800991,0.2932
all,global_level,gaussian_noise,1,common,pooled,0.93258868,0.8960923367441034,0.202
all,global_level,gaussian_noise,2,common,pooled,0.98466356,0.9729136256733957,0.047
all,global_level,gaussian_noise,3,common,pooled,0.99748272,0.9954886424520718,0.0078
all,global_level,gaussian_noise,4,common,pooled,0.99967304,0.9995748429377073,0.001
all,global_level,gaussian_noise,5,common,pooled,0.99999372,0.9999936766628966,0.0
all,global_level,shot_noise,1,common,pooled,0.91624916,0.883918781975633,0.2654
all,global_level,shot_noise,2,common,pooled,0.98064996,0.9712356330491368,0.0638
all,global_level,shot_noise,3,common,pooled,0.99584348,0.994010079679881,0.013
all,global_level,shot_noise,4,common,pooled,0.99949616,0.9994468552012781,0.0018
all,global_level,shot_noise,5,common,pooled,0.99986412,0.9998675773820034,0.0002
all,global_level,impulse_noise,1,common,pooled,0.98817324,0.9821273046485274,0.0418
all,global_level,impulse_noise,2,common,pooled,0.99507144,0.9920289220219699,0.0148
all,global_level,impulse_noise,3,common,pooled,0.99769728,0.996180229180623,0.0056
all,global_level,impulse_noise,4,common,pooled,0.99972176,0.9996315032072961,0.0008
all,global_level,impulse_noise,5,common,pooled,0.99999464,0.9999946049555865,0.0
all,global_level,defocus_blur,1,common,pooled,0.79877996,0.7114068452203247,0.4832
all,global_level,defocus_blur,2,common,pooled,0.87561212,0.7924965106591155,0.2908
all,global_level,defocus_blur,3,common,pooled,0.92363944,0.8523290579651949,0.1694
all,global_level,defocus_blur,4,common,pooled,0.9476906,0.8887469498122931,0.1074
all,global_level,defocus_blur,5,common,pooled,0.95875456,0.9064010060425992,0.08
all,global_level,glass_blur,1,common,pooled,0.66623716,0.5932839053631265,0.7402
all,global_level,glass_blur,2,common,pooled,0.80065156,0.7064672442167955,0.4692
all,global_level,glass_blur,3,common,pooled,0.8809636,0.7887704138134972,0.2664
all,global_level,glass_blur,4,common,pooled,0.90366368,0.8163649779744067,0.2118
all,global_level,glass_blur,5,common,pooled,0.9400664,0.8713798062754755,0.1238
all,global_level,motion_blur,1,common,pooled,0.78873252,0.7420573776792324,0.6112
all,global_level,motion_blur,2,common,pooled,0.88309508,0.842403602449163,0.3632
all,global_level,motion_blur,3,common,pooled,0.93663572,0.9069084971253865,0.197
all,global_level,motion_blur,4,common,pooled,0.96280572,0.9423708248016653,0.1102
all,global_level,motion_blur,5,common,pooled,0.9720496,0.9553257440812909,0.0818
all,global_level,zoom_blur,1,common,pooled,0.71765508,0.6259010291543778,0.622
all,global_level,zoom_blur,2,common,pooled,0.77276288,0.6721078090230265,0.5102
all,global_level,zoom_blur,3,common,pooled,0.70813116,0.6168254335503003,0.6348
all,global_level,zoom_blur,4,common,pooled,0.74363524,0.6450835817239703,0.568
all,global_level,zoom_blur,5,common,pooled,0.7035408,0.6132696074067225,0.6376
all,global_level,snow,1,common,pooled,0.90881124,0.8787335271824394,0.3152
all,global_level,snow,2,common,pooled,0.96345884,0.9533053188056075,0.143
all,global_level,snow,3,common,pooled,0.9581532,0.9425141899754821,0.1488
all,global_level,snow,4,common,pooled,0.96868444,0.956268398059502,0.1114
all,global_level,snow,5,common,pooled,0.96633296,0.9544721787463164,0.1176
all,global_level,frost,1,common,pooled,0.5535246,0.5255490907327873,0.8942
all,global_level,frost,2,common,pooled,0.66029772,0.591971216291325,0.7618
all,global_level,frost,3,common,pooled,0.72715224,0.6445867659229763,0.6568
all,global_level,frost,4,common,pooled,0.73501024,0.6508837624197451,0.6462
all,global_level,frost,5,common,pooled,0.7707756,0.6849122640640215,0.5978
all,global_level,fog,1,common,pooled,0.4676762,0.45550561214519736,0.9076
all,global_level,fog,2,common,pooled,0.49150544,0.4664078635133182,0.8882
all,global_level,fog,3,common,pooled,0.51834496,0.48068300386536994,0.8614
all,global_level,fog,4,common,pooled,0.51227624,0.47613572578074914,0.8634
all,global_level,fog,5,common,pooled,0.53378724,0.48746909014941436,0.8418
all,global_level,brightness,1,common,pooled,0.51911552,0.5143358641288348,0.9366
all,global_level,brightness,2,common,pooled,0.56488724,0.5460120255123759,0.8988
all,global_level,brightness,3,common,pooled,0.61806316,0.584385467863237,0.8388
all,global_level,brightness,4,common,pooled,0.67801756,0.6303446165749423,0.7618
all,global_level,brightness,5,common,pooled,0.73525904,0.6781829419724739,0.6644
all,global_level,contrast,1,common,pooled,0.49954196,0.48010511446398785,0.902
all,global_level,contrast,2,common,pooled,0.53923184,0.5021326983271004,0.8614
all,global_level,contrast,3,common,pooled,0.61313216,0.5505869814031339,0.7804
all,global_level,contrast,4,common,pooled,0.76793848,0.6794673016003077,0.5448
all,global_level,contrast,5,common,pooled,0.90002644,0.8256887615784373,0.2436
all,global_level,elastic_transform,1,common,pooled,0.5179088,0.5044216614874798,0.9358
all,global_level,elastic_transform,2,common,pooled,0.55721564,0.5313735656258779,0.903
all,global_level,elastic_transform,3,common,pooled,0.62220864,0.5810715105940045,0.8402
all,global_level,elastic_transform,4,common,pooled,0.67384476,0.6254507311831812,0.7864
all,global_level,elastic_transform,5,common,pooled,0.73982684,0.6869812885565796,0.6882
all,global_level,pixelate,1,common,pooled,0.59507912,0.5604840045039758,0.8468
all,global_level,pixelate,2,common,pooled,0.65679424,0.6101711677536921,0.7764
all,global_level,pixelate,3,common,pooled,0.83147932,0.7923723056098595,0.4688
all,global_level,pixelate,4,common,pooled,0.92570628,0.9022299916138606,0.2344
all,global_level,pixelate,5,common,pooled,0.96235856,0.9503726965338966,0.1292
all,global_level,jpeg_compression,1,common,pooled,0.63643972,0.569448568056385,0.7544
all,global_level,jpeg_compression,2,common,pooled,0.74602396,0.6564760103663418,0.5968
all,global_level,jpeg_compression,3,common,pooled,0.80914816,0.7197358972561105,0.4712
all,global_level,jpeg_compression,4,common,pooled,0.91154824,0.8523340140612381,0.2462
all,global_level,jpeg_compression,5,common,pooled,0.95521088,0.9254020779369657,0.1386
all,global_level,speckle_noise,1,extra,pooled,0.82547056,0.7919652868061864,0.5378
all,global_level,speckle_noise,2,extra,pooled,0.90144344,0.8784534429250384,0.3558
all,global_level,speckle_noise,3,extra,pooled,0.9806264,0.9760751149667655,0.0762
all,global_level,speckle_noise,4,extra,pooled,0.99211688,0.9905530374431126,0.032
all,global_level,speckle_noise,5,extra,pooled,0.99719204,0.996822320220081,0.0108
all,global_level,gaussian_blur,1,extra,pooled,0.6384538,0.5793979422589741,0.7896
all,global_level,gaussian_blur,2,extra,pooled,0.87522816,0.7929279246557049,0.2948
all,global_level,gaussian_blur,3,extra,pooled,0.93200108,0.8663123407328559,0.1488
all,global_level,gaussian_blur,4,extra,pooled,0.95301816,0.8981408271877258,0.095
all,global_level,gaussian_blur,5,extra,pooled,0.97157024,0.9296085999597387,0.0558
all,global_level,spatter,1,extra,pooled,0.4979396,0.4951973393372011,0.94
all,global_level,spatter,2,extra,pooled,0.82597516,0.7637049112739058,0.4908
all,global_level,spatter,3,extra,pooled,0.93554876,0.9039815873556888,0.2108
all,global_level,spatter,4,extra,pooled,0.98505076,0.9821867480643673,0.063
all,global_level,spatter,5,extra,pooled,0.9948332,0.9936983322677724,0.0202
all,global_level,saturate,1,extra,pooled,0.53465784,0.5148402784085804,0.9014
all,global_level,saturate,2,extra,pooled,0.61036892,0.5656068158258608,0.815
all,global_level,saturate,3,extra,pooled,0.5895562,0.5673213826912452,0.895
all,global_level,saturate,4,extra,pooled,0.72861864,0.6772691186255526,0.6894
all,global_level,saturate,5,extra,pooled,0.82221964,0.7781045813533577,0.5234
all,means_knn,gaussian_noise,1,common,pooled,0.9294344,0.85682006255469,0.1498
all,means_knn,gaussian_noise,2,common,pooled,0.9770108,0.9396343391414199,0.045
all,means_knn,gaussian_noise,3,common,pooled,0.99294008,0.9808300902006287,0.0124
all,means_knn,gaussian_noise,4,common,pooled,0.99854104,0.9961603005372937,0.0034
all,means_knn,gaussian_noise,5,common,pooled,0.9997966,0.9996990217091621,0.0006
all,means_knn,shot_noise,1,common,pooled,0.91837028,0.853176164314242,0.2072
all,means_knn,shot_noise,2,common,pooled,0.97404304,0.9437728397667993,0.0608
all,means_knn,shot_noise,3,common,pooled,0.99123428,0.9816680709161691,0.018
all,means_knn,shot_noise,4,common,pooled,0.99840996,0.9973967381480409,0.0038
all,means_knn,shot_noise,5,common,pooled,0.99949992,0.9994589348134739,0.001
all,means_knn,impulse_noise,1,common,pooled,0.98792764,0.9834570474824845,0.0476
all,means_knn,impulse_noise,2,common,pooled,0.9919796,0.9865283805158209,0.0224
all,means_knn,impulse_noise,3,common,pooled,0.99449088,0.9897968566473405,0.0134
all,means_knn,impulse_noise,4,common,pooled,0.99876636,0.9973964629335342,0.003
all,means_knn,impulse_noise,5,common,pooled,0.99978352,0.9996721882060668,0.0006
all,means_knn,defocus_blur,1,common,pooled,0.732847,0.6464441480178462,0.6208
all,means_knn,defocus_blur,2,common,pooled,0.79749544,0.7032600473129685,0.4862
all,means_knn,defocus_blur,3,common,pooled,0.8333712,0.7329508266110555,0.3856
all,means_knn,defocus_blur,4,common,pooled,0.85289796,0.7501838174550998,0.3372
all,means_knn,defocus_blur,5,common,pooled,0.857685,0.7515840254746062,0.319
all,means_knn,glass_blur,1,common,pooled,0.5981564,0.5379376574972492,0.8026
all,means_knn,glass_blur,2,common,pooled,0.69337344,0.5999704126921508,0.6494
all,means_knn,glass_blur,3,common,pooled,0.78157016,0.6703231364997673,0.4934
all,means_knn,glass_blur,4,common,pooled,0.7812924,0.6648307703266481,0.4732
all,means_knn,glass_blur,5,common,pooled,0.82445152,0.7070934634508711,0.3672
all,means_knn,motion_blur,1,common,pooled,0.82167512,0.7782008220534249,0.5696
all,means_knn,motion_blur,2,common,pooled,0.87621296,0.8430609810826335,0.4326
all,means_knn,motion_blur,3,common,pooled,0.90934692,0.8844534589633121,0.3286
all,means_knn,motion_blur,4,common,pooled,0.93397128,0.9151063313682419,0.2402
all,means_knn,motion_blur,5,common,pooled,0.94388228,0.927210304812421,0.216
all,means_knn,zoom_blur,1,common,pooled,0.64533412,0.5622979373577228,0.7368
all,means_knn,zoom_blur,2,common,pooled,0.67214776,0.5817777392806728,0.6904
all,means_knn,zoom_blur,3,common,pooled,0.62097064,0.5403156063313003,0.75
all,means_knn,zoom_blur,4,common,pooled,0.63759804,0.5508688380964442,0.727
all,means_knn,zoom_blur,5,common,pooled,0.60528888,0.528732726075318,0.7686
all,means_knn,snow,1,common,pooled,0.95145516,0.9355776989804188,0.1724
all,means_knn,snow,2,common,pooled,0.97688304,0.9708183505563448,0.0708
all,means_knn,snow,3,common,pooled,0.97665148,0.9700715557514329,0.0702
all,means_knn,snow,4,common,pooled,0.97858656,0.9741482009184648,0.0604
all,means_knn,snow,5,common,pooled,0.97329392,0.9696181287205025,0.0818
all,means_knn,frost,1,common,pooled,0.6708326,0.5915804752104219,0.7082
all,means_knn,frost,2,common,pooled,0.76832452,0.6655730994413978,0.52
all,means_knn,frost,3,common,pooled,0.8141482,0.7078092078775553,0.443
all,means_knn,frost,4,common,pooled,0.81817648,0.7100869746213213,0.4234
all,means_knn,frost,5,common,pooled,0.84029596,0.7340012155316938,0.3606
all,means_knn,fog,1,common,pooled,0.45337228,0.4495871217355305,0.9216
all,means_knn,fog,2,common,pooled,0.46927128,0.45529779363593964,0.907
all,means_knn,fog,3,common,pooled,0.48218668,0.4597217657527774,0.8872
all,means_knn,fog,4,common,pooled,0.48097188,0.45777803291175995,0.8818
all,means_knn,fog,5,common,pooled,0.52472412,0.47484661947079065,0.798
all,means_knn,brightness,1,common,pooled,0.5418282,0.5257075108856564,0.9282
all,means_knn,brightness,2,common,pooled,0.6329092,0.5876837000914747,0.8516
all,means_knn,brightness,3,common,pooled,0.7275988,0.6636348637671838,0.7146
all,means_knn,brightness,4,common,pooled,0.81132988,0.742709407333407,0.5474
all,means_knn,brightness,5,common,pooled,0.86579636,0.8036181213624267,0.4162
all,means_knn,contrast,1,common,pooled,0.50257104,0.4793452377807532,0.913
all,means_knn,contrast,2,common,pooled,0.53346688,0.494630681141828,0.888
all,means_knn,contrast,3,common,pooled,0.56573212,0.5124104464409263,0.8666
all,means_knn,contrast,4,common,pooled,0.58763384,0.5234209941938872,0.8202
all,means_knn,contrast,5,common,pooled,0.59485824,0.5196006360506866,0.7518
all,means_knn,elastic_transform,1,common,pooled,0.55353152,0.5255301931232319,0.9136
all,means_knn,elastic_transform,2,common,pooled,0.61497588,0.5712826072911917,0.8686
all,means_knn,elastic_transform,3,common,pooled,0.70720032,0.6512019638551967,0.7798
all,means_knn,elastic_transform,4,common,pooled,0.77270844,0.715604299262006,0.6768
all,means_knn,elastic_transform,5,common,pooled,0.8461192,0.7937243414943462,0.5064
all,means_knn,pixelate,1,common,pooled,0.70053072,0.6605509075053624,0.8108
all,means_knn,pixelate,2,common,pooled,0.7666236,0.7329300077949693,0.7354
all,means_knn,pixelate,3,common,pooled,0.90864616,0.8966285665506757,0.3716
all,means_knn,pixelate,4,common,pooled,0.96008876,0.9565448920917302,0.167
all,means_knn,pixelate,5,common,pooled,0.9788952,0.9778536936000293,0.0854
all,means_knn,jpeg_compression,1,common,pooled,0.80444892,0.7063163868186562,0.457
all,means_knn,jpeg_compression,2,common,pooled,0.88750596,0.8039992563917399,0.276
all,means_knn,jpeg_compression,3,common,pooled,0.91948428,0.8515504672283585,0.1932
all,means_knn,jpeg_compression,4,common,pooled,0.96148192,0.9252967941163697,0.0964
all,means_knn,jpeg_compression,5,common,pooled,0.97782064,0.9604074638454508,0.0606
all,means_knn,speckle_noise,1,extra,pooled,0.85291612,0.7845533514279566,0.4172
all,means_knn,speckle_noise,2,extra,pooled,0.9134934,0.862136916583316,0.2568
all,means_knn,speckle_noise,3,extra,pooled,0.97740724,0.962426682875742,0.0708
all,means_knn,speckle_noise,4,extra,pooled,0.9886096,0.9826008477114693,0.0354
all,means_knn,speckle_noise,5,extra,pooled,0.99489456,0.993207513120647,0.0162
all,means_knn,gaussian_blur,1,extra,pooled,0.61707032,0.5628465956458162,0.8104
all,means_knn,gaussian_blur,2,extra,pooled,0.80935396,0.7191926272287772,0.475
all,means_knn,gaussian_blur,3,extra,pooled,0.86395048,0.7750448509428268,0.3332
all,means_knn,gaussian_blur,4,extra,pooled,0.88160104,0.7913708868849557,0.2868
all,means_knn,gaussian_blur,5,extra,pooled,0.89410524,0.800437349005656,0.2438
all,means_knn,spatter,1,extra,pooled,0.55910908,0.5336604382383967,0.9008
all,means_knn,spatter,2,extra,pooled,0.88452008,0.848029818868107,0.4396
all,means_knn,spatter,3,extra,pooled,0.94047948,0.9189516443621677,0.2486
all,means_knn,spatter,4,extra,pooled,0.98434104,0.9814840481530488,0.0624
all,means_knn,spatter,5,extra,pooled,0.9927012,0.9910604940030651,0.0282
all,means_knn,saturate,1,extra,pooled,0.56576164,0.5311157864137594,0.8646
all,means_knn,saturate,2,extra,pooled,0.64505684,0.5890459212504826,0.7826
all,means_knn,saturate,3,extra,pooled,0.6643728,0.6213411421211097,0.8174
all,means_knn,saturate,4,extra,pooled,0.88773488,0.82963458354717,0.3302
all,means_knn,saturate,5,extra,pooled,0.94233748,0.9146943351712877,0.1906
all,means_own,gaussian_noise,1,common,pooled,0.88969464,0.8298437318191609,0.3004
all,means_own,gaussian_noise,2,common,pooled,0.96605436,0.9369028834668045,0.0962
all,means_own,gaussian_noise,3,common,pooled,0.991626,0.9843664859425356,0.0212
all,means_own,gaussian_noise,4,common,pooled,0.9984082,0.9978214994743518,0.0054
all,means_own,gaussian_noise,5,common,pooled,0.99995956,0.9999589477399049,0.0002
all,means_own,shot_noise,1,common,pooled,0.87225784,0.8194475748156638,0.3646
all,means_own,shot_noise,2,common,pooled,0.9608546,0.9369901988646058,0.117
all,means_own,shot_noise,3,common,pooled,0.98860856,0.9818009352892867,0.029
all,means_own,shot_noise,4,common,pooled,0.99823688,0.9978971626069612,0.0058
all,means_own,shot_noise,5,common,pooled,0.99962404,0.9996271221747542,0.0016
all,means_own,impulse_noise,1,common,pooled,0.97834716,0.9666023314593897,0.0686
all,means_own,impulse_noise,2,common,pooled,0.987549,0.9791616339341274,0.0324
all,means_own,impulse_noise,3,common,pooled,0.99272428,0.9876667041519357,0.018
all,means_own,impulse_noise,4,common,pooled,0.998694,0.998228501333253,0.0042
all,means_own,impulse_noise,5,common,pooled,0.99997076,0.9999703919414717,0.0002
all,means_own,defocus_blur,1,common,pooled,0.74379252,0.6600275595078204,0.597
all,means_own,defocus_blur,2,common,pooled,0.82308312,0.7326985883773715,0.4116
all,means_own,defocus_blur,3,common,pooled,0.88494624,0.7990441060509471,0.2606
all,means_own,defocus_blur,4,common,pooled,0.92126652,0.8470123583425914,0.1688
all,means_own,defocus_blur,5,common,pooled,0.93912152,0.8720981685336503,0.1294
all,means_own,glass_blur,1,common,pooled,0.62213424,0.563222896414154,0.809
all,means_own,glass_blur,2,common,pooled,0.75665836,0.6671754996203755,0.577
all,means_own,glass_blur,3,common,pooled,0.87884576,0.7879380498645694,0.2762
all,means_own,glass_blur,4,common,pooled,0.90094116,0.8149384735233509,0.2226
all,means_own,glass_blur,5,common,pooled,0.93291004,0.8615342113367276,0.1456
all,means_own,motion_blur,1,common,pooled,0.7437552,0.6924085420497,0.6924
all,means_own,motion_blur,2,common,pooled,0.83954516,0.7887808559665564,0.465
all,means_own,motion_blur,3,common,pooled,0.90598184,0.8652159894390603,0.2756
all,means_own,motion_blur,4,common,pooled,0.94335524,0.9143202795296046,0.1658
all,means_own,motion_blur,5,common,pooled,0.95687064,0.9324805230621035,0.1294
all,means_own,zoom_blur,1,common,pooled,0.6803942,0.5956768810647386,0.6874
all,means_own,zoom_blur,2,common,pooled,0.7398506,0.6428414571179483,0.5788
all,means_own,zoom_blur,3,common,pooled,0.67415492,0.5872111405811827,0.691
all,means_own,zoom_blur,4,common,pooled,0.71315828,0.6166606079769688,0.6142
all,means_own,zoom_blur,5,common,pooled,0.67174272,0.5846132019347445,0.6836
all,means_own,snow,1,common,pooled,0.88817872,0.8562839216583561,0.3942
all,means_own,snow,2,common,pooled,0.94550124,0.9287803288815604,0.2048
all,means_own,snow,3,common,pooled,0.94126512,0.920111649296342,0.2138
all,means_own,snow,4,common,pooled,0.9568916,0.939848124655459,0.1528
all,means_own,snow,5,common,pooled,0.95102348,0.9315484701109711,0.1656
all,means_own,frost,1,common,pooled,0.51770056,0.5020251445129557,0.9186
all,means_own,frost,2,common,pooled,0.61818388,0.5602637287228074,0.812
all,means_own,frost,3,common,pooled,0.68916272,0.6125994135817369,0.7188
all,means_own,frost,4,common,pooled,0.69802184,0.6195713975012529,0.7158
all,means_own,frost,5,common,pooled,0.73819676,0.65484568275154,0.6548
all,means_own,fog,1,common,pooled,0.4422154,0.44400159763183805,0.9314
all,means_own,fog,2,common,pooled,0.4579192,0.44990345405165855,0.918
all,means_own,fog,3,common,pooled,0.47790408,0.45932554911471446,0.9056
all,means_own,fog,4,common,pooled,0.47291116,0.45603776423969233,0.9074
all,means_own,fog,5,common,pooled,0.49540544,0.46838551425169744,0.8948
all,means_own,brightness,1,common,pooled,0.51062964,0.5080342241975779,0.945
all,means_own,brightness,2,common,pooled,0.54590256,0.531118863193685,0.9168
all,means_own,brightness,3,common,pooled,0.5913632,0.5617977643837533,0.876
all,means_own,brightness,4,common,pooled,0.64676676,0.6010228227700907,0.806
all,means_own,brightness,5,common,pooled,0.703206,0.6443213341025595,0.7134
all,means_own,contrast,1,common,pooled,0.47651364,0.46801552434061333,0.926
all,means_own,contrast,2,common,pooled,0.50542688,0.4825688918494738,0.9018
all,means_own,contrast,3,common,pooled,0.56636044,0.5189920295898132,0.84
all,means_own,contrast,4,common,pooled,0.71702968,0.6325733148960601,0.6356
all,means_own,contrast,5,common,pooled,0.87348444,0.7907324316785626,0.3128
all,means_own,elastic_transform,1,common,pooled,0.5330206,0.5175524282359885,0.9314
all,means_own,elastic_transform,2,common,pooled,0.58802432,0.5572007810012835,0.8972
all,means_own,elastic_transform,3,common,pooled,0.67246536,0.6271325882342645,0.8068
all,means_own,elastic_transform,4,common,pooled,0.7344418,0.6853074073524381,0.7178
all,means_own,elastic_transform,5,common,pooled,0.80763628,0.759799532003231,0.5686
all,means_own,pixelate,1,common,pooled,0.57708968,0.5512541468578473,0.8806
all,means_own,pixelate,2,common,pooled,0.64184312,0.6054303760243136,0.8096
all,means_own,pixelate,3,common,pooled,0.83649672,0.8083862139385602,0.5
all,means_own,pixelate,4,common,pooled,0.93646044,0.9199632656474307,0.2168
all,means_own,pixelate,5,common,pooled,0.96983192,0.9613274891012813,0.1102
all,means_own,jpeg_compression,1,common,pooled,0.60632124,0.5531873332953465,0.8134
all,means_own,jpeg_compression,2,common,pooled,0.72592832,0.6471719267479324,0.647
all,means_own,jpeg_compression,3,common,pooled,0.79795524,0.717782186009774,0.5284
all,means_own,jpeg_compression,4,common,pooled,0.91431972,0.8616442199685197,0.2572
all,means_own,jpeg_compression,5,common,pooled,0.95983224,0.9341480769138513,0.1286
all,means_own,speckle_noise,1,extra,pooled,0.77682516,0.7288611803036728,0.6132
all,means_own,speckle_noise,2,extra,pooled,0.85947768,0.8189352348428451,0.4396
all,means_own,speckle_noise,3,extra,pooled,0.9642276,0.9510870328070253,0.1256
all,means_own,speckle_noise,4,extra,pooled,0.98341548,0.9778438791021795,0.0572
all,means_own,speckle_noise,5,extra,pooled,0.99324028,0.991630749590669,0.0234
all,means_own,gaussian_blur,1,extra,pooled,0.60506132,0.5565379327625647,0.8356
all,means_own,gaussian_blur,2,extra,pooled,0.82308452,0.7344479555597946,0.4194
all,means_own,gaussian_blur,3,extra,pooled,0.89360468,0.8121272789701484,0.246
all,means_own,gaussian_blur,4,extra,pooled,0.92623208,0.8545566368141421,0.1592
all,means_own,gaussian_blur,5,extra,pooled,0.95776708,0.9015180018781423,0.0904
all,means_own,spatter,1,extra,pooled,0.5115302,0.5065418012336659,0.9372
all,means_own,spatter,2,extra,pooled,0.84054904,0.7902208200612846,0.4876
all,means_own,spatter,3,extra,pooled,0.92584588,0.8909774575187643,0.2476
all,means_own,spatter,4,extra,pooled,0.9818208,0.9782979076272635,0.0766
all,means_own,spatter,5,extra,pooled,0.99267264,0.9909177108432633,0.0274
all,means_own,saturate,1,extra,pooled,0.5128472,0.5008028837839515,0.9206
all,means_own,saturate,2,extra,pooled,0.57336608,0.5392341499605984,0.8688
all,means_own,saturate,3,extra,pooled,0.57333004,0.5540543147983821,0.913
all,means_own,saturate,4,extra,pooled,0.68799864,0.6389091824946642,0.7514
all,means_own,saturate,5,extra,pooled,0.78544916,0.7361841112295762,0.592
all,saod_top3,gaussian_noise,1,common,pooled,0.56885618,0.5429620835616464,0.902
all,saod_top3,gaussian_noise,2,common,pooled,0.61399356,0.5709384897763894,0.854
all,saod_top3,gaussian_noise,3,common,pooled,0.68581192,0.6268827088552369,0.7524
all,saod_top3,gaussian_noise,4,common,pooled,0.7811574,0.7187806637013094,0.6068
all,saod_top3,gaussian_noise,5,common,pooled,0.89777408,0.8561009237162747,0.3576
all,saod_top3,shot_noise,1,common,pooled,0.56464788,0.5402354288433581,0.9058
all,saod_top3,shot_noise,2,common,pooled,0.61373272,0.5731664908820235,0.8496
all,saod_top3,shot_noise,3,common,pooled,0.6742847,0.6201255308418756,0.7804
all,saod_top3,shot_noise,4,common,pooled,0.7827446,0.7209793215958189,0.6064
all,saod_top3,shot_noise,5,common,pooled,0.85868732,0.8068373038147274,0.469
all,saod_top3,impulse_noise,1,common,pooled,0.62539968,0.583345311581008,0.8582
all,saod_top3,impulse_noise,2,common,pooled,0.66147146,0.6115465661493776,0.8068
all,saod_top3,impulse_noise,3,common,pooled,0.69598056,0.6380892644423316,0.7514
all,saod_top3,impulse_noise,4,common,pooled,0.78705564,0.7253598903755013,0.6072
all,saod_top3,impulse_noise,5,common,pooled,0.89073804,0.8468226152315931,0.3886
all,saod_top3,defocus_blur,1,common,pooled,0.59928236,0.5555376998718807,0.8452
all,saod_top3,defocus_blur,2,common,pooled,0.6479412,0.5895524277737648,0.7772
all,saod_top3,defocus_blur,3,common,pooled,0.72711968,0.6575543958005681,0.6508
all,saod_top3,defocus_blur,4,common,pooled,0.79612208,0.7274046726424305,0.5472
all,saod_top3,defocus_blur,5,common,pooled,0.84989708,0.7920625455103192,0.4466
all,saod_top3,glass_blur,1,common,pooled,0.60864836,0.5653758889164573,0.8378
all,saod_top3,glass_blur,2,common,pooled,0.68085966,0.620465009740871,0.7468
all,saod_top3,glass_blur,3,common,pooled,0.83909748,0.7805246988556165,0.5076
all,saod_top3,glass_blur,4,common,pooled,0.8715278,0.8194844640198959,0.4222
all,saod_top3,glass_blur,5,common,pooled,0.89339964,0.8429371777104436,0.342
all,saod_top3,motion_blur,1,common,pooled,0.56305628,0.5339269465850481,0.8884
all,saod_top3,motion_blur,2,common,pooled,0.62402474,0.5754341915655166,0.8264
all,saod_top3,motion_blur,3,common,pooled,0.7141246,0.6467793406249258,0.6838
all,saod_top3,motion_blur,4,common,pooled,0.8050738,0.7355105725700577,0.5378
all,saod_top3,motion_blur,5,common,pooled,0.85334684,0.7909184104726351,0.4374
all,saod_top3,zoom_blur,1,common,pooled,0.72835048,0.6558089099227771,0.6666
all,saod_top3,zoom_blur,2,common,pooled,0.793219,0.7196743612940877,0.5482
all,saod_top3,zoom_blur,3,common,pooled,0.82454496,0.7485061105912246,0.48
all,saod_top3,zoom_blur,4,common,pooled,0.85672304,0.7841084513977343,0.411
all,saod_top3,zoom_blur,5,common,pooled,0.8705516,0.7977201186397889,0.3588
all,saod_top3,snow,1,common,pooled,0.5915752,0.5625678892045967,0.8884
all,saod_top3,snow,2,common,pooled,0.6674904,0.6235677192155387,0.8056
all,saod_top3,snow,3,common,pooled,0.66858886,0.6271019355962826,0.8052
all,saod_top3,snow,4,common,pooled,0.71876996,0.6724390759163836,0.734
all,saod_top3,snow,5,common,pooled,0.72908732,0.6823795699528019,0.727
all,saod_top3,frost,1,common,pooled,0.55775362,0.5379425885228332,0.9168
all,saod_top3,frost,2,common,pooled,0.6177318,0.5847696088201325,0.871
all,saod_top3,frost,3,common,pooled,0.6579276,0.6203227793314562,0.8354
all,saod_top3,frost,4,common,pooled,0.66816444,0.6312225228679194,0.8274
all,saod_top3,frost,5,common,pooled,0.69269538,0.6530355677975657,0.7956
all,saod_top3,fog,1,common,pooled,0.5234866,0.5155440541477496,0.942
all,saod_top3,fog,2,common,pooled,0.5328644,0.521269865688532,0.937
all,saod_top3,fog,3,common,pooled,0.5423901,0.5276994412637002,0.9306
all,saod_top3,fog,4,common,pooled,0.54547282,0.5297413898144618,0.929
all,saod_top3,fog,5,common,pooled,0.56645896,0.5455587960520957,0.9134
all,saod_top3,brightness,1,common,pooled,0.50222098,0.5012611948824216,0.9464
all,saod_top3,brightness,2,common,pooled,0.5117236,0.5067084114490938,0.9424
all,saod_top3,brightness,3,common,pooled,0.52463064,0.5144194147657062,0.942
all,saod_top3,brightness,4,common,pooled,0.54244636,0.5258971837296395,0.932
all,saod_top3,brightness,5,common,pooled,0.56311048,0.5405375608373159,0.9186
all,saod_top3,contrast,1,common,pooled,0.5245154,0.5166610369560718,0.942
all,saod_top3,contrast,2,common,pooled,0.53921258,0.5258991653236028,0.932
all,saod_top3,contrast,3,common,pooled,0.5677196,0.5462494452395118,0.9114
all,saod_top3,contrast,4,common,pooled,0.64827382,0.6100457721750183,0.829
all,saod_top3,contrast,5,common,pooled,0.77981134,0.7466396545591187,0.6388
all,saod_top3,elastic_transform,1,common,pooled,0.55807946,0.5346435426262474,0.9114
all,saod_top3,elastic_transform,2,common,pooled,0.59056008,0.5571782852368952,0.8936
all,saod_top3,elastic_transform,3,common,pooled,0.63818662,0.5908817524632473,0.8592
all,saod_top3,elastic_transform,4,common,pooled,0.67550482,0.6198400301828024,0.82
all,saod_top3,elastic_transform,5,common,pooled,0.71789992,0.6542646756664385,0.7686
all,saod_top3,pixelate,1,common,pooled,0.5911175,0.5563326563132797,0.8764
all,saod_top3,pixelate,2,common,pooled,0.64420496,0.5977395808509043,0.8242
all,saod_top3,pixelate,3,common,pooled,0.81240328,0.7633543707776486,0.576
all,saod_top3,pixelate,4,common,pooled,0.91884392,0.8821918841793899,0.261
all,saod_top3,pixelate,5,common,pooled,0.95010192,0.922369972824319,0.1282
all,saod_top3,jpeg_compression,1,common,pooled,0.59757498,0.5575701169289211,0.8526
all,saod_top3,jpeg_compression,2,common,pooled,0.64134956,0.591788437103987,0.805
all,saod_top3,jpeg_compression,3,common,pooled,0.67485552,0.6206922397711532,0.7692
all,saod_top3,jpeg_compression,4,common,pooled,0.769839,0.7109986038141678,0.6318
all,saod_top3,jpeg_compression,5,common,pooled,0.86154132,0.8154988678525064,0.4652
all,saod_top3,speckle_noise,1,extra,pooled,0.54965872,0.5312476659870207,0.923
all,saod_top3,speckle_noise,2,extra,pooled,0.5722032,0.546981222049427,0.9036
all,saod_top3,speckle_noise,3,extra,pooled,0.63965924,0.5948977463094569,0.8344
all,saod_top3,speckle_noise,4,extra,pooled,0.6842593,0.6313937684120394,0.775
all,saod_top3,speckle_noise,5,extra,pooled,0.73909944,0.6802030615791473,0.6896
all,saod_top3,gaussian_blur,1,extra,pooled,0.55218524,0.5269749745449029,0.8944
all,saod_top3,gaussian_blur,2,extra,pooled,0.63341212,0.5793724971078881,0.7948
all,saod_top3,gaussian_blur,3,extra,pooled,0.70821096,0.6408773635531226,0.6882
all,saod_top3,gaussian_blur,4,extra,pooled,0.77510124,0.7086662800093803,0.5894
all,saod_top3,gaussian_blur,5,extra,pooled,0.87614348,0.8297083915779011,0.407
all,saod_top3,spatter,1,extra,pooled,0.5080114,0.5036945078623791,0.945
all,saod_top3,spatter,2,extra,pooled,0.5758224,0.5496577541767658,0.9036
all,saod_top3,spatter,3,extra,pooled,0.6155393,0.5825004381101018,0.869
all,saod_top3,spatter,4,extra,pooled,0.67297006,0.6241814901745684,0.7976
all,saod_top3,spatter,5,extra,pooled,0.73863988,0.6839454194397843,0.7106
all,saod_top3,saturate,1,extra,pooled,0.5133747,0.5086909915436879,0.9438
all,saod_top3,saturate,2,extra,pooled,0.52763488,0.5168789151652684,0.9374
all,saod_top3,saturate,3,extra,pooled,0.5088892,0.5048037068119793,0.9444
all,saod_top3,saturate,4,extra,pooled,0.53751892,0.5213931632351586,0.9304
all,saod_top3,saturate,5,extra,pooled,0.56994548,0.5436298895053924,0.909
all,saod_min,gaussian_noise,1,common,pooled,0.59204372,0.5826071390001983,0.914
all,saod_min,gaussian_noise,2,common,pooled,0.65947634,0.6450592494638484,0.8758
all,saod_min,gaussian_noise,3,common,pooled,0.75467372,0.7378038428390545,0.7804
all,saod_min,gaussian_noise,4,common,pooled,0.85896814,0.8435444815996569,0.5702
all,saod_min,gaussian_noise,5,common,pooled,0.95013254,0.9352094039418977,0.231
all,saod_min,shot_noise,1,common,pooled,0.58333418,0.5764907982130247,0.9228
all,saod_min,shot_noise,2,common,pooled,0.65361968,0.6405984217706944,0.8856
all,saod_min,shot_noise,3,common,pooled,0.73587476,0.7202816440851979,0.7972
all,saod_min,shot_noise,4,common,pooled,0.86147736,0.8447273223654448,0.5474
all,saod_min,shot_noise,5,common,pooled,0.92711542,0.9102109831244858,0.3022
all,saod_min,impulse_noise,1,common,pooled,0.65944548,0.650331863258907,0.8744
all,saod_min,impulse_noise,2,common,pooled,0.70984016,0.6978563341623043,0.8286
all,saod_min,impulse_noise,3,common,pooled,0.75998952,0.7449588391360328,0.7624
all,saod_min,impulse_noise,4,common,pooled,0.8639855,0.8484320919995536,0.5482
all,saod_min,impulse_noise,5,common,pooled,0.94798696,0.932070987192598,0.2324
all,saod_min,defocus_blur,1,common,pooled,0.64628108,0.6186120587514894,0.8686
all,saod_min,defocus_blur,2,common,pooled,0.70879564,0.6786823751117097,0.8072
all,saod_min,defocus_blur,3,common,pooled,0.79967414,0.7731940020644227,0.662
all,saod_min,defocus_blur,4,common,pooled,0.8702975,0.8475257168557409,0.4794
all,saod_min,defocus_blur,5,common,pooled,0.91803598,0.8973144521086449,0.3108
all,saod_min,glass_blur,1,common,pooled,0.65271468,0.626530225800777,0.8614
all,saod_min,glass_blur,2,common,pooled,0.7452105,0.7170771951889083,0.7616
all,saod_min,glass_blur,3,common,pooled,0.90357852,0.8857769942814562,0.3942
all,saod_min,glass_blur,4,common,pooled,0.92937298,0.9127212996552517,0.29
all,saod_min,glass_blur,5,common,pooled,0.94690854,0.929171600683744,0.2142
all,saod_min,motion_blur,1,common,pooled,0.5912792,0.5715992277902957,0.9098
all,saod_min,motion_blur,2,common,pooled,0.6714903,0.6495891346953633,0.8664
all,saod_min,motion_blur,3,common,pooled,0.77726756,0.7558297664059307,0.7358
all,saod_min,motion_blur,4,common,pooled,0.87122448,0.8513853451273763,0.49
all,saod_min,motion_blur,5,common,pooled,0.91448988,0.895204799700791,0.3318
all,saod_min,zoom_blur,1,common,pooled,0.78447352,0.7582491504225902,0.7012
all,saod_min,zoom_blur,2,common,pooled,0.84939368,0.82593178635288,0.5482
all,saod_min,zoom_blur,3,common,pooled,0.88100508,0.8587497483608169,0.4528
all,saod_min,zoom_blur,4,common,pooled,0.90978768,0.8888630514030323,0.3602
all,saod_min,zoom_blur,5,common,pooled,0.9204235,0.8999653927909891,0.3204
all,saod_min,snow,1,common,pooled,0.63097356,0.6258984423465086,0.89
all,saod_min,snow,2,common,pooled,0.72008352,0.7149224703509955,0.8362
all,saod_min,snow,3,common,pooled,0.72933016,0.7225826566297109,0.8174
all,saod_min,snow,4,common,pooled,0.79133032,0.7833449018294192,0.7224
all,saod_min,snow,5,common,pooled,0.79777354,0.7906567581415389,0.7388
all,saod_min,frost,1,common,pooled,0.58003578,0.572650172628532,0.9176
all,saod_min,frost,2,common,pooled,0.6574665,0.651064463233829,0.88
all,saod_min,frost,3,common,pooled,0.71314692,0.7067824457622431,0.8238
all,saod_min,frost,4,common,pooled,0.7196018,0.7158961046686715,0.8298
all,saod_min,frost,5,common,pooled,0.7543409,0.7493010501370958,0.7858
all,saod_min,fog,1,common,pooled,0.52470858,0.5222042167382684,0.9434
all,saod_min,fog,2,common,pooled,0.5356017,0.5322758546021937,0.9358
all,saod_min,fog,3,common,pooled,0.54782702,0.5421457230643505,0.9334
all,saod_min,fog,4,common,pooled,0.55290528,0.5470681385344409,0.9312
all,saod_min,fog,5,common,pooled,0.57951574,0.5715109802072433,0.9228
all,saod_min,brightness,1,common,pooled,0.50393612,0.5036385232290796,0.9452
all,saod_min,brightness,2,common,pooled,0.51628096,0.5147297955418199,0.9418
all,saod_min,brightness,3,common,pooled,0.53152226,0.5290458922244582,0.9406
all,saod_min,brightness,4,common,pooled,0.55199166,0.5491463351502505,0.9308
all,saod_min,brightness,5,common,pooled,0.57830626,0.5755153224532603,0.919
all,saod_min,contrast,1,common,pooled,0.52716374,0.5238749053819456,0.9392
all,saod_min,contrast,2,common,pooled,0.54558886,0.5397088862810147,0.931
all,saod_min,contrast,3,common,pooled,0.58362036,0.5732458003031593,0.9154
all,saod_min,contrast,4,common,pooled,0.69477274,0.6801647994361133,0.8474
all,saod_min,contrast,5,common,pooled,0.8508491,0.8389970117988066,0.5634
all,saod_min,elastic_transform,1,common,pooled,0.59090514,0.5789388772764312,0.9082
all,saod_min,elastic_transform,2,common,pooled,0.62946976,0.6173379743024824,0.879
all,saod_min,elastic_transform,3,common,pooled,0.67798306,0.6617789021119692,0.8426
all,saod_min,elastic_transform,4,common,pooled,0.7132627,0.6939852691665398,0.8226
all,saod_min,elastic_transform,5,common,pooled,0.74210606,0.7171613310863021,0.7576
all,saod_min,pixelate,1,common,pooled,0.61446502,0.6016600979315873,0.9054
all,saod_min,pixelate,2,common,pooled,0.67611676,0.6649512978665704,0.8708
all,saod_min,pixelate,3,common,pooled,0.85291136,0.8470027508832993,0.6082
all,saod_min,pixelate,4,common,pooled,0.9476373,0.9373806691543686,0.2516
all,saod_min,pixelate,5,common,pooled,0.96917024,0.9568727913814489,0.1336
all,saod_min,jpeg_compression,1,common,pooled,0.64176824,0.6171542905009719,0.8722
all,saod_min,jpeg_compression,2,common,pooled,0.70302982,0.6796516761192609,0.8268
all,saod_min,jpeg_compression,3,common,pooled,0.74466862,0.7227051582020558,0.7592
all,saod_min,jpeg_compression,4,common,pooled,0.84757492,0.8305880496543232,0.5776
all,saod_min,jpeg_compression,5,common,pooled,0.92386992,0.9081458552978773,0.3244
all,saod_min,speckle_noise,1,extra,pooled,0.56010598,0.5553035620292983,0.9314
all,saod_min,speckle_noise,2,extra,pooled,0.58934274,0.5834139704031546,0.9176
all,saod_min,speckle_noise,3,extra,pooled,0.6860835,0.6750643182647894,0.8576
all,saod_min,speckle_noise,4,extra,pooled,0.7432092,0.7311906573651643,0.7866
all,saod_min,speckle_noise,5,extra,pooled,0.81031634,0.7970042756571714,0.6914
all,saod_min,gaussian_blur,1,extra,pooled,0.58474836,0.5613824105067745,0.9038
all,saod_min,gaussian_blur,2,extra,pooled,0.69381134,0.6623400595240431,0.8224
all,saod_min,gaussian_blur,3,extra,pooled,0.78066494,0.7524478698499414,0.7034
all,saod_min,gaussian_blur,4,extra,pooled,0.85009028,0.8270091573915711,0.542
all,saod_min,gaussian_blur,5,extra,pooled,0.93709368,0.9188612583858525,0.2478
all,saod_min,spatter,1,extra,pooled,0.51621556,0.5131677230171025,0.9418
all,saod_min,spatter,2,extra,pooled,0.61812458,0.6080608180580385,0.8894
all,saod_min,spatter,3,extra,pooled,0.66178632,0.6520220229083142,0.8608
all,saod_min,spatter,4,extra,pooled,0.73433362,0.7198957997664365,0.798
all,saod_min,spatter,5,extra,pooled,0.810345,0.7927329226651314,0.6502
all,saod_min,saturate,1,extra,pooled,0.51223866,0.5115674851610257,0.9454
all,saod_min,saturate,2,extra,pooled,0.5284619,0.5266035316794189,0.9402
all,saod_min,saturate,3,extra,pooled,0.51273256,0.5112213986381022,0.9436
all,saod_min,saturate,4,extra,pooled,0.55127392,0.5459840995017302,0.9298
all,saod_min,saturate,5,extra,pooled,0.59145684,0.5858071679832563,0.9098
all,contrastive,gaussian_noise,1,common,fold-averaged,0.5389728,0.5250108445179406,0.9246000000000001
all,contrastive,gaussian_noise,2,common,fold-averaged,0.5728758,0.5471707993925742,0.9004000000000001
all,contrastive,gaussian_noise,3,common,fold-averaged,0.6219086,0.5818982314634411,0.8596
all,contrastive,gaussian_noise,4,common,fold-averaged,0.678401,0.6188560424551446,0.7704000000000001
all,contrastive,gaussian_noise,5,common,fold-averaged,0.7048713999999999,0.6194991169036639,0.6294000000000001
all,contrastive,shot_noise,1,common,fold-averaged,0.5300808,0.5162932438591229,0.9258
all,contrastive,shot_noise,2,common,fold-averaged,0.5630406,0.5365033284737469,0.9084
all,contrastive,shot_noise,3,common,fold-averaged,0.6025417999999999,0.5619826899363403,0.8725999999999999
all,contrastive,shot_noise,4,common,fold-averaged,0.6636641999999999,0.6004691843299292,0.7738000000000002
all,contrastive,shot_noise,5,common,fold-averaged,0.6906670000000001,0.6120753812748132,0.6961999999999999
all,contrastive,impulse_noise,1,common,fold-averaged,0.5436496,0.5254106214370882,0.9124000000000001
all,contrastive,impulse_noise,2,common,fold-averaged,0.5730221999999999,0.5425913559804607,0.8969999999999999
all,contrastive,impulse_noise,3,common,fold-averaged,0.6052078000000001,0.5636760250079069,0.8613999999999999
all,contrastive,impulse_noise,4,common,fold-averaged,0.6745148000000001,0.6091620531042758,0.7604
all,contrastive,impulse_noise,5,common,fold-averaged,0.7086028,0.6229738572095476,0.637
all,contrastive,defocus_blur,1,common,fold-averaged,0.52014,0.4956972153887273,0.917
all,contrastive,defocus_blur,2,common,fold-averaged,0.5371292000000001,0.5020166423033157,0.9006000000000001
all,contrastive,defocus_blur,3,common,fold-averaged,0.5755608000000001,0.5210778795403159,0.8640000000000001
all,contrastive,defocus_blur,4,common,fold-averaged,0.6139775999999999,0.5432447709231011,0.8152000000000001
all,contrastive,defocus_blur,5,common,fold-averaged,0.6419292,0.5586997863816247,0.7582
all,contrastive,glass_blur,1,common,fold-averaged,0.5175848000000001,0.49631815267500734,0.9208000000000001
all,contrastive,glass_blur,2,common,fold-averaged,0.53956,0.5034789420213739,0.9004000000000001
all,contrastive,glass_blur,3,common,fold-averaged,0.5640674000000001,0.49989162607864107,0.8276
all,contrastive,glass_blur,4,common,fold-averaged,0.5692664,0.49951107510327997,0.8082
all,contrastive,glass_blur,5,common,fold-averaged,0.5812527999999999,0.5043649473382004,0.7724
all,contrastive,motion_blur,1,common,fold-averaged,0.5086002000000001,0.4948691377608835,0.9328
all,contrastive,motion_blur,2,common,fold-averaged,0.5382016000000001,0.509498049566011,0.909
all,contrastive,motion_blur,3,common,fold-averaged,0.5914858,0.544449967676077,0.8674
all,contrastive,motion_blur,4,common,fold-averaged,0.650755,0.5829357459808967,0.806
all,contrastive,motion_blur,5,common,fold-averaged,0.684967,0.6071571763219576,0.7273999999999999
all,contrastive,zoom_blur,1,common,fold-averaged,0.5761826,0.5256211718166874,0.8718
all,contrastive,zoom_blur,2,common,fold-averaged,0.6032473999999999,0.5361123448486375,0.8408
all,contrastive,zoom_blur,3,common,fold-averaged,0.6180236,0.5404649807192397,0.8082
all,contrastive,zoom_blur,4,common,fold-averaged,0.6316594,0.5448935296274879,0.7542
all,contrastive,zoom_blur,5,common,fold-averaged,0.632496,0.5420101359715613,0.7442
all,contrastive,snow,1,common,fold-averaged,0.5636242,0.5478535961176242,0.9138
all,contrastive,snow,2,common,fold-averaged,0.5815816,0.554102879491247,0.8966000000000001
all,contrastive,snow,3,common,fold-averaged,0.6256337999999999,0.5974133379451461,0.8785999999999999
all,contrastive,snow,4,common,fold-averaged,0.6691866,0.6330049805893843,0.8338000000000001
all,contrastive,snow,5,common,fold-averaged,0.618518,0.5775328898967033,0.8572
all,contrastive,frost,1,common,fold-averaged,0.5200556,0.5111927329811554,0.9394
all,contrastive,frost,2,common,fold-averaged,0.5355346,0.5175175791838768,0.9248
all,contrastive,frost,3,common,fold-averaged,0.5549632,0.527481935126516,0.908
all,contrastive,frost,4,common,fold-averaged,0.5518234000000001,0.5248181833915175,0.9032
all,contrastive,frost,5,common,fold-averaged,0.5672702000000001,0.5336134098421368,0.897
all,contrastive,fog,1,common,fold-averaged,0.4927372,0.49373809041684413,0.952
all,contrastive,fog,2,common,fold-averaged,0.49369199999999996,0.49340094976330223,0.95
all,contrastive,fog,3,common,fold-averaged,0.494369,0.49284289819684207,0.9490000000000001
all,contrastive,fog,4,common,fold-averaged,0.49503139999999995,0.49279897640090276,0.9499999999999998
all,contrastive,fog,5,common,fold-averaged,0.4954896,0.4910253099779721,0.9488
all,contrastive,brightness,1,common,fold-averaged,0.5059336,0.5056208338865543,0.9463999999999999
all,contrastive,brightness,2,common,fold-averaged,0.512532,0.5104754102258962,0.9418
all,contrastive,brightness,3,common,fold-averaged,0.5191396,0.5148692526227625,0.9372
all,contrastive,brightness,4,common,fold-averaged,0.5258524,0.5185665834971053,0.9304
all,contrastive,brightness,5,common,fold-averaged,0.532648,0.5209600766960375,0.9266
all,contrastive,contrast,1,common,fold-averaged,0.490185,0.49186679389629717,0.951
all,contrastive,contrast,2,common,fold-averaged,0.4908792,0.4908039780348905,0.9483999999999998
all,contrastive,contrast,3,common,fold-averaged,0.49726119999999996,0.49265404880702135,0.9422
all,contrastive,contrast,4,common,fold-averaged,0.5292798,0.50663288931831,0.9188000000000001
all,contrastive,contrast,5,common,fold-averaged,0.5931414,0.540930228969519,0.861
all,contrastive,elastic_transform,1,common,fold-averaged,0.5133848000000001,0.5031976130914574,0.9372
all,contrastive,elastic_transform,2,common,fold-averaged,0.5117482000000001,0.4979198149228495,0.93
all,contrastive,elastic_transform,3,common,fold-averaged,0.5037723999999999,0.485324286409051,0.9120000000000001
all,contrastive,elastic_transform,4,common,fold-averaged,0.49403700000000006,0.47223399470400135,0.8984
all,contrastive,elastic_transform,5,common,fold-averaged,0.4803388,0.4569700797184716,0.8812
all,contrastive,pixelate,1,common,fold-averaged,0.5375555999999999,0.5217557980859684,0.9154
all,contrastive,pixelate,2,common,fold-averaged,0.5463146,0.5207840657024922,0.9048
all,contrastive,pixelate,3,common,fold-averaged,0.5617078,0.5041719527391262,0.8453999999999999
all,contrastive,pixelate,4,common,fold-averaged,0.5424758000000001,0.47934441849455905,0.7929999999999999
all,contrastive,pixelate,5,common,fold-averaged,0.48903940000000007,0.4515132263697117,0.8652
all,contrastive,jpeg_compression,1,common,fold-averaged,0.5530042,0.5339856559621218,0.9114000000000001
all,contrastive,jpeg_compression,2,common,fold-averaged,0.5821772000000001,0.55236780220253,0.8884000000000001
all,contrastive,jpeg_compression,3,common,fold-averaged,0.5986606,0.5629422682095722,0.8713999999999998
all,contrastive,jpeg_compression,4,common,fold-averaged,0.6403902,0.5853894328310227,0.8089999999999999
all,contrastive,jpeg_compression,5,common,fold-averaged,0.6579543999999999,0.582804786958397,0.7333999999999999
all,contrastive,speckle_noise,1,extra,fold-averaged,0.5149226,0.5067919282201956,0.9334
all,contrastive,speckle_noise,2,extra,fold-averaged,0.5284664000000001,0.5141461926224566,0.9280000000000002
all,contrastive,speckle_noise,3,extra,fold-averaged,0.5662626000000001,0.5346500368553397,0.89
all,contrastive,speckle_noise,4,extra,fold-averaged,0.5879668,0.5458001954958294,0.8652000000000001
all,contrastive,speckle_noise,5,extra,fold-averaged,0.6140950000000001,0.5571934560085514,0.8328
all,contrastive,gaussian_blur,1,extra,fold-averaged,0.5041286,0.49208629729945175,0.9364000000000001
all,contrastive,gaussian_blur,2,extra,fold-averaged,0.5313964,0.49939091783504563,0.9036
all,contrastive,gaussian_blur,3,extra,fold-averaged,0.5638180000000002,0.5136738424440558,0.876
all,contrastive,gaussian_blur,4,extra,fold-averaged,0.596108,0.5309116955780089,0.8413999999999999
all,contrastive,gaussian_blur,5,extra,fold-averaged,0.6504754,0.561932316194113,0.7346
all,contrastive,spatter,1,extra,fold-averaged,0.5140499999999999,0.5093313330866217,0.9349999999999999
all,contrastive,spatter,2,extra,fold-averaged,0.5646150000000001,0.5479196168354563,0.9104000000000001
all,contrastive,spatter,3,extra,fold-averaged,0.5532914,0.5362961124037768,0.9164000000000001
all,contrastive,spatter,4,extra,fold-averaged,0.6218324,0.6350112013790138,0.8576
all,contrastive,spatter,5,extra,fold-averaged,0.6047204,0.5951182176760111,0.8482
all,contrastive,saturate,1,extra,fold-averaged,0.4967714,0.49483112252087896,0.9496
all,contrastive,saturate,2,extra,fold-averaged,0.5006426,0.49503548843497136,0.9452
all,contrastive,saturate,3,extra,fold-averaged,0.507221,0.5055018562412853,0.945
all,contrastive,saturate,4,extra,fold-averaged,0.521942,0.5128958370433767,0.9286000000000001
all,contrastive,saturate,5,extra,fold-averaged,0.5316434000000001,0.5152927170794868,0.9141999999999999
all,knn,gaussian_noise,1,common,pooled,0.46061704,0.4534665196280659,0.8982
all,knn,gaussian_noise,2,common,pooled,0.46279354,0.4493441432065593,0.883
all,knn,gaussian_noise,3,common,pooled,0.47810778,0.4510612004749513,0.8484
all,knn,gaussian_noise,4,common,pooled,0.50716642,0.45802314246866394,0.7738
all,knn,gaussian_noise,5,common,pooled,0.57564098,0.48794093441825637,0.6388
all,knn,shot_noise,1,common,pooled,0.46456616,0.45642463738719047,0.8978
all,knn,shot_noise,2,common,pooled,0.46765402,0.4518397951057189,0.8748
all,knn,shot_noise,3,common,pooled,0.48758734,0.4560369659359099,0.825
all,knn,shot_noise,4,common,pooled,0.5517347,0.4819650324087811,0.7104
all,knn,shot_noise,5,common,pooled,0.62309836,0.5204692031053528,0.6028
all,knn,impulse_noise,1,common,pooled,0.71729322,0.6581097600714778,0.7566
all,knn,impulse_noise,2,common,pooled,0.60773964,0.5397700241501542,0.7888
all,knn,impulse_noise,3,common,pooled,0.54839122,0.4908153466868499,0.7976
all,knn,impulse_noise,4,common,pooled,0.52522394,0.4678829202482942,0.7554
all,knn,impulse_noise,5,common,pooled,0.57741226,0.4902407824517042,0.6396
all,knn,defocus_blur,1,common,pooled,0.55376438,0.5228965991243953,0.9272
all,knn,defocus_blur,2,common,pooled,0.59068636,0.5461948233740146,0.9162
all,knn,defocus_blur,3,common,pooled,0.64930284,0.5903840273347385,0.8894
all,knn,defocus_blur,4,common,pooled,0.69956846,0.6373666798594526,0.8602
all,knn,defocus_blur,5,common,pooled,0.72932758,0.6682447687201579,0.8426
all,knn,glass_blur,1,common,pooled,0.50836862,0.49223113424208437,0.9506
all,knn,glass_blur,2,common,pooled,0.54569626,0.5142519908721201,0.9416
all,knn,glass_blur,3,common,pooled,0.57644208,0.5380308199392,0.934
all,knn,glass_blur,4,common,pooled,0.57890982,0.533457022844671,0.9258
all,knn,glass_blur,5,common,pooled,0.6345523,0.5747272363286375,0.897
all,knn,motion_blur,1,common,pooled,0.5481662,0.5181820693450521,0.9186
all,knn,motion_blur,2,common,pooled,0.59477492,0.5488257521533927,0.8942
all,knn,motion_blur,3,common,pooled,0.65571702,0.5988088053143195,0.862
all,knn,motion_blur,4,common,pooled,0.70888712,0.6538585179437908,0.8228
all,knn,motion_blur,5,common,pooled,0.73206726,0.6774740516446912,0.8018
all,knn,zoom_blur,1,common,pooled,0.61759658,0.5542201015451945,0.8844
all,knn,zoom_blur,2,common,pooled,0.63788618,0.5671647017625587,0.8624
all,knn,zoom_blur,3,common,pooled,0.5927904,0.5229125438818799,0.8726
all,knn,zoom_blur,4,common,pooled,0.59986238,0.5249665015623111,0.8562
all,knn,zoom_blur,5,common,pooled,0.57425784,0.5040793847789173,0.8648
all,knn,snow,1,common,pooled,0.702466,0.68068042479945,0.8608
all,knn,snow,2,common,pooled,0.63957118,0.6003189270362566,0.8726
all,knn,snow,3,common,pooled,0.73339108,0.6989839998095376,0.8152
all,knn,snow,4,common,pooled,0.76420026,0.7340510551836755,0.7946
all,knn,snow,5,common,pooled,0.65761628,0.6046721397532967,0.8858
all,knn,frost,1,common,pooled,0.50019794,0.4851742535724296,0.9282
all,knn,frost,2,common,pooled,0.5303506,0.5037963707281755,0.9066
all,knn,frost,3,common,pooled,0.55070324,0.5171449505674873,0.8822
all,knn,frost,4,common,pooled,0.5563224,0.5217677661175474,0.8798
all,knn,frost,5,common,pooled,0.56478454,0.5291440460095802,0.8644
all,knn,fog,1,common,pooled,0.44910394,0.4602128112506476,0.9676
all,knn,fog,2,common,pooled,0.44668778,0.45709262083955726,0.9682
all,knn,fog,3,common,pooled,0.44854136,0.45590389546533955,0.9676
all,knn,fog,4,common,pooled,0.4640454,0.46244274703796534,0.9526
all,knn,fog,5,common,pooled,0.51572828,0.486142793671646,0.8822
all,knn,brightness,1,common,pooled,0.4877073,0.4908229388251413,0.9522
all,knn,brightness,2,common,pooled,0.48776956,0.4890267957707533,0.9504
all,knn,brightness,3,common,pooled,0.49936394,0.49524618944377813,0.946
all,knn,brightness,4,common,pooled,0.5217116,0.5094023358639432,0.9414
all,knn,brightness,5,common,pooled,0.54824176,0.5282759504874173,0.9332
all,knn,contrast,1,common,pooled,0.46028068,0.47014587672161706,0.9698
all,knn,contrast,2,common,pooled,0.45650032,0.4662750706264594,0.9742
all,knn,contrast,3,common,pooled,0.4570953,0.464757764161134,0.9798
all,knn,contrast,4,common,pooled,0.46006876,0.4635406386421984,0.9826
all,knn,contrast,5,common,pooled,0.41419966,0.43179328374845694,0.9826
all,knn,elastic_transform,1,common,pooled,0.60185312,0.5837100549132864,0.9446
all,knn,elastic_transform,2,common,pooled,0.65651992,0.6435541029729464,0.9296
all,knn,elastic_transform,3,common,pooled,0.73218754,0.7276079163884531,0.8962
all,knn,elastic_transform,4,common,pooled,0.7849713,0.7859452248278418,0.8504
all,knn,elastic_transform,5,common,pooled,0.8470868,0.8504061057312304,0.7488
all,knn,pixelate,1,common,pooled,0.52905394,0.5127742560417137,0.928
all,knn,pixelate,2,common,pooled,0.56421706,0.5435591052199303,0.9172
all,knn,pixelate,3,common,pooled,0.68610556,0.6758978273453264,0.8428
all,knn,pixelate,4,common,pooled,0.7701463,0.7675045618127682,0.7614
all,knn,pixelate,5,common,pooled,0.82767068,0.8285551580257539,0.6572
all,knn,jpeg_compression,1,common,pooled,0.5929151,0.5327091653629616,0.7728
all,knn,jpeg_compression,2,common,pooled,0.6952347,0.6104141230639979,0.6368
all,knn,jpeg_compression,3,common,pooled,0.76006758,0.6726903134814582,0.5514
all,knn,jpeg_compression,4,common,pooled,0.87613876,0.8154985369960248,0.3684
all,knn,jpeg_compression,5,common,pooled,0.92537262,0.8952029998834329,0.263
all,knn,speckle_noise,1,extra,pooled,0.4686744,0.4618221337907643,0.9
all,knn,speckle_noise,2,extra,pooled,0.46838826,0.45821699390825676,0.8926
all,knn,speckle_noise,3,extra,pooled,0.48843228,0.46115459913902623,0.8456
all,knn,speckle_noise,4,extra,pooled,0.515856,0.47186996265431796,0.7982
all,knn,speckle_noise,5,extra,pooled,0.5617357,0.493320456189884,0.7288
all,knn,gaussian_blur,1,extra,pooled,0.5251496,0.5114851639719133,0.9388
all,knn,gaussian_blur,2,extra,pooled,0.58623198,0.5441165446416609,0.9158
all,knn,gaussian_blur,3,extra,pooled,0.64207094,0.5852533092522505,0.8958
all,knn,gaussian_blur,4,extra,pooled,0.6914649,0.6294621370929478,0.8658
all,knn,gaussian_blur,5,extra,pooled,0.77019406,0.7163780554927306,0.8116
all,knn,spatter,1,extra,pooled,0.59862438,0.5660975847483163,0.8758
all,knn,spatter,2,extra,pooled,0.81425452,0.781527543596161,0.7034
all,knn,spatter,3,extra,pooled,0.77199172,0.7341911040038576,0.768
all,knn,spatter,4,extra,pooled,0.91685208,0.8988037752149711,0.352
all,knn,spatter,5,extra,pooled,0.9324038,0.9011680092508952,0.2586
all,knn,saturate,1,extra,pooled,0.4811351,0.4815366695599516,0.95
all,knn,saturate,2,extra,pooled,0.48045754,0.4786002418730229,0.9424
all,knn,saturate,3,extra,pooled,0.51656462,0.5085299401231312,0.9282
all,knn,saturate,4,extra,pooled,0.56742056,0.5322974836242966,0.8594
all,knn,saturate,5,extra,pooled,0.6375596,0.5827189166849823,0.8008
all,discopatch,gaussian_noise,1,common,pooled,0.87764306,0.8706053059683023,0.454
all,discopatch,gaussian_noise,2,common,pooled,0.95129506,0.946490814003858,0.2134
all,discopatch,gaussian_noise,3,common,pooled,0.98701246,0.9844215879236904,0.059
all,discopatch,gaussian_noise,4,common,pooled,0.99712596,0.9955427126173216,0.011
all,discopatch,gaussian_noise,5,common,pooled,0.99917088,0.9981614931302313,0.0016
all,discopatch,shot_noise,1,common,pooled,0.86875128,0.8550393605755371,0.4466
all,discopatch,shot_noise,2,common,pooled,0.9421872,0.9340484909861567,0.2334
all,discopatch,shot_noise,3,common,pooled,0.9749031,0.9707375800425324,0.1152
all,discopatch,shot_noise,4,common,pooled,0.98990798,0.9877790141673389,0.0466
all,discopatch,shot_noise,5,common,pooled,0.9930312,0.9911309850000469,0.0318
all,discopatch,impulse_noise,1,common,pooled,0.92312212,0.9123408800507629,0.2928
all,discopatch,impulse_noise,2,common,pooled,0.97809634,0.9739704928179902,0.1006
all,discopatch,impulse_noise,3,common,pooled,0.99180378,0.9893898356667632,0.0374
all,discopatch,impulse_noise,4,common,pooled,0.99853484,0.9971824033841354,0.0036
all,discopatch,impulse_noise,5,common,pooled,0.9993074,0.9983076165855005,0.001
all,discopatch,defocus_blur,1,common,pooled,0.65702672,0.6223014830659513,0.8282
all,discopatch,defocus_blur,2,common,pooled,0.72555248,0.6815633743485632,0.7246
all,discopatch,defocus_blur,3,common,pooled,0.79646428,0.7446790941574464,0.569
all,discopatch,defocus_blur,4,common,pooled,0.82854252,0.7734443627178146,0.4952
all,discopatch,defocus_blur,5,common,pooled,0.84752392,0.789782682050635,0.4372
all,discopatch,glass_blur,1,common,pooled,0.67571148,0.6386826473288425,0.8038
all,discopatch,glass_blur,2,common,pooled,0.77495192,0.7348335961528155,0.6324
all,discopatch,glass_blur,3,common,pooled,0.8807698,0.8511102193312996,0.3896
all,discopatch,glass_blur,4,common,pooled,0.91028324,0.8876184336677002,0.314
all,discopatch,glass_blur,5,common,pooled,0.9352564,0.9185573023551923,0.2428
all,discopatch,motion_blur,1,common,pooled,0.58111352,0.5601261218690146,0.9084
all,discopatch,motion_blur,2,common,pooled,0.66109192,0.6240068561531836,0.8286
all,discopatch,motion_blur,3,common,pooled,0.74317496,0.6964555556059533,0.6914
all,discopatch,motion_blur,4,common,pooled,0.8005836,0.7514977378306338,0.5732
all,discopatch,motion_blur,5,common,pooled,0.83004808,0.7819392784862516,0.5032
all,discopatch,zoom_blur,1,common,pooled,0.74685632,0.6944879291792031,0.679
all,discopatch,zoom_blur,2,common,pooled,0.78773672,0.7328346741075529,0.5924
all,discopatch,zoom_blur,3,common,pooled,0.82042532,0.7699555282154742,0.527
all,discopatch,zoom_blur,4,common,pooled,0.8372456,0.787637523261546,0.4814
all,discopatch,zoom_blur,5,common,pooled,0.85356528,0.8087859128759786,0.453
all,discopatch,snow,1,common,pooled,0.7556674,0.6949024622112696,0.6114
all,discopatch,snow,2,common,pooled,0.84100704,0.7873266463322242,0.4192
all,discopatch,snow,3,common,pooled,0.83528856,0.7671923059295349,0.407
all,discopatch,snow,4,common,pooled,0.86629084,0.799972718313019,0.3416
all,discopatch,snow,5,common,pooled,0.84288324,0.7731504596365063,0.3924
all,discopatch,frost,1,common,pooled,0.65804824,0.6074997401421174,0.7916
all,discopatch,frost,2,common,pooled,0.77793868,0.7234457346872842,0.5956
all,discopatch,frost,3,common,pooled,0.83162324,0.780296356578208,0.4708
all,discopatch,frost,4,common,pooled,0.84664188,0.8002590754344572,0.4542
all,discopatch,frost,5,common,pooled,0.87186848,0.8296759500428224,0.386
all,discopatch,fog,1,common,pooled,0.60353018,0.5885332295939003,0.892
all,discopatch,fog,2,common,pooled,0.6546192,0.6346028954632639,0.848
all,discopatch,fog,3,common,pooled,0.7237624,0.6986761642054912,0.7586
all,discopatch,fog,4,common,pooled,0.75559176,0.7339950840522188,0.7172
all,discopatch,fog,5,common,pooled,0.83810136,0.8221365725159737,0.5316
all,discopatch,brightness,1,common,pooled,0.49037776,0.4900214176577324,0.9478
all,discopatch,brightness,2,common,pooled,0.49055106,0.4844009753157667,0.9408
all,discopatch,brightness,3,common,pooled,0.49854426,0.48453236003908307,0.929
all,discopatch,brightness,4,common,pooled,0.51107176,0.4883396526716639,0.9132
all,discopatch,brightness,5,common,pooled,0.52198896,0.49170804443902005,0.8918
all,discopatch,contrast,1,common,pooled,0.54346896,0.5251269580888281,0.926
all,discopatch,contrast,2,common,pooled,0.56605696,0.5386563488974774,0.9058
all,discopatch,contrast,3,common,pooled,0.60523856,0.5652598230794512,0.8668
all,discopatch,contrast,4,common,pooled,0.69055348,0.6390175048273523,0.714
all,discopatch,contrast,5,common,pooled,0.77686728,0.7314141593182004,0.5756
all,discopatch,elastic_transform,1,common,pooled,0.60908184,0.5716879347518508,0.8526
all,discopatch,elastic_transform,2,common,pooled,0.64149384,0.5951121387945781,0.806
all,discopatch,elastic_transform,3,common,pooled,0.67709372,0.6219672147369176,0.7446
all,discopatch,elastic_transform,4,common,pooled,0.69869772,0.638730252445839,0.7036
all,discopatch,elastic_transform,5,common,pooled,0.72097136,0.6558098815364404,0.6576
all,discopatch,pixelate,1,common,pooled,0.5473942,0.533465626266411,0.9214
all,discopatch,pixelate,2,common,pooled,0.55508872,0.5394568739310462,0.9156
all,discopatch,pixelate,3,common,pooled,0.64084992,0.6048667294297272,0.8334
all,discopatch,pixelate,4,common,pooled,0.71760132,0.6729274358437284,0.716
all,discopatch,pixelate,5,common,pooled,0.75392564,0.7045219210190076,0.644
all,discopatch,jpeg_compression,1,common,pooled,0.62883576,0.5686168233725188,0.8102
all,discopatch,jpeg_compression,2,common,pooled,0.64115944,0.5693962150005467,0.778
all,discopatch,jpeg_compression,3,common,pooled,0.64532272,0.5670212614525445,0.7492
all,discopatch,jpeg_compression,4,common,pooled,0.6306944,0.5449916745069083,0.7182
all,discopatch,jpeg_compression,5,common,pooled,0.59282902,0.513372911299588,0.7276
all,discopatch,speckle_noise,1,extra,pooled,0.80311188,0.7787589548742724,0.5826
all,discopatch,speckle_noise,2,extra,pooled,0.85970798,0.8375444096807408,0.4456
all,discopatch,speckle_noise,3,extra,pooled,0.9400061,0.9273678192715807,0.2216
all,discopatch,speckle_noise,4,extra,pooled,0.96080212,0.9519940742012576,0.1574
all,discopatch,speckle_noise,5,extra,pooled,0.97451528,0.9683112093762756,0.1108
all,discopatch,gaussian_blur,1,extra,pooled,0.55500612,0.5411557307995322,0.9256
all,discopatch,gaussian_blur,2,extra,pooled,0.71183368,0.6694278117635406,0.7492
all,discopatch,gaussian_blur,3,extra,pooled,0.800859,0.7515133341423316,0.5676
all,discopatch,gaussian_blur,4,extra,pooled,0.83957608,0.7883391293151127,0.4654
all,discopatch,gaussian_blur,5,extra,pooled,0.86684744,0.8110065490536374,0.3834
all,discopatch,spatter,1,extra,pooled,0.52196004,0.5150412451030446,0.9388
all,discopatch,spatter,2,extra,pooled,0.68447524,0.6280618228805638,0.7406
all,discopatch,spatter,3,extra,pooled,0.81429428,0.7613615625518397,0.5044
all,discopatch,spatter,4,extra,pooled,0.83246784,0.7702081977965498,0.4204
all,discopatch,spatter,5,extra,pooled,0.89244804,0.8385705570197944,0.2894
all,discopatch,saturate,1,extra,pooled,0.65345014,0.6197025716353306,0.8144
all,discopatch,saturate,2,extra,pooled,0.76392946,0.7220856009970624,0.6146
all,discopatch,saturate,3,extra,pooled,0.46883472,0.47278625479451714,0.9572
all,discopatch,saturate,4,extra,pooled,0.514555,0.4863572090166325,0.899
all,discopatch,saturate,5,extra,pooled,0.56279428,0.505034677916103,0.8132
all,hashemi,gaussian_noise,1,common,pooled,0.4365782,0.4502981034915209,0.9632
all,hashemi,gaussian_noise,2,common,pooled,0.40712894,0.43071337955528605,0.9696
all,hashemi,gaussian_noise,3,common,pooled,0.38569764,0.41681023894807123,0.9774
all,hashemi,gaussian_noise,4,common,pooled,0.40457206,0.425366910246746,0.974
all,hashemi,gaussian_noise,5,common,pooled,0.47637018,0.47115494533268204,0.9514
all,hashemi,shot_noise,1,common,pooled,0.4372815,0.45173314728498104,0.9644
all,hashemi,shot_noise,2,common,pooled,0.40799222,0.4318637777296875,0.9736
all,hashemi,shot_noise,3,common,pooled,0.38563088,0.4166801185812202,0.9746
all,hashemi,shot_noise,4,common,pooled,0.40449842,0.4234739748261276,0.9744
all,hashemi,shot_noise,5,common,pooled,0.44563596,0.44823569118756024,0.9612
all,hashemi,impulse_noise,1,common,pooled,0.42361544,0.4408508628846822,0.9734
all,hashemi,impulse_noise,2,common,pooled,0.40455462,0.42913951733640776,0.978
all,hashemi,impulse_noise,3,common,pooled,0.40183122,0.4265728020205089,0.9786
all,hashemi,impulse_noise,4,common,pooled,0.43428594,0.4430085913827682,0.9708
all,hashemi,impulse_noise,5,common,pooled,0.50412952,0.4904280510522301,0.9406
all,hashemi,defocus_blur,1,common,pooled,0.38430666,0.4112905416100574,0.9696
all,hashemi,defocus_blur,2,common,pooled,0.35038126,0.393873222786619,0.97
all,hashemi,defocus_blur,3,common,pooled,0.3300673,0.3843632537666348,0.97
all,hashemi,defocus_blur,4,common,pooled,0.3409459,0.3893172724054808,0.9688
all,hashemi,defocus_blur,5,common,pooled,0.3699723,0.4042468169925762,0.9672
all,hashemi,glass_blur,1,common,pooled,0.3935244,0.41675163216761835,0.9642
all,hashemi,glass_blur,2,common,pooled,0.35719136,0.39769487413839305,0.968
all,hashemi,glass_blur,3,common,pooled,0.37195236,0.4077734047877716,0.9672
all,hashemi,glass_blur,4,common,pooled,0.35113992,0.39630498810462794,0.97
all,hashemi,glass_blur,5,common,pooled,0.35308452,0.39705924131121073,0.9644
all,hashemi,motion_blur,1,common,pooled,0.43241234,0.4424468018612228,0.9666
all,hashemi,motion_blur,2,common,pooled,0.39868964,0.41927973949477004,0.9672
all,hashemi,motion_blur,3,common,pooled,0.37983288,0.4083077062418249,0.9672
all,hashemi,motion_blur,4,common,pooled,0.39429422,0.4170747794753615,0.9632
all,hashemi,motion_blur,5,common,pooled,0.42310628,0.4335860243933407,0.9538
all,hashemi,zoom_blur,1,common,pooled,0.392469,0.41359551999352,0.9636
all,hashemi,zoom_blur,2,common,pooled,0.40096674,0.4166245241513138,0.957
all,hashemi,zoom_blur,3,common,pooled,0.43144482,0.43187512423504326,0.941
all,hashemi,zoom_blur,4,common,pooled,0.4432516,0.4366881374887835,0.9288
all,hashemi,zoom_blur,5,common,pooled,0.44235716,0.4356360505717185,0.9198
all,hashemi,snow,1,common,pooled,0.4546655,0.4680174254083353,0.9636
all,hashemi,snow,2,common,pooled,0.4214062,0.44767774720788367,0.9718
all,hashemi,snow,3,common,pooled,0.4557303,0.48002482193935614,0.97
all,hashemi,snow,4,common,pooled,0.46670334,0.49161889839402706,0.9672
all,hashemi,snow,5,common,pooled,0.45121758,0.4754795511725939,0.9672
all,hashemi,frost,1,common,pooled,0.46233088,0.47206224347980175,0.9576
all,hashemi,frost,2,common,pooled,0.42937302,0.44804634339678245,0.9646
all,hashemi,frost,3,common,pooled,0.41247098,0.43876750304380696,0.9672
all,hashemi,frost,4,common,pooled,0.40310606,0.4330585182969726,0.969
all,hashemi,frost,5,common,pooled,0.3950945,0.42895570940696004,0.9708
all,hashemi,fog,1,common,pooled,0.47563626,0.477866124475434,0.9488
all,hashemi,fog,2,common,pooled,0.46873744,0.47191376773838756,0.949
all,hashemi,fog,3,common,pooled,0.46013954,0.46483904395580156,0.9538
all,hashemi,fog,4,common,pooled,0.45515836,0.46239359864088364,0.954
all,hashemi,fog,5,common,pooled,0.43044034,0.4476228251250781,0.9674
all,hashemi,brightness,1,common,pooled,0.50297378,0.5026625117365636,0.9532
all,hashemi,brightness,2,common,pooled,0.50437732,0.5030912214256528,0.9428
all,hashemi,brightness,3,common,pooled,0.50281718,0.5012247186539835,0.9438
all,hashemi,brightness,4,common,pooled,0.50097302,0.4986949655324333,0.9432
all,hashemi,brightness,5,common,pooled,0.49490998,0.4931102024403371,0.9412
all,hashemi,contrast,1,common,pooled,0.47560852,0.4787496082781343,0.9502
all,hashemi,contrast,2,common,pooled,0.46246912,0.46748088754617895,0.9502
all,hashemi,contrast,3,common,pooled,0.4372578,0.4480841508584445,0.9566
all,hashemi,contrast,4,common,pooled,0.38050758,0.4133157220876039,0.9672
all,hashemi,contrast,5,common,pooled,0.32951906,0.389089573547613,0.9826
all,hashemi,elastic_transform,1,common,pooled,0.48695136,0.48059496616399466,0.9438
all,hashemi,elastic_transform,2,common,pooled,0.4909989,0.48324571350971435,0.937
all,hashemi,elastic_transform,3,common,pooled,0.51349762,0.5068124985853121,0.9246
all,hashemi,elastic_transform,4,common,pooled,0.53814754,0.5406880038903636,0.9238
all,hashemi,elastic_transform,5,common,pooled,0.5798346,0.5989425632989882,0.9186
all,hashemi,pixelate,1,common,pooled,0.46607968,0.46937633201398143,0.957
all,hashemi,pixelate,2,common,pooled,0.45199056,0.45742658530460034,0.9578
all,hashemi,pixelate,3,common,pooled,0.4250094,0.4318683288033044,0.9492
all,hashemi,pixelate,4,common,pooled,0.37090616,0.400223978485974,0.9546
all,hashemi,pixelate,5,common,pooled,0.28107892,0.36599876870113607,0.9734
all,hashemi,jpeg_compression,1,common,pooled,0.41635502,0.4358360255891014,0.9658
all,hashemi,jpeg_compression,2,common,pooled,0.41206398,0.4310632358188927,0.965
all,hashemi,jpeg_compression,3,common,pooled,0.41557582,0.43146414763901053,0.9602
all,hashemi,jpeg_compression,4,common,pooled,0.43862644,0.4416562084147517,0.9434
all,hashemi,jpeg_compression,5,common,pooled,0.47919406,0.46472249014084677,0.9206
all,hashemi,speckle_noise,1,extra,pooled,0.45349,0.4640160390989506,0.9636
all,hashemi,speckle_noise,2,extra,pooled,0.43687806,0.4522695020983866,0.9644
all,hashemi,speckle_noise,3,extra,pooled,0.40354842,0.42838956760961205,0.9744
all,hashemi,speckle_noise,4,extra,pooled,0.3920196,0.4196117591968062,0.977
all,hashemi,speckle_noise,5,extra,pooled,0.38884194,0.41549738777890255,0.9756
all,hashemi,gaussian_blur,1,extra,pooled,0.42912054,0.4410138402543118,0.9642
all,hashemi,gaussian_blur,2,extra,pooled,0.35573406,0.39654890150220834,0.97
all,hashemi,gaussian_blur,3,extra,pooled,0.32782038,0.3835306859672811,0.97
all,hashemi,gaussian_blur,4,extra,pooled,0.3293948,0.38448143118403844,0.9684
all,hashemi,gaussian_blur,5,extra,pooled,0.38524772,0.4125249767147351,0.961
all,hashemi,spatter,1,extra,pooled,0.50558728,0.5023408664255092,0.944
all,hashemi,spatter,2,extra,pooled,0.49215114,0.4869263585317067,0.9386
all,hashemi,spatter,3,extra,pooled,0.43596708,0.4508511477354206,0.9638
all,hashemi,spatter,4,extra,pooled,0.52953022,0.4955023768476574,0.8782
all,hashemi,spatter,5,extra,pooled,0.46634966,0.45565447453501395,0.9106
all,hashemi,saturate,1,extra,pooled,0.49455874,0.4940514427775041,0.9462
all,hashemi,saturate,2,extra,pooled,0.4855009,0.48614170742499646,0.9476
all,hashemi,saturate,3,extra,pooled,0.49509308,0.4969301385881705,0.9502
all,hashemi,saturate,4,extra,pooled,0.47707806,0.48111529213626947,0.9572
all,hashemi,saturate,5,extra,pooled,0.46549416,0.4715476466357434,0.9586
all,hashemi_enc,gaussian_noise,1,common,pooled,0.34600722,0.39784845916233197,0.9872
all,hashemi_enc,gaussian_noise,2,common,pooled,0.28645766,0.37188766627628383,0.9934
all,hashemi_enc,gaussian_noise,3,common,pooled,0.20202768,0.3430329300086794,0.998
all,hashemi_enc,gaussian_noise,4,common,pooled,0.10484976,0.3198333528585727,0.9998
all,hashemi_enc,gaussian_noise,5,common,pooled,0.02443528,0.3083499484233144,1.0
all,hashemi_enc,shot_noise,1,common,pooled,0.3501425,0.4011303617519231,0.9878
all,hashemi_enc,shot_noise,2,common,pooled,0.28973008,0.37413350392139016,0.9938
all,hashemi_enc,shot_noise,3,common,pooled,0.22041588,0.34902992460072085,0.9982
all,hashemi_enc,shot_noise,4,common,pooled,0.11657494,0.3219879930238941,0.9998
all,hashemi_enc,shot_noise,5,common,pooled,0.0615076,0.3124431228417496,1.0
all,hashemi_enc,impulse_noise,1,common,pooled,0.3674582,0.4075203124349176,0.9814
all,hashemi_enc,impulse_noise,2,common,pooled,0.2776769,0.36842778931189996,0.9938
all,hashemi_enc,impulse_noise,3,common,pooled,0.2214092,0.3488804023725311,0.9976
all,hashemi_enc,impulse_noise,4,common,pooled,0.10699552,0.3202950933671297,0.9998
all,hashemi_enc,impulse_noise,5,common,pooled,0.02830858,0.30876391278786486,1.0
all,hashemi_enc,defocus_blur,1,common,pooled,0.41775012,0.440617832528315,0.968
all,hashemi_enc,defocus_blur,2,common,pooled,0.37865786,0.41715849084014645,0.974
all,hashemi_enc,defocus_blur,3,common,pooled,0.31302062,0.38495104041152184,0.985
all,hashemi_enc,defocus_blur,4,common,pooled,0.25625438,0.362977253971626,0.99
all,hashemi_enc,defocus_blur,5,common,pooled,0.20782396,0.3481356659647994,0.9942
all,hashemi_enc,glass_blur,1,common,pooled,0.43560082,0.4529132850542286,0.9578
all,hashemi_enc,glass_blur,2,common,pooled,0.38350078,0.42151783150114297,0.969
all,hashemi_enc,glass_blur,3,common,pooled,0.28545996,0.3778721967151735,0.9816
all,hashemi_enc,glass_blur,4,common,pooled,0.2373817,0.36018169954913,0.989
all,hashemi_enc,glass_blur,5,common,pooled,0.18902476,0.3445257016927993,0.9938
all,hashemi_enc,motion_blur,1,common,pooled,0.42822738,0.4506397669687109,0.9736
all,hashemi_enc,motion_blur,2,common,pooled,0.38969396,0.4260927624184689,0.9832
all,hashemi_enc,motion_blur,3,common,pooled,0.3424672,0.3987479531432119,0.9884
all,hashemi_enc,motion_blur,4,common,pooled,0.29199788,0.37526939986161273,0.9922
all,hashemi_enc,motion_blur,5,common,pooled,0.26149426,0.3633849873026861,0.9938
all,hashemi_enc,zoom_blur,1,common,pooled,0.28964794,0.3757898590262609,0.993
all,hashemi_enc,zoom_blur,2,common,pooled,0.24649508,0.35885791311632015,0.9944
all,hashemi_enc,zoom_blur,3,common,pooled,0.23357278,0.3546832356068003,0.9938
all,hashemi_enc,zoom_blur,4,common,pooled,0.20422196,0.3455514496351894,0.9952
all,hashemi_enc,zoom_blur,5,common,pooled,0.19960794,0.3445353393218283,0.9942
all,hashemi_enc,snow,1,common,pooled,0.44899886,0.4529775852993835,0.9604
all,hashemi_enc,snow,2,common,pooled,0.32868852,0.3909942770241548,0.9904
all,hashemi_enc,snow,3,common,pooled,0.44371464,0.447627564190443,0.9536
all,hashemi_enc,snow,4,common,pooled,0.45159452,0.45032770000174116,0.9464
all,hashemi_enc,snow,5,common,pooled,0.31654194,0.3868993702930025,0.9922
all,hashemi_enc,frost,1,common,pooled,0.42901036,0.44110527215514544,0.9636
all,hashemi_enc,frost,2,common,pooled,0.38575176,0.4139776534284743,0.9656
all,hashemi_enc,frost,3,common,pooled,0.36085416,0.40138018028259087,0.974
all,hashemi_enc,frost,4,common,pooled,0.35386902,0.397706478469593,0.9736
all,hashemi_enc,frost,5,common,pooled,0.3417681,0.39182312880318215,0.977
all,hashemi_enc,fog,1,common,pooled,0.49418158,0.5129535978453124,0.9628
all,hashemi_enc,fog,2,common,pooled,0.4852705,0.5082346698244993,0.9592
all,hashemi_enc,fog,3,common,pooled,0.4645889,0.4908727180950367,0.971
all,hashemi_enc,fog,4,common,pooled,0.42458952,0.4529387717689255,0.98
all,hashemi_enc,fog,5,common,pooled,0.34110036,0.3962796722047433,0.9892
all,hashemi_enc,brightness,1,common,pooled,0.50166716,0.4989850051910189,0.9446
all,hashemi_enc,brightness,2,common,pooled,0.49584544,0.4915200991900609,0.9402
all,hashemi_enc,brightness,3,common,pooled,0.48626816,0.48186799969829136,0.9442
all,hashemi_enc,brightness,4,common,pooled,0.4706305,0.4695464664328099,0.9476
all,hashemi_enc,brightness,5,common,pooled,0.45050546,0.4554983908556063,0.9548
all,hashemi_enc,contrast,1,common,pooled,0.50925162,0.527735078821096,0.9572
all,hashemi_enc,contrast,2,common,pooled,0.5051216,0.5296145493372338,0.959
all,hashemi_enc,contrast,3,common,pooled,0.49368162,0.527435103748452,0.9662
all,hashemi_enc,contrast,4,common,pooled,0.47030986,0.5217082297700866,0.9714
all,hashemi_enc,contrast,5,common,pooled,0.49720716,0.5644696832076499,0.9694
all,hashemi_enc,elastic_transform,1,common,pooled,0.46702476,0.4737264227333693,0.9478
all,hashemi_enc,elastic_transform,2,common,pooled,0.44729994,0.45783229607186643,0.9486
all,hashemi_enc,elastic_transform,3,common,pooled,0.41960048,0.4369411030754258,0.9506
all,hashemi_enc,elastic_transform,4,common,pooled,0.40210388,0.4238771219827358,0.9582
all,hashemi_enc,elastic_transform,5,common,pooled,0.38823806,0.4133787356075689,0.9636
all,hashemi_enc,pixelate,1,common,pooled,0.4735581,0.4754151661883587,0.9494
all,hashemi_enc,pixelate,2,common,pooled,0.4524574,0.45926959142599566,0.9582
all,hashemi_enc,pixelate,3,common,pooled,0.35435862,0.40133464869840996,0.9808
all,hashemi_enc,pixelate,4,common,pooled,0.220423,0.34989443944326193,0.996
all,hashemi_enc,pixelate,5,common,pooled,0.12347796,0.32412949183930906,0.9996
all,hashemi_enc,jpeg_compression,1,common,pooled,0.41584432,0.4307817902412191,0.955
all,hashemi_enc,jpeg_compression,2,common,pooled,0.43206722,0.43658543258496113,0.9402
all,hashemi_enc,jpeg_compression,3,common,pooled,0.44313168,0.44040120877727723,0.9292
all,hashemi_enc,jpeg_compression,4,common,pooled,0.47322304,0.45218078822599905,0.8972
all,hashemi_enc,jpeg_compression,5,common,pooled,0.49262102,0.4624632582600594,0.8962
all,hashemi_enc,speckle_noise,1,extra,pooled,0.3739618,0.41390461266569634,0.985
all,hashemi_enc,speckle_noise,2,extra,pooled,0.34408516,0.3991629488980958,0.9892
all,hashemi_enc,speckle_noise,3,extra,pooled,0.26829722,0.36681044685283515,0.9972
all,hashemi_enc,speckle_noise,4,extra,pooled,0.22522424,0.3512563525833772,0.9986
all,hashemi_enc,speckle_noise,5,extra,pooled,0.1728776,0.3353059580880904,0.9998
all,hashemi_enc,gaussian_blur,1,extra,pooled,0.45938728,0.4681074574508311,0.9512
all,hashemi_enc,gaussian_blur,2,extra,pooled,0.38383976,0.4202898966992943,0.9736
all,hashemi_enc,gaussian_blur,3,extra,pooled,0.31904298,0.3880759976518712,0.9844
all,hashemi_enc,gaussian_blur,4,extra,pooled,0.25863322,0.36439907626391527,0.9904
all,hashemi_enc,gaussian_blur,5,extra,pooled,0.16703592,0.33778790384553814,0.9976
all,hashemi_enc,spatter,1,extra,pooled,0.45945558,0.462345462419599,0.9572
all,hashemi_enc,spatter,2,extra,pooled,0.51541982,0.49404275682588505,0.9222
all,hashemi_enc,spatter,3,extra,pooled,0.46308986,0.4545797240454745,0.9346
all,hashemi_enc,spatter,4,extra,pooled,0.65896614,0.651272444047563,0.837
all,hashemi_enc,spatter,5,extra,pooled,0.6073736,0.5931416080369487,0.8758
all,hashemi_enc,saturate,1,extra,pooled,0.49035834,0.4881819737953569,0.9522
all,hashemi_enc,saturate,2,extra,pooled,0.47355978,0.4722041852757044,0.9574
all,hashemi_enc,saturate,3,extra,pooled,0.47608166,0.4734136987946471,0.9464
all,hashemi_enc,saturate,4,extra,pooled,0.452704,0.45591562804346175,0.9502
all,hashemi_enc,saturate,5,extra,pooled,0.44855708,0.45236990318744386,0.9528
all,cdf,gaussian_noise,1,common,pooled,0.89267396,0.8272815674702187,0.2548
all,cdf,gaussian_noise,2,common,pooled,0.96515204,0.9358593162784409,0.085
all,cdf,gaussian_noise,3,common,pooled,0.99178832,0.9849083161358663,0.02
all,cdf,gaussian_noise,4,common,pooled,0.9985956,0.9980556243701568,0.0042
all,cdf,gaussian_noise,5,common,pooled,0.99997124,0.999970708207289,0.0002
all,cdf,shot_noise,1,common,pooled,0.875968,0.8179721812925849,0.3154
all,cdf,shot_noise,2,common,pooled,0.95976204,0.9348419598218011,0.109
all,cdf,shot_noise,3,common,pooled,0.98837492,0.9815045770654011,0.0312
all,cdf,shot_noise,4,common,pooled,0.998361,0.9979909242318359,0.0058
all,cdf,shot_noise,5,common,pooled,0.99969264,0.9996817431481816,0.001
all,cdf,impulse_noise,1,common,pooled,0.96724084,0.9410698557717811,0.0808
all,cdf,impulse_noise,2,common,pooled,0.98355612,0.96889841848394,0.0386
all,cdf,impulse_noise,3,common,pooled,0.99175008,0.9844684778049462,0.019
all,cdf,impulse_noise,4,common,pooled,0.9988762,0.9984181051417866,0.0034
all,cdf,impulse_noise,5,common,pooled,0.99998352,0.9999832969111452,0.0
all,cdf,defocus_blur,1,common,pooled,0.7956874,0.7125989532595781,0.4646
all,cdf,defocus_blur,2,common,pooled,0.87435556,0.7968664768635598,0.2832
all,cdf,defocus_blur,3,common,pooled,0.93650136,0.8818039585000079,0.1366
all,cdf,defocus_blur,4,common,pooled,0.9643712,0.9276231359334467,0.077
all,cdf,defocus_blur,5,common,pooled,0.97770572,0.9518611251395839,0.0464
all,cdf,glass_blur,1,common,pooled,0.67841248,0.6152072895882348,0.7206
all,cdf,glass_blur,2,common,pooled,0.79915132,0.7170223237007582,0.4686
all,cdf,glass_blur,3,common,pooled,0.8999572,0.8243072121194198,0.2166
all,cdf,glass_blur,4,common,pooled,0.92658036,0.8621431538707619,0.1524
all,cdf,glass_blur,5,common,pooled,0.96140164,0.9188467408147166,0.079
all,cdf,motion_blur,1,common,pooled,0.7070296,0.6437662774877554,0.6908
all,cdf,motion_blur,2,common,pooled,0.80991956,0.7401613876991153,0.4684
all,cdf,motion_blur,3,common,pooled,0.89195088,0.834234309146535,0.2806
all,cdf,motion_blur,4,common,pooled,0.94024344,0.899332210374548,0.1558
all,cdf,motion_blur,5,common,pooled,0.95797696,0.9256411767239543,0.1118
all,cdf,zoom_blur,1,common,pooled,0.78521244,0.7040764755649603,0.5046
all,cdf,zoom_blur,2,common,pooled,0.84605556,0.765459347145053,0.3656
all,cdf,zoom_blur,3,common,pooled,0.81145892,0.735758593859217,0.47
all,cdf,zoom_blur,4,common,pooled,0.84755112,0.7726878135927635,0.3836
all,cdf,zoom_blur,5,common,pooled,0.82762528,0.7541776383701854,0.438
all,cdf,snow,1,common,pooled,0.83080544,0.7593587576479837,0.4358
all,cdf,snow,2,common,pooled,0.91764928,0.87849559241909,0.2418
all,cdf,snow,3,common,pooled,0.91131404,0.861272003636232,0.251
all,cdf,snow,4,common,pooled,0.93497988,0.8948203290240375,0.1888
all,cdf,snow,5,common,pooled,0.93003392,0.8951520989111909,0.205
all,cdf,frost,1,common,pooled,0.54381192,0.5234918514338769,0.902
all,cdf,frost,2,common,pooled,0.65844628,0.5950939138213329,0.7644
all,cdf,frost,3,common,pooled,0.73290024,0.6545056222762131,0.6404
all,cdf,frost,4,common,pooled,0.74249596,0.6618463857404226,0.6322
all,cdf,frost,5,common,pooled,0.7835762,0.6999473937807946,0.5614
all,cdf,fog,1,common,pooled,0.63751412,0.5969349532449655,0.8202
all,cdf,fog,2,common,pooled,0.69212336,0.6414090726837174,0.7476
all,cdf,fog,3,common,pooled,0.73400776,0.6782563740812796,0.6748
all,cdf,fog,4,common,pooled,0.72434416,0.6648435368162127,0.6878
all,cdf,fog,5,common,pooled,0.752264,0.6851618563498748,0.622
all,cdf,brightness,1,common,pooled,0.51047532,0.5098362904359955,0.9428
all,cdf,brightness,2,common,pooled,0.54478068,0.5338098091636939,0.9122
all,cdf,brightness,3,common,pooled,0.59027996,0.5655775607353932,0.8742
all,cdf,brightness,4,common,pooled,0.64589684,0.6061472893062434,0.7992
all,cdf,brightness,5,common,pooled,0.70253984,0.650980829090994,0.7002
all,cdf,contrast,1,common,pooled,0.66536044,0.6277123979687963,0.8006
all,cdf,contrast,2,common,pooled,0.75040496,0.7040480785594904,0.6652
all,cdf,contrast,3,common,pooled,0.8525962,0.8078608412161465,0.433
all,cdf,contrast,4,common,pooled,0.95430848,0.9317776225675173,0.1444
all,cdf,contrast,5,common,pooled,0.9896228,0.9837712748897074,0.0326
all,cdf,elastic_transform,1,common,pooled,0.52147692,0.5065542801425019,0.9374
all,cdf,elastic_transform,2,common,pooled,0.55611092,0.5268659419325139,0.907
all,cdf,elastic_transform,3,common,pooled,0.61359412,0.564253947129918,0.8522
all,cdf,elastic_transform,4,common,pooled,0.65997256,0.5981023966697978,0.7858
all,cdf,elastic_transform,5,common,pooled,0.72029524,0.6468776374634523,0.6722
all,cdf,pixelate,1,common,pooled,0.56758684,0.5394377939922665,0.8752
all,cdf,pixelate,2,common,pooled,0.6241442,0.5805642850579195,0.8098
all,cdf,pixelate,3,common,pooled,0.80685136,0.7460217067605417,0.4952
all,cdf,pixelate,4,common,pooled,0.92748824,0.8888353377359526,0.1996
all,cdf,pixelate,5,common,pooled,0.9699238,0.9519936215208069,0.0868
all,cdf,jpeg_compression,1,common,pooled,0.63241904,0.5711442000379667,0.761
all,cdf,jpeg_compression,2,common,pooled,0.73257712,0.6469572200008571,0.5888
all,cdf,jpeg_compression,3,common,pooled,0.79148908,0.7009716153574117,0.4738
all,cdf,jpeg_compression,4,common,pooled,0.89308996,0.8172890492257182,0.2546
all,cdf,jpeg_compression,5,common,pooled,0.942301,0.8907892346643326,0.1424
all,cdf,speckle_noise,1,extra,pooled,0.78607324,0.7316292150284528,0.562
all,cdf,speckle_noise,2,extra,pooled,0.8650306,0.8202608842616869,0.3978
all,cdf,speckle_noise,3,extra,pooled,0.96327864,0.949730942767437,0.124
all,cdf,speckle_noise,4,extra,pooled,0.98242164,0.9768312899748913,0.065
all,cdf,speckle_noise,5,extra,pooled,0.99275292,0.9911566702152732,0.0274
all,cdf,gaussian_blur,1,extra,pooled,0.64276004,0.5853852727946859,0.7834
all,cdf,gaussian_blur,2,extra,pooled,0.8667272,0.7875896133690001,0.3018
all,cdf,gaussian_blur,3,extra,pooled,0.93763512,0.8828377543187231,0.1314
all,cdf,gaussian_blur,4,extra,pooled,0.9660558,0.9299099544741077,0.0728
all,cdf,gaussian_blur,5,extra,pooled,0.98666864,0.9693784886548469,0.025
all,cdf,spatter,1,extra,pooled,0.48834228,0.48697714910475354,0.949
all,cdf,spatter,2,extra,pooled,0.74206916,0.6539270464455439,0.5908
all,cdf,spatter,3,extra,pooled,0.87148672,0.7926595638258237,0.3268
all,cdf,spatter,4,extra,pooled,0.95481824,0.9345190118206992,0.1452
all,cdf,spatter,5,extra,pooled,0.98141212,0.9732269914579774,0.0612
all,cdf,saturate,1,extra,pooled,0.5230072,0.5106068781340553,0.9214
all,cdf,saturate,2,extra,pooled,0.5760928,0.5443082358287435,0.8716
all,cdf,saturate,3,extra,pooled,0.56175808,0.5402498515634483,0.9042
all,cdf,saturate,4,extra,pooled,0.6812324,0.6231017236633588,0.7394
all,cdf,saturate,5,extra,pooled,0.77716996,0.7136997000550309,0.571
all,cdf_sum,gaussian_noise,1,common,pooled,0.78446526,0.717859350496576,0.518
all,cdf_sum,gaussian_noise,2,common,pooled,0.9006336,0.8505062973821519,0.2554
all,cdf_sum,gaussian_noise,3,common,pooled,0.96879664,0.950604532320266,0.084
all,cdf_sum,gaussian_noise,4,common,pooled,0.99374792,0.9907902991423849,0.0196
all,cdf_sum,gaussian_noise,5,common,pooled,0.9995198,0.9994318042226563,0.0024
all,cdf_sum,shot_noise,1,common,pooled,0.7671704,0.7101815429419167,0.5708
all,cdf_sum,shot_noise,2,common,pooled,0.89267,0.8482519659782988,0.2916
all,cdf_sum,shot_noise,3,common,pooled,0.96007756,0.9409702317039397,0.1118
all,cdf_sum,shot_noise,4,common,pooled,0.99331036,0.9908602414090156,0.0236
all,cdf_sum,shot_noise,5,common,pooled,0.9984182,0.998094107846616,0.0054
all,cdf_sum,impulse_noise,1,common,pooled,0.91358324,0.868643128570509,0.2312
all,cdf_sum,impulse_noise,2,common,pooled,0.95035664,0.9214569201106426,0.1326
all,cdf_sum,impulse_noise,3,common,pooled,0.97273136,0.9563344496899723,0.0734
all,cdf_sum,impulse_noise,4,common,pooled,0.99528232,0.9928530295821661,0.0144
all,cdf_sum,impulse_noise,5,common,pooled,0.9995772,0.9994756280007301,0.002
all,cdf_sum,defocus_blur,1,common,pooled,0.6849392,0.6217936858708434,0.7004
all,cdf_sum,defocus_blur,2,common,pooled,0.76421558,0.6875541186730123,0.5384
all,cdf_sum,defocus_blur,3,common,pooled,0.86016932,0.7846743493271839,0.3354
all,cdf_sum,defocus_blur,4,common,pooled,0.91763848,0.8575820034112536,0.1862
all,cdf_sum,defocus_blur,5,common,pooled,0.94791892,0.9040370581487939,0.116
all,cdf_sum,glass_blur,1,common,pooled,0.60491224,0.5712436051337151,0.849
all,cdf_sum,glass_blur,2,common,pooled,0.71447924,0.6525487919448083,0.6738
all,cdf_sum,glass_blur,3,common,pooled,0.87895582,0.8067042286687297,0.2976
all,cdf_sum,glass_blur,4,common,pooled,0.91253272,0.8490045663769401,0.205
all,cdf_sum,glass_blur,5,common,pooled,0.94624664,0.8983345751915182,0.1168
all,cdf_sum,motion_blur,1,common,pooled,0.61469944,0.572105741856024,0.828
all,cdf_sum,motion_blur,2,common,pooled,0.6982922,0.6393655815542479,0.6884
all,cdf_sum,motion_blur,3,common,pooled,0.80058368,0.7351149291311865,0.5
all,cdf_sum,motion_blur,4,common,pooled,0.88452654,0.8278426744860133,0.3182
all,cdf_sum,motion_blur,5,common,pooled,0.91928266,0.8719794811890617,0.2208
all,cdf_sum,zoom_blur,1,common,pooled,0.71865348,0.6406303495113621,0.6194
all,cdf_sum,zoom_blur,2,common,pooled,0.79302886,0.7049740037244995,0.4658
all,cdf_sum,zoom_blur,3,common,pooled,0.77927872,0.6962345635239853,0.51
all,cdf_sum,zoom_blur,4,common,pooled,0.82041472,0.7347051049505429,0.4218
all,cdf_sum,zoom_blur,5,common,pooled,0.81310384,0.7301031139487921,0.4534
all,cdf_sum,snow,1,common,pooled,0.7442084,0.6831474224213445,0.6404
all,cdf_sum,snow,2,common,pooled,0.85578244,0.8104655902064194,0.4274
all,cdf_sum,snow,3,common,pooled,0.8529069,0.7978153226037398,0.417
all,cdf_sum,snow,4,common,pooled,0.89467904,0.8475746905592964,0.3134
all,cdf_sum,snow,5,common,pooled,0.88883136,0.8469271728810059,0.3374
all,cdf_sum,frost,1,common,pooled,0.5211454,0.5188367880122549,0.9364
all,cdf_sum,frost,2,common,pooled,0.63635686,0.5991016126819064,0.8364
all,cdf_sum,frost,3,common,pooled,0.72022468,0.6698885634862778,0.7324
all,cdf_sum,frost,4,common,pooled,0.73110724,0.6797153337146133,0.7226
all,cdf_sum,frost,5,common,pooled,0.77924516,0.7241230225905296,0.6474
all,cdf_sum,fog,1,common,pooled,0.57996148,0.5569336507398945,0.8902
all,cdf_sum,fog,2,common,pooled,0.6175692,0.5842852374118256,0.8516
all,cdf_sum,fog,3,common,pooled,0.64815272,0.6072276847764351,0.8094
all,cdf_sum,fog,4,common,pooled,0.63692724,0.5924339521365424,0.821
all,cdf_sum,fog,5,common,pooled,0.65620252,0.6032151989675477,0.7854
all,cdf_sum,brightness,1,common,pooled,0.50368336,0.5063341461379152,0.948
all,cdf_sum,brightness,2,common,pooled,0.52406096,0.5213841380141827,0.9334
all,cdf_sum,brightness,3,common,pooled,0.55621032,0.5437644608943422,0.9138
all,cdf_sum,brightness,4,common,pooled,0.60086356,0.5755447263729605,0.8638
all,cdf_sum,brightness,5,common,pooled,0.6522216,0.6146182913215504,0.787
all,cdf_sum,contrast,1,common,pooled,0.60903122,0.5852783267994086,0.8774
all,cdf_sum,contrast,2,common,pooled,0.67157996,0.6376596465762617,0.7988
all,cdf_sum,contrast,3,common,pooled,0.76210456,0.7205460580759477,0.6434
all,cdf_sum,contrast,4,common,pooled,0.89738472,0.8650637891479837,0.3266
all,cdf_sum,contrast,5,common,pooled,0.97403556,0.9633283030670007,0.0872
all,cdf_sum,elastic_transform,1,common,pooled,0.5206873,0.5092014380943691,0.9368
all,cdf_sum,elastic_transform,2,common,pooled,0.56336792,0.5346189530888129,0.9056
all,cdf_sum,elastic_transform,3,common,pooled,0.63488096,0.5827459919417844,0.825
all,cdf_sum,elastic_transform,4,common,pooled,0.69122332,0.6265654955998035,0.7382
all,cdf_sum,elastic_transform,5,common,pooled,0.76096152,0.6878563383426508,0.6128
all,cdf_sum,pixelate,1,common,pooled,0.52679368,0.515936901841573,0.9228
all,cdf_sum,pixelate,2,common,pooled,0.574386,0.5505087352697269,0.8854
all,cdf_sum,pixelate,3,common,pooled,0.75588132,0.7054945873918794,0.6422
all,cdf_sum,pixelate,4,common,pooled,0.90710264,0.866545654809858,0.275
all,cdf_sum,pixelate,5,common,pooled,0.96201256,0.9418491503224846,0.1114
all,cdf_sum,jpeg_compression,1,common,pooled,0.56792346,0.5331045183750239,0.862
all,cdf_sum,jpeg_compression,2,common,pooled,0.65542324,0.5926605634862556,0.744
all,cdf_sum,jpeg_compression,3,common,pooled,0.71758536,0.6413765382884997,0.6482
all,cdf_sum,jpeg_compression,4,common,pooled,0.84630006,0.7645512823753895,0.3804
all,cdf_sum,jpeg_compression,5,common,pooled,0.9160556,0.8526804287589117,0.2118
all,cdf_sum,speckle_noise,1,extra,pooled,0.68286314,0.6419295355864945,0.7372
all,cdf_sum,speckle_noise,2,extra,pooled,0.76237932,0.7164180340262423,0.6088
all,cdf_sum,speckle_noise,3,extra,pooled,0.90949648,0.8810136249691589,0.2758
all,cdf_sum,speckle_noise,4,extra,pooled,0.95156356,0.9361887550426901,0.155
all,cdf_sum,speckle_noise,5,extra,pooled,0.97838992,0.9725275733467806,0.078
all,cdf_sum,gaussian_blur,1,extra,pooled,0.58312024,0.54824573159733,0.8666
all,cdf_sum,gaussian_blur,2,extra,pooled,0.75647452,0.6814209312484467,0.5554
all,cdf_sum,gaussian_blur,3,extra,pooled,0.85920256,0.7841548344275464,0.3368
all,cdf_sum,gaussian_blur,4,extra,pooled,0.91842512,0.8587442134918412,0.185
all,cdf_sum,gaussian_blur,5,extra,pooled,0.96850264,0.9389786150791966,0.0692
all,cdf_sum,spatter,1,extra,pooled,0.48878852,0.4873492395969223,0.948
all,cdf_sum,spatter,2,extra,pooled,0.69385918,0.6233229653162465,0.7016
all,cdf_sum,spatter,3,extra,pooled,0.79405492,0.7178328754163734,0.515
all,cdf_sum,spatter,4,extra,pooled,0.91282696,0.8753089301268419,0.256
all,cdf_sum,spatter,5,extra,pooled,0.95811768,0.936845945922161,0.1212
all,cdf_sum,saturate,1,extra,pooled,0.49879772,0.4964511919596219,0.941
all,cdf_sum,saturate,2,extra,pooled,0.52490832,0.512335114049701,0.9238
all,cdf_sum,saturate,3,extra,pooled,0.53366062,0.5194277060654342,0.9252
all,cdf_sum,saturate,4,extra,pooled,0.6107185,0.5681120572806094,0.8228
all,cdf_sum,saturate,5,extra,pooled,0.69746072,0.639911376302644,0.719
all,niqe,gaussian_noise,1,common,pooled,0.90817796,0.8322344322168671,0.2476
all,niqe,gaussian_noise,2,common,pooled,0.96426592,0.9170075553685123,0.0818
all,niqe,gaussian_noise,3,common,pooled,0.98870584,0.9709827736404169,0.0224
all,niqe,gaussian_noise,4,common,pooled,0.99809716,0.9937867472405383,0.0036
all,niqe,gaussian_noise,5,common,pooled,0.9996714,0.9982347484545296,0.0006
all,niqe,shot_noise,1,common,pooled,0.87233196,0.7926183893103548,0.3526
all,niqe,shot_noise,2,common,pooled,0.94791736,0.8961376571019813,0.1338
all,niqe,shot_noise,3,common,pooled,0.97899272,0.954574125848686,0.0494
all,niqe,shot_noise,4,common,pooled,0.99561688,0.9910534337359912,0.0114
all,niqe,shot_noise,5,common,pooled,0.99883696,0.9971510189019192,0.0034
all,niqe,impulse_noise,1,common,pooled,0.99256792,0.9915147635805528,0.037
all,niqe,impulse_noise,2,common,pooled,0.99735756,0.9969336189550839,0.0164
all,niqe,impulse_noise,3,common,pooled,0.99828636,0.9979564090324953,0.0098
all,niqe,impulse_noise,4,common,pooled,0.99884564,0.9982381035542639,0.0052
all,niqe,impulse_noise,5,common,pooled,0.99836588,0.9959151563037658,0.0034
all,niqe,defocus_blur,1,common,pooled,0.99664308,0.9927278601261218,0.0102
all,niqe,defocus_blur,2,common,pooled,0.99894704,0.9968872071585195,0.003
all,niqe,defocus_blur,3,common,pooled,0.99933336,0.9979608945023801,0.0018
all,niqe,defocus_blur,4,common,pooled,0.99959392,0.9984387971997838,0.0008
all,niqe,defocus_blur,5,common,pooled,0.9996888,0.9985949428330534,0.0006
all,niqe,glass_blur,1,common,pooled,0.97707688,0.9431058668417998,0.0392
all,niqe,glass_blur,2,common,pooled,0.99281472,0.980019273839895,0.0112
all,niqe,glass_blur,3,common,pooled,0.9918252,0.976401424716649,0.0124
all,niqe,glass_blur,4,common,pooled,0.99402596,0.9827453960356395,0.0094
all,niqe,glass_blur,5,common,pooled,0.99881132,0.9956190326222348,0.0022
all,niqe,motion_blur,1,common,pooled,0.96728712,0.9379987485234332,0.081
all,niqe,motion_blur,2,common,pooled,0.97955056,0.9617718093394317,0.0526
all,niqe,motion_blur,3,common,pooled,0.98531692,0.9738250672880167,0.0392
all,niqe,motion_blur,4,common,pooled,0.9882202,0.9798669348429724,0.0344
all,niqe,motion_blur,5,common,pooled,0.989299,0.9819898941662544,0.0326
all,niqe,zoom_blur,1,common,pooled,0.89074968,0.8643519910427897,0.3812
all,niqe,zoom_blur,2,common,pooled,0.91364116,0.8903317743325051,0.3134
all,niqe,zoom_blur,3,common,pooled,0.88500624,0.8477850509103588,0.3526
all,niqe,zoom_blur,4,common,pooled,0.90094336,0.8657880596815095,0.3088
all,niqe,zoom_blur,5,common,pooled,0.8489078,0.8014753523860055,0.4244
all,niqe,snow,1,common,pooled,0.88394832,0.8552316219143781,0.394
all,niqe,snow,2,common,pooled,0.96664672,0.948734965930976,0.1028
all,niqe,snow,3,common,pooled,0.94271492,0.9127030512837387,0.187
all,niqe,snow,4,common,pooled,0.96533456,0.9437628039066984,0.101
all,niqe,snow,5,common,pooled,0.98349704,0.9749152750150264,0.052
all,niqe,frost,1,common,pooled,0.48434476,0.4851270808132756,0.9396
all,niqe,frost,2,common,pooled,0.61054812,0.5711516810535122,0.8614
all,niqe,frost,3,common,pooled,0.69365208,0.6410580175743044,0.7562
all,niqe,frost,4,common,pooled,0.70476792,0.6500223781716439,0.7464
all,niqe,frost,5,common,pooled,0.74596104,0.6882560959780726,0.669
all,niqe,fog,1,common,pooled,0.64233188,0.637474033947227,0.9014
all,niqe,fog,2,common,pooled,0.68285664,0.6783014255748424,0.8644
all,niqe,fog,3,common,pooled,0.72626292,0.7227052454425629,0.8304
all,niqe,fog,4,common,pooled,0.73597068,0.731335084674638,0.8224
all,niqe,fog,5,common,pooled,0.7664138,0.753309907170753,0.7704
all,niqe,brightness,1,common,pooled,0.47555184,0.4820928863998553,0.956
all,niqe,brightness,2,common,pooled,0.45766528,0.4720646041678619,0.962
all,niqe,brightness,3,common,pooled,0.45129052,0.4704446499420417,0.9598
all,niqe,brightness,4,common,pooled,0.45246004,0.4737932034297545,0.959
all,niqe,brightness,5,common,pooled,0.4662618,0.4851895389550251,0.9534
all,niqe,contrast,1,common,pooled,0.63007572,0.6234460129550974,0.9094
all,niqe,contrast,2,common,pooled,0.69107956,0.6830237861545335,0.8606
all,niqe,contrast,3,common,pooled,0.7844356,0.7737421724689383,0.7256
all,niqe,contrast,4,common,pooled,0.92209096,0.9097283197635819,0.3154
all,niqe,contrast,5,common,pooled,0.98408704,0.9797981419162485,0.0612
all,niqe,elastic_transform,1,common,pooled,0.56310628,0.5397329306382004,0.8938
all,niqe,elastic_transform,2,common,pooled,0.54337116,0.5260749099626125,0.9032
all,niqe,elastic_transform,3,common,pooled,0.51842808,0.5082888705194883,0.9124
all,niqe,elastic_transform,4,common,pooled,0.50548344,0.4989652936649249,0.9226
all,niqe,elastic_transform,5,common,pooled,0.49610328,0.49085191127826655,0.927
all,niqe,pixelate,1,common,pooled,0.953812,0.9058455568230802,0.1034
all,niqe,pixelate,2,common,pooled,0.94437524,0.9085873721313978,0.1556
all,niqe,pixelate,3,common,pooled,0.97264312,0.9543064824197576,0.07
all,niqe,pixelate,4,common,pooled,0.99530988,0.9921813265728802,0.0128
all,niqe,pixelate,5,common,pooled,0.99513348,0.9906150335335396,0.0102
all,niqe,jpeg_compression,1,common,pooled,0.89777392,0.8679800989569859,0.3178
all,niqe,jpeg_compression,2,common,pooled,0.94943844,0.9310044423451755,0.1672
all,niqe,jpeg_compression,3,common,pooled,0.9647246,0.9513724641748545,0.1162
all,niqe,jpeg_compression,4,common,pooled,0.9862794,0.9813390782613355,0.0466
all,niqe,jpeg_compression,5,common,pooled,0.99461304,0.9928299335801609,0.021
all,niqe,speckle_noise,1,extra,pooled,0.7497072,0.6741376354365934,0.6426
all,niqe,speckle_noise,2,extra,pooled,0.81876736,0.7445181432356613,0.4984
all,niqe,speckle_noise,3,extra,pooled,0.92531284,0.8766170259789741,0.223
all,niqe,speckle_noise,4,extra,pooled,0.95481816,0.9227707505346667,0.1306
all,niqe,speckle_noise,5,extra,pooled,0.97552672,0.9598971674980454,0.0656
all,niqe,gaussian_blur,1,extra,pooled,0.98480292,0.962055443669006,0.0268
all,niqe,gaussian_blur,2,extra,pooled,0.99900508,0.9965086764031399,0.0018
all,niqe,gaussian_blur,3,extra,pooled,0.99960652,0.9983224378462829,0.0006
all,niqe,gaussian_blur,4,extra,pooled,0.9997396,0.9986291771555736,0.0004
all,niqe,gaussian_blur,5,extra,pooled,0.99979152,0.9986907220642859,0.0002
all,niqe,spatter,1,extra,pooled,0.49965064,0.49975850012241896,0.9486
all,niqe,spatter,2,extra,pooled,0.69928852,0.6617048738800761,0.786
all,niqe,spatter,3,extra,pooled,0.8529068,0.821238135247406,0.49
all,niqe,spatter,4,extra,pooled,0.74680836,0.6771231192686527,0.628
all,niqe,spatter,5,extra,pooled,0.884572,0.8331394969671151,0.3338
all,niqe,saturate,1,extra,pooled,0.47156726,0.47423361688741883,0.9562
all,niqe,saturate,2,extra,pooled,0.45985566,0.46542412997837324,0.958
all,niqe,saturate,3,extra,pooled,0.44994158,0.4593745454280428,0.9596
all,niqe,saturate,4,extra,pooled,0.39359844,0.42347878103138836,0.9738
all,niqe,saturate,5,extra,pooled,0.4353184,0.44261878363601664,0.9534
all,niqe_default,gaussian_noise,1,common,pooled,0.99247712,0.9873540947742655,0.0254
all,niqe_default,gaussian_noise,2,common,pooled,0.99788296,0.9960071969643856,0.007
all,niqe_default,gaussian_noise,3,common,pooled,0.9995818,0.9989124817761766,0.0018
all,niqe_default,gaussian_noise,4,common,pooled,0.99985928,0.9997592767276121,0.0002
all,niqe_default,gaussian_noise,5,common,pooled,0.99998456,0.9999839364674591,0.0002
all,niqe_default,shot_noise,1,common,pooled,0.98652856,0.9792084893750914,0.0454
all,niqe_default,shot_noise,2,common,pooled,0.99617552,0.9937769475651461,0.0134
all,niqe_default,shot_noise,3,common,pooled,0.99882648,0.9978412294975741,0.0034
all,niqe_default,shot_noise,4,common,pooled,0.9997498,0.9994443598324995,0.0006
all,niqe_default,shot_noise,5,common,pooled,0.99987716,0.9998145223384629,0.0002
all,niqe_default,impulse_noise,1,common,pooled,0.99834144,0.9977286119205563,0.0062
all,niqe_default,impulse_noise,2,common,pooled,0.99939848,0.9991467801320452,0.0024
all,niqe_default,impulse_noise,3,common,pooled,0.99962148,0.9994428260097555,0.0018
all,niqe_default,impulse_noise,4,common,pooled,0.99981372,0.9996203394484431,0.0002
all,niqe_default,impulse_noise,5,common,pooled,0.9998028,0.9991713341331379,0.0002
all,niqe_default,defocus_blur,1,common,pooled,0.9677492,0.9291145999444658,0.063
all,niqe_default,defocus_blur,2,common,pooled,0.98808904,0.9706481207427176,0.0246
all,niqe_default,defocus_blur,3,common,pooled,0.99518748,0.9878874332934046,0.0106
all,niqe_default,defocus_blur,4,common,pooled,0.9975272,0.9939129077737353,0.0052
all,niqe_default,defocus_blur,5,common,pooled,0.99851964,0.9965825409380037,0.0032
all,niqe_default,glass_blur,1,common,pooled,0.8188144,0.7181163358762781,0.3816
all,niqe_default,glass_blur,2,common,pooled,0.93670692,0.8645368542590796,0.116
all,niqe_default,glass_blur,3,common,pooled,0.94007576,0.8664989394242046,0.105
all,niqe_default,glass_blur,4,common,pooled,0.95619032,0.8969792829672674,0.0716
all,niqe_default,glass_blur,5,common,pooled,0.9872528,0.9652570918348835,0.0216
all,niqe_default,motion_blur,1,common,pooled,0.89696172,0.8406280705459889,0.2728
all,niqe_default,motion_blur,2,common,pooled,0.94055388,0.8994911386759428,0.1648
all,niqe_default,motion_blur,3,common,pooled,0.96389592,0.9366542777569463,0.0982
all,niqe_default,motion_blur,4,common,pooled,0.9751784,0.956363098721095,0.0672
all,niqe_default,motion_blur,5,common,pooled,0.97929848,0.9635798840645495,0.0574
all,niqe_default,zoom_blur,1,common,pooled,0.74624304,0.70195403420556,0.678
all,niqe_default,zoom_blur,2,common,pooled,0.79706384,0.7522383495802392,0.5752
all,niqe_default,zoom_blur,3,common,pooled,0.74453636,0.6993581477606281,0.6718
all,niqe_default,zoom_blur,4,common,pooled,0.77604116,0.7285651671833663,0.614
all,niqe_default,zoom_blur,5,common,pooled,0.67442844,0.6370485510007708,0.7882
all,niqe_default,snow,1,common,pooled,0.8543228,0.8140040326561576,0.4504
all,niqe_default,snow,2,common,pooled,0.95684816,0.935065502617557,0.1322
all,niqe_default,snow,3,common,pooled,0.91676848,0.8751738070063442,0.2448
all,niqe_default,snow,4,common,pooled,0.94477944,0.9119417800576318,0.1506
all,niqe_default,snow,5,common,pooled,0.97905616,0.9681587138786123,0.0628
all,niqe_default,frost,1,common,pooled,0.31863092,0.4062053488489108,0.9904
all,niqe_default,frost,2,common,pooled,0.29576644,0.38439268868003573,0.986
all,niqe_default,frost,3,common,pooled,0.32360604,0.3940843590978078,0.9786
all,niqe_default,frost,4,common,pooled,0.31668048,0.38710111147311277,0.9792
all,niqe_default,frost,5,common,pooled,0.33696904,0.3935342559057368,0.9742
all,niqe_default,fog,1,common,pooled,0.61687156,0.5932950009508581,0.87
all,niqe_default,fog,2,common,pooled,0.6535632,0.6261990063165627,0.8314
all,niqe_default,fog,3,common,pooled,0.69269452,0.6647045985810136,0.7898
all,niqe_default,fog,4,common,pooled,0.69535512,0.6661714489564667,0.7828
all,niqe_default,fog,5,common,pooled,0.71104972,0.673416095015382,0.7622
all,niqe_default,brightness,1,common,pooled,0.49106204,0.4958189845107098,0.955
all,niqe_default,brightness,2,common,pooled,0.48739124,0.49439337564946434,0.958
all,niqe_default,brightness,3,common,pooled,0.49070944,0.498934986150595,0.9558
all,niqe_default,brightness,4,common,pooled,0.4978316,0.5049970541705449,0.9518
all,niqe_default,brightness,5,common,pooled,0.51061844,0.5157447663651806,0.9462
all,niqe_default,contrast,1,common,pooled,0.61046372,0.5856912719980808,0.8774
all,niqe_default,contrast,2,common,pooled,0.66790312,0.6356599079927225,0.8106
all,niqe_default,contrast,3,common,pooled,0.76131204,0.7245606377546151,0.6662
all,niqe_default,contrast,4,common,pooled,0.90937952,0.8834347776077369,0.2934
all,niqe_default,contrast,5,common,pooled,0.98079124,0.9743755345124214,0.0672
all,niqe_default,elastic_transform,1,common,pooled,0.30065132,0.38420576729634254,0.9892
all,niqe_default,elastic_transform,2,common,pooled,0.29952388,0.38325458070387064,0.9874
all,niqe_default,elastic_transform,3,common,pooled,0.3076426,0.38463348943051456,0.9848
all,niqe_default,elastic_transform,4,common,pooled,0.32808388,0.3917744896162148,0.9796
all,niqe_default,elastic_transform,5,common,pooled,0.36813168,0.4073095363726295,0.9652
all,niqe_default,pixelate,1,common,pooled,0.9259898,0.8577077082401265,0.1666
all,niqe_default,pixelate,2,common,pooled,0.92388428,0.8800986131654579,0.2128
all,niqe_default,pixelate,3,common,pooled,0.9729862,0.9533271189125495,0.0642
all,niqe_default,pixelate,4,common,pooled,0.99731844,0.9956035131786066,0.0074
all,niqe_default,pixelate,5,common,pooled,0.99381824,0.9890947494988115,0.016
all,niqe_default,jpeg_compression,1,common,pooled,0.73929556,0.7002224475637506,0.6718
all,niqe_default,jpeg_compression,2,common,pooled,0.84548884,0.8107414478512373,0.4712
all,niqe_default,jpeg_compression,3,common,pooled,0.88507548,0.8548106574900395,0.3558
all,niqe_default,jpeg_compression,4,common,pooled,0.95406236,0.938755346640865,0.1544
all,niqe_default,jpeg_compression,5,common,pooled,0.98197316,0.9755309809603039,0.063
all,niqe_default,speckle_noise,1,extra,pooled,0.9493462,0.9328867277099895,0.1888
all,niqe_default,speckle_noise,2,extra,pooled,0.97212288,0.9613956513776671,0.105
all,niqe_default,speckle_noise,3,extra,pooled,0.99278048,0.9892916739214097,0.0274
all,niqe_default,speckle_noise,4,extra,pooled,0.99629236,0.994421949524217,0.0134
all,niqe_default,speckle_noise,5,extra,pooled,0.99822028,0.997357387431761,0.0064
all,niqe_default,gaussian_blur,1,extra,pooled,0.87375616,0.7861813720445456,0.2806
all,niqe_default,gaussian_blur,2,extra,pooled,0.98523216,0.9613638887693998,0.0242
all,niqe_default,gaussian_blur,3,extra,pooled,0.99619424,0.9875410322528526,0.0064
all,niqe_default,gaussian_blur,4,extra,pooled,0.99785228,0.9932600100615566,0.0032
all,niqe_default,gaussian_blur,5,extra,pooled,0.99935184,0.9979997818485492,0.0018
all,niqe_default,spatter,1,extra,pooled,0.49504496,0.4967294945866799,0.9516
all,niqe_default,spatter,2,extra,pooled,0.70100684,0.6477337735316319,0.7342
all,niqe_default,spatter,3,extra,pooled,0.85655892,0.8046146352019563,0.4258
all,niqe_default,spatter,4,extra,pooled,0.83706088,0.7681613106208764,0.4256
all,niqe_default,spatter,5,extra,pooled,0.9241656,0.8792473123916807,0.2176
all,niqe_default,saturate,1,extra,pooled,0.4804647,0.4830184535501728,0.953
all,niqe_default,saturate,2,extra,pooled,0.47098606,0.476028446854193,0.9582
all,niqe_default,saturate,3,extra,pooled,0.4594331,0.4665806086094594,0.9558
all,niqe_default,saturate,4,extra,pooled,0.42474736,0.4420612269462266,0.9584
all,niqe_default,saturate,5,extra,pooled,0.50399756,0.4866728410518367,0.9268
all,arniqa,gaussian_noise,1,common,pooled,0.9672126,0.9316562098266195,0.0678
all,arniqa,gaussian_noise,2,common,pooled,0.99453464,0.9907003623242343,0.0204
all,arniqa,gaussian_noise,3,common,pooled,0.99960332,0.9994925479583555,0.0014
all,arniqa,gaussian_noise,4,common,pooled,0.9999876,0.9999874626758132,0.0
all,arniqa,gaussian_noise,5,common,pooled,0.99999904,0.9999990393023117,0.0
all,arniqa,shot_noise,1,common,pooled,0.97746556,0.9594820224649891,0.0582
all,arniqa,shot_noise,2,common,pooled,0.99624192,0.9938798286733971,0.0134
all,arniqa,shot_noise,3,common,pooled,0.99963632,0.9995495783701237,0.0014
all,arniqa,shot_noise,4,common,pooled,0.9999938,0.9999937655144291,0.0
all,arniqa,shot_noise,5,common,pooled,0.99999776,0.9999977540892873,0.0
all,arniqa,impulse_noise,1,common,pooled,0.9941078,0.9898739394222347,0.0204
all,arniqa,impulse_noise,2,common,pooled,0.9991394,0.9986074516848292,0.0022
all,arniqa,impulse_noise,3,common,pooled,0.999798,0.9997592371470772,0.0006
all,arniqa,impulse_noise,4,common,pooled,0.99999156,0.9999914858684514,0.0
all,arniqa,impulse_noise,5,common,pooled,0.99999864,0.9999986384673507,0.0
all,arniqa,defocus_blur,1,common,pooled,0.99195028,0.987410115246883,0.0282
all,arniqa,defocus_blur,2,common,pooled,0.99845916,0.9979112036363864,0.0062
all,arniqa,defocus_blur,3,common,pooled,0.9997464,0.9997222415908074,0.001
all,arniqa,defocus_blur,4,common,pooled,0.99978048,0.9997710455558112,0.001
all,arniqa,defocus_blur,5,common,pooled,0.9994618,0.9994427576748645,0.0018
all,arniqa,glass_blur,1,common,pooled,0.95733844,0.9248828936502751,0.0978
all,arniqa,glass_blur,2,common,pooled,0.98549896,0.976695464191111,0.0422
all,arniqa,glass_blur,3,common,pooled,0.99098944,0.985974613887528,0.0306
all,arniqa,glass_blur,4,common,pooled,0.9938882,0.9910469957774172,0.0246
all,arniqa,glass_blur,5,common,pooled,0.9973078,0.9962353685061714,0.0102
all,arniqa,motion_blur,1,common,pooled,0.95370104,0.9364950974570817,0.1562
all,arniqa,motion_blur,2,common,pooled,0.9913687,0.9889710083564328,0.036
all,arniqa,motion_blur,3,common,pooled,0.99776908,0.9974290367649236,0.0074
all,arniqa,motion_blur,4,common,pooled,0.99902816,0.9989302052069401,0.0026
all,arniqa,motion_blur,5,common,pooled,0.99907328,0.9990052834513655,0.0026
all,arniqa,zoom_blur,1,common,pooled,0.94703558,0.9365476789435415,0.1902
all,arniqa,zoom_blur,2,common,pooled,0.95773012,0.9509698218122636,0.1544
all,arniqa,zoom_blur,3,common,pooled,0.92860718,0.914286529701879,0.2738
all,arniqa,zoom_blur,4,common,pooled,0.93378026,0.922099990105778,0.2624
all,arniqa,zoom_blur,5,common,pooled,0.90115382,0.8793946607993253,0.378
all,arniqa,snow,1,common,pooled,0.9369156,0.9179268017533578,0.209
all,arniqa,snow,2,common,pooled,0.98855792,0.9857035294390437,0.0468
all,arniqa,snow,3,common,pooled,0.99201512,0.9903036475792979,0.036
all,arniqa,snow,4,common,pooled,0.99759372,0.9972027314418269,0.0098
all,arniqa,snow,5,common,pooled,0.99833776,0.9980393205409379,0.0066
all,arniqa,frost,1,common,pooled,0.92668096,0.9090976123016088,0.2616
all,arniqa,frost,2,common,pooled,0.94631906,0.9384491734445195,0.2094
all,arniqa,frost,3,common,pooled,0.94974314,0.9447407468789509,0.1984
all,arniqa,frost,4,common,pooled,0.94338964,0.93749528016063,0.2204
all,arniqa,frost,5,common,pooled,0.94368156,0.9386550267865915,0.2284
all,arniqa,fog,1,common,pooled,0.96839282,0.9563207226692099,0.0936
all,arniqa,fog,2,common,pooled,0.97734452,0.9694486596902485,0.0712
all,arniqa,fog,3,common,pooled,0.97783258,0.9701329298432884,0.0706
all,arniqa,fog,4,common,pooled,0.97610184,0.9672912614708916,0.0756
all,arniqa,fog,5,common,pooled,0.98129328,0.9751592622480526,0.0664
all,arniqa,brightness,1,common,pooled,0.63383554,0.60602034822137,0.8788
all,arniqa,brightness,2,common,pooled,0.80266262,0.7659547263491903,0.6398
all,arniqa,brightness,3,common,pooled,0.90563148,0.8835658254824535,0.3358
all,arniqa,brightness,4,common,pooled,0.95957988,0.9524509375055406,0.144
all,arniqa,brightness,5,common,pooled,0.98361496,0.9821363655252295,0.0692
all,arniqa,contrast,1,common,pooled,0.96079856,0.9512911031817464,0.135
all,arniqa,contrast,2,common,pooled,0.98162702,0.9774139671234634,0.0688
all,arniqa,contrast,3,common,pooled,0.99212438,0.990486245636779,0.0382
all,arniqa,contrast,4,common,pooled,0.99659636,0.9959711301316426,0.019
all,arniqa,contrast,5,common,pooled,0.9971052,0.9966222525221013,0.0148
all,arniqa,elastic_transform,1,common,pooled,0.4277311,0.4659505556360892,0.9706
all,arniqa,elastic_transform,2,common,pooled,0.44073084,0.47177758143622694,0.9668
all,arniqa,elastic_transform,3,common,pooled,0.46036622,0.48093857250660377,0.9608
all,arniqa,elastic_transform,4,common,pooled,0.4788076,0.4902529476541001,0.9512
all,arniqa,elastic_transform,5,common,pooled,0.50294558,0.5027436913216765,0.9416
all,arniqa,pixelate,1,common,pooled,0.901572,0.8467238085986845,0.2546
all,arniqa,pixelate,2,common,pooled,0.90859888,0.8577150820706412,0.245
all,arniqa,pixelate,3,common,pooled,0.9787845,0.9703233103248992,0.0664
all,arniqa,pixelate,4,common,pooled,0.99859612,0.9983331870894516,0.0058
all,arniqa,pixelate,5,common,pooled,0.99820844,0.9978042044849237,0.0066
all,arniqa,jpeg_compression,1,common,pooled,0.60473886,0.5625907664329993,0.8822
all,arniqa,jpeg_compression,2,common,pooled,0.79470076,0.7375969666800231,0.6106
all,arniqa,jpeg_compression,3,common,pooled,0.88266982,0.8431899277986112,0.3898
all,arniqa,jpeg_compression,4,common,pooled,0.98003386,0.9753918008719512,0.0746
all,arniqa,jpeg_compression,5,common,pooled,0.99768072,0.9974506431650608,0.0106
all,arniqa,speckle_noise,1,extra,pooled,0.96727292,0.94430152109569,0.0868
all,arniqa,speckle_noise,2,extra,pooled,0.98685452,0.9794548587789621,0.0458
all,arniqa,speckle_noise,3,extra,pooled,0.99908728,0.9988269396825099,0.0026
all,arniqa,speckle_noise,4,extra,pooled,0.99979284,0.9997714988218749,0.0006
all,arniqa,speckle_noise,5,extra,pooled,0.99996068,0.9999595494670965,0.0002
all,arniqa,gaussian_blur,1,extra,pooled,0.92410114,0.8707045577060983,0.2108
all,arniqa,gaussian_blur,2,extra,pooled,0.99643376,0.9948053985452999,0.0158
all,arniqa,gaussian_blur,3,extra,pooled,0.99938456,0.9992611706560606,0.0018
all,arniqa,gaussian_blur,4,extra,pooled,0.99978372,0.9997682084903233,0.001
all,arniqa,gaussian_blur,5,extra,pooled,0.99979132,0.9997841661400904,0.0008
all,arniqa,spatter,1,extra,pooled,0.52740732,0.518683213373548,0.938
all,arniqa,spatter,2,extra,pooled,0.67838462,0.6480154345462534,0.8118
all,arniqa,spatter,3,extra,pooled,0.76101338,0.7207495598705682,0.6544
all,arniqa,spatter,4,extra,pooled,0.76482466,0.6776499143287644,0.6112
all,arniqa,spatter,5,extra,pooled,0.79759808,0.7095175568627061,0.5258
all,arniqa,saturate,1,extra,pooled,0.96418274,0.9458848236277074,0.0994
all,arniqa,saturate,2,extra,pooled,0.98193468,0.9684416966146675,0.0462
all,arniqa,saturate,3,extra,pooled,0.77596616,0.7336323348784085,0.69
all,arniqa,saturate,4,extra,pooled,0.98174816,0.9795606729267914,0.0712
all,arniqa,saturate,5,extra,pooled,0.9940296,0.9942769075963319,0.0346
all,arniqa_proto,gaussian_noise,1,common,pooled,0.99934244,0.9990521682139538,0.0016
all,arniqa_proto,gaussian_noise,2,common,pooled,0.99996504,0.9999640797349243,0.0004
all,arniqa_proto,gaussian_noise,3,common,pooled,0.99999816,0.9999981581459669,0.0
all,arniqa_proto,gaussian_noise,4,common,pooled,0.99999984,0.999999840047984,0.0
all,arniqa_proto,gaussian_noise,5,common,pooled,1.0,1.0,0.0
all,arniqa_proto,shot_noise,1,common,pooled,0.99923224,0.9989619727174928,0.002
all,arniqa_proto,shot_noise,2,common,pooled,0.99994384,0.9999421539382828,0.0004
all,arniqa_proto,shot_noise,3,common,pooled,0.9999932,0.9999931778440362,0.0
all,arniqa_proto,shot_noise,4,common,pooled,0.999999,0.9999989999592525,0.0
all,arniqa_proto,shot_noise,5,common,pooled,0.99999976,0.999999760047984,0.0
all,arniqa_proto,impulse_noise,1,common,pooled,0.9998118,0.9997867988073943,0.001
all,arniqa_proto,impulse_noise,2,common,pooled,0.99999288,0.9999928346787061,0.0
all,arniqa_proto,impulse_noise,3,common,pooled,0.99999908,0.9999990793590513,0.0
all,arniqa_proto,impulse_noise,4,common,pooled,0.99999992,0.9999999200319872,0.0
all,arniqa_proto,impulse_noise,5,common,pooled,0.99999996,0.9999999600079984,0.0
all,arniqa_proto,defocus_blur,1,common,pooled,0.99988212,0.9998740281836681,0.0008
all,arniqa_proto,defocus_blur,2,common,pooled,0.99996208,0.9999613721697718,0.0002
all,arniqa_proto,defocus_blur,3,common,pooled,0.9999386,0.9999363904071396,0.0004
all,arniqa_proto,defocus_blur,4,common,pooled,0.9998668,0.999856872947487,0.0008
all,arniqa_proto,defocus_blur,5,common,pooled,0.99974868,0.9997161799286108,0.0012
all,arniqa_proto,glass_blur,1,common,pooled,0.99820548,0.9956459111010912,0.0052
all,arniqa_proto,glass_blur,2,common,pooled,0.99960612,0.9994906349831588,0.0012
all,arniqa_proto,glass_blur,3,common,pooled,0.99955188,0.9993842291523718,0.0012
all,arniqa_proto,glass_blur,4,common,pooled,0.9995882,0.9994523246758521,0.0012
all,arniqa_proto,glass_blur,5,common,pooled,0.99984864,0.9998333371617727,0.0008
all,arniqa_proto,motion_blur,1,common,pooled,0.98897428,0.9861975281521542,0.051
all,arniqa_proto,motion_blur,2,common,pooled,0.9974252,0.9967029359613845,0.0102
all,arniqa_proto,motion_blur,3,common,pooled,0.99878316,0.9983831071476711,0.0042
all,arniqa_proto,motion_blur,4,common,pooled,0.99902112,0.9986835424732806,0.0034
all,arniqa_proto,motion_blur,5,common,pooled,0.99898658,0.998629796281054,0.0034
all,arniqa_proto,zoom_blur,1,common,pooled,0.97819594,0.965785529983856,0.0834
all,arniqa_proto,zoom_blur,2,common,pooled,0.985251,0.9759635192405456,0.0556
all,arniqa_proto,zoom_blur,3,common,pooled,0.96437182,0.9428925166781448,0.1204
all,arniqa_proto,zoom_blur,4,common,pooled,0.97111812,0.9531495436597166,0.1054
all,arniqa_proto,zoom_blur,5,common,pooled,0.95649782,0.9306485123414253,0.1346
all,arniqa_proto,snow,1,common,pooled,0.90925652,0.8517234069148479,0.2328
all,arniqa_proto,snow,2,common,pooled,0.97456146,0.9488117982168047,0.0746
all,arniqa_proto,snow,3,common,pooled,0.97956952,0.959338164986907,0.0586
all,arniqa_proto,snow,4,common,pooled,0.9895862,0.9769430855527732,0.023
all,arniqa_proto,snow,5,common,pooled,0.99022308,0.977898457287551,0.02
all,arniqa_proto,frost,1,common,pooled,0.88015926,0.820210560271876,0.3338
all,arniqa_proto,frost,2,common,pooled,0.91385966,0.8685851074048556,0.2474
all,arniqa_proto,frost,3,common,pooled,0.92720356,0.8916250418812934,0.2274
all,arniqa_proto,frost,4,common,pooled,0.92180782,0.8819170206682664,0.231
all,arniqa_proto,frost,5,common,pooled,0.928216,0.8933330823248774,0.223
all,arniqa_proto,fog,1,common,pooled,0.98234132,0.9696922326280661,0.0612
all,arniqa_proto,fog,2,common,pooled,0.98897,0.9811198671338984,0.036
all,arniqa_proto,fog,3,common,pooled,0.98981976,0.983486760326808,0.0326
all,arniqa_proto,fog,4,common,pooled,0.98689424,0.978051970733161,0.0482
all,arniqa_proto,fog,5,common,pooled,0.98674084,0.9771656226507184,0.0456
all,arniqa_proto,brightness,1,common,pooled,0.60050834,0.5703083591243836,0.9014
all,arniqa_proto,brightness,2,common,pooled,0.73346928,0.675625548971423,0.6934
all,arniqa_proto,brightness,3,common,pooled,0.83393658,0.7770116062960509,0.4614
all,arniqa_proto,brightness,4,common,pooled,0.90317086,0.8623085815028626,0.2788
all,arniqa_proto,brightness,5,common,pooled,0.94438822,0.9193722655409664,0.1744
all,arniqa_proto,contrast,1,common,pooled,0.97441192,0.9630997322528747,0.1104
all,arniqa_proto,contrast,2,common,pooled,0.98832452,0.9843286644522118,0.054
all,arniqa_proto,contrast,3,common,pooled,0.9952904,0.9942464372167197,0.0168
all,arniqa_proto,contrast,4,common,pooled,0.9983514,0.9980972290915447,0.0074
all,arniqa_proto,contrast,5,common,pooled,0.999077,0.9989563059098211,0.0038
all,arniqa_proto,elastic_transform,1,common,pooled,0.57121316,0.5341355287238442,0.8608
all,arniqa_proto,elastic_transform,2,common,pooled,0.56268646,0.5252582410852489,0.864
all,arniqa_proto,elastic_transform,3,common,pooled,0.55963704,0.519455284111964,0.8662
all,arniqa_proto,elastic_transform,4,common,pooled,0.56241476,0.5189977388016347,0.8542
all,arniqa_proto,elastic_transform,5,common,pooled,0.5714149,0.5225318793655978,0.845
all,arniqa_proto,pixelate,1,common,pooled,0.98988256,0.9742450926298171,0.0162
all,arniqa_proto,pixelate,2,common,pooled,0.99358508,0.9828680181129472,0.0102
all,arniqa_proto,pixelate,3,common,pooled,0.9985722,0.9967528467425653,0.0034
all,arniqa_proto,pixelate,4,common,pooled,0.9999254,0.999921283935977,0.0004
all,arniqa_proto,pixelate,5,common,pooled,0.99999968,0.9999996803036516,0.0
all,arniqa_proto,jpeg_compression,1,common,pooled,0.99116148,0.9870514668568945,0.032
all,arniqa_proto,jpeg_compression,2,common,pooled,0.9945788,0.9925013567017904,0.0178
all,arniqa_proto,jpeg_compression,3,common,pooled,0.99604716,0.9946853592049439,0.0142
all,arniqa_proto,jpeg_compression,4,common,pooled,0.99836828,0.9979922069481257,0.007
all,arniqa_proto,jpeg_compression,5,common,pooled,0.9993996,0.999315072028487,0.002
all,arniqa_proto,speckle_noise,1,extra,pooled,0.99665724,0.9952598919718226,0.0132
all,arniqa_proto,speckle_noise,2,extra,pooled,0.99892712,0.9986544006190635,0.0042
all,arniqa_proto,speckle_noise,3,extra,pooled,0.9998872,0.9998821145741743,0.0008
all,arniqa_proto,speckle_noise,4,extra,pooled,0.9999556,0.9999547013227575,0.0004
all,arniqa_proto,speckle_noise,5,extra,pooled,0.99998116,0.9999809914868738,0.0
all,arniqa_proto,gaussian_blur,1,extra,pooled,0.99838044,0.9969431565297473,0.0048
all,arniqa_proto,gaussian_blur,2,extra,pooled,0.99996612,0.9999656145844557,0.0002
all,arniqa_proto,gaussian_blur,3,extra,pooled,0.99997764,0.9999774418757439,0.0
all,arniqa_proto,gaussian_blur,4,extra,pooled,0.99996872,0.9999683191428287,0.0
all,arniqa_proto,gaussian_blur,5,extra,pooled,0.99989428,0.9998904452983517,0.0008
all,arniqa_proto,spatter,1,extra,pooled,0.50589666,0.5000064160609965,0.9454
all,arniqa_proto,spatter,2,extra,pooled,0.61969662,0.5627277464393629,0.822
all,arniqa_proto,spatter,3,extra,pooled,0.71109508,0.6244790955064935,0.6494
all,arniqa_proto,spatter,4,extra,pooled,0.61945226,0.5237557461734155,0.665
all,arniqa_proto,spatter,5,extra,pooled,0.66102234,0.5502992302005552,0.5942
all,arniqa_proto,saturate,1,extra,pooled,0.8807902,0.798935461970719,0.269
all,arniqa_proto,saturate,2,extra,pooled,0.94058052,0.8776885368863145,0.1132
all,arniqa_proto,saturate,3,extra,pooled,0.7272482,0.6660299439647083,0.7084
all,arniqa_proto,saturate,4,extra,pooled,0.95750968,0.9376566398789025,0.1342
all,arniqa_proto,saturate,5,extra,pooled,0.98198432,0.977453056415414,0.094
all,clipiqa,gaussian_noise,1,common,pooled,0.80038882,0.7512972469334438,0.5692
all,clipiqa,gaussian_noise,2,common,pooled,0.8122957,0.7470412020805929,0.5102
all,clipiqa,gaussian_noise,3,common,pooled,0.80063158,0.7099486579197115,0.4882
all,clipiqa,gaussian_noise,4,common,pooled,0.73564076,0.6204251382955301,0.525
all,clipiqa,gaussian_noise,5,common,pooled,0.64941396,0.5345687641164871,0.5668
all,clipiqa,shot_noise,1,common,pooled,0.77987192,0.7216923330632619,0.584
all,clipiqa,shot_noise,2,common,pooled,0.77716408,0.6985112008654091,0.5526
all,clipiqa,shot_noise,3,common,pooled,0.72985464,0.6344242924493622,0.591
all,clipiqa,shot_noise,4,common,pooled,0.67457728,0.571738152395624,0.6178
all,clipiqa,shot_noise,5,common,pooled,0.68070396,0.5671843625113624,0.572
all,clipiqa,impulse_noise,1,common,pooled,0.62446434,0.5433899796642514,0.7608
all,clipiqa,impulse_noise,2,common,pooled,0.6749664,0.5758673144376176,0.6662
all,clipiqa,impulse_noise,3,common,pooled,0.69765074,0.5900129758028995,0.6196
all,clipiqa,impulse_noise,4,common,pooled,0.71010756,0.5875882963341037,0.5366
all,clipiqa,impulse_noise,5,common,pooled,0.68402976,0.5587541289263297,0.5144
all,clipiqa,defocus_blur,1,common,pooled,0.90063356,0.8595363640637432,0.3036
all,clipiqa,defocus_blur,2,common,pooled,0.91086298,0.8593533586743878,0.258
all,clipiqa,defocus_blur,3,common,pooled,0.9492321,0.913394025660106,0.1454
all,clipiqa,defocus_blur,4,common,pooled,0.96817336,0.9452946758187933,0.0912
all,clipiqa,defocus_blur,5,common,pooled,0.97852726,0.9633924877672557,0.0598
all,clipiqa,glass_blur,1,common,pooled,0.93940448,0.9232116096170058,0.2312
all,clipiqa,glass_blur,2,common,pooled,0.94250314,0.9207889830848623,0.1974
all,clipiqa,glass_blur,3,common,pooled,0.90882792,0.8462988814702763,0.2388
all,clipiqa,glass_blur,4,common,pooled,0.91324412,0.8468644797714162,0.2186
all,clipiqa,glass_blur,5,common,pooled,0.91177652,0.8368057593790854,0.2132
all,clipiqa,motion_blur,1,common,pooled,0.92768524,0.912494440792362,0.2678
all,clipiqa,motion_blur,2,common,pooled,0.967823,0.9602428037281225,0.1258
all,clipiqa,motion_blur,3,common,pooled,0.98442078,0.9801783039153538,0.0614
all,clipiqa,motion_blur,4,common,pooled,0.9906926,0.9876266349644939,0.0358
all,clipiqa,motion_blur,5,common,pooled,0.99231204,0.9893787572473993,0.0298
all,clipiqa,zoom_blur,1,common,pooled,0.95654788,0.9405283321427966,0.144
all,clipiqa,zoom_blur,2,common,pooled,0.96837312,0.9555993361194784,0.107
all,clipiqa,zoom_blur,3,common,pooled,0.93829008,0.9113790675478448,0.1974
all,clipiqa,zoom_blur,4,common,pooled,0.9487536,0.9250849771632922,0.164
all,clipiqa,zoom_blur,5,common,pooled,0.91938342,0.8820392121227344,0.2396
all,clipiqa,snow,1,common,pooled,0.69402956,0.6440486389628098,0.7542
all,clipiqa,snow,2,common,pooled,0.86863432,0.8234583797265844,0.3932
all,clipiqa,snow,3,common,pooled,0.85990454,0.8257183615834734,0.4578
all,clipiqa,snow,4,common,pooled,0.92627886,0.9086246614924907,0.2664
all,clipiqa,snow,5,common,pooled,0.92252048,0.8994356976157367,0.2722
all,clipiqa,frost,1,common,pooled,0.7438281,0.7041752502146299,0.6974
all,clipiqa,frost,2,common,pooled,0.77660852,0.732341279891991,0.6236
all,clipiqa,frost,3,common,pooled,0.8004055,0.7574794779807053,0.5796
all,clipiqa,frost,4,common,pooled,0.78506694,0.7372655773020672,0.5924
all,clipiqa,frost,5,common,pooled,0.7982994,0.7501264786393245,0.5734
all,clipiqa,fog,1,common,pooled,0.6213828,0.5898621679204893,0.8368
all,clipiqa,fog,2,common,pooled,0.65614528,0.61928369393781,0.7914
all,clipiqa,fog,3,common,pooled,0.6794356,0.6383817873602534,0.7574
all,clipiqa,fog,4,common,pooled,0.66178646,0.6168242943296599,0.7772
all,clipiqa,fog,5,common,pooled,0.65820828,0.6043830635586462,0.7772
all,clipiqa,brightness,1,common,pooled,0.6021416,0.5789319953725629,0.8858
all,clipiqa,brightness,2,common,pooled,0.67380976,0.642898858798771,0.8144
all,clipiqa,brightness,3,common,pooled,0.71469132,0.6800892987034783,0.75
all,clipiqa,brightness,4,common,pooled,0.74663324,0.7109785358108046,0.6954
all,clipiqa,brightness,5,common,pooled,0.77211404,0.7375340203623901,0.642
all,clipiqa,contrast,1,common,pooled,0.61675794,0.583541515307324,0.8368
all,clipiqa,contrast,2,common,pooled,0.67284998,0.6293673545838384,0.7542
all,clipiqa,contrast,3,common,pooled,0.75721162,0.7050853538666573,0.6236
all,clipiqa,contrast,4,common,pooled,0.88256822,0.8429129681524239,0.3472
all,clipiqa,contrast,5,common,pooled,0.95551092,0.936801477869852,0.1564
all,clipiqa,elastic_transform,1,common,pooled,0.57711484,0.5518796400481625,0.9032
all,clipiqa,elastic_transform,2,common,pooled,0.54598024,0.5235370869187004,0.9182
all,clipiqa,elastic_transform,3,common,pooled,0.50748718,0.48669074255976347,0.9236
all,clipiqa,elastic_transform,4,common,pooled,0.49173668,0.47094393325273554,0.9292
all,clipiqa,elastic_transform,5,common,pooled,0.4904884,0.4625311487310343,0.9118
all,clipiqa,pixelate,1,common,pooled,0.84233998,0.7926163547572138,0.4632
all,clipiqa,pixelate,2,common,pooled,0.91294964,0.8847947941145371,0.279
all,clipiqa,pixelate,3,common,pooled,0.94761888,0.9229543877571262,0.168
all,clipiqa,pixelate,4,common,pooled,0.97608888,0.9655497602273014,0.0796
all,clipiqa,pixelate,5,common,pooled,0.98723154,0.9819966306253922,0.0442
all,clipiqa,jpeg_compression,1,common,pooled,0.69545404,0.6337064659513847,0.7176
all,clipiqa,jpeg_compression,2,common,pooled,0.7840711,0.7215253637257208,0.5746
all,clipiqa,jpeg_compression,3,common,pooled,0.8389129,0.7853264278331689,0.4646
all,clipiqa,jpeg_compression,4,common,pooled,0.92152952,0.8891993954465618,0.2502
all,clipiqa,jpeg_compression,5,common,pooled,0.96034658,0.9392085965213209,0.1252
all,clipiqa,speckle_noise,1,extra,pooled,0.73959714,0.680919037492707,0.6518
all,clipiqa,speckle_noise,2,extra,pooled,0.74504854,0.675249847317056,0.6196
all,clipiqa,speckle_noise,3,extra,pooled,0.66914494,0.5817208922810999,0.6744
all,clipiqa,speckle_noise,4,extra,pooled,0.61890812,0.5355923808029465,0.7206
all,clipiqa,speckle_noise,5,extra,pooled,0.59112542,0.5113097972614349,0.7304
all,clipiqa,gaussian_blur,1,extra,pooled,0.80959274,0.7451974031573596,0.5144
all,clipiqa,gaussian_blur,2,extra,pooled,0.87775038,0.8162682538336159,0.3402
all,clipiqa,gaussian_blur,3,extra,pooled,0.92920658,0.8798436421894328,0.1978
all,clipiqa,gaussian_blur,4,extra,pooled,0.96132214,0.9291023403830037,0.0998
all,clipiqa,gaussian_blur,5,extra,pooled,0.98511742,0.9712936092088647,0.0372
all,clipiqa,spatter,1,extra,pooled,0.50845658,0.5060101485640494,0.9484
all,clipiqa,spatter,2,extra,pooled,0.49669064,0.4782384685111141,0.9388
all,clipiqa,spatter,3,extra,pooled,0.52618196,0.49159899440191424,0.9078
all,clipiqa,spatter,4,extra,pooled,0.533229,0.503483333479478,0.9182
all,clipiqa,spatter,5,extra,pooled,0.62961082,0.5642790187552293,0.8094
all,clipiqa,saturate,1,extra,pooled,0.46013566,0.46824300698067056,0.9524
all,clipiqa,saturate,2,extra,pooled,0.38714498,0.4217433472529792,0.9734
all,clipiqa,saturate,3,extra,pooled,0.5912207,0.5740497087609049,0.9032
all,clipiqa,saturate,4,extra,pooled,0.6514559,0.6233849936828205,0.832
all,clipiqa,saturate,5,extra,pooled,0.70126746,0.6498331417798815,0.7574
untouched,two_axis,gaussian_noise,1,common,pooled,0.9263933819124487,0.8697699514439234,0.21254125412541255
untouched,two_axis,gaussian_noise,2,common,pooled,0.9832565434761298,0.9631864164662767,0.043234323432343236
untouched,two_axis,gaussian_noise,3,common,pooled,0.99646842902112,0.9925419674961383,0.008580858085808581
untouched,two_axis,gaussian_noise,4,common,pooled,0.9994430829221536,0.9992125941210545,0.0016501650165016502
untouched,two_axis,gaussian_noise,5,common,pooled,0.9999881275256238,0.9999880317266107,0.0
untouched,two_axis,shot_noise,1,common,pooled,0.9085298826912395,0.8595662089895398,0.2848184818481848
untouched,two_axis,shot_noise,2,common,pooled,0.9792839481967999,0.9642195655840798,0.05907590759075908
untouched,two_axis,shot_noise,3,common,pooled,0.9945222145976974,0.9914940194994923,0.01287128712871287
untouched,two_axis,shot_noise,4,common,pooled,0.9991663126708711,0.9991125030144314,0.0023102310231023103
untouched,two_axis,shot_noise,5,common,pooled,0.9997587382500627,0.9997740226481683,0.00033003300330033004
untouched,two_axis,impulse_noise,1,common,pooled,0.9866087202779684,0.98297762299899,0.05313531353135314
untouched,two_axis,impulse_noise,2,common,pooled,0.9941053709331329,0.9909906390697054,0.01782178217821782
untouched,two_axis,impulse_noise,3,common,pooled,0.9969020466403076,0.994969977238049,0.009900990099009901
untouched,two_axis,impulse_noise,4,common,pooled,0.9995489548954896,0.9993805369791965,0.0013201320132013201
untouched,two_axis,impulse_noise,5,common,pooled,0.9999913951791218,0.9999913361434112,0.0
untouched,two_axis,defocus_blur,1,common,pooled,0.9469003038917753,0.9106737797214335,0.18151815181518152
untouched,two_axis,defocus_blur,2,common,pooled,0.968811990109902,0.9420253784420344,0.10363036303630363
untouched,two_axis,defocus_blur,3,common,pooled,0.9805740177978194,0.9597979680898489,0.058085808580858087
untouched,two_axis,defocus_blur,4,common,pooled,0.9846040148569313,0.9654193173321102,0.044884488448844885
untouched,two_axis,defocus_blur,5,common,pooled,0.9879248221851888,0.9715304447749472,0.035313531353135315
untouched,two_axis,glass_blur,1,common,pooled,0.9139295711749392,0.8646079923217043,0.2765676567656766
untouched,two_axis,glass_blur,2,common,pooled,0.9528600681850363,0.916748246183421,0.15907590759075907
untouched,two_axis,glass_blur,3,common,pooled,0.9588266945506432,0.9208328125432452,0.12376237623762376
untouched,two_axis,glass_blur,4,common,pooled,0.9621099238636734,0.9246111829266275,0.11155115511551156
untouched,two_axis,glass_blur,5,common,pooled,0.9762667058785086,0.9480625226901509,0.06369636963696369
untouched,two_axis,motion_blur,1,common,pooled,0.8646164319402238,0.8143893603333641,0.4161716171617162
untouched,two_axis,motion_blur,2,common,pooled,0.9217895848990839,0.8853271676849119,0.2485148514851485
untouched,two_axis,motion_blur,3,common,pooled,0.9508944656841922,0.924862255424225,0.15016501650165018
untouched,two_axis,motion_blur,4,common,pooled,0.9649990741648422,0.9469104341256632,0.10594059405940594
untouched,two_axis,motion_blur,5,common,pooled,0.9717194392706597,0.9567179313704736,0.0834983498349835
untouched,two_axis,zoom_blur,1,common,pooled,0.900333954187498,0.8357035485864968,0.2825082508250825
untouched,two_axis,zoom_blur,2,common,pooled,0.9226947249180364,0.8637164369543889,0.22376237623762377
untouched,two_axis,zoom_blur,3,common,pooled,0.9290313585814027,0.8763628330481977,0.21914191419141915
untouched,two_axis,zoom_blur,4,common,pooled,0.9414045463952336,0.893000366507996,0.17623762376237623
untouched,two_axis,zoom_blur,5,common,pooled,0.948620505614918,0.9052700290953455,0.16072607260726074
untouched,two_axis,snow,1,common,pooled,0.9197539456915989,0.9015710448474411,0.30165016501650166
untouched,two_axis,snow,2,common,pooled,0.9681021468483482,0.958990214765339,0.12079207920792079
untouched,two_axis,snow,3,common,pooled,0.9715180428933983,0.9622552801628478,0.11155115511551156
untouched,two_axis,snow,4,common,pooled,0.9815506105065952,0.9745595877821472,0.06567656765676567
untouched,two_axis,snow,5,common,pooled,0.9757496541733381,0.9662596414582943,0.08448844884488449
untouched,two_axis,frost,1,common,pooled,0.7138516920999031,0.6485435374380684,0.7016501650165017
untouched,two_axis,frost,2,common,pooled,0.8421093792547572,0.7668521908276253,0.43564356435643564
untouched,two_axis,frost,3,common,pooled,0.8860516942783387,0.8131212651884823,0.3095709570957096
untouched,two_axis,frost,4,common,pooled,0.90067771133549,0.8330267008103072,0.2765676567656766
untouched,two_axis,frost,5,common,pooled,0.9175984925225196,0.8511461394637492,0.23003300330033002
untouched,two_axis,fog,1,common,pooled,0.9505833850711803,0.9227070324014492,0.17491749174917492
untouched,two_axis,fog,2,common,pooled,0.9685192083564792,0.9474738204792682,0.1066006600660066
untouched,two_axis,fog,3,common,pooled,0.9772484179110981,0.9602653167495125,0.07194719471947195
untouched,two_axis,fog,4,common,pooled,0.977727782679258,0.9596856777247902,0.06732673267326733
untouched,two_axis,fog,5,common,pooled,0.9844587131980524,0.9687932939658069,0.048184818481848184
untouched,two_axis,brightness,1,common,pooled,0.5304464703896132,0.5183027906040929,0.9316831683168317
untouched,two_axis,brightness,2,common,pooled,0.5624224204598678,0.5375808407831324,0.8950495049504951
untouched,two_axis,brightness,3,common,pooled,0.5985721443431472,0.5612874338311911,0.8508250825082508
untouched,two_axis,brightness,4,common,pooled,0.651018200829984,0.599683921894687,0.7788778877887789
untouched,two_axis,brightness,5,common,pooled,0.7091684911065363,0.6487419336892528,0.6914191419141914
untouched,two_axis,contrast,1,common,pooled,0.9394769575967498,0.9092488523430905,0.2306930693069307
untouched,two_axis,contrast,2,common,pooled,0.9686283479833132,0.9491937903058619,0.11716171617161716
untouched,two_axis,contrast,3,common,pooled,0.9862972039778235,0.9766180781611906,0.049174917491749175
untouched,two_axis,contrast,4,common,pooled,0.995783419926151,0.9931535201773602,0.012541254125412541
untouched,two_axis,contrast,5,common,pooled,0.9985184459039963,0.997860000463314,0.0049504950495049506
untouched,two_axis,elastic_transform,1,common,pooled,0.6841821607903364,0.6310966895955435,0.7871287128712872
untouched,two_axis,elastic_transform,2,common,pooled,0.7171185831454433,0.6598827767214713,0.7287128712871287
untouched,two_axis,elastic_transform,3,common,pooled,0.7608628783670446,0.7004656716469643,0.6475247524752475
untouched,two_axis,elastic_transform,4,common,pooled,0.793425263318411,0.7345541546136902,0.5854785478547855
untouched,two_axis,elastic_transform,5,common,pooled,0.8360625864566654,0.7813376244733659,0.4726072607260726
untouched,two_axis,pixelate,1,common,pooled,0.8509299741855374,0.8025689281696102,0.5287128712871287
untouched,two_axis,pixelate,2,common,pooled,0.8822959622694942,0.8372937774824665,0.4260726072607261
untouched,two_axis,pixelate,3,common,pooled,0.9565070962541798,0.9382232338066888,0.16864686468646864
untouched,two_axis,pixelate,4,common,pooled,0.9791805814244791,0.9707599483279076,0.07095709570957096
untouched,two_axis,pixelate,5,common,pooled,0.988202245967171,0.9843316526882777,0.04026402640264026
untouched,two_axis,jpeg_compression,1,common,pooled,0.8914976745199272,0.8410268296358605,0.33663366336633666
untouched,two_axis,jpeg_compression,2,common,pooled,0.9281453887963054,0.8854759999262019,0.22013201320132014
untouched,two_axis,jpeg_compression,3,common,pooled,0.9413596706205274,0.901897935508943,0.1834983498349835
untouched,two_axis,jpeg_compression,4,common,pooled,0.958994434096875,0.9253531076815005,0.12211221122112212
untouched,two_axis,jpeg_compression,5,common,pooled,0.9698480541123419,0.9485936964770163,0.0933993399339934
untouched,two_axis,speckle_noise,1,extra,pooled,0.8022405210818111,0.750529266576291,0.5788778877887789
untouched,two_axis,speckle_noise,2,extra,pooled,0.8917060418913179,0.8588901229203731,0.38811881188118813
untouched,two_axis,speckle_noise,3,extra,pooled,0.9782254463070069,0.9718849283355481,0.08448844884488449
untouched,two_axis,speckle_noise,4,extra,pooled,0.9902999705911185,0.9881347996117509,0.036303630363036306
untouched,two_axis,speckle_noise,5,extra,pooled,0.9960852421875851,0.9956561894898569,0.01221122112211221
untouched,two_axis,gaussian_blur,1,extra,pooled,0.852638739121437,0.7919056262439341,0.4656765676567657
untouched,two_axis,gaussian_blur,2,extra,pooled,0.9663196418651766,0.9380820470684229,0.1132013201320132
untouched,two_axis,gaussian_blur,3,extra,pooled,0.9803672842531778,0.9592755805361183,0.059735973597359736
untouched,two_axis,gaussian_blur,4,extra,pooled,0.9841467612107745,0.9641370416095625,0.047524752475247525
untouched,two_axis,gaussian_blur,5,extra,pooled,0.9876040475334662,0.9697584661578541,0.03498349834983498
untouched,two_axis,spatter,1,extra,pooled,0.5669794900282107,0.5403389336717469,0.8940594059405941
untouched,two_axis,spatter,2,extra,pooled,0.871344857258003,0.8255336963920312,0.4174917491749175
untouched,two_axis,spatter,3,extra,pooled,0.9380187127623654,0.9206460611133579,0.24917491749174916
untouched,two_axis,spatter,4,extra,pooled,0.9893519153895588,0.9879156530737918,0.050165016501650166
untouched,two_axis,spatter,5,extra,pooled,0.9966919365203847,0.9962578181324073,0.013861386138613862
untouched,two_axis,saturate,1,extra,pooled,0.5974311342025291,0.563956805489548,0.864026402640264
untouched,two_axis,saturate,2,extra,pooled,0.660136206689976,0.6080803575246936,0.7755775577557755
untouched,two_axis,saturate,3,extra,pooled,0.5383811499961877,0.5262910499853544,0.9244224422442244
untouched,two_axis,saturate,4,extra,pooled,0.7283381803526887,0.674945919028703,0.699009900990099
untouched,two_axis,saturate,5,extra,pooled,0.8397803047631496,0.806798780551241,0.528052805280528
untouched,peak_share,gaussian_noise,1,common,pooled,0.9487935823285298,0.9137825178306048,0.15016501650165018
untouched,peak_share,gaussian_noise,2,common,pooled,0.9832192922262524,0.9684393028533927,0.04521452145214522
untouched,peak_share,gaussian_noise,3,common,pooled,0.9951258591205655,0.9911736533130329,0.01221122112211221
untouched,peak_share,gaussian_noise,4,common,pooled,0.9988017514622749,0.9983379105423686,0.0039603960396039604
untouched,peak_share,gaussian_noise,5,common,pooled,0.9999412911588188,0.9999400354002929,0.00033003300330033004
untouched,peak_share,shot_noise,1,common,pooled,0.9315505015848119,0.8983709790475268,0.22409240924092408
untouched,peak_share,shot_noise,2,common,pooled,0.9779108801969306,0.9643844266588946,0.06633663366336634
untouched,peak_share,shot_noise,3,common,pooled,0.9923905063773704,0.9880627048630377,0.02277227722772277
untouched,peak_share,shot_noise,4,common,pooled,0.9984190003158732,0.9979877577626405,0.0049504950495049506
untouched,peak_share,shot_noise,5,common,pooled,0.9995700857214435,0.9995389257224008,0.0023102310231023103
untouched,peak_share,impulse_noise,1,common,pooled,0.9778471609537192,0.9665128554505468,0.07623762376237624
untouched,peak_share,impulse_noise,2,common,pooled,0.9899940093019203,0.9833662115248762,0.029042904290429043
untouched,peak_share,impulse_noise,3,common,pooled,0.9945186201788496,0.9905809915802255,0.01617161716171617
untouched,peak_share,impulse_noise,4,common,pooled,0.9987927109542637,0.9982690799929256,0.0033003300330033004
untouched,peak_share,impulse_noise,5,common,pooled,0.9999423803766515,0.9999410352435257,0.0006600660066006601
untouched,peak_share,defocus_blur,1,common,pooled,0.9359245825572656,0.8854459328960546,0.16468646864686468
untouched,peak_share,defocus_blur,2,common,pooled,0.9712146957269985,0.9403735830125424,0.06930693069306931
untouched,peak_share,defocus_blur,3,common,pooled,0.9874576566567548,0.9714977639711434,0.02706270627062706
untouched,peak_share,defocus_blur,4,common,pooled,0.9929798821466305,0.9836099676805707,0.015511551155115511
untouched,peak_share,defocus_blur,5,common,pooled,0.995671012645819,0.9898390451395976,0.00891089108910891
untouched,peak_share,glass_blur,1,common,pooled,0.8495418749795771,0.7758012784154834,0.4036303630363036
untouched,peak_share,glass_blur,2,common,pooled,0.933481466958577,0.8790874493707321,0.16666666666666666
untouched,peak_share,glass_blur,3,common,pooled,0.9623648008365193,0.9208413892544424,0.08811881188118811
untouched,peak_share,glass_blur,4,common,pooled,0.9734934483547365,0.941555178360538,0.05643564356435644
untouched,peak_share,glass_blur,5,common,pooled,0.9882217429663759,0.9725145438840276,0.025082508250825083
untouched,peak_share,motion_blur,1,common,pooled,0.8409227853478417,0.7929278356585069,0.48184818481848185
untouched,peak_share,motion_blur,2,common,pooled,0.9236174013440948,0.8870993586861844,0.23795379537953795
untouched,peak_share,motion_blur,3,common,pooled,0.9633029441558018,0.9415030945756176,0.11485148514851486
untouched,peak_share,motion_blur,4,common,pooled,0.981671513686022,0.9698168668301181,0.050165016501650166
untouched,peak_share,motion_blur,5,common,pooled,0.9876817087649359,0.9797649563665716,0.03399339933993399
untouched,peak_share,zoom_blur,1,common,pooled,0.8984161683495082,0.8336343161957189,0.2537953795379538
untouched,peak_share,zoom_blur,2,common,pooled,0.9327925366794105,0.8816567559588525,0.16765676567656765
untouched,peak_share,zoom_blur,3,common,pooled,0.908894226056269,0.8516197003891774,0.2376237623762376
untouched,peak_share,zoom_blur,4,common,pooled,0.9311165572002745,0.8820413771488936,0.18514851485148515
untouched,peak_share,zoom_blur,5,common,pooled,0.91719014475705,0.8652459314472902,0.22772277227722773
untouched,peak_share,snow,1,common,pooled,0.9230836846060844,0.892337710968397,0.26831683168316833
untouched,peak_share,snow,2,common,pooled,0.9721570869958283,0.9580596405140334,0.09405940594059406
untouched,peak_share,snow,3,common,pooled,0.9712261325142415,0.9528981153372528,0.0891089108910891
untouched,peak_share,snow,4,common,pooled,0.9804484309817121,0.9654216359885051,0.0537953795379538
untouched,peak_share,snow,5,common,pooled,0.9796977420514329,0.9676759522570204,0.05907590759075908
untouched,peak_share,frost,1,common,pooled,0.648908059122744,0.5955285602331355,0.7683168316831683
untouched,peak_share,frost,2,common,pooled,0.7900079512901785,0.7085835864148843,0.5277227722772277
untouched,peak_share,frost,3,common,pooled,0.8556812512934462,0.7744005159622924,0.3686468646864686
untouched,peak_share,frost,4,common,pooled,0.8664452286812839,0.7864880610445286,0.3495049504950495
untouched,peak_share,frost,5,common,pooled,0.893568604385191,0.8175952559026007,0.2716171617161716
untouched,peak_share,fog,1,common,pooled,0.809049003910292,0.7380386987272436,0.48415841584158414
untouched,peak_share,fog,2,common,pooled,0.8737639011425895,0.807219607289497,0.3194719471947195
untouched,peak_share,fog,3,common,pooled,0.9096427365508828,0.8514025369955804,0.2273927392739274
untouched,peak_share,fog,4,common,pooled,0.9064867278807088,0.846783855214606,0.23465346534653464
untouched,peak_share,fog,5,common,pooled,0.9329676829069046,0.8844068043877329,0.16897689768976898
untouched,peak_share,brightness,1,common,pooled,0.5272890457362568,0.5191988267536612,0.9382838283828383
untouched,peak_share,brightness,2,common,pooled,0.5841759522486902,0.5570123109089635,0.8778877887788779
untouched,peak_share,brightness,3,common,pooled,0.6516723850602882,0.605497206048565,0.7933993399339934
untouched,peak_share,brightness,4,common,pooled,0.7282915618294503,0.6664401043829689,0.6623762376237624
untouched,peak_share,brightness,5,common,pooled,0.7971833916064874,0.7295285343367661,0.5161716171617162
untouched,peak_share,contrast,1,common,pooled,0.8299449944994499,0.7638085879260896,0.44884488448844884
untouched,peak_share,contrast,2,common,pooled,0.9173309806228147,0.8651462230188616,0.21221122112211221
untouched,peak_share,contrast,3,common,pooled,0.9699232101427965,0.9425497602749541,0.07260726072607261
untouched,peak_share,contrast,4,common,pooled,0.9931471860057293,0.986691410237495,0.016831683168316833
untouched,peak_share,contrast,5,common,pooled,0.9985732335609798,0.9978476603536136,0.0039603960396039604
untouched,peak_share,elastic_transform,1,common,pooled,0.576863924016164,0.5433649798492322,0.8864686468646865
untouched,peak_share,elastic_transform,2,common,pooled,0.6269489919288959,0.5769985716592635,0.8363036303630363
untouched,peak_share,elastic_transform,3,common,pooled,0.6949966778856104,0.628369165229552,0.7224422442244225
untouched,peak_share,elastic_transform,4,common,pooled,0.7435040137677134,0.6683309642666528,0.6323432343234323
untouched,peak_share,elastic_transform,5,common,pooled,0.799962095219423,0.7192653286138987,0.5042904290429043
untouched,peak_share,pixelate,1,common,pooled,0.7316903571545273,0.6672898702037904,0.6726072607260726
untouched,peak_share,pixelate,2,common,pooled,0.8003472426450566,0.7348500310455237,0.5399339933993399
untouched,peak_share,pixelate,3,common,pooled,0.9306944852901131,0.8934447816291258,0.21122112211221122
untouched,peak_share,pixelate,4,common,pooled,0.974853554662397,0.9581900190940948,0.07392739273927393
untouched,peak_share,pixelate,5,common,pooled,0.987593373198706,0.9796497582101538,0.03399339933993399
untouched,peak_share,jpeg_compression,1,common,pooled,0.8339231447897265,0.7565213421053069,0.43366336633663366
untouched,peak_share,jpeg_compression,2,common,pooled,0.9017369756777658,0.8395567383665462,0.27722772277227725
untouched,peak_share,jpeg_compression,3,common,pooled,0.9276276835604352,0.8748571152940997,0.2085808580858086
untouched,peak_share,jpeg_compression,4,common,pooled,0.9618756331078653,0.9267623441089679,0.10792079207920792
untouched,peak_share,jpeg_compression,5,common,pooled,0.9771451600605605,0.9523668142939851,0.05907590759075908
untouched,peak_share,speckle_noise,1,extra,pooled,0.8464055811521746,0.812605477399367,0.5092409240924093
untouched,peak_share,speckle_noise,2,extra,pooled,0.9064665773508044,0.880653581869212,0.33960396039603963
untouched,peak_share,speckle_noise,3,extra,pooled,0.972723915955952,0.9636355363616662,0.1033003300330033
untouched,peak_share,speckle_noise,4,extra,pooled,0.9856428019039528,0.9810900010367863,0.05214521452145215
untouched,peak_share,speckle_noise,5,extra,pooled,0.993215479963838,0.9914377401893557,0.025082508250825083
untouched,peak_share,gaussian_blur,1,extra,pooled,0.7805010402030302,0.7097080369194309,0.5537953795379538
untouched,peak_share,gaussian_blur,2,extra,pooled,0.9681144550098574,0.9352883205160537,0.07920792079207921
untouched,peak_share,gaussian_blur,3,extra,pooled,0.9879802633728719,0.972687685194519,0.02574257425742574
untouched,peak_share,gaussian_blur,4,extra,pooled,0.9938349181452799,0.9853908651361719,0.01221122112211221
untouched,peak_share,gaussian_blur,5,extra,pooled,0.99764184339226,0.9948732185757481,0.0046204620462046205
untouched,peak_share,spatter,1,extra,pooled,0.5163041749719527,0.5036528707823931,0.9405940594059405
untouched,peak_share,spatter,2,extra,pooled,0.8189628467797275,0.7578926504301764,0.5277227722772277
untouched,peak_share,spatter,3,extra,pooled,0.9195270616170528,0.882593574562874,0.2716171617161716
untouched,peak_share,spatter,4,extra,pooled,0.9731624350553867,0.9609144441223945,0.09471947194719472
untouched,peak_share,spatter,5,extra,pooled,0.9874256336524742,0.9815875271240904,0.04092409240924092
untouched,peak_share,saturate,1,extra,pooled,0.5814362970950561,0.5480251799866201,0.8729372937293729
untouched,peak_share,saturate,2,extra,pooled,0.7030460521299655,0.6389792080429475,0.7089108910891089
untouched,peak_share,saturate,3,extra,pooled,0.6083279961659532,0.5712158279520443,0.8577557755775578
untouched,peak_share,saturate,4,extra,pooled,0.7986685401213389,0.72790616956788,0.5168316831683168
untouched,peak_share,saturate,5,extra,pooled,0.8863468723109935,0.8318466552153402,0.32772277227722774
untouched,level,gaussian_noise,1,common,pooled,0.9585121284405669,0.9118493112317595,0.09966996699669967
untouched,level,gaussian_noise,2,common,pooled,0.9878040279275452,0.9699181123209676,0.028712871287128714
untouched,level,gaussian_noise,3,common,pooled,0.9968102255770132,0.9929261288860107,0.007260726072607261
untouched,level,gaussian_noise,4,common,pooled,0.9994496182291497,0.999219079166577,0.0016501650165016502
untouched,level,gaussian_noise,5,common,pooled,0.9999881275256238,0.9999880317266107,0.0
untouched,level,shot_noise,1,common,pooled,0.9495201995447069,0.9073955326813572,0.14257425742574256
untouched,level,shot_noise,2,common,pooled,0.9855016392728382,0.9718129029664544,0.036963696369636964
untouched,level,shot_noise,3,common,pooled,0.9956145911620865,0.9925197427529183,0.01023102310231023
untouched,level,shot_noise,4,common,pooled,0.9993326362339204,0.9992427872932064,0.0023102310231023103
untouched,level,shot_noise,5,common,pooled,0.9998329139844677,0.9998352087983345,0.00033003300330033004
untouched,level,impulse_noise,1,common,pooled,0.9909349845875677,0.9871661683771408,0.03399339933993399
untouched,level,impulse_noise,2,common,pooled,0.9952070058490997,0.9921907984557027,0.013861386138613862
untouched,level,impulse_noise,3,common,pooled,0.9972254354148287,0.9953202795469744,0.00825082508250825
untouched,level,impulse_noise,4,common,pooled,0.9995521136272043,0.999383672664205,0.0013201320132013201
untouched,level,impulse_noise,5,common,pooled,0.9999913951791218,0.9999913361434112,0.0
untouched,level,defocus_blur,1,common,pooled,0.8694519055865982,0.797626256842984,0.3564356435643564
untouched,level,defocus_blur,2,common,pooled,0.910136805759784,0.8478140106149059,0.24092409240924093
untouched,level,defocus_blur,3,common,pooled,0.9252550403555208,0.8592046140942227,0.18382838283828382
untouched,level,defocus_blur,4,common,pooled,0.933896458952826,0.8656977039979001,0.15115511551155114
untouched,level,defocus_blur,5,common,pooled,0.9391915825245891,0.869803361588328,0.13399339933993398
untouched,level,glass_blur,1,common,pooled,0.7628735744861614,0.6828509863281955,0.5983498349834984
untouched,level,glass_blur,2,common,pooled,0.8665358516049625,0.7883767276009681,0.35544554455445543
untouched,level,glass_blur,3,common,pooled,0.9216186866211373,0.8519378929139017,0.201980198019802
untouched,level,glass_blur,4,common,pooled,0.9290472611617597,0.8601320666476818,0.1788778877887789
untouched,level,glass_blur,5,common,pooled,0.9480718665925999,0.8895485448086521,0.1231023102310231
untouched,level,motion_blur,1,common,pooled,0.8624991013952881,0.8184024405276017,0.4412541254125413
untouched,level,motion_blur,2,common,pooled,0.9189395375181082,0.8860012560995962,0.26864686468646864
untouched,level,motion_blur,3,common,pooled,0.9442469692513806,0.9204410300815273,0.1867986798679868
untouched,level,motion_blur,4,common,pooled,0.9603191408249736,0.9433574405283471,0.13399339933993398
untouched,level,motion_blur,5,common,pooled,0.9679951856571796,0.9537026388951174,0.10396039603960396
untouched,level,zoom_blur,1,common,pooled,0.7322152512280931,0.6319044756337104,0.566006600660066
untouched,level,zoom_blur,2,common,pooled,0.7673913232907449,0.664137817274232,0.49603960396039604
untouched,level,zoom_blur,3,common,pooled,0.6771473384962259,0.5830977423353081,0.6495049504950495
untouched,level,zoom_blur,4,common,pooled,0.7043629709505604,0.6054085062227802,0.6072607260726073
untouched,level,zoom_blur,5,common,pooled,0.6439419882582318,0.5592328239087017,0.7062706270627063
untouched,level,snow,1,common,pooled,0.9524355999956431,0.9331471404945983,0.16963696369636963
untouched,level,snow,2,common,pooled,0.9806691065146118,0.9717247261587413,0.062046204620462043
untouched,level,snow,3,common,pooled,0.9823600082780555,0.9734923336353749,0.058085808580858087
untouched,level,snow,4,common,pooled,0.9875640732390071,0.9810607567754933,0.03861386138613861
untouched,level,snow,5,common,pooled,0.9842042719123397,0.9756757479662818,0.047524752475247525
untouched,level,frost,1,common,pooled,0.6551018963282467,0.5868167291809526,0.7511551155115511
untouched,level,frost,2,common,pooled,0.7633190645797253,0.668909579461569,0.5448844884488449
untouched,level,frost,3,common,pooled,0.8174330403337363,0.7195828823333674,0.4399339933993399
untouched,level,frost,4,common,pooled,0.8201768889760264,0.7204057960209226,0.43663366336633663
untouched,level,frost,5,common,pooled,0.8443399884542909,0.7467802424474741,0.3768976897689769
untouched,level,fog,1,common,pooled,0.5102941977366053,0.47704902892184264,0.8594059405940594
untouched,level,fog,2,common,pooled,0.5454329096275964,0.49362839233502176,0.8168316831683168
untouched,level,fog,3,common,pooled,0.5745124116372033,0.5092232883658238,0.7719471947194719
untouched,level,fog,4,common,pooled,0.5726118354409698,0.5069319761288698,0.7594059405940594
untouched,level,fog,5,common,pooled,0.6199958609722358,0.5350212435097257,0.6815181518151815
untouched,level,brightness,1,common,pooled,0.5377051269483384,0.5244890048225537,0.9287128712871288
untouched,level,brightness,2,common,pooled,0.6106676905314293,0.5737385015303624,0.8574257425742574
untouched,level,brightness,3,common,pooled,0.6847377708067837,0.6289606138180124,0.7471947194719472
untouched,level,brightness,4,common,pooled,0.7583776100382316,0.6906677937043755,0.6161716171617162
untouched,level,brightness,5,common,pooled,0.816585737781699,0.746585031082595,0.4881188118811881
untouched,level,contrast,1,common,pooled,0.5249982027905761,0.4885887576439277,0.8584158415841584
untouched,level,contrast,2,common,pooled,0.577993333986864,0.516515789388426,0.7851485148514852
untouched,level,contrast,3,common,pooled,0.6536274221481554,0.5648797615607257,0.661056105610561
untouched,level,contrast,4,common,pooled,0.776787352002527,0.6698200097194369,0.4643564356435644
untouched,level,contrast,5,common,pooled,0.8875922839808733,0.796242705519314,0.2518151815181518
untouched,level,elastic_transform,1,common,pooled,0.6021423825550872,0.5661705856186428,0.8722772277227723
untouched,level,elastic_transform,2,common,pooled,0.6668925704451634,0.6194557406080636,0.8214521452145215
untouched,level,elastic_transform,3,common,pooled,0.7519886939188969,0.6968090209308977,0.6861386138613862
untouched,level,elastic_transform,4,common,pooled,0.8082966811532638,0.753302625078685,0.5795379537953795
untouched,level,elastic_transform,5,common,pooled,0.8687575292182683,0.8174256412535896,0.42211221122112214
untouched,level,pixelate,1,common,pooled,0.6831443540393644,0.6386583423279674,0.8003300330033003
untouched,level,pixelate,2,common,pooled,0.7418919713753553,0.698354253410062,0.7135313531353136
untouched,level,pixelate,3,common,pooled,0.8924745939940528,0.8721488274320528,0.41122112211221123
untouched,level,pixelate,4,common,pooled,0.9543911816924266,0.9446984008811949,0.1825082508250825
untouched,level,pixelate,5,common,pooled,0.9772337134703569,0.972886206683406,0.09141914191419141
untouched,level,jpeg_compression,1,common,pooled,0.8147031336797046,0.7174627311019083,0.4438943894389439
untouched,level,jpeg_compression,2,common,pooled,0.8952222548987572,0.814032293083495,0.2693069306930693
untouched,level,jpeg_compression,3,common,pooled,0.9249929745449792,0.8585966442269355,0.19405940594059407
untouched,level,jpeg_compression,4,common,pooled,0.9632556721018637,0.9273524777982073,0.09570957095709572
untouched,level,jpeg_compression,5,common,pooled,0.9784996024354911,0.9591764652011087,0.061386138613861385
untouched,level,speckle_noise,1,extra,pooled,0.8868061954710322,0.8356873061519101,0.3590759075907591
untouched,level,speckle_noise,2,extra,pooled,0.9388797394590944,0.907131295184316,0.20297029702970298
untouched,level,speckle_noise,3,extra,pooled,0.9856541297694126,0.9791080741945939,0.047524752475247525
untouched,level,speckle_noise,4,extra,pooled,0.993138907950201,0.9907506014084524,0.025082508250825083
untouched,level,speckle_noise,5,extra,pooled,0.9970935311352918,0.9965195475023457,0.009900990099009901
untouched,level,gaussian_blur,1,extra,pooled,0.730243549107386,0.6556738333338641,0.6425742574257426
untouched,level,gaussian_blur,2,extra,pooled,0.9114756723197072,0.8521431824795759,0.24422442244224424
untouched,level,gaussian_blur,3,extra,pooled,0.9364801925737128,0.8830360679774303,0.16633663366336635
untouched,level,gaussian_blur,4,extra,pooled,0.9444164515461447,0.8875872993160859,0.13234323432343234
untouched,level,gaussian_blur,5,extra,pooled,0.9549409099325774,0.895779735087816,0.0891089108910891
untouched,level,spatter,1,extra,pooled,0.5406110512041303,0.5220335630245461,0.9165016501650165
untouched,level,spatter,2,extra,pooled,0.8966710235379973,0.8543975697051462,0.3445544554455445
untouched,level,spatter,3,extra,pooled,0.9596871766384559,0.9423514150601386,0.14587458745874587
untouched,level,spatter,4,extra,pooled,0.9923374614689192,0.9907900074185944,0.03333333333333333
untouched,level,spatter,5,extra,pooled,0.9973265148297008,0.9968834819838518,0.011221122112211221
untouched,level,saturate,1,extra,pooled,0.5722368722020716,0.53687175316338,0.8557755775577558
untouched,level,saturate,2,extra,pooled,0.6805991242688625,0.6143151125088134,0.7105610561056106
untouched,level,saturate,3,extra,pooled,0.6401873999281116,0.6019590701874249,0.8468646864686469
untouched,level,saturate,4,extra,pooled,0.8396883747780719,0.7787420637896955,0.47062706270627064
untouched,level,saturate,5,extra,pooled,0.9110944460782712,0.8755161797050595,0.30198019801980197
untouched,global_level,gaussian_noise,1,common,pooled,0.9333570782820856,0.8952891937705908,0.201980198019802
untouched,global_level,gaussian_noise,2,common,pooled,0.984571774009084,0.9708643330307252,0.049174917491749175
untouched,global_level,gaussian_noise,3,common,pooled,0.9970959274145236,0.9941391526397064,0.007920792079207921
untouched,global_level,gaussian_noise,4,common,pooled,0.9995139910030607,0.9993602204075506,0.0016501650165016502
untouched,global_level,gaussian_noise,5,common,pooled,0.9999905238048558,0.999990466404246,0.0
untouched,global_level,shot_noise,1,common,pooled,0.9169487740853294,0.8830605134299057,0.26996699669966995
untouched,global_level,shot_noise,2,common,pooled,0.980469997494799,0.9695822874730967,0.066006600660066
untouched,global_level,shot_noise,3,common,pooled,0.9954696162685576,0.9929387276561825,0.013201320132013201
untouched,global_level,shot_noise,4,common,pooled,0.9993305667200384,0.9992513618587578,0.0016501650165016502
untouched,global_level,shot_noise,5,common,pooled,0.9998226753368407,0.9998272599038276,0.00033003300330033004
untouched,global_level,impulse_noise,1,common,pooled,0.987938328486314,0.9806714481477161,0.043234323432343236
untouched,global_level,impulse_noise,2,common,pooled,0.9948009454410788,0.9908028096885798,0.01419141914191419
untouched,global_level,impulse_noise,3,common,pooled,0.9973311984663813,0.9951453068452905,0.006600660066006601
untouched,global_level,impulse_noise,4,common,pooled,0.999579670838371,0.9994415013656163,0.0013201320132013201
untouched,global_level,impulse_noise,5,common,pooled,0.9999925933187378,0.9999925572134782,0.0
untouched,global_level,defocus_blur,1,common,pooled,0.7980789465085122,0.710329593798303,0.48514851485148514
untouched,global_level,defocus_blur,2,common,pooled,0.8750191157729634,0.7907383889958546,0.2963696369636964
untouched,global_level,defocus_blur,3,common,pooled,0.9228347983313183,0.8501091211897989,0.16765676567656765
untouched,global_level,defocus_blur,4,common,pooled,0.9463514470258907,0.8864065824867577,0.10561056105610561
untouched,global_level,defocus_blur,5,common,pooled,0.9572202071692317,0.9040240375687503,0.07986798679867987
untouched,global_level,glass_blur,1,common,pooled,0.665767953032927,0.5934255325780327,0.7402640264026402
untouched,global_level,glass_blur,2,common,pooled,0.8002485595094163,0.7059762777147709,0.46633663366336636
untouched,global_level,glass_blur,3,common,pooled,0.880382424381052,0.7870591848108989,0.26963696369636964
untouched,global_level,glass_blur,4,common,pooled,0.9030642965286627,0.8142912558252429,0.21155115511551156
untouched,global_level,glass_blur,5,common,pooled,0.9387877005522335,0.8689587629671255,0.12013201320132014
untouched,global_level,motion_blur,1,common,pooled,0.7885981766493481,0.742462696159605,0.6039603960396039
untouched,global_level,motion_blur,2,common,pooled,0.8842836758923417,0.8424798613390784,0.3567656765676568
untouched,global_level,motion_blur,3,common,pooled,0.9357100066442288,0.9043423139687509,0.19834983498349834
untouched,global_level,motion_blur,4,common,pooled,0.9623199250618131,0.9405396627467942,0.10924092409240924
untouched,global_level,motion_blur,5,common,pooled,0.971776949972225,0.9538381865309808,0.08052805280528053
untouched,global_level,zoom_blur,1,common,pooled,0.7175971854611204,0.6247861178172738,0.6184818481848184
untouched,global_level,zoom_blur,2,common,pooled,0.7729599494602926,0.670936299365175,0.5066006600660066
untouched,global_level,zoom_blur,3,common,pooled,0.7079792830768226,0.6151025382436738,0.6306930693069307
untouched,global_level,zoom_blur,4,common,pooled,0.7435455129671383,0.6431724698732775,0.5587458745874587
untouched,global_level,zoom_blur,5,common,pooled,0.703311984663813,0.6112129004895173,0.633993399339934
untouched,global_level,snow,1,common,pooled,0.9055270180483395,0.8737364485346191,0.3287128712871287
untouched,global_level,snow,2,common,pooled,0.9625373329412149,0.9509161354201916,0.14026402640264027
untouched,global_level,snow,3,common,pooled,0.957190580444183,0.9394469109582211,0.14752475247524752
untouched,global_level,snow,4,common,pooled,0.9675562308706118,0.9532267342330879,0.11155115511551156
untouched,global_level,snow,5,common,pooled,0.9655810432528401,0.9524408333794512,0.11551155115511551
untouched,global_level,frost,1,common,pooled,0.5545930137568212,0.527226325056398,0.8940594059405941
untouched,global_level,frost,2,common,pooled,0.6616574627759806,0.5934993536177311,0.762046204620462
untouched,global_level,frost,3,common,pooled,0.7281975623304905,0.6457184762770385,0.6656765676567656
untouched,global_level,frost,4,common,pooled,0.7367275539435132,0.6528673358114145,0.6485148514851485
untouched,global_level,frost,5,common,pooled,0.7711890991079305,0.6848086998618556,0.600990099009901
untouched,global_level,fog,1,common,pooled,0.46817163894607283,0.4553164465886412,0.9056105610561056
untouched,global_level,fog,2,common,pooled,0.49136664161465654,0.4656763759526003,0.8864686468646865
untouched,global_level,fog,3,common,pooled,0.5181153263841236,0.4798436374154686,0.8623762376237624
untouched,global_level,fog,4,common,pooled,0.5134116480955027,0.47623654617646693,0.8617161716171617
untouched,global_level,fog,5,common,pooled,0.5349197791066236,0.48764811930803764,0.8422442244224423
untouched,global_level,brightness,1,common,pooled,0.5186455576250695,0.5144424142071199,0.934983498349835
untouched,global_level,brightness,2,common,pooled,0.5639733577318128,0.5460509845085575,0.8920792079207921
untouched,global_level,brightness,3,common,pooled,0.617165746277598,0.5842358191163657,0.8376237623762376
untouched,global_level,brightness,4,common,pooled,0.6775188706989511,0.6301721243021368,0.7577557755775578
untouched,global_level,brightness,5,common,pooled,0.7351393654216907,0.678136378335155,0.6574257425742575
untouched,global_level,contrast,1,common,pooled,0.49847030247579216,0.4789589783621705,0.8986798679867987
untouched,global_level,contrast,2,common,pooled,0.5379444281061769,0.5006423252682821,0.8554455445544554
untouched,global_level,contrast,3,common,pooled,0.6117728109444608,0.5485672815160241,0.7801980198019802
untouched,global_level,contrast,4,common,pooled,0.7669251380583603,0.6770959798357128,0.5455445544554456
untouched,global_level,contrast,5,common,pooled,0.899214347177292,0.8231295475792536,0.2508250825082508
untouched,global_level,elastic_transform,1,common,pooled,0.5175087409731072,0.5041604259293831,0.9382838283828383
untouched,global_level,elastic_transform,2,common,pooled,0.5569522595823939,0.531207765878191,0.8993399339933993
untouched,global_level,elastic_transform,3,common,pooled,0.6214875447940834,0.5804328520419995,0.838943894389439
untouched,global_level,elastic_transform,4,common,pooled,0.6733534838632378,0.6246589703846974,0.7904290429042904
untouched,global_level,elastic_transform,5,common,pooled,0.7389276650437321,0.6855498343370164,0.6917491749174918
untouched,global_level,pixelate,1,common,pooled,0.5940309773551613,0.5606479865512657,0.8419141914191419
untouched,global_level,pixelate,2,common,pooled,0.6557916979816794,0.6101156342232855,0.7801980198019802
untouched,global_level,pixelate,3,common,pooled,0.8315567101264582,0.7923604265379034,0.46864686468646866
untouched,global_level,pixelate,4,common,pooled,0.9255793005043078,0.9010439570630163,0.24257425742574257
untouched,global_level,pixelate,5,common,pooled,0.962130074393578,0.9492962274785807,0.12871287128712872
untouched,global_level,jpeg_compression,1,common,pooled,0.6348507226960319,0.5687758750239194,0.7584158415841584
untouched,global_level,jpeg_compression,2,common,pooled,0.744935028156281,0.6557001096782885,0.5914191419141914
untouched,global_level,jpeg_compression,3,common,pooled,0.8083849077977104,0.7188929216783149,0.46996699669966996
untouched,global_level,jpeg_compression,4,common,pooled,0.9106149723883279,0.8511538856534202,0.2495049504950495
untouched,global_level,jpeg_compression,5,common,pooled,0.9542258384254267,0.9234513247688642,0.13993399339933993
untouched,global_level,speckle_noise,1,extra,pooled,0.8263882625886351,0.7918600752637546,0.5399339933993399
untouched,global_level,speckle_noise,2,extra,pooled,0.9018345695955734,0.877538963717226,0.36765676567656763
untouched,global_level,speckle_noise,3,extra,pooled,0.9804880785108214,0.975078971812699,0.07722772277227723
untouched,global_level,speckle_noise,4,extra,pooled,0.9918751974207322,0.9898243856553112,0.031683168316831684
untouched,global_level,speckle_noise,5,extra,pooled,0.9969595573418728,0.9964180675002494,0.01023102310231023
untouched,global_level,gaussian_blur,1,extra,pooled,0.6372957988868194,0.5783303981750938,0.7966996699669967
untouched,global_level,gaussian_blur,2,extra,pooled,0.874790053262752,0.7912802267114675,0.2973597359735974
untouched,global_level,gaussian_blur,3,extra,pooled,0.931199010990208,0.8642660865536166,0.14587458745874587
untouched,global_level,gaussian_blur,4,extra,pooled,0.9516802274286834,0.8959460947932589,0.0924092409240924
untouched,global_level,gaussian_blur,5,extra,pooled,0.9707930595039702,0.9281681220820251,0.059735973597359736
untouched,global_level,spatter,1,extra,pooled,0.4969782918885948,0.4952028182860862,0.9402640264026403
untouched,global_level,spatter,2,extra,pooled,0.8202851572285942,0.7588546451328031,0.5069306930693069
untouched,global_level,spatter,3,extra,pooled,0.9323271138995087,0.8992797319603735,0.22376237623762377
untouched,global_level,spatter,4,extra,pooled,0.9842415231622172,0.9807335079852588,0.06633663366336634
untouched,global_level,spatter,5,extra,pooled,0.9943514252415341,0.992825592559779,0.02013201320132013
untouched,global_level,saturate,1,extra,pooled,0.5370138548508316,0.5163723939171179,0.8960396039603961
untouched,global_level,saturate,2,extra,pooled,0.6120773017895849,0.5670489784948505,0.8128712871287128
untouched,global_level,saturate,3,extra,pooled,0.587817588689562,0.5656209587153871,0.8874587458745875
untouched,global_level,saturate,4,extra,pooled,0.7282031173414372,0.6756708954284928,0.6851485148514852
untouched,global_level,saturate,5,extra,pooled,0.8232331252927273,0.7769035429807438,0.5204620462046204
untouched,means_knn,gaussian_noise,1,common,pooled,0.930668344062129,0.8568600768860166,0.14323432343234324
untouched,means_knn,gaussian_noise,2,common,pooled,0.9761106209630864,0.9359339370227453,0.043894389438943894
untouched,means_knn,gaussian_noise,3,common,pooled,0.9919784552712697,0.9780444695977479,0.013201320132013201
untouched,means_knn,gaussian_noise,4,common,pooled,0.9984136631484931,0.9953130339089128,0.0036303630363036304
untouched,means_knn,gaussian_noise,5,common,pooled,0.9996848892810073,0.9995308498912419,0.0009900990099009901
untouched,means_knn,shot_noise,1,common,pooled,0.9191178424773171,0.8528965454078342,0.2075907590759076
untouched,means_knn,shot_noise,2,common,pooled,0.9733837641189862,0.9404625043484999,0.058745874587458745
untouched,means_knn,shot_noise,3,common,pooled,0.9902892962563583,0.9793777670798567,0.019801980198019802
untouched,means_knn,shot_noise,4,common,pooled,0.9981156531494734,0.996677415378807,0.0046204620462046205
untouched,means_knn,shot_noise,5,common,pooled,0.999328388284373,0.9992624065663627,0.0013201320132013201
untouched,means_knn,impulse_noise,1,common,pooled,0.9871060571403675,0.9818264309642597,0.047524752475247525
untouched,means_knn,impulse_noise,2,common,pooled,0.991213715430949,0.9848593995630386,0.023762376237623763
untouched,means_knn,impulse_noise,3,common,pooled,0.9937908048230566,0.9883029799405612,0.013861386138613862
untouched,means_knn,impulse_noise,4,common,pooled,0.9986405472230392,0.99682376387734,0.0033003300330033004
untouched,means_knn,impulse_noise,5,common,pooled,0.9996668082649849,0.9994940301760165,0.0009900990099009901
untouched,means_knn,defocus_blur,1,common,pooled,0.7374167020662462,0.6503461960357677,0.6155115511551155
untouched,means_knn,defocus_blur,2,common,pooled,0.8020408674530819,0.7073901311907398,0.47326732673267324
untouched,means_knn,defocus_blur,3,common,pooled,0.8366819157163241,0.7364825283040951,0.3805280528052805
untouched,means_knn,defocus_blur,4,common,pooled,0.8556392074851049,0.7534847537405143,0.331023102310231
untouched,means_knn,defocus_blur,5,common,pooled,0.8599637290461719,0.7544497276091329,0.31584158415841584
untouched,means_knn,glass_blur,1,common,pooled,0.5982591031380365,0.5395209508483236,0.801980198019802
untouched,means_knn,glass_blur,2,common,pooled,0.696387391214369,0.6035422779041509,0.6551155115511551
untouched,means_knn,glass_blur,3,common,pooled,0.7848176104739186,0.6744471846360949,0.504950495049505
untouched,means_knn,glass_blur,4,common,pooled,0.7847629317387185,0.6692353663793911,0.47425742574257423
untouched,means_knn,glass_blur,5,common,pooled,0.8281612913766624,0.7120865459753934,0.36666666666666664
untouched,means_knn,motion_blur,1,common,pooled,0.8256639327299067,0.781311557401311,0.5702970297029702
untouched,means_knn,motion_blur,2,common,pooled,0.8790957313553137,0.8441363425838828,0.4250825082508251
untouched,means_knn,motion_blur,3,common,pooled,0.9096460042043808,0.8830779057193849,0.3363036303630363
untouched,means_knn,motion_blur,4,common,pooled,0.9350662789051183,0.9147981771614281,0.23333333333333334
untouched,means_knn,motion_blur,5,common,pooled,0.9456400788593711,0.9273718094447594,0.21056105610561057
untouched,means_knn,zoom_blur,1,common,pooled,0.6456740624557505,0.5637724452515368,0.7435643564356436
untouched,means_knn,zoom_blur,2,common,pooled,0.6733965079676284,0.584119753634212,0.6973597359735973
untouched,means_knn,zoom_blur,3,common,pooled,0.6204670566066508,0.5410827827090041,0.7676567656765677
untouched,means_knn,zoom_blur,4,common,pooled,0.6376682024638107,0.5520817227478365,0.7422442244224422
untouched,means_knn,zoom_blur,5,common,pooled,0.604056900739579,0.5289358843011719,0.7811881188118812
untouched,means_knn,snow,1,common,pooled,0.9498414098835626,0.9319991926251686,0.17656765676567657
untouched,means_knn,snow,2,common,pooled,0.9747358102146848,0.9675149175670995,0.06996699669966996
untouched,means_knn,snow,3,common,pooled,0.9745666546852705,0.9669227463997178,0.06633663366336634
untouched,means_knn,snow,4,common,pooled,0.9761270681523598,0.9708835468748441,0.058085808580858087
untouched,means_knn,snow,5,common,pooled,0.9709836726246882,0.9665964290325724,0.08448844884488449
untouched,means_knn,frost,1,common,pooled,0.6701264581903735,0.5925989784483499,0.7165016501650165
untouched,means_knn,frost,2,common,pooled,0.7706607195373003,0.6682228175780189,0.523102310231023
untouched,means_knn,frost,3,common,pooled,0.8166971647659815,0.7117915775437409,0.44422442244224425
untouched,means_knn,frost,4,common,pooled,0.8196811859403762,0.7128983954822044,0.4287128712871287
untouched,means_knn,frost,5,common,pooled,0.8402786219215981,0.7356336145924222,0.36633663366336633
untouched,means_knn,fog,1,common,pooled,0.45040126784955725,0.44893881784699374,0.9240924092409241
untouched,means_knn,fog,2,common,pooled,0.46579768867975907,0.4543356092547581,0.9075907590759076
untouched,means_knn,fog,3,common,pooled,0.47830713764445754,0.4589257302087409,0.8937293729372937
untouched,means_knn,fog,4,common,pooled,0.47676970667363766,0.45676072688156455,0.8871287128712871
untouched,means_knn,fog,5,common,pooled,0.522194447167489,0.474482957252917,0.7996699669966997
untouched,means_knn,brightness,1,common,pooled,0.5422202616301234,0.5259715570579144,0.928052805280528
untouched,means_knn,brightness,2,common,pooled,0.6337774074437147,0.5884458957994556,0.8547854785478548
untouched,means_knn,brightness,3,common,pooled,0.7287597076539337,0.6648856682841521,0.7234323432343235
untouched,means_knn,brightness,4,common,pooled,0.812560206515701,0.7437529541253991,0.5534653465346535
untouched,means_knn,brightness,5,common,pooled,0.8664193052968663,0.8035680960127467,0.42145214521452146
untouched,means_knn,contrast,1,common,pooled,0.500368155627444,0.4785341364439966,0.9135313531353135
untouched,means_knn,contrast,2,common,pooled,0.5311614329749806,0.49386002331916184,0.8924092409240925
untouched,means_knn,contrast,3,common,pooled,0.563354790924637,0.5116599351031644,0.8772277227722772
untouched,means_knn,contrast,4,common,pooled,0.5848585650644272,0.5227068415727408,0.8234323432343235
untouched,means_knn,contrast,5,common,pooled,0.591269919071115,0.5184468980346293,0.761056105610561
untouched,means_knn,elastic_transform,1,common,pooled,0.5535287390125151,0.525967197417526,0.9184818481848185
untouched,means_knn,elastic_transform,2,common,pooled,0.6154311668790642,0.5722278944987969,0.8762376237623762
untouched,means_knn,elastic_transform,3,common,pooled,0.7084461218399067,0.6526635655683841,0.7867986798679868
untouched,means_knn,elastic_transform,4,common,pooled,0.7751869642409785,0.717405100235546,0.6854785478547855
untouched,means_knn,elastic_transform,5,common,pooled,0.8488683026718513,0.7949499717607454,0.5056105610561056
untouched,means_knn,pixelate,1,common,pooled,0.7027800106743347,0.6622832024861608,0.803960396039604
untouched,means_knn,pixelate,2,common,pooled,0.7703565009966343,0.7350881140450384,0.7336633663366336
untouched,means_knn,pixelate,3,common,pooled,0.912673376248516,0.8982070930995333,0.3485148514851485
untouched,means_knn,pixelate,4,common,pooled,0.9618537398294285,0.9570452612890806,0.14752475247524752
untouched,means_knn,pixelate,5,common,pooled,0.9795186746397412,0.9779366236172234,0.07656765676567656
untouched,means_knn,jpeg_compression,1,common,pooled,0.8069535666437931,0.709956345292214,0.464026402640264
untouched,means_knn,jpeg_compression,2,common,pooled,0.8894870873225936,0.8061837772415673,0.2693069306930693
untouched,means_knn,jpeg_compression,3,common,pooled,0.9208755132939036,0.851979743959152,0.19339933993399339
untouched,means_knn,jpeg_compression,4,common,pooled,0.9612121905259833,0.922868043884323,0.09504950495049505
untouched,means_knn,jpeg_compression,5,common,pooled,0.9768479125140237,0.9578027038996824,0.058745874587458745
untouched,means_knn,speckle_noise,1,extra,pooled,0.8537373242274723,0.785358054891393,0.4303630363036304
untouched,means_knn,speckle_noise,2,extra,pooled,0.9139353440294524,0.8612743047658874,0.26435643564356437
untouched,means_knn,speckle_noise,3,extra,pooled,0.9769092354780032,0.9601244007026415,0.06633663366336634
untouched,means_knn,speckle_noise,4,extra,pooled,0.9879946410482633,0.9809770164658883,0.03564356435643564
untouched,means_knn,speckle_noise,5,extra,pooled,0.9944757049962422,0.9924114231013341,0.01782178217821782
untouched,means_knn,gaussian_blur,1,extra,pooled,0.6180395168229694,0.5638077373703081,0.8082508250825082
untouched,means_knn,gaussian_blur,2,extra,pooled,0.8142934788528358,0.7235407278433789,0.4666666666666667
untouched,means_knn,gaussian_blur,3,extra,pooled,0.8673689943251751,0.7783072152251067,0.3254125412541254
untouched,means_knn,gaussian_blur,4,extra,pooled,0.884282586674509,0.7940901846481765,0.2755775577557756
untouched,means_knn,gaussian_blur,5,extra,pooled,0.896244485834722,0.802844220698259,0.2376237623762376
untouched,means_knn,spatter,1,extra,pooled,0.5578906207452429,0.5334348443565045,0.8986798679867987
untouched,means_knn,spatter,2,extra,pooled,0.8825477894324086,0.8444049849464622,0.4537953795379538
untouched,means_knn,spatter,3,extra,pooled,0.9386560141162631,0.9147945886174654,0.2452145214521452
untouched,means_knn,spatter,4,extra,pooled,0.983643542572079,0.9800766366899395,0.06435643564356436
untouched,means_knn,spatter,5,extra,pooled,0.9920947837357993,0.9900473032515512,0.029372937293729372
untouched,means_knn,saturate,1,extra,pooled,0.5663003082486466,0.5327582118984554,0.864026402640264
untouched,means_knn,saturate,2,extra,pooled,0.6461407378361599,0.5912283505033262,0.7864686468646864
untouched,means_knn,saturate,3,extra,pooled,0.6641513903865635,0.6208950843427081,0.8237623762376237
untouched,means_knn,saturate,4,extra,pooled,0.8885820562254245,0.8300168294290007,0.33828382838283827
untouched,means_knn,saturate,5,extra,pooled,0.9426153209380344,0.9134619819299964,0.18877887788778877
untouched,means_own,gaussian_noise,1,common,pooled,0.8910648193532225,0.8301921546577338,0.3023102310231023
untouched,means_own,gaussian_noise,2,common,pooled,0.9661235826552952,0.9353915558482816,0.09537953795379538
untouched,means_own,gaussian_noise,3,common,pooled,0.9914407084272784,0.9823626328920978,0.02145214521452145
untouched,means_own,gaussian_noise,4,common,pooled,0.9979644697142982,0.9971284018074292,0.005280528052805281
untouched,means_own,gaussian_noise,5,common,pooled,0.9999445588123169,0.9999437357964366,0.00033003300330033004
untouched,means_own,shot_noise,1,common,pooled,0.8734976963042839,0.8199368052079452,0.36468646864686466
untouched,means_own,shot_noise,2,common,pooled,0.9608522040322844,0.9354359121487419,0.11683168316831684
untouched,means_own,shot_noise,3,common,pooled,0.988369658748053,0.9803526353224011,0.029372937293729372
untouched,means_own,shot_noise,4,common,pooled,0.99784585389232,0.9973671479830061,0.005610561056105611
untouched,means_own,shot_noise,5,common,pooled,0.999523467198205,0.9995267102328489,0.0023102310231023103
untouched,means_own,impulse_noise,1,common,pooled,0.9781145639316406,0.9649966250279426,0.07062706270627063
untouched,means_own,impulse_noise,2,common,pooled,0.98747650012526,0.9778066997056976,0.032673267326732675
untouched,means_own,impulse_noise,3,common,pooled,0.9925566120968532,0.9863167452738396,0.018151815181518153
untouched,means_own,impulse_noise,4,common,pooled,0.9982833926957052,0.9976355723501208,0.0049504950495049506
untouched,means_own,impulse_noise,5,common,pooled,0.9999628576719058,0.9999624510187902,0.0
untouched,means_own,defocus_blur,1,common,pooled,0.7447988759271967,0.6600673408677844,0.594059405940594
untouched,means_own,defocus_blur,2,common,pooled,0.8237038852400091,0.7324352479072498,0.40924092409240925
untouched,means_own,defocus_blur,3,common,pooled,0.8851407814048732,0.7981805864887803,0.2594059405940594
untouched,means_own,defocus_blur,4,common,pooled,0.9210844252742106,0.845911125782337,0.16831683168316833
untouched,means_own,defocus_blur,5,common,pooled,0.9386041673474278,0.8705845732979969,0.12574257425742574
untouched,means_own,glass_blur,1,common,pooled,0.6241402259037785,0.5647541483700284,0.8062706270627062
untouched,means_own,glass_blur,2,common,pooled,0.7585946911522835,0.6685182485363222,0.5584158415841585
untouched,means_own,glass_blur,3,common,pooled,0.8794394885033058,0.7878745084839996,0.2742574257425743
untouched,means_own,glass_blur,4,common,pooled,0.9012409458767658,0.8144168718025461,0.22112211221122113
untouched,means_own,glass_blur,5,common,pooled,0.9328987354180963,0.8606295721306649,0.14092409240924092
untouched,means_own,motion_blur,1,common,pooled,0.7451516735831999,0.694353277198675,0.6927392739273928
untouched,means_own,motion_blur,2,common,pooled,0.8421222320251828,0.7903648615258604,0.45445544554455447
untouched,means_own,motion_blur,3,common,pooled,0.9060259887374876,0.8637618420766797,0.2742574257425743
untouched,means_own,motion_blur,4,common,pooled,0.9435920225685935,0.9131898322736832,0.16567656765676567
untouched,means_own,motion_blur,5,common,pooled,0.9573585378339814,0.9319275742839581,0.12376237623762376
untouched,means_own,zoom_blur,1,common,pooled,0.6823860405842564,0.5965008420450335,0.6818481848184819
untouched,means_own,zoom_blur,2,common,pooled,0.7418853271465761,0.6437649446844679,0.5653465346534653
untouched,means_own,zoom_blur,3,common,pooled,0.6764690825518196,0.5875860136177193,0.6851485148514852
untouched,means_own,zoom_blur,4,common,pooled,0.7153554662396933,0.616966750244158,0.6039603960396039
untouched,means_own,zoom_blur,5,common,pooled,0.6741027568103345,0.5847609464274738,0.6765676567656765
untouched,means_own,snow,1,common,pooled,0.8848081342787744,0.8516948510015585,0.402970297029703
untouched,means_own,snow,2,common,pooled,0.9446200263590715,0.9261448339521746,0.20528052805280528
untouched,means_own,snow,3,common,pooled,0.9405019115772963,0.9172150489898871,0.2089108910891089
untouched,means_own,snow,4,common,pooled,0.9558079273273862,0.9369195065643994,0.15346534653465346
untouched,means_own,snow,5,common,pooled,0.9503145661100764,0.9292674876061855,0.166006600660066
untouched,means_own,frost,1,common,pooled,0.5193519153895587,0.5035459842783107,0.9201320132013201
untouched,means_own,frost,2,common,pooled,0.6205300133973793,0.5621256834928203,0.8155115511551155
untouched,means_own,frost,3,common,pooled,0.691447897264974,0.6142935746535483,0.7237623762376237
untouched,means_own,frost,4,common,pooled,0.7008709385790064,0.6222047060150426,0.7075907590759076
untouched,means_own,frost,5,common,pooled,0.7393623718807524,0.6558553908294988,0.6633663366336634
untouched,means_own,fog,1,common,pooled,0.44306636604254485,0.44427063064443895,0.9336633663366337
untouched,means_own,fog,2,common,pooled,0.45853739829428486,0.44990806317114174,0.9174917491749175
untouched,means_own,fog,3,common,pooled,0.4787820366195035,0.4593794744119101,0.9062706270627062
untouched,means_own,fog,4,common,pooled,0.47512106656210173,0.45683126088367704,0.9082508250825082
untouched,means_own,fog,5,common,pooled,0.4979610931390169,0.46923415157710174,0.8943894389438944
untouched,means_own,brightness,1,common,pooled,0.5101534707926239,0.5079733171812436,0.9435643564356435
untouched,means_own,brightness,2,common,pooled,0.5456850635558606,0.5312124386331853,0.9128712871287129
untouched,means_own,brightness,3,common,pooled,0.59153710420547,0.5619756545324825,0.8683168316831683
untouched,means_own,brightness,4,common,pooled,0.647609275779063,0.601337778200737,0.7983498349834983
untouched,means_own,brightness,5,common,pooled,0.7044868150181355,0.6448326146253729,0.7042904290429043
untouched,means_own,contrast,1,common,pooled,0.47623631670097705,0.4674872998956701,0.9277227722772278
untouched,means_own,contrast,2,common,pooled,0.505307322811489,0.4819571125665393,0.9023102310231023
untouched,means_own,contrast,3,common,pooled,0.5665395549455936,0.5181101254536294,0.8376237623762376
untouched,means_own,contrast,4,common,pooled,0.7175923929026566,0.6314817353660258,0.6320132013201321
untouched,means_own,contrast,5,common,pooled,0.8734068555370389,0.7894828169101962,0.3141914191419142
untouched,means_own,elastic_transform,1,common,pooled,0.5342127678114346,0.5178012426681133,0.9323432343234324
untouched,means_own,elastic_transform,2,common,pooled,0.5898153775773617,0.5576380119264129,0.8940594059405941
untouched,means_own,elastic_transform,3,common,pooled,0.6741589604505005,0.6273539289929053,0.8062706270627062
untouched,means_own,elastic_transform,4,common,pooled,0.7364987092768683,0.6855289530327906,0.7095709570957096
untouched,means_own,elastic_transform,5,common,pooled,0.8090185058109771,0.7594803548772713,0.5663366336633663
untouched,means_own,pixelate,1,common,pooled,0.5777931357492185,0.5526107741522966,0.8778877887788779
untouched,means_own,pixelate,2,common,pooled,0.6428803276367241,0.6069605016509962,0.8085808580858086
untouched,means_own,pixelate,3,common,pooled,0.8382644403054167,0.8097998458962654,0.49174917491749176
untouched,means_own,pixelate,4,common,pooled,0.9371674890261303,0.9201109432540922,0.2155115511551155
untouched,means_own,pixelate,5,common,pooled,0.9700759184829374,0.9610725392378148,0.1099009900990099
untouched,means_own,jpeg_compression,1,common,pooled,0.6060741321656918,0.5530842691827801,0.8085808580858086
untouched,means_own,jpeg_compression,2,common,pooled,0.7262396932762584,0.6472715118363759,0.640924092409241
untouched,means_own,jpeg_compression,3,common,pooled,0.7983479833131828,0.717789032576617,0.5125412541254125
untouched,means_own,jpeg_compression,4,common,pooled,0.9138921020814953,0.8611936015993731,0.25511551155115514
untouched,means_own,jpeg_compression,5,common,pooled,0.9592339530982801,0.9324347964975837,0.12706270627062707
untouched,means_own,speckle_noise,1,extra,pooled,0.7782918885948,0.7298768205442818,0.6089108910891089
untouched,means_own,speckle_noise,2,extra,pooled,0.8603977823524926,0.8190568049567892,0.44356435643564357
untouched,means_own,speckle_noise,3,extra,pooled,0.9642233332244116,0.9499960568140284,0.1254125412541254
untouched,means_own,speckle_noise,4,extra,pooled,0.9832482654206015,0.9768759284936875,0.05742574257425743
untouched,means_own,speckle_noise,5,extra,pooled,0.9929475323770001,0.9909069043263344,0.02442244224422442
untouched,means_own,gaussian_blur,1,extra,pooled,0.6049076887886808,0.5560048521648671,0.8382838283828383
untouched,means_own,gaussian_blur,2,extra,pooled,0.8239879532507706,0.7343573261893788,0.4155115511551155
untouched,means_own,gaussian_blur,3,extra,pooled,0.8940811902972475,0.8115837041896606,0.24587458745874588
untouched,means_own,gaussian_blur,4,extra,pooled,0.9261690030389178,0.8535992842321585,0.15742574257425743
untouched,means_own,gaussian_blur,5,extra,pooled,0.9571780544391073,0.9001586439023128,0.0891089108910891
untouched,means_own,spatter,1,extra,pooled,0.5102757899552331,0.5060783096520141,0.9336633663366337
untouched,means_own,spatter,2,extra,pooled,0.8355281072661722,0.7850671269989314,0.501980198019802
untouched,means_own,spatter,3,extra,pooled,0.9228263024322234,0.8867316257817242,0.2580858085808581
untouched,means_own,spatter,4,extra,pooled,0.9810382424381052,0.9768472468010563,0.07821782178217822
untouched,means_own,spatter,5,extra,pooled,0.9921522944373645,0.9899325972794581,0.027722772277227723
untouched,means_own,saturate,1,extra,pooled,0.5160416190133865,0.5029050035883602,0.9201320132013201
untouched,means_own,saturate,2,extra,pooled,0.5764510559966888,0.5414882461360907,0.8683168316831683
untouched,means_own,saturate,3,extra,pooled,0.5723560326329663,0.5528549635898242,0.9036303630363036
untouched,means_own,saturate,4,extra,pooled,0.688419762768356,0.6381039650987135,0.7353135313531353
untouched,means_own,saturate,5,extra,pooled,0.7870598743042622,0.7362181800827136,0.5881188118811881
untouched,saod_top3,gaussian_noise,1,common,pooled,0.5683357840734569,0.5426427985932641,0.8996699669966997
untouched,saod_top3,gaussian_noise,2,common,pooled,0.6119364114629284,0.569080133230683,0.8551155115511551
untouched,saod_top3,gaussian_noise,3,common,pooled,0.6816972192268732,0.621305276331356,0.7534653465346535
untouched,saod_top3,gaussian_noise,4,common,pooled,0.7755059961441688,0.7084691631857238,0.6125412541254125
untouched,saod_top3,gaussian_noise,5,common,pooled,0.8922385604897123,0.8436569072145268,0.35016501650165016
untouched,saod_top3,shot_noise,1,common,pooled,0.5626857933318085,0.5390721166297323,0.9062706270627062
untouched,saod_top3,shot_noise,2,common,pooled,0.6116012591358145,0.5706459308252398,0.8462046204620463
untouched,saod_top3,shot_noise,3,common,pooled,0.6705045257000948,0.615575001025843,0.7874587458745874
untouched,saod_top3,shot_noise,4,common,pooled,0.7758371183653019,0.7096586975254818,0.6138613861386139
untouched,saod_top3,shot_noise,5,common,pooled,0.8503056345238484,0.7925922273596379,0.4739273927392739
untouched,saod_top3,impulse_noise,1,common,pooled,0.6224122907340239,0.5790363786020998,0.8584158415841584
untouched,saod_top3,impulse_noise,2,common,pooled,0.6574045572874119,0.6067936037670051,0.8092409240924092
untouched,saod_top3,impulse_noise,3,common,pooled,0.6935861407922971,0.6335247063080409,0.7577557755775578
untouched,saod_top3,impulse_noise,4,common,pooled,0.7811544619808516,0.715232290300587,0.6023102310231023
untouched,saod_top3,impulse_noise,5,common,pooled,0.8842201744926967,0.8347600685221569,0.37722772277227723
untouched,saod_top3,defocus_blur,1,common,pooled,0.5968014573734601,0.5535267375804782,0.8475247524752475
untouched,saod_top3,defocus_blur,2,common,pooled,0.6457808058033526,0.5862542452181344,0.7808580858085808
untouched,saod_top3,defocus_blur,3,common,pooled,0.7220281236044397,0.6507393281388604,0.6561056105610561
untouched,saod_top3,defocus_blur,4,common,pooled,0.7904273001557581,0.7168807589888513,0.5514851485148515
untouched,saod_top3,defocus_blur,5,common,pooled,0.8436650001633826,0.779412804427607,0.4485148514851485
untouched,saod_top3,glass_blur,1,common,pooled,0.6061183544096984,0.5631335908614988,0.8415841584158416
untouched,saod_top3,glass_blur,2,common,pooled,0.67813220926053,0.6169814724834844,0.7534653465346535
untouched,saod_top3,glass_blur,3,common,pooled,0.8353882516964568,0.7714855856777696,0.503960396039604
untouched,saod_top3,glass_blur,4,common,pooled,0.8665176616671568,0.8082321673274946,0.4306930693069307
untouched,saod_top3,glass_blur,5,common,pooled,0.8881585683320807,0.8309961547994567,0.3438943894389439
untouched,saod_top3,motion_blur,1,common,pooled,0.5608392423400755,0.5323553397690043,0.8861386138613861
untouched,saod_top3,motion_blur,2,common,pooled,0.6200170462590814,0.5710493844166908,0.8333333333333334
untouched,saod_top3,motion_blur,3,common,pooled,0.7087878094740168,0.6396183699328822,0.6907590759075908
untouched,saod_top3,motion_blur,4,common,pooled,0.8003351523271139,0.7266959344007551,0.5399339933993399
untouched,saod_top3,motion_blur,5,common,pooled,0.8483714014965853,0.7793251612338893,0.44521452145214524
untouched,saod_top3,zoom_blur,1,common,pooled,0.7233574050474354,0.6482229128766064,0.6729372937293729
untouched,saod_top3,zoom_blur,2,common,pooled,0.7886348832903092,0.711933343914974,0.5524752475247525
untouched,saod_top3,zoom_blur,3,common,pooled,0.8188961866483678,0.7382830249627857,0.48250825082508253
untouched,saod_top3,zoom_blur,4,common,pooled,0.8512956246119662,0.7730716766636935,0.42112211221122114
untouched,saod_top3,zoom_blur,5,common,pooled,0.8637303532333431,0.784468768519611,0.36765676567656763
untouched,saod_top3,snow,1,common,pooled,0.5880705595312007,0.5595105504669695,0.8844884488448845
untouched,saod_top3,snow,2,common,pooled,0.6663786774717075,0.6206561853290334,0.8082508250825082
untouched,saod_top3,snow,3,common,pooled,0.6650403010598089,0.6207279039154291,0.8066006600660066
untouched,saod_top3,snow,4,common,pooled,0.7138415623740592,0.6642061348339672,0.7415841584158416
untouched,saod_top3,snow,5,common,pooled,0.7252255225522553,0.6740753000450944,0.7326732673267327
untouched,saod_top3,frost,1,common,pooled,0.5554526244703678,0.5341223678726718,0.9128712871287129
untouched,saod_top3,frost,2,common,pooled,0.6151050550599615,0.5792115078912559,0.8712871287128713
untouched,saod_top3,frost,3,common,pooled,0.6554410787613415,0.6156014711003828,0.831023102310231
untouched,saod_top3,frost,4,common,pooled,0.6648224030323825,0.6259393900860105,0.8231023102310231
untouched,saod_top3,frost,5,common,pooled,0.689664411985753,0.6451742536341172,0.7933993399339934
untouched,saod_top3,fog,1,common,pooled,0.5231541569998585,0.5139074654102259,0.9435643564356435
untouched,saod_top3,fog,2,common,pooled,0.5325368972540818,0.5198874927286132,0.9363036303630363
untouched,saod_top3,fog,3,common,pooled,0.5419784008103781,0.5258750385950042,0.9283828382838284
untouched,saod_top3,fog,4,common,pooled,0.5461020706030999,0.5295369793354451,0.9303630363036304
untouched,saod_top3,fog,5,common,pooled,0.5649983117123594,0.5428792277820143,0.9158415841584159
untouched,saod_top3,brightness,1,common,pooled,0.5021751680118507,0.5008034774078018,0.9475247524752475
untouched,saod_top3,brightness,2,common,pooled,0.5114857475846595,0.5060246126428478,0.9422442244224423
untouched,saod_top3,brightness,3,common,pooled,0.524414926641179,0.5133294118203275,0.9396039603960396
untouched,saod_top3,brightness,4,common,pooled,0.5416388371510419,0.524472439328026,0.9316831683168317
untouched,saod_top3,brightness,5,common,pooled,0.5615776231088455,0.5391351807522005,0.9138613861386139
untouched,saod_top3,contrast,1,common,pooled,0.5243809975056911,0.515504513630074,0.9405940594059405
untouched,saod_top3,contrast,2,common,pooled,0.5391102179524884,0.5248041834973632,0.9323432343234324
untouched,saod_top3,contrast,3,common,pooled,0.5670218606019017,0.544248780615361,0.9072607260726072
untouched,saod_top3,contrast,4,common,pooled,0.6450702000893158,0.6051664155929701,0.8386138613861386
untouched,saod_top3,contrast,5,common,pooled,0.7741218181224063,0.7358667584331176,0.6495049504950495
untouched,saod_top3,elastic_transform,1,common,pooled,0.5554733196091887,0.5318919127804191,0.9072607260726072
untouched,saod_top3,elastic_transform,2,common,pooled,0.5856565260486445,0.5519530888500671,0.8907590759075907
untouched,saod_top3,elastic_transform,3,common,pooled,0.6319828121426004,0.5835922390516612,0.8633663366336634
untouched,saod_top3,elastic_transform,4,common,pooled,0.6686783430818329,0.6100253816694596,0.8231023102310231
untouched,saod_top3,elastic_transform,5,common,pooled,0.711132241937065,0.6446097538384161,0.7785478547854785
untouched,saod_top3,pixelate,1,common,pooled,0.5907760132448888,0.5548257244507797,0.8749174917491749
untouched,saod_top3,pixelate,2,common,pooled,0.6422027252230174,0.5941042162560127,0.8234323432343235
untouched,saod_top3,pixelate,3,common,pooled,0.8080701238440676,0.7554000199122839,0.5762376237623762
untouched,saod_top3,pixelate,4,common,pooled,0.914838087769173,0.873259141526352,0.25313531353135316
untouched,saod_top3,pixelate,5,common,pooled,0.9464414164188696,0.9138482358783772,0.13399339933993398
untouched,saod_top3,jpeg_compression,1,common,pooled,0.594797950092039,0.555306399974439,0.8531353135313532
untouched,saod_top3,jpeg_compression,2,common,pooled,0.6365521898724525,0.5864536775815863,0.8082508250825082
untouched,saod_top3,jpeg_compression,3,common,pooled,0.6709169035715453,0.6155616327686304,0.7795379537953795
untouched,saod_top3,jpeg_compression,4,common,pooled,0.76747116295788,0.704759344575574,0.6283828382838283
untouched,saod_top3,jpeg_compression,5,common,pooled,0.8592338441764968,0.806646787086412,0.4627062706270627
untouched,saod_top3,speckle_noise,1,extra,pooled,0.5486080885316255,0.5304483164383049,0.9214521452145215
untouched,saod_top3,speckle_noise,2,extra,pooled,0.5708562341382654,0.5459708111846137,0.9033003300330033
untouched,saod_top3,speckle_noise,3,extra,pooled,0.6365811630668017,0.5921081513206929,0.8343234323432344
untouched,saod_top3,speckle_noise,4,extra,pooled,0.6805277260399307,0.6254100097402504,0.7838283828382838
untouched,saod_top3,speckle_noise,5,extra,pooled,0.7324651177989085,0.6698302347412843,0.6957095709570957
untouched,saod_top3,gaussian_blur,1,extra,pooled,0.5496926227276193,0.5253757093836244,0.8947194719471947
untouched,saod_top3,gaussian_blur,2,extra,pooled,0.6307797710464116,0.576445500413208,0.7983498349834983
untouched,saod_top3,gaussian_blur,3,extra,pooled,0.703855722205884,0.6341825092304698,0.692079207920792
untouched,saod_top3,gaussian_blur,4,extra,pooled,0.7702183881754512,0.6994940900455711,0.5907590759075908
untouched,saod_top3,gaussian_blur,5,extra,pooled,0.87094206450348,0.8188595469615931,0.41485148514851483
untouched,saod_top3,spatter,1,extra,pooled,0.5075783419926151,0.50272275910693,0.9465346534653465
untouched,saod_top3,spatter,2,extra,pooled,0.5734547811216765,0.5477137078739054,0.9003300330033003
untouched,saod_top3,spatter,3,extra,pooled,0.6141520983781547,0.5798830331479577,0.8699669966996699
untouched,saod_top3,spatter,4,extra,pooled,0.6710018081016023,0.6201856274134261,0.8026402640264027
untouched,saod_top3,spatter,5,extra,pooled,0.735416462438323,0.6775386147334823,0.7095709570957096
untouched,saod_top3,saturate,1,extra,pooled,0.5126114542147284,0.5081778511835102,0.9468646864686469
untouched,saod_top3,saturate,2,extra,pooled,0.5265054079665392,0.5164581979247636,0.9382838283828383
untouched,saod_top3,saturate,3,extra,pooled,0.5080619002494309,0.5044589422695355,0.9468646864686469
untouched,saod_top3,saturate,4,extra,pooled,0.535210382424381,0.5193318718697008,0.929042904290429
untouched,saod_top3,saturate,5,extra,pooled,0.5680911457482382,0.5415424590877931,0.9095709570957096
untouched,saod_min,gaussian_noise,1,common,pooled,0.5951891971375355,0.5839970726240347,0.9151815181518151
untouched,saod_min,gaussian_noise,2,common,pooled,0.6624508490453006,0.6464088975789496,0.8749174917491749
untouched,saod_min,gaussian_noise,3,common,pooled,0.7580874968684987,0.7393899068080533,0.7785478547854785
untouched,saod_min,gaussian_noise,4,common,pooled,0.8587102027034387,0.8404978429361696,0.5712871287128712
untouched,saod_min,gaussian_noise,5,common,pooled,0.9484207430644055,0.930852244025617,0.22376237623762377
untouched,saod_min,shot_noise,1,common,pooled,0.5844428650785871,0.5777527606089363,0.9224422442244224
untouched,saod_min,shot_noise,2,common,pooled,0.6571655284340315,0.6434182309426157,0.8841584158415842
untouched,saod_min,shot_noise,3,common,pooled,0.736084370813319,0.7192505027828788,0.807920792079208
untouched,saod_min,shot_noise,4,common,pooled,0.8602375584093063,0.840484384285901,0.5399339933993399
untouched,saod_min,shot_noise,5,common,pooled,0.9247266607848904,0.9049793990016248,0.2947194719471947
untouched,saod_min,impulse_noise,1,common,pooled,0.6624485072269604,0.6510883825882652,0.8772277227722772
untouched,saod_min,impulse_noise,2,common,pooled,0.7110893812153493,0.6979688238739371,0.8405940594059406
untouched,saod_min,impulse_noise,3,common,pooled,0.7625994183576773,0.7457816188267764,0.7755775577557755
untouched,saod_min,impulse_noise,4,common,pooled,0.8640384384973151,0.8455794000160013,0.5448844884488449
untouched,saod_min,impulse_noise,5,common,pooled,0.9462976396649566,0.927728522378987,0.22904290429042903
untouched,saod_min,defocus_blur,1,common,pooled,0.648457395244475,0.6197350738873907,0.8706270627062707
untouched,saod_min,defocus_blur,2,common,pooled,0.7118246032524045,0.679907357355874,0.806930693069307
untouched,saod_min,defocus_blur,3,common,pooled,0.8015528978640438,0.7729651740372198,0.6633663366336634
untouched,saod_min,defocus_blur,4,common,pooled,0.8711501051095208,0.8457457441630647,0.4693069306930693
untouched,saod_min,defocus_blur,5,common,pooled,0.9178739557124029,0.8939313464259518,0.30363036303630364
untouched,saod_min,glass_blur,1,common,pooled,0.6541248679323378,0.6278554384760575,0.8673267326732673
untouched,saod_min,glass_blur,2,common,pooled,0.7477606770578048,0.7182216065984072,0.7663366336633664
untouched,saod_min,glass_blur,3,common,pooled,0.903482066028385,0.8830297860488274,0.38943894389438943
untouched,saod_min,glass_blur,4,common,pooled,0.9279046716552843,0.908403420309372,0.2874587458745875
untouched,saod_min,glass_blur,5,common,pooled,0.9465253951137688,0.9256962129260573,0.20957095709570958
untouched,saod_min,motion_blur,1,common,pooled,0.5940450282652028,0.5728937343201939,0.9102310231023102
untouched,saod_min,motion_blur,2,common,pooled,0.6719140824973586,0.64875933016854,0.8732673267326733
untouched,saod_min,motion_blur,3,common,pooled,0.7765798015445109,0.7539151540969151,0.7478547854785479
untouched,saod_min,motion_blur,4,common,pooled,0.8714987092768682,0.8491897958595427,0.49405940594059405
untouched,saod_min,motion_blur,5,common,pooled,0.9148940191048808,0.8927736213177322,0.3194719471947195
untouched,saod_min,zoom_blur,1,common,pooled,0.7854370486553606,0.7575025377686777,0.7171617161716172
untouched,saod_min,zoom_blur,2,common,pooled,0.8499097583025629,0.8251442163345266,0.5518151815181518
untouched,saod_min,zoom_blur,3,common,pooled,0.8800476532801795,0.8564042720296404,0.4551155115511551
untouched,saod_min,zoom_blur,4,common,pooled,0.9075819364114629,0.8853020882232874,0.35445544554455444
untouched,saod_min,zoom_blur,5,common,pooled,0.9185085340217191,0.8964136911601548,0.31584158415841584
untouched,saod_min,snow,1,common,pooled,0.631477197224673,0.6251872708888107,0.8950495049504951
untouched,saod_min,snow,2,common,pooled,0.7200083869773116,0.7129726182743914,0.8363036303630363
untouched,saod_min,snow,3,common,pooled,0.7292947314533433,0.7187390502460628,0.8211221122112211
untouched,saod_min,snow,4,common,pooled,0.7903353157097888,0.7802493022253697,0.7419141914191419
untouched,saod_min,snow,5,common,pooled,0.7959303554117788,0.7860050656905028,0.7498349834983499
untouched,saod_min,frost,1,common,pooled,0.5818541210556699,0.5718632601325107,0.9247524752475248
untouched,saod_min,frost,2,common,pooled,0.6574374516659587,0.6488789652634872,0.8834983498349835
untouched,saod_min,frost,3,common,pooled,0.7152255770131468,0.705531759612988,0.8257425742574257
untouched,saod_min,frost,4,common,pooled,0.7200231458789443,0.7134112136007031,0.8353135313531354
untouched,saod_min,frost,5,common,pooled,0.7567247219771482,0.7479817300063315,0.7818481848184818
untouched,saod_min,fog,1,common,pooled,0.5252322757028178,0.5232320991060468,0.9442244224422442
untouched,saod_min,fog,2,common,pooled,0.5363050463462188,0.5329435741708723,0.9353135313531353
untouched,saod_min,fog,3,common,pooled,0.548720550272849,0.5427497038003833,0.9326732673267327
untouched,saod_min,fog,4,common,pooled,0.5547382609548084,0.5492627737489741,0.931023102310231
untouched,saod_min,fog,5,common,pooled,0.5796085895718285,0.5721030746196588,0.9267326732673268
untouched,saod_min,brightness,1,common,pooled,0.50451230271542,0.5036200741666206,0.9478547854785478
untouched,saod_min,brightness,2,common,pooled,0.5174345652387021,0.5145589336941848,0.9429042904290429
untouched,saod_min,brightness,3,common,pooled,0.5334116480955026,0.5296522045809934,0.9422442244224423
untouched,saod_min,brightness,4,common,pooled,0.5533165593787102,0.5497834068521359,0.9287128712871288
untouched,saod_min,brightness,5,common,pooled,0.5804421135182826,0.5768379418463887,0.9168316831683169
untouched,saod_min,contrast,1,common,pooled,0.5272578941062424,0.5243837932715033,0.9419141914191419
untouched,saod_min,contrast,2,common,pooled,0.5458824298271411,0.5397806606638914,0.9313531353135314
untouched,saod_min,contrast,3,common,pooled,0.5845412759097692,0.574266539547812,0.9191419141914191
untouched,saod_min,contrast,4,common,pooled,0.6958478471609537,0.6800156829190678,0.8587458745874588
untouched,saod_min,contrast,5,common,pooled,0.8512632748423358,0.8355358570968525,0.5445544554455446
untouched,saod_min,elastic_transform,1,common,pooled,0.5878465074230196,0.5763757441828611,0.9102310231023102
untouched,saod_min,elastic_transform,2,common,pooled,0.6274307529762877,0.6136636027333653,0.8937293729372937
untouched,saod_min,elastic_transform,3,common,pooled,0.6730053153830234,0.6536184861940264,0.863036303630363
untouched,saod_min,elastic_transform,4,common,pooled,0.7106426929821695,0.6882829451449004,0.8376237623762376
untouched,saod_min,elastic_transform,5,common,pooled,0.742452265028483,0.7161871024418967,0.7732673267326733
untouched,saod_min,pixelate,1,common,pooled,0.6203629818427387,0.6057592275699488,0.9046204620462046
untouched,saod_min,pixelate,2,common,pooled,0.682813286279123,0.6690481821692105,0.8653465346534653
untouched,saod_min,pixelate,3,common,pooled,0.8541640253134224,0.8457706847474263,0.6108910891089109
untouched,saod_min,pixelate,4,common,pooled,0.9477152566741822,0.9341676252501059,0.24257425742574257
untouched,saod_min,pixelate,5,common,pooled,0.9681486564498034,0.9525914370053857,0.13663366336633664
untouched,saod_min,jpeg_compression,1,common,pooled,0.6432696685510135,0.6179963340397466,0.8726072607260726
untouched,saod_min,jpeg_compression,2,common,pooled,0.7067699245172042,0.6801289259566432,0.8316831683168316
untouched,saod_min,jpeg_compression,3,common,pooled,0.7468506355586053,0.7231280878606408,0.765016501650165
untouched,saod_min,jpeg_compression,4,common,pooled,0.8477758716465706,0.8286348040727987,0.5762376237623762
untouched,saod_min,jpeg_compression,5,common,pooled,0.9255275626572558,0.9069214251312987,0.31287128712871287
untouched,saod_min,speckle_noise,1,extra,pooled,0.561919528586522,0.5560882081884454,0.931023102310231
untouched,saod_min,speckle_noise,2,extra,pooled,0.5907252012329945,0.5850709109666483,0.9224422442244224
untouched,saod_min,speckle_noise,3,extra,pooled,0.687321286584104,0.6756540407243914,0.861056105610561
untouched,saod_min,speckle_noise,4,extra,pooled,0.7434897450141054,0.7304755140087748,0.8003300330033003
untouched,saod_min,speckle_noise,5,extra,pooled,0.81009100414992,0.7946963592562992,0.7003300330033003
untouched,saod_min,gaussian_blur,1,extra,pooled,0.586288217930704,0.562589427995066,0.8996699669966997
untouched,saod_min,gaussian_blur,2,extra,pooled,0.6972919866244051,0.6640082277100539,0.8201320132013201
untouched,saod_min,gaussian_blur,3,extra,pooled,0.7835887004542038,0.7527212315256346,0.7079207920792079
untouched,saod_min,gaussian_blur,4,extra,pooled,0.8515959219684345,0.8259172410250138,0.5399339933993399
untouched,saod_min,gaussian_blur,5,extra,pooled,0.9362394754326918,0.91474621968382,0.24224422442244226
untouched,saod_min,spatter,1,extra,pooled,0.5162333213519372,0.5138506645819848,0.9399339933993399
untouched,saod_min,spatter,2,extra,pooled,0.620612140421963,0.6094669294619246,0.8910891089108911
untouched,saod_min,spatter,3,extra,pooled,0.6616931346600007,0.6513849177514048,0.8636963696369637
untouched,saod_min,spatter,4,extra,pooled,0.731860656362666,0.7157970418754256,0.8085808580858086
untouched,saod_min,spatter,5,extra,pooled,0.810391192584605,0.7893328026244192,0.6435643564356436
untouched,saod_min,saturate,1,extra,pooled,0.5126381945125206,0.512190658750689,0.9495049504950495
untouched,saod_min,saturate,2,extra,pooled,0.5290686098312801,0.5275431537704339,0.9415841584158415
untouched,saod_min,saturate,3,extra,pooled,0.5120344410678692,0.5101671692845628,0.9445544554455445
untouched,saod_min,saturate,4,extra,pooled,0.5520670631419577,0.5455520232968113,0.9287128712871288
untouched,saod_min,saturate,5,extra,pooled,0.5935071180385365,0.5870266721943114,0.9132013201320132
untouched,contrastive,gaussian_noise,1,common,fold-averaged,0.5385245455238594,0.525171780718414,0.9297029702970295
untouched,contrastive,gaussian_noise,2,common,fold-averaged,0.5737122722173207,0.5485147441692165,0.9072607260726073
untouched,contrastive,gaussian_noise,3,common,fold-averaged,0.6226072607260726,0.58277993692801,0.8636963696369637
untouched,contrastive,gaussian_noise,4,common,fold-averaged,0.6796604908015553,0.6195896770919275,0.7765676567656766
untouched,contrastive,gaussian_noise,5,common,fold-averaged,0.7063283556078381,0.6215918143257874,0.6300330033003301
untouched,contrastive,shot_noise,1,common,fold-averaged,0.5304518075569933,0.5168282281503714,0.9313531353135314
untouched,contrastive,shot_noise,2,common,fold-averaged,0.5627269657658835,0.5369908965651178,0.9099009900990097
untouched,contrastive,shot_noise,3,common,fold-averaged,0.6032785456763499,0.5627556444368976,0.8759075907590759
untouched,contrastive,shot_noise,4,common,fold-averaged,0.6642121142807349,0.6015394109138715,0.7831683168316832
untouched,contrastive,shot_noise,5,common,fold-averaged,0.6933045779825507,0.6154724772186839,0.6966996699669968
untouched,contrastive,impulse_noise,1,common,fold-averaged,0.5428084392597675,0.5263063423912842,0.9138613861386139
untouched,contrastive,impulse_noise,2,common,fold-averaged,0.5716128048448409,0.5424675896708138,0.9
untouched,contrastive,impulse_noise,3,common,fold-averaged,0.6075297628772779,0.5653698856091844,0.8574257425742575
untouched,contrastive,impulse_noise,4,common,fold-averaged,0.6776530623359365,0.6105155335185846,0.7554455445544555
untouched,contrastive,impulse_noise,5,common,fold-averaged,0.7113899508762758,0.6256971328615248,0.6495049504950494
untouched,contrastive,defocus_blur,1,common,fold-averaged,0.5216106264091757,0.4968133908638003,0.9224422442244224
untouched,contrastive,defocus_blur,2,common,fold-averaged,0.5385381607467677,0.5032386152567285,0.9033003300330034
untouched,contrastive,defocus_blur,3,common,fold-averaged,0.577558300384494,0.5225023721432064,0.8613861386138613
untouched,contrastive,defocus_blur,4,common,fold-averaged,0.6160251173632215,0.5453456249004085,0.8118811881188119
untouched,contrastive,defocus_blur,5,common,fold-averaged,0.6433982507161607,0.5600293140140306,0.7656765676567657
untouched,contrastive,glass_blur,1,common,fold-averaged,0.5197682144452069,0.49804311001852913,0.9287128712871286
untouched,contrastive,glass_blur,2,common,fold-averaged,0.5415444019649489,0.5047892168006387,0.8963696369636963
untouched,contrastive,glass_blur,3,common,fold-averaged,0.5656885490529251,0.5013531039481427,0.8310231023102311
untouched,contrastive,glass_blur,4,common,fold-averaged,0.569308019910902,0.4993863985758627,0.8023102310231023
untouched,contrastive,glass_blur,5,common,fold-averaged,0.5829107168142557,0.5055667322413292,0.7640264026402641
untouched,contrastive,motion_blur,1,common,fold-averaged,0.5096003659771917,0.49641167875108405,0.9349834983498349
untouched,contrastive,motion_blur,2,common,fold-averaged,0.5395957912622946,0.511083902543579,0.9115511551155115
untouched,contrastive,motion_blur,3,common,fold-averaged,0.59301920291039,0.5464790428452505,0.8719471947194719
untouched,contrastive,motion_blur,4,common,fold-averaged,0.6535263427332832,0.5853625981501089,0.803960396039604
untouched,contrastive,motion_blur,5,common,fold-averaged,0.6893991874434968,0.6118298219226552,0.7297029702970297
untouched,contrastive,zoom_blur,1,common,fold-averaged,0.5776519731181039,0.5270225890463967,0.8788778877887788
untouched,contrastive,zoom_blur,2,common,fold-averaged,0.6053823699201603,0.5382153668013901,0.8306930693069308
untouched,contrastive,zoom_blur,3,common,fold-averaged,0.6194360030062412,0.5428334139070088,0.8066006600660065
untouched,contrastive,zoom_blur,4,common,fold-averaged,0.6362295635504145,0.5490928238141053,0.7547854785478549
untouched,contrastive,zoom_blur,5,common,fold-averaged,0.6357296125652169,0.5450687092793178,0.7481848184818483
untouched,contrastive,snow,1,common,fold-averaged,0.5620467492293784,0.5476064250142313,0.9184818481848186
untouched,contrastive,snow,2,common,fold-averaged,0.5795760764195231,0.5528341710594868,0.8996699669966997
untouched,contrastive,snow,3,common,fold-averaged,0.6229051618033091,0.5950850030438717,0.8811881188118811
untouched,contrastive,snow,4,common,fold-averaged,0.6686310710278949,0.6323268436918885,0.8353135313531354
untouched,contrastive,snow,5,common,fold-averaged,0.6180717576708166,0.577961495499516,0.8617161716171617
untouched,contrastive,frost,1,common,fold-averaged,0.5202104368852727,0.5116718928552105,0.9369636963696368
untouched,contrastive,frost,2,common,fold-averaged,0.5345401866919366,0.5179094099918052,0.9283828382838284
untouched,contrastive,frost,3,common,fold-averaged,0.5556601204674922,0.5290307722773134,0.913201320132013
untouched,contrastive,frost,4,common,fold-averaged,0.5503365683102963,0.5244928953377033,0.9112211221122113
untouched,contrastive,frost,5,common,fold-averaged,0.5681561720528487,0.534644023940527,0.9009900990099009
untouched,contrastive,fog,1,common,fold-averaged,0.4918390353886874,0.49396734143244786,0.9504950495049505
untouched,contrastive,fog,2,common,fold-averaged,0.49253613480159897,0.4932920936466328,0.9485148514851485
untouched,contrastive,fog,3,common,fold-averaged,0.49394394885033055,0.49345906676415485,0.9495049504950496
untouched,contrastive,fog,4,common,fold-averaged,0.49417486303085756,0.4937967434879151,0.9495049504950496
untouched,contrastive,fog,5,common,fold-averaged,0.49379363678942145,0.4912057010245959,0.9491749174917492
untouched,contrastive,brightness,1,common,fold-averaged,0.5059912426886253,0.5060716883737066,0.9445544554455445
untouched,contrastive,brightness,2,common,fold-averaged,0.5118065766972737,0.51088153908924,0.9405940594059405
untouched,contrastive,brightness,3,common,fold-averaged,0.5182999488067619,0.5154818659701486,0.9353135313531353
untouched,contrastive,brightness,4,common,fold-averaged,0.5246805868705682,0.5183835319305969,0.9336633663366337
untouched,contrastive,brightness,5,common,fold-averaged,0.5317261924212223,0.5208703054301831,0.9310231023102311
untouched,contrastive,contrast,1,common,fold-averaged,0.4893011578385561,0.49180463323032597,0.9511551155115512
untouched,contrastive,contrast,2,common,fold-averaged,0.4899781067215632,0.49050634880691835,0.9465346534653465
untouched,contrastive,contrast,3,common,fold-averaged,0.4957286322691675,0.4920464660545408,0.9429042904290428
untouched,contrastive,contrast,4,common,fold-averaged,0.5304637889531527,0.5081560277218843,0.9240924092409241
untouched,contrastive,contrast,5,common,fold-averaged,0.5921527301244975,0.5412305965627027,0.8633663366336635
untouched,contrastive,elastic_transform,1,common,fold-averaged,0.5137617227069242,0.5036653245991423,0.9372937293729372
untouched,contrastive,elastic_transform,2,common,fold-averaged,0.5122340946965984,0.4981626901443267,0.932013201320132
untouched,contrastive,elastic_transform,3,common,fold-averaged,0.5032404230522062,0.4860470109433409,0.9184818481848185
untouched,contrastive,elastic_transform,4,common,fold-averaged,0.4952248690215556,0.4736488365780037,0.9042904290429042
untouched,contrastive,elastic_transform,5,common,fold-averaged,0.48113855940049444,0.4580423257761561,0.8854785478547855
untouched,contrastive,pixelate,1,common,fold-averaged,0.5402188238625842,0.5247505607239944,0.9112211221122113
untouched,contrastive,pixelate,2,common,fold-averaged,0.5495229225892886,0.5242164889142662,0.9023102310231023
untouched,contrastive,pixelate,3,common,fold-averaged,0.5658677253864001,0.506764541677784,0.8547854785478549
untouched,contrastive,pixelate,4,common,fold-averaged,0.5463968674095133,0.4819062343676446,0.7907590759075906
untouched,contrastive,pixelate,5,common,fold-averaged,0.48813297171301284,0.45134098117954186,0.8693069306930692
untouched,contrastive,jpeg_compression,1,common,fold-averaged,0.5531358581402694,0.5352315809200093,0.9155115511551155
untouched,contrastive,jpeg_compression,2,common,fold-averaged,0.5818465509917328,0.5528107925525785,0.8848184818481848
untouched,contrastive,jpeg_compression,3,common,fold-averaged,0.5998932566523979,0.5652340269003056,0.8693069306930694
untouched,contrastive,jpeg_compression,4,common,fold-averaged,0.6425639098563322,0.5867658800087642,0.8171617161716173
untouched,contrastive,jpeg_compression,5,common,fold-averaged,0.661757017285887,0.5867193139331541,0.732013201320132
untouched,contrastive,speckle_noise,1,extra,fold-averaged,0.5154271367730833,0.5076906599462241,0.9363036303630363
untouched,contrastive,speckle_noise,2,extra,fold-averaged,0.528697077628555,0.515172279131904,0.9346534653465346
untouched,contrastive,speckle_noise,3,extra,fold-averaged,0.566896491629361,0.5356115702997233,0.8957095709570957
untouched,contrastive,speckle_noise,4,extra,fold-averaged,0.587776252872812,0.5463875080427231,0.8686468646864686
untouched,contrastive,speckle_noise,5,extra,fold-averaged,0.6145405134572863,0.5580458574979299,0.832013201320132
untouched,contrastive,gaussian_blur,1,extra,fold-averaged,0.5051634371357927,0.4930743989861348,0.9356435643564357
untouched,contrastive,gaussian_blur,2,extra,fold-averaged,0.5330702872267425,0.5004435990303282,0.9066006600660066
untouched,contrastive,gaussian_blur,3,extra,fold-averaged,0.5648155409600366,0.5143590488588181,0.8778877887788779
untouched,contrastive,gaussian_blur,4,extra,fold-averaged,0.5982784912154582,0.5330670056412321,0.8415841584158417
untouched,contrastive,gaussian_blur,5,extra,fold-averaged,0.6534206886035138,0.5638294976195499,0.7366336633663366
untouched,contrastive,spatter,1,extra,fold-averaged,0.5145367011948719,0.5103298347290267,0.9386138613861388
untouched,contrastive,spatter,2,extra,fold-averaged,0.5654581794813145,0.5488846627874051,0.9105610561056106
untouched,contrastive,spatter,3,extra,fold-averaged,0.5533008746419197,0.5369049740706293,0.9194719471947195
untouched,contrastive,spatter,4,extra,fold-averaged,0.6221546907165963,0.6346253385463215,0.8643564356435643
untouched,contrastive,spatter,5,extra,fold-averaged,0.6043928155191757,0.5941004630966722,0.850825082508251
untouched,contrastive,saturate,1,extra,fold-averaged,0.49757676262675776,0.49631813348025167,0.9491749174917492
untouched,contrastive,saturate,2,extra,fold-averaged,0.5011101852759533,0.4963865934377738,0.9455445544554454
untouched,contrastive,saturate,3,extra,fold-averaged,0.5066112799398752,0.5055659960619121,0.9415841584158416
untouched,contrastive,saturate,4,extra,fold-averaged,0.5218998137437506,0.5134222378065749,0.93003300330033
untouched,contrastive,saturate,5,extra,fold-averaged,0.5322599091592328,0.5162487393710453,0.9194719471947195
untouched,knn,gaussian_noise,1,common,pooled,0.45727848032327983,0.45150841925794477,0.9042904290429042
untouched,knn,gaussian_noise,2,common,pooled,0.459683745602283,0.44788222031895975,0.8851485148514852
untouched,knn,gaussian_noise,3,common,pooled,0.4765555664477339,0.4505847581490521,0.8508250825082508
untouched,knn,gaussian_noise,4,common,pooled,0.5081261096406671,0.4589969290782768,0.7739273927392739
untouched,knn,gaussian_noise,5,common,pooled,0.5808359746865775,0.4916130315351075,0.6356435643564357
untouched,knn,shot_noise,1,common,pooled,0.46244790815715237,0.4553241043132912,0.9042904290429042
untouched,knn,shot_noise,2,common,pooled,0.4647811761374157,0.45048903141783453,0.8775577557755776
untouched,knn,shot_noise,3,common,pooled,0.4866477687372698,0.45592393819803567,0.8273927392739274
untouched,knn,shot_noise,4,common,pooled,0.5548558420198455,0.48453925702128137,0.7089108910891089
untouched,knn,shot_noise,5,common,pooled,0.630376324761189,0.5264975806333589,0.6036303630363037
untouched,knn,impulse_noise,1,common,pooled,0.7195262447036783,0.6627080307579587,0.7729372937293729
untouched,knn,impulse_noise,2,common,pooled,0.6103800281018201,0.5435587386682671,0.7980198019801981
untouched,knn,impulse_noise,3,common,pooled,0.5500864294350227,0.49316500439489697,0.8042904290429043
untouched,knn,impulse_noise,4,common,pooled,0.5271551808646211,0.4697816212709064,0.7557755775577558
untouched,knn,impulse_noise,5,common,pooled,0.5826988639458005,0.4941538777621097,0.638943894389439
untouched,knn,defocus_blur,1,common,pooled,0.554897395680162,0.5243808669851906,0.925082508250825
untouched,knn,defocus_blur,2,common,pooled,0.5928246686054744,0.5483024136257562,0.9168316831683169
untouched,knn,defocus_blur,3,common,pooled,0.6525594985241099,0.5935819482099494,0.8910891089108911
untouched,knn,defocus_blur,4,common,pooled,0.7032475029681186,0.6413900965183745,0.8627062706270627
untouched,knn,defocus_blur,5,common,pooled,0.732816553932621,0.6720091760945945,0.8438943894389439
untouched,knn,glass_blur,1,common,pooled,0.5087062270583494,0.493170310918516,0.9528052805280528
untouched,knn,glass_blur,2,common,pooled,0.5468540665947783,0.5159705276054657,0.9409240924092409
untouched,knn,glass_blur,3,common,pooled,0.5783615985360913,0.541228868597879,0.9346534653465347
untouched,knn,glass_blur,4,common,pooled,0.5806961191168621,0.5366287653377,0.9254125412541254
untouched,knn,glass_blur,5,common,pooled,0.6385610887821456,0.5798776114634976,0.8993399339933993
untouched,knn,motion_blur,1,common,pooled,0.5509084076724504,0.5201869597919273,0.9198019801980198
untouched,knn,motion_blur,2,common,pooled,0.5972571316537595,0.5513012130413267,0.8953795379537954
untouched,knn,motion_blur,3,common,pooled,0.6598775174547158,0.6026545079901766,0.8554455445544554
untouched,knn,motion_blur,4,common,pooled,0.7128985720354214,0.6578839018089522,0.829042904290429
untouched,knn,motion_blur,5,common,pooled,0.7385138167282075,0.682975954764452,0.7980198019801981
untouched,knn,zoom_blur,1,common,pooled,0.6201994357851627,0.5574917564039199,0.8818481848184818
untouched,knn,zoom_blur,2,common,pooled,0.640562635471468,0.5706421574003584,0.8617161716171617
untouched,knn,zoom_blur,3,common,pooled,0.5943007766123147,0.5250888880991781,0.8762376237623762
untouched,knn,zoom_blur,4,common,pooled,0.6018177956409503,0.5275370235871362,0.8597359735973598
untouched,knn,zoom_blur,5,common,pooled,0.5762436144604559,0.5062427022719573,0.8745874587458746
untouched,knn,snow,1,common,pooled,0.7015007787907503,0.6801168793768964,0.86006600660066
untouched,knn,snow,2,common,pooled,0.6387911315884064,0.6008328355157795,0.8732673267326733
untouched,knn,snow,3,common,pooled,0.7325815551852215,0.6985849136862016,0.8211221122112211
untouched,knn,snow,4,common,pooled,0.7642798636299274,0.733119516570034,0.8
untouched,knn,snow,5,common,pooled,0.6576161923123005,0.6061047229346738,0.8953795379537954
untouched,knn,frost,1,common,pooled,0.49724476903135856,0.4845407577975153,0.931023102310231
untouched,knn,frost,2,common,pooled,0.5280415863368515,0.5027254734022998,0.9082508250825082
untouched,knn,frost,3,common,pooled,0.5504406430742084,0.5181283494296942,0.8834983498349835
untouched,knn,frost,4,common,pooled,0.5545859883018005,0.5216066908098218,0.8815181518151816
untouched,knn,frost,5,common,pooled,0.564965362872921,0.5302821232278262,0.8627062706270627
untouched,knn,fog,1,common,pooled,0.4464433770109684,0.45918812950848575,0.9693069306930693
untouched,knn,fog,2,common,pooled,0.4436478994434097,0.45558748445887903,0.970957095709571
untouched,knn,fog,3,common,pooled,0.44582225054188585,0.45474917967919604,0.9693069306930693
untouched,knn,fog,4,common,pooled,0.4621243015390648,0.46178798572181246,0.9478547854785478
untouched,knn,fog,5,common,pooled,0.5135908244289775,0.48548476572114346,0.8881188118811881
untouched,knn,brightness,1,common,pooled,0.4872806042980536,0.490731476065641,0.9504950495049505
untouched,knn,brightness,2,common,pooled,0.48740330468690435,0.4887946735926276,0.9531353135313532
untouched,knn,brightness,3,common,pooled,0.4996042871613894,0.49532296509950946,0.9478547854785478
untouched,knn,brightness,4,common,pooled,0.5227119345597926,0.5101300579760198,0.9419141914191419
untouched,knn,brightness,5,common,pooled,0.549171976603601,0.5291585711561735,0.9346534653465347
untouched,knn,contrast,1,common,pooled,0.45769935409382523,0.46837639595343333,0.9712871287128713
untouched,knn,contrast,2,common,pooled,0.453149309980503,0.46390714831150776,0.974917491749175
untouched,knn,contrast,3,common,pooled,0.4532024093498459,0.4621531568701878,0.9801980198019802
untouched,knn,contrast,4,common,pooled,0.45617646418107155,0.4609484533257293,0.9838283828382838
untouched,knn,contrast,5,common,pooled,0.40916669389711247,0.4291603420540303,0.9838283828382838
untouched,knn,elastic_transform,1,common,pooled,0.6041420231132024,0.5848102538912223,0.9445544554455445
untouched,knn,elastic_transform,2,common,pooled,0.6587650992822055,0.6444548397575092,0.9287128712871288
untouched,knn,elastic_transform,3,common,pooled,0.7345550545153525,0.728005692831475,0.8973597359735973
untouched,knn,elastic_transform,4,common,pooled,0.7874028689997713,0.7861289322818108,0.8511551155115512
untouched,knn,elastic_transform,5,common,pooled,0.8495973161672603,0.8503734493394611,0.7412541254125412
untouched,knn,pixelate,1,common,pooled,0.5314184339226001,0.5148225216554547,0.925082508250825
untouched,knn,pixelate,2,common,pooled,0.567450794584409,0.546721136126414,0.9145214521452145
untouched,knn,pixelate,3,common,pooled,0.6926293173871843,0.681831389929394,0.8326732673267326
untouched,knn,pixelate,4,common,pooled,0.7773505320829113,0.7735541877778315,0.7346534653465346
untouched,knn,pixelate,5,common,pooled,0.8345280419131021,0.8334278184753128,0.6326732673267327
untouched,knn,jpeg_compression,1,common,pooled,0.5953999063272664,0.5356524500691714,0.7808580858085808
untouched,knn,jpeg_compression,2,common,pooled,0.7003655415046455,0.6162445892762176,0.6448844884488449
untouched,knn,jpeg_compression,3,common,pooled,0.7664305242405429,0.6796057250522134,0.5554455445544555
untouched,knn,jpeg_compression,4,common,pooled,0.88080438736943,0.8192680236701329,0.3537953795379538
untouched,knn,jpeg_compression,5,common,pooled,0.9283258721911796,0.8960269928946729,0.2524752475247525
untouched,knn,speckle_noise,1,extra,pooled,0.4663601607685521,0.46080055439461987,0.905940594059406
untouched,knn,speckle_noise,2,extra,pooled,0.46630842292150004,0.4574280334171805,0.8993399339933993
untouched,knn,speckle_noise,3,extra,pooled,0.48731126578004336,0.4609633438305981,0.8445544554455445
untouched,knn,speckle_noise,4,extra,pooled,0.5158059667352873,0.47236986537559345,0.800990099009901
untouched,knn,speckle_noise,5,extra,pooled,0.5642720757224238,0.496044866908963,0.7290429042904291
untouched,knn,gaussian_blur,1,extra,pooled,0.5254333997756211,0.512155595126944,0.9366336633663367
untouched,knn,gaussian_blur,2,extra,pooled,0.5876112908320535,0.5458491588254601,0.9141914191419142
untouched,knn,gaussian_blur,3,extra,pooled,0.6454989706891481,0.5885798929653347,0.8983498349834983
untouched,knn,gaussian_blur,4,extra,pooled,0.6957805334988945,0.6340190292997683,0.8666666666666667
untouched,knn,gaussian_blur,5,extra,pooled,0.7743590497663628,0.7202833656755216,0.8112211221122112
untouched,knn,spatter,1,extra,pooled,0.5983112766722217,0.5670885599355482,0.8834983498349835
untouched,knn,spatter,2,extra,pooled,0.8141306952477426,0.7810813589125486,0.7095709570957096
untouched,knn,spatter,3,extra,pooled,0.771821989129606,0.7344862716211817,0.7805280528052805
untouched,knn,spatter,4,extra,pooled,0.9175307431733273,0.8976498986746122,0.35874587458745877
untouched,knn,spatter,5,extra,pooled,0.9328599048023615,0.8994231187878522,0.25676567656765675
untouched,knn,saturate,1,extra,pooled,0.4804295330523151,0.4817477800480801,0.9501650165016502
untouched,knn,saturate,2,extra,pooled,0.47954879151281465,0.47874516261617295,0.9438943894389439
untouched,knn,saturate,3,extra,pooled,0.517232515330741,0.5091746465276341,0.931023102310231
untouched,knn,saturate,4,extra,pooled,0.569546504155366,0.5343396851100813,0.8653465346534653
untouched,knn,saturate,5,extra,pooled,0.6417832674356545,0.5876379471673916,0.8026402640264027
untouched,discopatch,gaussian_noise,1,common,pooled,0.8755566992342798,0.8659924659774153,0.4613861386138614
untouched,discopatch,gaussian_noise,2,common,pooled,0.9493745166595867,0.9427244480315078,0.21683168316831683
untouched,discopatch,gaussian_noise,3,common,pooled,0.9857149081244758,0.981661797894487,0.062376237623762376
untouched,discopatch,gaussian_noise,4,common,pooled,0.9963832521866048,0.9936961509211785,0.01221122112211221
untouched,discopatch,gaussian_noise,5,common,pooled,0.9987325316690084,0.9970293977366411,0.0019801980198019802
untouched,discopatch,shot_noise,1,common,pooled,0.865633107865242,0.8487608373706148,0.4561056105610561
untouched,discopatch,shot_noise,2,common,pooled,0.9396414294894836,0.9290837944996221,0.23894389438943894
untouched,discopatch,shot_noise,3,common,pooled,0.9729830408783453,0.9669475151634077,0.12475247524752475
untouched,discopatch,shot_noise,4,common,pooled,0.9886026969033537,0.9850003019451189,0.04785478547854786
untouched,discopatch,shot_noise,5,common,pooled,0.9918655033820214,0.9888066229310718,0.034323432343234324
untouched,discopatch,impulse_noise,1,common,pooled,0.9206004313302617,0.9074535436893357,0.29141914191419144
untouched,discopatch,impulse_noise,2,common,pooled,0.9763372327331743,0.9706243306473219,0.10594059405940594
untouched,discopatch,impulse_noise,3,common,pooled,0.9905412323410558,0.986841054860515,0.039603960396039604
untouched,discopatch,impulse_noise,4,common,pooled,0.9979063054820334,0.9956847248407718,0.0049504950495049506
untouched,discopatch,impulse_noise,5,common,pooled,0.99889259222952,0.9972371565817926,0.0016501650165016502
untouched,discopatch,defocus_blur,1,common,pooled,0.657235347297106,0.6225869004558187,0.8306930693069307
untouched,discopatch,defocus_blur,2,common,pooled,0.7248282848086789,0.6804393484834301,0.7257425742574257
untouched,discopatch,defocus_blur,3,common,pooled,0.7947608622248363,0.7411418078066643,0.5636963696369637
untouched,discopatch,defocus_blur,4,common,pooled,0.8264598242002418,0.7686183229102276,0.4867986798679868
untouched,discopatch,defocus_blur,5,common,pooled,0.8452656057684976,0.7840703328233808,0.4521452145214521
untouched,discopatch,glass_blur,1,common,pooled,0.676018799899792,0.6385615230275916,0.804950495049505
untouched,discopatch,glass_blur,2,common,pooled,0.774767615375399,0.7331155317092041,0.6224422442244224
untouched,discopatch,glass_blur,3,common,pooled,0.8797649467917089,0.8476830424869017,0.3957095709570957
untouched,discopatch,glass_blur,4,common,pooled,0.9092695705214086,0.8838884681711416,0.3095709570957096
untouched,discopatch,glass_blur,5,common,pooled,0.9339640993802351,0.9140940477828267,0.24224422442244226
untouched,discopatch,motion_blur,1,common,pooled,0.5819115772963435,0.5608009392964911,0.9115511551155115
untouched,discopatch,motion_blur,2,common,pooled,0.6611258155518522,0.6238516869107074,0.8343234323432344
untouched,discopatch,motion_blur,3,common,pooled,0.7433660098683136,0.6956619482399042,0.69009900990099
untouched,discopatch,motion_blur,4,common,pooled,0.7992310122101319,0.7479156493954946,0.568976897689769
untouched,discopatch,motion_blur,5,common,pooled,0.8292129856550011,0.7785424192309677,0.5026402640264026
untouched,discopatch,zoom_blur,1,common,pooled,0.7446553170168502,0.6914453630674544,0.6828382838283829
untouched,discopatch,zoom_blur,2,common,pooled,0.7848169569432191,0.7287917167140125,0.602970297029703
untouched,discopatch,zoom_blur,3,common,pooled,0.8170750144321363,0.7647651215934277,0.5316831683168317
untouched,discopatch,zoom_blur,4,common,pooled,0.8337273034234116,0.7821337445203509,0.49075907590759077
untouched,discopatch,zoom_blur,5,common,pooled,0.8503263296626692,0.8030930649021885,0.466006600660066
untouched,discopatch,snow,1,common,pooled,0.7504352514459367,0.6887956107375114,0.6171617161716172
untouched,discopatch,snow,2,common,pooled,0.8349809931488198,0.7779497256280486,0.43498349834983496
untouched,discopatch,snow,3,common,pooled,0.8297517672559335,0.758653074951758,0.4171617161716172
untouched,discopatch,snow,4,common,pooled,0.8604319837924387,0.7906048917849238,0.36072607260726075
untouched,discopatch,snow,5,common,pooled,0.8371071463582002,0.7641065796132982,0.41056105610561056
untouched,discopatch,frost,1,common,pooled,0.6533804964654881,0.6012018694644485,0.7983498349834983
untouched,discopatch,frost,2,common,pooled,0.7739485235652278,0.7157468053566174,0.5993399339933994
untouched,discopatch,frost,3,common,pooled,0.8273826095480835,0.7715310701955678,0.4752475247524752
untouched,discopatch,frost,4,common,pooled,0.8418211722162315,0.7903720279687521,0.46732673267326735
untouched,discopatch,frost,5,common,pooled,0.8664808461044124,0.819220375040746,0.40264026402640263
untouched,discopatch,fog,1,common,pooled,0.6010602990992169,0.5835762271164973,0.9006600660066006
untouched,discopatch,fog,2,common,pooled,0.652031935866854,0.6297569822629572,0.8498349834983498
untouched,discopatch,fog,3,common,pooled,0.7200430241043906,0.6927131751611161,0.7541254125412541
untouched,discopatch,fog,4,common,pooled,0.7512652354344346,0.7276818516538416,0.7287128712871287
untouched,discopatch,fog,5,common,pooled,0.8364579725299263,0.817426356512891,0.5392739273927393
untouched,discopatch,brightness,1,common,pooled,0.4905468962737858,0.490109355671143,0.9481848184818482
untouched,discopatch,brightness,2,common,pooled,0.4896992669563986,0.4833684827935424,0.9419141914191419
untouched,discopatch,brightness,3,common,pooled,0.496152610310536,0.48252636640267627,0.9333333333333333
untouched,discopatch,brightness,4,common,pooled,0.5074050474354366,0.48508288206192307,0.9161716171617161
untouched,discopatch,brightness,5,common,pooled,0.5175035127275104,0.4878819907026254,0.9006600660066006
untouched,discopatch,contrast,1,common,pooled,0.5421247372261979,0.5240813004250766,0.928052805280528
untouched,discopatch,contrast,2,common,pooled,0.5641536232831204,0.5365488136364058,0.9102310231023102
untouched,discopatch,contrast,3,common,pooled,0.6026606323998737,0.5617157221775949,0.8702970297029703
untouched,discopatch,contrast,4,common,pooled,0.6878062063632105,0.6341281606358846,0.7112211221122112
untouched,discopatch,contrast,5,common,pooled,0.7745308194185755,0.727027052964129,0.5706270627062706
untouched,discopatch,elastic_transform,1,common,pooled,0.608148111840887,0.5703676464507093,0.8584158415841584
untouched,discopatch,elastic_transform,2,common,pooled,0.6400813645721007,0.5930778897010921,0.8194719471947195
untouched,discopatch,elastic_transform,3,common,pooled,0.6748048666252764,0.6190221521018927,0.762046204620462
untouched,discopatch,elastic_transform,4,common,pooled,0.6960106307660469,0.6359061211355995,0.7191419141914192
untouched,discopatch,elastic_transform,5,common,pooled,0.7176850853402172,0.6519788944597275,0.6683168316831684
untouched,discopatch,pixelate,1,common,pooled,0.5478139942707142,0.533558271404686,0.9247524752475248
untouched,discopatch,pixelate,2,common,pooled,0.555522770098792,0.5395547684378985,0.9174917491749175
untouched,discopatch,pixelate,3,common,pooled,0.6406808700672048,0.6041968591802784,0.8382838283828383
untouched,discopatch,pixelate,4,common,pooled,0.7162917578886602,0.6706868212025267,0.7234323432343235
untouched,discopatch,pixelate,5,common,pooled,0.7522342036183817,0.7016287750982093,0.6518151815181518
untouched,discopatch,jpeg_compression,1,common,pooled,0.6276627563746474,0.5671632047799731,0.8148514851485148
untouched,discopatch,jpeg_compression,2,common,pooled,0.6401387663518827,0.5681816402335944,0.7693069306930693
untouched,discopatch,jpeg_compression,3,common,pooled,0.6439669313466,0.5655428540936351,0.7442244224422442
untouched,discopatch,jpeg_compression,4,common,pooled,0.6285840168175233,0.5429930582841443,0.7174917491749175
untouched,discopatch,jpeg_compression,5,common,pooled,0.5896982321994576,0.5113566917846717,0.7313531353135313
untouched,discopatch,speckle_noise,1,extra,pooled,0.7993128124693657,0.7712968841089389,0.5815181518151815
untouched,discopatch,speckle_noise,2,extra,pooled,0.8559269243756059,0.8303176382148806,0.45544554455445546
untouched,discopatch,speckle_noise,3,extra,pooled,0.9370207713840691,0.9217501289690863,0.22343234323432343
untouched,discopatch,speckle_noise,4,extra,pooled,0.958297988214663,0.9470850766325545,0.16369636963696368
untouched,discopatch,speckle_noise,5,extra,pooled,0.9726042109161411,0.9642251661088327,0.11617161716171617
untouched,discopatch,gaussian_blur,1,extra,pooled,0.5557238397107037,0.542179872376106,0.9277227722772278
untouched,discopatch,gaussian_blur,2,extra,pooled,0.7113870099881275,0.6685675858791686,0.7442244224422442
untouched,discopatch,gaussian_blur,3,extra,pooled,0.7992661939461273,0.7483142542841137,0.5613861386138614
untouched,discopatch,gaussian_blur,4,extra,pooled,0.8375364071060571,0.7837696479160937,0.467986798679868
untouched,discopatch,gaussian_blur,5,extra,pooled,0.8644118768312474,0.8043422575456113,0.3937293729372937
untouched,discopatch,spatter,1,extra,pooled,0.5217276084044048,0.5150736527468032,0.9396039603960396
untouched,discopatch,spatter,2,extra,pooled,0.6808413118539577,0.624926956068294,0.7455445544554455
untouched,discopatch,spatter,3,extra,pooled,0.8095169318912089,0.7543666258534749,0.5168316831683168
untouched,discopatch,spatter,4,extra,pooled,0.8284344672090972,0.763068643414603,0.43597359735973595
untouched,discopatch,spatter,5,extra,pooled,0.8881900467274451,0.8301037853877269,0.2973597359735974
untouched,discopatch,saturate,1,extra,pooled,0.6493660207604919,0.6150310875826944,0.8270627062706271
untouched,discopatch,saturate,2,extra,pooled,0.7595577230990426,0.7153152230908395,0.6191419141914192
untouched,discopatch,saturate,3,extra,pooled,0.4686756200372513,0.47242800939310964,0.9554455445544554
untouched,discopatch,saturate,4,extra,pooled,0.5104768595671448,0.48318569638458403,0.904950495049505
untouched,discopatch,saturate,5,extra,pooled,0.5573117014671765,0.5006006562595475,0.8158415841584158
untouched,hashemi,gaussian_noise,1,common,pooled,0.43653443562178,0.4513830500036038,0.9607260726072607
untouched,hashemi,gaussian_noise,2,common,pooled,0.40712048927665045,0.4314397993149932,0.9666666666666667
untouched,hashemi,gaussian_noise,3,common,pooled,0.38747394046335326,0.4177586506394036,0.9762376237623762
untouched,hashemi,gaussian_noise,4,common,pooled,0.40464083041967563,0.4252833017044433,0.9726072607260726
untouched,hashemi,gaussian_noise,5,common,pooled,0.4754603579169798,0.47030111977760414,0.9534653465346534
untouched,hashemi,shot_noise,1,common,pooled,0.4381962552690913,0.4527082242762692,0.9617161716171617
untouched,hashemi,shot_noise,2,common,pooled,0.4089825071616072,0.43314353618403956,0.970957095709571
untouched,hashemi,shot_noise,3,common,pooled,0.3878884423095775,0.4182253231128161,0.976897689768977
untouched,hashemi,shot_noise,4,common,pooled,0.4029778126327484,0.42237971145938624,0.9732673267326732
untouched,hashemi,shot_noise,5,common,pooled,0.44290625102114173,0.4471839370770073,0.9600660066006601
untouched,hashemi,impulse_noise,1,common,pooled,0.42519943578516267,0.4428506281814737,0.9696369636963696
untouched,hashemi,impulse_noise,2,common,pooled,0.4050298445686153,0.4307233824118508,0.9808580858085808
untouched,hashemi,impulse_noise,3,common,pooled,0.40352116894857804,0.42847024583754284,0.9801980198019802
untouched,hashemi,impulse_noise,4,common,pooled,0.43349731507804246,0.442062918634416,0.968976897689769
untouched,hashemi,impulse_noise,5,common,pooled,0.5053112984565783,0.4916385847505761,0.9429042904290429
untouched,hashemi,defocus_blur,1,common,pooled,0.38462372969970265,0.4117837957570104,0.9656765676567657
untouched,hashemi,defocus_blur,2,common,pooled,0.3513643542572079,0.39435552458557416,0.9663366336633663
untouched,hashemi,defocus_blur,3,common,pooled,0.33225990915923276,0.3852978987569813,0.9663366336633663
untouched,hashemi,defocus_blur,4,common,pooled,0.34331154897667987,0.3904839506345482,0.9656765676567657
untouched,hashemi,defocus_blur,5,common,pooled,0.37270697861865393,0.4053339708566077,0.9643564356435643
untouched,hashemi,glass_blur,1,common,pooled,0.3958053132045878,0.41837387199419374,0.9627062706270627
untouched,hashemi,glass_blur,2,common,pooled,0.36044554455445543,0.399218974311571,0.9650165016501651
untouched,hashemi,glass_blur,3,common,pooled,0.3754458713198052,0.4091977321327175,0.9623762376237623
untouched,hashemi,glass_blur,4,common,pooled,0.3532620440261848,0.3968753334387669,0.9653465346534653
untouched,hashemi,glass_blur,5,common,pooled,0.35496509056846276,0.39768172033687554,0.9600660066006601
untouched,hashemi,motion_blur,1,common,pooled,0.4336173468832032,0.44374094573022677,0.9663366336633663
untouched,hashemi,motion_blur,2,common,pooled,0.3995917611563137,0.4201231259156962,0.9656765676567657
untouched,hashemi,motion_blur,3,common,pooled,0.3836666339901317,0.41017520114158845,0.9613861386138614
untouched,hashemi,motion_blur,4,common,pooled,0.40003736017166075,0.4201709789701732,0.9577557755775578
untouched,hashemi,motion_blur,5,common,pooled,0.4288959688048013,0.4375282619130734,0.9485148514851485
untouched,hashemi,zoom_blur,1,common,pooled,0.395776285549347,0.41499934182380105,0.9570957095709571
untouched,hashemi,zoom_blur,2,common,pooled,0.4067571806685619,0.419417111123272,0.9511551155115512
untouched,hashemi,zoom_blur,3,common,pooled,0.436184578853925,0.4339982317839083,0.9323432343234324
untouched,hashemi,zoom_blur,4,common,pooled,0.44682634600093674,0.43832349556734057,0.9221122112211221
untouched,hashemi,zoom_blur,5,common,pooled,0.4442535590192683,0.43633871569927796,0.9135313531353135
untouched,hashemi,snow,1,common,pooled,0.4531918983977606,0.46812368251605835,0.9577557755775578
untouched,hashemi,snow,2,common,pooled,0.42213927828426406,0.44961165809638287,0.967986798679868
untouched,hashemi,snow,3,common,pooled,0.45644871417834854,0.48280279746737936,0.968976897689769
untouched,hashemi,snow,4,common,pooled,0.46852781317735737,0.4939232094082951,0.9650165016501651
untouched,hashemi,snow,5,common,pooled,0.4517475410907427,0.4772955089416627,0.9650165016501651
untouched,hashemi,frost,1,common,pooled,0.4652348898256162,0.47398423364749365,0.9531353135313532
untouched,hashemi,frost,2,common,pooled,0.43125042207191017,0.44876016509148686,0.9613861386138614
untouched,hashemi,frost,3,common,pooled,0.41602511736322145,0.44084460096305367,0.9643564356435643
untouched,hashemi,frost,4,common,pooled,0.40334487904235966,0.4336789042139044,0.9656765676567657
untouched,hashemi,frost,5,common,pooled,0.3968881046520494,0.4303741715167454,0.968976897689769
untouched,hashemi,fog,1,common,pooled,0.47680456164428325,0.4786431288688525,0.9481848184818482
untouched,hashemi,fog,2,common,pooled,0.46953670119487195,0.47254656015621854,0.9481848184818482
untouched,hashemi,fog,3,common,pooled,0.4614379309218051,0.46603099680605464,0.9514851485148514
untouched,hashemi,fog,4,common,pooled,0.4555094271803418,0.4629674355852011,0.9498349834983498
untouched,hashemi,fog,5,common,pooled,0.43047773094141095,0.4481603402879638,0.9656765676567657
untouched,hashemi,brightness,1,common,pooled,0.5028724852683288,0.5025111136791547,0.9544554455445544
untouched,hashemi,brightness,2,common,pooled,0.5048911326776242,0.5031122898428081,0.9409240924092409
untouched,hashemi,brightness,3,common,pooled,0.5029257480203466,0.5017183798457354,0.9429042904290429
untouched,hashemi,brightness,4,common,pooled,0.5017685629949133,0.49937304420875767,0.9409240924092409
untouched,hashemi,brightness,5,common,pooled,0.49618664836780707,0.4937907384305924,0.9382838283828383
untouched,hashemi,contrast,1,common,pooled,0.4769768759054123,0.47956262641503244,0.9481848184818482
untouched,hashemi,contrast,2,common,pooled,0.4633825659793702,0.46791939497940604,0.9481848184818482
untouched,hashemi,contrast,3,common,pooled,0.4370726181529044,0.4482844220174445,0.9528052805280528
untouched,hashemi,contrast,4,common,pooled,0.38368073936106484,0.41476186500128465,0.9607260726072607
untouched,hashemi,contrast,5,common,pooled,0.33408925050920935,0.3910158350897485,0.9805280528052805
untouched,hashemi,elastic_transform,1,common,pooled,0.4881239856658933,0.481840191860539,0.9468646864686469
untouched,hashemi,elastic_transform,2,common,pooled,0.49196315176072064,0.48399099946839175,0.934983498349835
untouched,hashemi,elastic_transform,3,common,pooled,0.515257218791186,0.5077811550643037,0.9214521452145215
untouched,hashemi,elastic_transform,4,common,pooled,0.5411574573298914,0.543769752288638,0.9188118811881189
untouched,hashemi,elastic_transform,5,common,pooled,0.5803191952858652,0.5977233185856241,0.9155115511551155
untouched,hashemi,pixelate,1,common,pooled,0.46778257033624154,0.4717879583965272,0.9564356435643564
untouched,hashemi,pixelate,2,common,pooled,0.4536826999531636,0.4595224729165573,0.9537953795379538
untouched,hashemi,pixelate,3,common,pooled,0.42725103203389647,0.43242305704768097,0.9465346534653465
untouched,hashemi,pixelate,4,common,pooled,0.377015434216689,0.4025810583113202,0.9481848184818482
untouched,hashemi,pixelate,5,common,pooled,0.28490463897874935,0.36723200546649637,0.9686468646864687
untouched,hashemi,jpeg_compression,1,common,pooled,0.4177590432310558,0.43689674345082685,0.9646864686468647
untouched,hashemi,jpeg_compression,2,common,pooled,0.41188195057129473,0.4315076295878986,0.9630363036303631
untouched,hashemi,jpeg_compression,3,common,pooled,0.4161705279438835,0.43257918130962375,0.9564356435643564
untouched,hashemi,jpeg_compression,4,common,pooled,0.4407736714265486,0.4430227462051076,0.9382838283828383
untouched,hashemi,jpeg_compression,5,common,pooled,0.4826637366706968,0.4673297262479956,0.9168316831683169
untouched,hashemi,speckle_noise,1,extra,pooled,0.45358646755764687,0.4641024928526248,0.9617161716171617
untouched,hashemi,speckle_noise,2,extra,pooled,0.4363343463059177,0.4524958154613522,0.9630363036303631
untouched,hashemi,speckle_noise,3,extra,pooled,0.40387418444814777,0.42904601723499813,0.9732673267326732
untouched,hashemi,speckle_noise,4,extra,pooled,0.3925666873618055,0.4202005359323485,0.9788778877887789
untouched,hashemi,speckle_noise,5,extra,pooled,0.3874564040562472,0.4147976667541559,0.9726072607260726
untouched,hashemi,gaussian_blur,1,extra,pooled,0.43012084871853523,0.4420825671153796,0.9630363036303631
untouched,hashemi,gaussian_blur,2,extra,pooled,0.35698793146641394,0.3973046148526493,0.966006600660066
untouched,hashemi,gaussian_blur,3,extra,pooled,0.3292080841747541,0.3842228193701247,0.966996699669967
untouched,hashemi,gaussian_blur,4,extra,pooled,0.3330879325556318,0.3860991998944491,0.9650165016501651
untouched,hashemi,gaussian_blur,5,extra,pooled,0.3901385485083162,0.4147777769797065,0.9564356435643564
untouched,hashemi,spatter,1,extra,pooled,0.5063779150192247,0.5029462256742359,0.9429042904290429
untouched,hashemi,spatter,2,extra,pooled,0.4925578102364692,0.48802609215644266,0.9346534653465347
untouched,hashemi,spatter,3,extra,pooled,0.43630079839667135,0.451948636571207,0.9630363036303631
untouched,hashemi,spatter,4,extra,pooled,0.5301291267740635,0.4965855886909967,0.8696369636963697
untouched,hashemi,spatter,5,extra,pooled,0.46826514829700794,0.4569739289788287,0.9033003300330033
untouched,hashemi,saturate,1,extra,pooled,0.49509318258558527,0.4944472320805054,0.9481848184818482
untouched,hashemi,saturate,2,extra,pooled,0.48710774542800817,0.4872748275640644,0.9501650165016502
untouched,hashemi,saturate,3,extra,pooled,0.4954062237906959,0.4969369640310858,0.9504950495049505
untouched,hashemi,saturate,4,extra,pooled,0.4762598438061628,0.48060198139714,0.9577557755775578
untouched,hashemi,saturate,5,extra,pooled,0.46684121382435273,0.4724949007340226,0.9541254125412542
untouched,hashemi_enc,gaussian_noise,1,common,pooled,0.34701178533694954,0.3983858698836642,0.9881188118811881
untouched,hashemi_enc,gaussian_noise,2,common,pooled,0.286623206875143,0.3718877161197369,0.9947194719471947
untouched,hashemi_enc,gaussian_noise,3,common,pooled,0.20095312006448168,0.34279111969416604,0.998019801980198
untouched,hashemi_enc,gaussian_noise,4,common,pooled,0.10389264669041162,0.31965013815855936,0.9996699669966996
untouched,hashemi_enc,gaussian_noise,5,common,pooled,0.023819396791164266,0.3083004646746125,1.0
untouched,hashemi_enc,shot_noise,1,common,pooled,0.3507034168763411,0.401367193828124,0.9907590759075907
untouched,hashemi_enc,shot_noise,2,common,pooled,0.2896309185373983,0.37419037548520007,0.9953795379537954
untouched,hashemi_enc,shot_noise,3,common,pooled,0.22080967007591848,0.34922540656923456,0.9986798679867986
untouched,hashemi_enc,shot_noise,4,common,pooled,0.11646581489832152,0.3219642796463301,0.9996699669966996
untouched,hashemi_enc,shot_noise,5,common,pooled,0.06096526484331601,0.3123627981922782,1.0
untouched,hashemi_enc,impulse_noise,1,common,pooled,0.3688901959502881,0.40851800551529593,0.9815181518151815
untouched,hashemi_enc,impulse_noise,2,common,pooled,0.2780094544107876,0.36863923962783485,0.9947194719471947
untouched,hashemi_enc,impulse_noise,3,common,pooled,0.22078227624742672,0.3487657808175849,0.9976897689768977
untouched,hashemi_enc,impulse_noise,4,common,pooled,0.10599739676937991,0.3201031574213313,0.9996699669966996
untouched,hashemi_enc,impulse_noise,5,common,pooled,0.027944863793310026,0.30870123106490693,1.0
untouched,hashemi_enc,defocus_blur,1,common,pooled,0.41761466740733477,0.44125196412142453,0.9693069306930693
untouched,hashemi_enc,defocus_blur,2,common,pooled,0.3781589495583222,0.4176042197700619,0.974917491749175
untouched,hashemi_enc,defocus_blur,3,common,pooled,0.3128566371488634,0.38548725023896363,0.9858085808580858
untouched,hashemi_enc,defocus_blur,4,common,pooled,0.2565150475443584,0.36362989670295237,0.9914191419141914
untouched,hashemi_enc,defocus_blur,5,common,pooled,0.20767593591042272,0.3488071648512245,0.9953795379537954
untouched,hashemi_enc,glass_blur,1,common,pooled,0.43612140421962986,0.45482324430253995,0.9630363036303631
untouched,hashemi_enc,glass_blur,2,common,pooled,0.3851020597109216,0.4231868830946958,0.9706270627062706
untouched,hashemi_enc,glass_blur,3,common,pooled,0.287747116295788,0.3794095850412649,0.9821782178217822
untouched,hashemi_enc,glass_blur,4,common,pooled,0.23967296234573954,0.3613704226103457,0.9907590759075907
untouched,hashemi_enc,glass_blur,5,common,pooled,0.18862938274025423,0.34502545421459585,0.9947194719471947
untouched,hashemi_enc,motion_blur,1,common,pooled,0.42741392456077293,0.45039377217096216,0.9742574257425742
untouched,hashemi_enc,motion_blur,2,common,pooled,0.38925225195786906,0.42600403724256414,0.9815181518151815
untouched,hashemi_enc,motion_blur,3,common,pooled,0.3419508435992114,0.3985967227181647,0.9900990099009901
untouched,hashemi_enc,motion_blur,4,common,pooled,0.29278785304273003,0.3756844729532811,0.994059405940594
untouched,hashemi_enc,motion_blur,5,common,pooled,0.2621239203128234,0.3636048300033915,0.995049504950495
untouched,hashemi_enc,zoom_blur,1,common,pooled,0.28942718034179654,0.3757359439664477,0.994059405940594
untouched,hashemi_enc,zoom_blur,2,common,pooled,0.24659978869174046,0.3588357802875307,0.9953795379537954
untouched,hashemi_enc,zoom_blur,3,common,pooled,0.23404410243004498,0.35493308511301247,0.9943894389438944
untouched,hashemi_enc,zoom_blur,4,common,pooled,0.20531494733631778,0.34600851308760083,0.9963696369636964
untouched,hashemi_enc,zoom_blur,5,common,pooled,0.20055168883224955,0.34465859450501446,0.9953795379537954
untouched,hashemi_enc,snow,1,common,pooled,0.4477180341796556,0.4526416372378934,0.9666666666666667
untouched,hashemi_enc,snow,2,common,pooled,0.32814773061464564,0.3909769599269579,0.9914191419141914
untouched,hashemi_enc,snow,3,common,pooled,0.44322217865350894,0.4473477584056941,0.9597359735973597
untouched,hashemi_enc,snow,4,common,pooled,0.45197453408707206,0.4508976002818799,0.9504950495049505
untouched,hashemi_enc,snow,5,common,pooled,0.3181524142513261,0.3884964446204606,0.9927392739273927
untouched,hashemi_enc,frost,1,common,pooled,0.43105888311603435,0.44202231948638576,0.9630363036303631
untouched,hashemi_enc,frost,2,common,pooled,0.3870910803951682,0.4140564032957589,0.9666666666666667
untouched,hashemi_enc,frost,3,common,pooled,0.36455587142872703,0.40304097618815515,0.9742574257425742
untouched,hashemi_enc,frost,4,common,pooled,0.3553622738511475,0.398586819622071,0.9735973597359736
untouched,hashemi_enc,frost,5,common,pooled,0.342842422856147,0.3922702837381219,0.9762376237623762
untouched,hashemi_enc,fog,1,common,pooled,0.49505587687481617,0.5149604677960635,0.9666666666666667
untouched,hashemi_enc,fog,2,common,pooled,0.48565342177782134,0.5095963038079768,0.9623762376237623
untouched,hashemi_enc,fog,3,common,pooled,0.4648773540720409,0.49217843902614167,0.9732673267326732
untouched,hashemi_enc,fog,4,common,pooled,0.4243809430447995,0.45388071525393314,0.9808580858085808
untouched,hashemi_enc,fog,5,common,pooled,0.341343822501062,0.39678041818802023,0.9907590759075907
untouched,hashemi_enc,brightness,1,common,pooled,0.5013478526070428,0.49900689277716476,0.9448844884488449
untouched,hashemi_enc,brightness,2,common,pooled,0.4958769837379778,0.49117837668668274,0.9386138613861386
untouched,hashemi_enc,brightness,3,common,pooled,0.4862722608894553,0.4816416909207018,0.9429042904290429
untouched,hashemi_enc,brightness,4,common,pooled,0.4708279144746158,0.4699992435919571,0.9514851485148514
untouched,hashemi_enc,brightness,5,common,pooled,0.4517118692067226,0.45662953856234356,0.9620462046204621
untouched,hashemi_enc,contrast,1,common,pooled,0.5101905041989347,0.5298269441905896,0.9597359735973597
untouched,hashemi_enc,contrast,2,common,pooled,0.505746114215382,0.5317462761816334,0.9603960396039604
untouched,hashemi_enc,contrast,3,common,pooled,0.4933743968456252,0.5287215593874874,0.96996699669967
untouched,hashemi_enc,contrast,4,common,pooled,0.47127623653454453,0.5227760331715698,0.9716171617161716
untouched,hashemi_enc,contrast,5,common,pooled,0.5024103846028167,0.5675523572741427,0.968976897689769
untouched,hashemi_enc,elastic_transform,1,common,pooled,0.4670768661024518,0.47402262793052585,0.9481848184818482
untouched,hashemi_enc,elastic_transform,2,common,pooled,0.44729378383382895,0.4581790585728851,0.9498349834983498
untouched,hashemi_enc,elastic_transform,3,common,pooled,0.4206611552244333,0.43758710395795336,0.9511551155115512
untouched,hashemi_enc,elastic_transform,4,common,pooled,0.4030354867169885,0.42427678435128,0.9610561056105611
untouched,hashemi_enc,elastic_transform,5,common,pooled,0.3891308041695259,0.41408506216623325,0.9666666666666667
untouched,hashemi_enc,pixelate,1,common,pooled,0.4742678822337679,0.4761791298418607,0.9504950495049505
untouched,hashemi_enc,pixelate,2,common,pooled,0.4542623272228213,0.46026652325314793,0.9610561056105611
untouched,hashemi_enc,pixelate,3,common,pooled,0.35500283196636495,0.4016654056407774,0.9831683168316832
untouched,hashemi_enc,pixelate,4,common,pooled,0.2212256423662168,0.3501658301556496,0.997029702970297
untouched,hashemi_enc,pixelate,5,common,pooled,0.12258923417094185,0.32390923276753547,0.9993399339933994
untouched,hashemi_enc,jpeg_compression,1,common,pooled,0.4171937391758978,0.4316987524935942,0.9524752475247524
untouched,hashemi_enc,jpeg_compression,2,common,pooled,0.4332003398359638,0.43738480246393535,0.9396039603960396
untouched,hashemi_enc,jpeg_compression,3,common,pooled,0.4451991634807045,0.441582599182694,0.9277227722772278
untouched,hashemi_enc,jpeg_compression,4,common,pooled,0.47728283719461057,0.4544244506788475,0.8927392739273927
untouched,hashemi_enc,jpeg_compression,5,common,pooled,0.49747001927915563,0.4651754464989319,0.8950495049504951
untouched,hashemi_enc,speckle_noise,1,extra,pooled,0.37469981156531496,0.4144945029708851,0.9858085808580858
untouched,hashemi_enc,speckle_noise,2,extra,pooled,0.34494080101079416,0.39968043595380026,0.9910891089108911
untouched,hashemi_enc,speckle_noise,3,extra,pooled,0.2692287793135749,0.3673933870213011,0.9976897689768977
untouched,hashemi_enc,speckle_noise,4,extra,pooled,0.22567460706466685,0.35165487684815167,0.9986798679867986
untouched,hashemi_enc,speckle_noise,5,extra,pooled,0.17255236414730582,0.33534458226322517,0.9996699669966996
untouched,hashemi_enc,gaussian_blur,1,extra,pooled,0.45946639218377283,0.469129980307386,0.9514851485148514
untouched,hashemi_enc,gaussian_blur,2,extra,pooled,0.3831789911664434,0.42071063038009204,0.974917491749175
untouched,hashemi_enc,gaussian_blur,3,extra,pooled,0.31853521985861954,0.38845046469330247,0.9851485148514851
untouched,hashemi_enc,gaussian_blur,4,extra,pooled,0.25890577176529533,0.36521967527805405,0.9914191419141914
untouched,hashemi_enc,gaussian_blur,5,extra,pooled,0.16644196102778594,0.33845624995197604,0.998019801980198
untouched,hashemi_enc,spatter,1,extra,pooled,0.4594720561165027,0.46191488245979156,0.9597359735973597
untouched,hashemi_enc,spatter,2,extra,pooled,0.5156207997037328,0.493845457471876,0.9224422442244224
untouched,hashemi_enc,spatter,3,extra,pooled,0.4637166835495431,0.4549960458756758,0.9346534653465347
untouched,hashemi_enc,spatter,4,extra,pooled,0.6588101384395866,0.6519153468074764,0.8422442244224423
untouched,hashemi_enc,spatter,5,extra,pooled,0.6090852204032284,0.5953893778507617,0.8745874587458746
untouched,hashemi_enc,saturate,1,extra,pooled,0.49116595322898626,0.48948543017357754,0.9531353135313532
untouched,hashemi_enc,saturate,2,extra,pooled,0.4756289688374778,0.4737583105800578,0.9594059405940594
untouched,hashemi_enc,saturate,3,extra,pooled,0.47717081114052,0.47454702246265645,0.9452145214521452
untouched,hashemi_enc,saturate,4,extra,pooled,0.45438464638543064,0.45700142301575186,0.9501650165016502
untouched,hashemi_enc,saturate,5,extra,pooled,0.45060576849764183,0.4535739906607073,0.9514851485148514
untouched,cdf,gaussian_noise,1,common,pooled,0.8950281562809747,0.8308266301869668,0.25544554455445545
untouched,cdf,gaussian_noise,2,common,pooled,0.9667064231175593,0.9364788063529077,0.08283828382838283
untouched,cdf,gaussian_noise,3,common,pooled,0.9915635721988041,0.9838116877569536,0.02013201320132013
untouched,cdf,gaussian_noise,4,common,pooled,0.9983885022165583,0.9976854585710165,0.0046204620462046205
untouched,cdf,gaussian_noise,5,common,pooled,0.999960897079807,0.9999601180698314,0.00033003300330033004
untouched,cdf,shot_noise,1,common,pooled,0.8776343277892146,0.8208508698855799,0.3204620462046205
untouched,cdf,shot_noise,2,common,pooled,0.9612785238919932,0.9357594165948132,0.10495049504950495
untouched,cdf,shot_noise,3,common,pooled,0.9883539740112625,0.9808566852712638,0.0297029702970297
untouched,cdf,shot_noise,4,common,pooled,0.9981959285037415,0.9977267748540533,0.005940594059405941
untouched,cdf,shot_noise,5,common,pooled,0.9996466577350804,0.999629865765219,0.0013201320132013201
untouched,cdf,impulse_noise,1,common,pooled,0.9688174361990655,0.9416150625166569,0.07821782178217822
untouched,cdf,impulse_noise,2,common,pooled,0.9840189959590019,0.9680878434739514,0.03564356435643564
untouched,cdf,impulse_noise,3,common,pooled,0.9915738108464311,0.9833411744216118,0.019471947194719473
untouched,cdf,impulse_noise,4,common,pooled,0.9987189709069917,0.9981139405919524,0.0039603960396039604
untouched,cdf,impulse_noise,5,common,pooled,0.999979631626529,0.9999794018282564,0.0
untouched,cdf,defocus_blur,1,common,pooled,0.7960756570706575,0.7139647904435529,0.46204620462046203
untouched,cdf,defocus_blur,2,common,pooled,0.8760372076811641,0.7996161027144802,0.2848184818481848
untouched,cdf,defocus_blur,3,common,pooled,0.9387262686664706,0.884170322174973,0.13333333333333333
untouched,cdf,defocus_blur,4,common,pooled,0.9658036793778387,0.9280954946535266,0.0745874587458746
untouched,cdf,defocus_blur,5,common,pooled,0.9782323083793528,0.9509895946887599,0.04356435643564356
untouched,cdf,glass_blur,1,common,pooled,0.6794333888834428,0.6166164983662736,0.7217821782178218
untouched,cdf,glass_blur,2,common,pooled,0.8007574420808418,0.7195749183694138,0.4656765676567657
untouched,cdf,glass_blur,3,common,pooled,0.9028290254768051,0.8280442032798292,0.21617161716171618
untouched,cdf,glass_blur,4,common,pooled,0.929512901785228,0.865626408471095,0.14752475247524752
untouched,cdf,glass_blur,5,common,pooled,0.9633458593384091,0.9200871111823666,0.07491749174917492
untouched,cdf,motion_blur,1,common,pooled,0.7075853129867442,0.6460058451238317,0.695049504950495
untouched,cdf,motion_blur,2,common,pooled,0.8118800989009792,0.7432446924337027,0.4643564356435644
untouched,cdf,motion_blur,3,common,pooled,0.893726649892712,0.8367371249915587,0.2801980198019802
untouched,cdf,motion_blur,4,common,pooled,0.9425571567057696,0.9014843397560973,0.14983498349834984
untouched,cdf,motion_blur,5,common,pooled,0.960051737847052,0.9273264250576807,0.10726072607260725
untouched,cdf,zoom_blur,1,common,pooled,0.7861942728926358,0.7053505772631333,0.504950495049505
untouched,cdf,zoom_blur,2,common,pooled,0.8475348822010914,0.7674949627300207,0.3683168316831683
untouched,cdf,zoom_blur,3,common,pooled,0.8130388088313781,0.7371227295284043,0.466006600660066
untouched,cdf,zoom_blur,4,common,pooled,0.8493169514971299,0.7743574364465798,0.3798679867986799
untouched,cdf,zoom_blur,5,common,pooled,0.8291337450576741,0.7552640503750649,0.43234323432343236
untouched,cdf,snow,1,common,pooled,0.8297506780381009,0.7606217354197006,0.4524752475247525
untouched,cdf,snow,2,common,pooled,0.9191918003681556,0.8795701818100558,0.24422442244224424
untouched,cdf,snow,3,common,pooled,0.912610310536004,0.8625931906060407,0.2528052805280528
untouched,cdf,snow,4,common,pooled,0.9361308804147741,0.8953819916099193,0.19372937293729373
untouched,cdf,snow,5,common,pooled,0.9317617009225675,0.8966049256868411,0.20462046204620463
untouched,cdf,frost,1,common,pooled,0.5444628522258167,0.5255967604481642,0.9075907590759076
untouched,cdf,frost,2,common,pooled,0.6605686806304393,0.5982023051531546,0.7693069306930693
untouched,cdf,frost,3,common,pooled,0.7345645851713885,0.6580628544910507,0.633993399339934
untouched,cdf,frost,4,common,pooled,0.7447236109749589,0.6662884451096065,0.6264026402640264
untouched,cdf,frost,5,common,pooled,0.7854451088673223,0.7041417164330397,0.5514851485148515
untouched,cdf,fog,1,common,pooled,0.6390346262349007,0.5976720299763031,0.8188118811881188
untouched,cdf,fog,2,common,pooled,0.6930341251946976,0.6419425063271634,0.7465346534653465
untouched,cdf,fog,3,common,pooled,0.7350392663028679,0.6793912050710836,0.6745874587458746
untouched,cdf,fog,4,common,pooled,0.7258062935006372,0.6664941248952533,0.69009900990099
untouched,cdf,fog,5,common,pooled,0.7533935670794802,0.6872258544819908,0.6198019801980198
untouched,cdf,brightness,1,common,pooled,0.5106248842706053,0.5105944621766791,0.9399339933993399
untouched,cdf,brightness,2,common,pooled,0.5451083227134594,0.535050112093254,0.9092409240924092
untouched,cdf,brightness,3,common,pooled,0.5905816423226481,0.567122580925196,0.8749174917491749
untouched,cdf,brightness,4,common,pooled,0.6465417333812589,0.6080824481838921,0.7973597359735973
untouched,cdf,brightness,5,common,pooled,0.7036687035040138,0.6535790416069607,0.6993399339933993
untouched,cdf,contrast,1,common,pooled,0.6657354943415134,0.6278751735584642,0.7937293729372937
untouched,cdf,contrast,2,common,pooled,0.750662244442266,0.704574253828735,0.6600660066006601
untouched,cdf,contrast,3,common,pooled,0.853245651297803,0.8085430986118763,0.4363036303630363
untouched,cdf,contrast,4,common,pooled,0.9553531788822447,0.9317377761097253,0.1429042904290429
untouched,cdf,contrast,5,common,pooled,0.9894589855025107,0.9827971723366898,0.03135313531353135
untouched,cdf,elastic_transform,1,common,pooled,0.5218072302279733,0.5062736218377772,0.933993399339934
untouched,cdf,elastic_transform,2,common,pooled,0.5566790837499591,0.5269501498716328,0.9033003300330033
untouched,cdf,elastic_transform,3,common,pooled,0.6139497217048437,0.5645808636869191,0.8462046204620463
untouched,cdf,elastic_transform,4,common,pooled,0.6604226165190776,0.5988193342538534,0.7871287128712872
untouched,cdf,elastic_transform,5,common,pooled,0.7203181605289242,0.6480025589367768,0.6755775577557755
untouched,cdf,pixelate,1,common,pooled,0.5679826596521038,0.5404379594796667,0.8792079207920792
untouched,cdf,pixelate,2,common,pooled,0.6252493764227908,0.5824827330348935,0.8042904290429043
untouched,cdf,pixelate,3,common,pooled,0.8095517868618545,0.7504167809663734,0.4887788778877888
untouched,cdf,pixelate,4,common,pooled,0.930218714940801,0.8921921049633923,0.20033003300330032
untouched,cdf,pixelate,5,common,pooled,0.9712828807633238,0.9529717873196639,0.08283828382838283
untouched,cdf,jpeg_compression,1,common,pooled,0.6323498785522117,0.5717401440654999,0.7656765676567657
untouched,cdf,jpeg_compression,2,common,pooled,0.7328133407400146,0.6484680571489092,0.5861386138613861
untouched,cdf,jpeg_compression,3,common,pooled,0.7921387881362394,0.7030602972566128,0.4739273927392739
untouched,cdf,jpeg_compression,4,common,pooled,0.8948807851082138,0.8205906828435644,0.25511551155115514
untouched,cdf,jpeg_compression,5,common,pooled,0.9440022220043787,0.892620191982396,0.13762376237623763
untouched,cdf,speckle_noise,1,extra,pooled,0.7864331383633413,0.7345110048458394,0.5620462046204621
untouched,cdf,speckle_noise,2,extra,pooled,0.866183380714309,0.8228622356506317,0.4099009900990099
untouched,cdf,speckle_noise,3,extra,pooled,0.9642541580890762,0.9502818923417605,0.12112211221122113
untouched,cdf,speckle_noise,4,extra,pooled,0.9827577906305482,0.9766846317894734,0.060396039603960394
untouched,cdf,speckle_noise,5,extra,pooled,0.9927243516430851,0.9908992957259235,0.02574257425742574
untouched,cdf,gaussian_blur,1,extra,pooled,0.6417656221067651,0.5847587300136116,0.7897689768976898
untouched,cdf,gaussian_blur,2,extra,pooled,0.8683000577285451,0.7901710584585713,0.30627062706270625
untouched,cdf,gaussian_blur,3,extra,pooled,0.9399941182237036,0.8853177827848118,0.12805280528052806
untouched,cdf,gaussian_blur,4,extra,pooled,0.9675136424533543,0.9304796989315147,0.06963696369636964
untouched,cdf,gaussian_blur,5,extra,pooled,0.9865314947336318,0.9676501350421721,0.02442244224422442
untouched,cdf,spatter,1,extra,pooled,0.48750699822457494,0.48729332214120546,0.9455445544554455
untouched,cdf,spatter,2,extra,pooled,0.7387140694267447,0.6541441872051417,0.5966996699669967
untouched,cdf,spatter,3,extra,pooled,0.8703229530873879,0.7942073101992864,0.334983498349835
untouched,cdf,spatter,4,extra,pooled,0.9554524066268013,0.9343892751079729,0.14356435643564355
untouched,cdf,spatter,5,extra,pooled,0.9815347079262382,0.9726654465853725,0.058085808580858087
untouched,cdf,saturate,1,extra,pooled,0.5255418858717555,0.5125302241946821,0.9224422442244224
untouched,cdf,saturate,2,extra,pooled,0.5781233321351937,0.5465405302943874,0.8778877887788779
untouched,cdf,saturate,3,extra,pooled,0.5607885392499646,0.5401603965402004,0.9023102310231023
untouched,cdf,saturate,4,extra,pooled,0.6812778703612935,0.6240459807994829,0.7316831683168317
untouched,cdf,saturate,5,extra,pooled,0.7787924931106972,0.716037598960364,0.5656765676567657
untouched,cdf_sum,gaussian_noise,1,common,pooled,0.7877081222973783,0.7222698701967419,0.5171617161716172
untouched,cdf_sum,gaussian_noise,2,common,pooled,0.90407160518032,0.8542772667578796,0.25511551155115514
untouched,cdf_sum,gaussian_noise,3,common,pooled,0.9703791567275539,0.9513447616636782,0.07854785478547854
untouched,cdf_sum,gaussian_noise,4,common,pooled,0.9935433345314729,0.9900585132407631,0.02013201320132013
untouched,cdf_sum,gaussian_noise,5,common,pooled,0.9993858989859382,0.9992477379313179,0.0019801980198019802
untouched,cdf_sum,shot_noise,1,common,pooled,0.7696482915618295,0.7141082429687239,0.5735973597359736
untouched,cdf_sum,shot_noise,2,common,pooled,0.895795619165877,0.8522521593519451,0.29042904290429045
untouched,cdf_sum,shot_noise,3,common,pooled,0.9621012101210121,0.9425195088751436,0.10627062706270628
untouched,cdf_sum,shot_noise,4,common,pooled,0.9932280059689137,0.9903573245810615,0.02277227722772277
untouched,cdf_sum,shot_noise,5,common,pooled,0.9982880763323857,0.9978409409985188,0.005940594059405941
untouched,cdf_sum,impulse_noise,1,common,pooled,0.9173482991863543,0.8721779912191162,0.22871287128712872
untouched,cdf_sum,impulse_noise,2,common,pooled,0.9533094794627978,0.9235196840106623,0.1231023102310231
untouched,cdf_sum,impulse_noise,3,common,pooled,0.9742068860351382,0.9568602452958185,0.06963696369636964
untouched,cdf_sum,impulse_noise,4,common,pooled,0.9951172542996874,0.9921579850086645,0.01485148514851485
untouched,cdf_sum,impulse_noise,5,common,pooled,0.999439597425089,0.9992791846621801,0.0019801980198019802
untouched,cdf_sum,defocus_blur,1,common,pooled,0.6857869054232156,0.6231583873594956,0.6996699669966997
untouched,cdf_sum,defocus_blur,2,common,pooled,0.7660808853162544,0.6902128658448569,0.5353135313531353
untouched,cdf_sum,defocus_blur,3,common,pooled,0.8630347787253972,0.7889406598346321,0.3306930693069307
untouched,cdf_sum,defocus_blur,4,common,pooled,0.9207577688461915,0.8615774811130879,0.18514851485148515
untouched,cdf_sum,defocus_blur,5,common,pooled,0.9505411234192727,0.906340154763878,0.11221122112211221
untouched,cdf_sum,glass_blur,1,common,pooled,0.6075537256695966,0.5739345850662513,0.8458745874587459
untouched,cdf_sum,glass_blur,2,common,pooled,0.7180577067607751,0.656618946668641,0.6627062706270627
untouched,cdf_sum,glass_blur,3,common,pooled,0.8834884379527062,0.812174347803871,0.29042904290429045
untouched,cdf_sum,glass_blur,4,common,pooled,0.9169729547212147,0.8540758057291263,0.200990099009901
untouched,cdf_sum,glass_blur,5,common,pooled,0.9497355379102267,0.9017199963257229,0.11056105610561057
untouched,cdf_sum,motion_blur,1,common,pooled,0.6157007482926511,0.574224899055672,0.8237623762376237
untouched,cdf_sum,motion_blur,2,common,pooled,0.7006826128157371,0.6429605515950507,0.6864686468646864
untouched,cdf_sum,motion_blur,3,common,pooled,0.8035899530547114,0.7391341347859774,0.5023102310231023
untouched,cdf_sum,motion_blur,4,common,pooled,0.8885197529653955,0.8326555775647442,0.3108910891089109
untouched,cdf_sum,motion_blur,5,common,pooled,0.9233600191702338,0.8765282533344136,0.2165016501650165
untouched,cdf_sum,zoom_blur,1,common,pooled,0.7214184883834918,0.6441251125682309,0.6207920792079208
untouched,cdf_sum,zoom_blur,2,common,pooled,0.7959188097027524,0.7091061602973653,0.46534653465346537
untouched,cdf_sum,zoom_blur,3,common,pooled,0.7829929527606226,0.7003303508785345,0.5085808580858086
untouched,cdf_sum,zoom_blur,4,common,pooled,0.8240440479691533,0.7389342647068561,0.4171617161716172
untouched,cdf_sum,zoom_blur,5,common,pooled,0.8166318116960211,0.7339816942862492,0.44785478547854785
untouched,cdf_sum,snow,1,common,pooled,0.7448677144942217,0.6861773773801407,0.6465346534653466
untouched,cdf_sum,snow,2,common,pooled,0.8587271400407367,0.8134033017400646,0.43333333333333335
untouched,cdf_sum,snow,3,common,pooled,0.8547707741071137,0.800562236087016,0.42343234323432344
untouched,cdf_sum,snow,4,common,pooled,0.8967577252774782,0.849720827536909,0.3178217821782178
untouched,cdf_sum,snow,5,common,pooled,0.8915997342308488,0.8497375037546036,0.333993399339934
untouched,cdf_sum,frost,1,common,pooled,0.5222130727924278,0.5213949618628693,0.9379537953795379
untouched,cdf_sum,frost,2,common,pooled,0.6394113866832227,0.6031691620763466,0.8366336633663366
untouched,cdf_sum,frost,3,common,pooled,0.7233228768421397,0.6742165229271895,0.7234323432343235
untouched,cdf_sum,frost,4,common,pooled,0.7348002919103792,0.6848702534774946,0.7148514851485148
untouched,cdf_sum,frost,5,common,pooled,0.7827831694060495,0.7288021340976577,0.6386138613861386
untouched,cdf_sum,fog,1,common,pooled,0.5815230532954285,0.5577636989038315,0.8907590759075907
untouched,cdf_sum,fog,2,common,pooled,0.6187688570837282,0.584990401865931,0.8547854785478548
untouched,cdf_sum,fog,3,common,pooled,0.6502821074186627,0.6088998122484155,0.8128712871287128
untouched,cdf_sum,fog,4,common,pooled,0.639345489004346,0.5941303510979496,0.8237623762376237
untouched,cdf_sum,fog,5,common,pooled,0.6588483699855134,0.6060833658062836,0.7838283828382838
untouched,cdf_sum,brightness,1,common,pooled,0.5038509296474202,0.5071138638853934,0.9438943894389439
untouched,cdf_sum,brightness,2,common,pooled,0.524888191789476,0.5226288566390161,0.9316831683168317
untouched,cdf_sum,brightness,3,common,pooled,0.5571750046291758,0.5454167380048299,0.9178217821782179
untouched,cdf_sum,brightness,4,common,pooled,0.602626975568844,0.5781029726260577,0.865016501650165
untouched,cdf_sum,brightness,5,common,pooled,0.6547203433214609,0.6181384848543847,0.7798679867986799
untouched,cdf_sum,contrast,1,common,pooled,0.6099955886677777,0.5860310353272077,0.8792079207920792
untouched,cdf_sum,contrast,2,common,pooled,0.6728102909300832,0.6387812654395529,0.7930693069306931
untouched,cdf_sum,contrast,3,common,pooled,0.7640073413281923,0.7226244241847173,0.6386138613861386
untouched,cdf_sum,contrast,4,common,pooled,0.899701881079197,0.8669293128193609,0.3237623762376238
untouched,cdf_sum,contrast,5,common,pooled,0.9748574758465945,0.9631702550193872,0.08151815181518152
untouched,cdf_sum,elastic_transform,1,common,pooled,0.5221969523685042,0.5097544190457735,0.9313531353135314
untouched,cdf_sum,elastic_transform,2,common,pooled,0.5659078086026424,0.5361458286703745,0.8996699669966997
untouched,cdf_sum,elastic_transform,3,common,pooled,0.6375764903222996,0.5849983145560906,0.8198019801980198
untouched,cdf_sum,elastic_transform,4,common,pooled,0.6942757246021631,0.6297274242194602,0.7277227722772277
untouched,cdf_sum,elastic_transform,5,common,pooled,0.7636789421516409,0.6917932923040104,0.6108910891089109
untouched,cdf_sum,pixelate,1,common,pooled,0.5283401409447875,0.5174260440966384,0.9227722772277228
untouched,cdf_sum,pixelate,2,common,pooled,0.5773513489962858,0.553405916700556,0.8858085808580858
untouched,cdf_sum,pixelate,3,common,pooled,0.7617513533531571,0.7120265256279632,0.6396039603960396
untouched,cdf_sum,pixelate,4,common,pooled,0.9114488775610234,0.8715090671392189,0.2706270627062706
untouched,cdf_sum,pixelate,5,common,pooled,0.9642354235423543,0.943483259668826,0.10495049504950495
untouched,cdf_sum,jpeg_compression,1,common,pooled,0.5696669171867682,0.534914294748519,0.857095709570957
untouched,cdf_sum,jpeg_compression,2,common,pooled,0.6584035334226492,0.596193050372618,0.738943894389439
untouched,cdf_sum,jpeg_compression,3,common,pooled,0.7207912078336547,0.6455758159814119,0.6465346534653466
untouched,cdf_sum,jpeg_compression,4,common,pooled,0.8495598470738163,0.7698050550293516,0.37854785478547853
untouched,cdf_sum,jpeg_compression,5,common,pooled,0.9190327745645852,0.8567442988529371,0.21188118811881188
untouched,cdf_sum,speckle_noise,1,extra,pooled,0.6843584506965548,0.6456152748924913,0.7396039603960396
untouched,cdf_sum,speckle_noise,2,extra,pooled,0.7647386421810498,0.7204363249693806,0.6085808580858085
untouched,cdf_sum,speckle_noise,3,extra,pooled,0.9119332527312137,0.8837546673458928,0.2712871287128713
untouched,cdf_sum,speckle_noise,4,extra,pooled,0.9535768824407194,0.9377423119856084,0.1471947194719472
untouched,cdf_sum,speckle_noise,5,extra,pooled,0.97926161923123,0.9728690118547653,0.07293729372937294
untouched,cdf_sum,gaussian_blur,1,extra,pooled,0.5824353821520766,0.5478554431492261,0.8696369636963697
untouched,cdf_sum,gaussian_blur,2,extra,pooled,0.7582919975165834,0.6839415702909035,0.5511551155115512
untouched,cdf_sum,gaussian_blur,3,extra,pooled,0.8622208062390397,0.7885859257386105,0.3326732673267327
untouched,cdf_sum,gaussian_blur,4,extra,pooled,0.9217783659554074,0.8630998422202603,0.1844884488448845
untouched,cdf_sum,gaussian_blur,5,extra,pooled,0.9700191702338551,0.9394573121641078,0.066006600660066
untouched,cdf_sum,spatter,1,extra,pooled,0.4881995229225893,0.48749111519318444,0.9465346534653465
untouched,cdf_sum,spatter,2,extra,pooled,0.6934503153285626,0.6255591902073729,0.7069306930693069
untouched,cdf_sum,spatter,3,extra,pooled,0.7941843392260018,0.7206923491062193,0.525082508250825
untouched,cdf_sum,spatter,4,extra,pooled,0.9148184818481848,0.8769577100828556,0.25544554455445545
untouched,cdf_sum,spatter,5,extra,pooled,0.959622041412062,0.9373385785979521,0.11683168316831684
untouched,cdf_sum,saturate,1,extra,pooled,0.501356021740788,0.4983456189004414,0.9409240924092409
untouched,cdf_sum,saturate,2,extra,pooled,0.527364256227603,0.5146129516334155,0.9254125412541254
untouched,cdf_sum,saturate,3,extra,pooled,0.5337501225370062,0.519945626278523,0.9234323432343234
untouched,cdf_sum,saturate,4,extra,pooled,0.6115496302105458,0.5692780444404402,0.8204620462046205
untouched,cdf_sum,saturate,5,extra,pooled,0.6996867409513229,0.6425072627006977,0.7082508250825083
untouched,niqe,gaussian_noise,1,common,pooled,0.9109688592621639,0.835652538707446,0.24422442244224424
untouched,niqe,gaussian_noise,2,common,pooled,0.9655364942434838,0.9170131399623757,0.07491749174917492
untouched,niqe,gaussian_noise,3,common,pooled,0.9882815410253897,0.9704430737525708,0.02277227722772277
untouched,niqe,gaussian_noise,4,common,pooled,0.9980939777146032,0.9929859173888379,0.0033003300330033004
untouched,niqe,gaussian_noise,5,common,pooled,0.99950429696435,0.9973004283230431,0.0006600660066006601
untouched,niqe,shot_noise,1,common,pooled,0.8752702894051781,0.7966821392058244,0.34917491749174917
untouched,niqe,shot_noise,2,common,pooled,0.9500412813558584,0.8976662435196056,0.12706270627062707
untouched,niqe,shot_noise,3,common,pooled,0.979056301669771,0.95357664875867,0.046534653465346534
untouched,niqe,shot_noise,4,common,pooled,0.9955486934832097,0.9903802535584083,0.01287128712871287
untouched,niqe,shot_noise,5,common,pooled,0.9987466370399416,0.9963153044626453,0.0033003300330033004
untouched,niqe,impulse_noise,1,common,pooled,0.9924202420242024,0.9911140083696038,0.0372937293729373
untouched,niqe,impulse_noise,2,common,pooled,0.9971631321547997,0.9965818908384488,0.017161716171617162
untouched,niqe,impulse_noise,3,common,pooled,0.9981021468483482,0.9976322898402027,0.01155115511551155
untouched,niqe,impulse_noise,4,common,pooled,0.9987133069742617,0.9977728963195444,0.0049504950495049506
untouched,niqe,impulse_noise,5,common,pooled,0.9983315361239095,0.9949246633785991,0.0033003300330033004
untouched,niqe,defocus_blur,1,common,pooled,0.996550338202137,0.9919412439623616,0.01155115511551155
untouched,niqe,defocus_blur,2,common,pooled,0.9988044745068566,0.9958906948580988,0.0029702970297029703
untouched,niqe,defocus_blur,3,common,pooled,0.9991630450173731,0.9970488132894331,0.0016501650165016502
untouched,niqe,defocus_blur,4,common,pooled,0.9994219520961998,0.9975184824027599,0.0009900990099009901
untouched,niqe,defocus_blur,5,common,pooled,0.9995259723992201,0.9976781357047786,0.0006600660066006601
untouched,niqe,glass_blur,1,common,pooled,0.9768261281573702,0.941216724677387,0.037953795379537955
untouched,niqe,glass_blur,2,common,pooled,0.9923297280223072,0.9793311343127591,0.01221122112211221
untouched,niqe,glass_blur,3,common,pooled,0.9911342025291638,0.9751024521993371,0.01287128712871287
untouched,niqe,glass_blur,4,common,pooled,0.9937376509928221,0.9823750269132816,0.010561056105610561
untouched,niqe,glass_blur,5,common,pooled,0.9986999095949199,0.9946766235331356,0.0019801980198019802
untouched,niqe,motion_blur,1,common,pooled,0.9680398435883192,0.9375738073673525,0.0768976897689769
untouched,niqe,motion_blur,2,common,pooled,0.9795729176878084,0.9609710826619793,0.049174917491749175
untouched,niqe,motion_blur,3,common,pooled,0.9849756559814398,0.9726385433297493,0.037953795379537955
untouched,niqe,motion_blur,4,common,pooled,0.9880227428683462,0.9789769510922879,0.03399339933993399
untouched,niqe,motion_blur,5,common,pooled,0.9892063958871135,0.9811822722002499,0.03135313531353135
untouched,niqe,zoom_blur,1,common,pooled,0.8902984456861528,0.8635605209348541,0.38415841584158417
untouched,niqe,zoom_blur,2,common,pooled,0.9135011818013484,0.8896841383325333,0.3201320132013201
untouched,niqe,zoom_blur,3,common,pooled,0.8854074219303119,0.8477630809019526,0.35247524752475246
untouched,niqe,zoom_blur,4,common,pooled,0.9013937631386901,0.8658760973202302,0.31584158415841584
untouched,niqe,zoom_blur,5,common,pooled,0.8499620952194229,0.8024557804083263,0.43564356435643564
untouched,niqe,snow,1,common,pooled,0.8841358690324478,0.8557432651711548,0.403960396039604
untouched,niqe,snow,2,common,pooled,0.9675755100262502,0.9486002237760205,0.09735973597359736
untouched,niqe,snow,3,common,pooled,0.9442755067585966,0.9132979677572606,0.18085808580858087
untouched,niqe,snow,4,common,pooled,0.9658130466511998,0.9434787239482585,0.09900990099009901
untouched,niqe,snow,5,common,pooled,0.9837745754773497,0.9747626922728582,0.04686468646864687
untouched,niqe,frost,1,common,pooled,0.4846412661068087,0.4867931605527302,0.9419141914191419
untouched,niqe,frost,2,common,pooled,0.6121631866156912,0.5714394426574866,0.8544554455445544
untouched,niqe,frost,3,common,pooled,0.6918614732760405,0.6418032866688406,0.7580858085808581
untouched,niqe,frost,4,common,pooled,0.7042902111993378,0.6524985644826824,0.7501650165016501
untouched,niqe,frost,5,common,pooled,0.7474364169090176,0.6901349563647806,0.6594059405940594
untouched,niqe,fog,1,common,pooled,0.6424384319620081,0.6370051371280068,0.903960396039604
untouched,niqe,fog,2,common,pooled,0.6826043198379244,0.6774283353827598,0.8735973597359736
untouched,niqe,fog,3,common,pooled,0.7262728054983716,0.7217745351971003,0.8244224422442245
untouched,niqe,fog,4,common,pooled,0.736103105360041,0.7308132468069337,0.8227722772277227
untouched,niqe,fog,5,common,pooled,0.7666656863706173,0.7532226587488136,0.7696369636963697
untouched,niqe,brightness,1,common,pooled,0.4744730908734438,0.4832162075501695,0.9580858085808581
untouched,niqe,brightness,2,common,pooled,0.4563200775523097,0.47352616437108863,0.9636963696369637
untouched,niqe,brightness,3,common,pooled,0.4492767593591042,0.4718000336337738,0.9610561056105611
untouched,niqe,brightness,4,common,pooled,0.4507616900303892,0.4757699892481227,0.9607260726072607
untouched,niqe,brightness,5,common,pooled,0.466378459628141,0.4888561233007753,0.9574257425742574
untouched,niqe,contrast,1,common,pooled,0.6294844731997953,0.6231315324310787,0.9122112211221122
untouched,niqe,contrast,2,common,pooled,0.6906846823296191,0.6825097382512524,0.8584158415841584
untouched,niqe,contrast,3,common,pooled,0.7842681000773345,0.7731030848666712,0.7287128712871287
untouched,niqe,contrast,4,common,pooled,0.9229504732651483,0.9096078456370386,0.3231023102310231
untouched,niqe,contrast,5,common,pooled,0.9842898844339879,0.9793490214060833,0.056105610561056105
untouched,niqe,elastic_transform,1,common,pooled,0.563118975263863,0.5398891320510237,0.8927392739273927
untouched,niqe,elastic_transform,2,common,pooled,0.5436770904813254,0.5265233023567761,0.901980198019802
untouched,niqe,elastic_transform,3,common,pooled,0.5182220697317257,0.5083350300295802,0.9102310231023102
untouched,niqe,elastic_transform,4,common,pooled,0.5048897166944417,0.49865949037661594,0.9224422442244224
untouched,niqe,elastic_transform,5,common,pooled,0.49505876330207277,0.4906624497242891,0.9287128712871288
untouched,niqe,pixelate,1,common,pooled,0.9560262065810542,0.9079196765851514,0.1
untouched,niqe,pixelate,2,common,pooled,0.9456058774194251,0.9091864589105678,0.1537953795379538
untouched,niqe,pixelate,3,common,pooled,0.9730726835059743,0.9542434836715491,0.06435643564356436
untouched,niqe,pixelate,4,common,pooled,0.9951545055495649,0.9918934798568065,0.01353135313531353
untouched,niqe,pixelate,5,common,pooled,0.9949937369974621,0.9903746274472413,0.01155115511551155
untouched,niqe,jpeg_compression,1,common,pooled,0.8992020390157828,0.8693616365821386,0.31815181518151814
untouched,niqe,jpeg_compression,2,common,pooled,0.9508376085133265,0.9317756273745188,0.16006600660066006
untouched,niqe,jpeg_compression,3,common,pooled,0.9657888660153144,0.9517203730030587,0.11188118811881188
untouched,niqe,jpeg_compression,4,common,pooled,0.9863866287618861,0.9809265276456675,0.04422442244224423
untouched,niqe,jpeg_compression,5,common,pooled,0.9944739622477099,0.9922684681510396,0.02178217821782178
untouched,niqe,speckle_noise,1,extra,pooled,0.7519084185646288,0.6775424179103495,0.6247524752475248
untouched,niqe,speckle_noise,2,extra,pooled,0.8212724242721302,0.7481255923499326,0.49075907590759077
untouched,niqe,speckle_noise,3,extra,pooled,0.9273007003670664,0.878265011427178,0.22508250825082507
untouched,niqe,speckle_noise,4,extra,pooled,0.9562371880752432,0.9231278089527345,0.12574257425742574
untouched,niqe,speckle_noise,5,extra,pooled,0.976094173773813,0.9594151977096006,0.059735973597359736
untouched,niqe,gaussian_blur,1,extra,pooled,0.9842923896350031,0.9606594788360671,0.02706270627062706
untouched,niqe,gaussian_blur,2,extra,pooled,0.9988849677046913,0.9955224012096437,0.0016501650165016502
untouched,niqe,gaussian_blur,3,extra,pooled,0.9994169416941694,0.9974100832413069,0.0006600660066006601
untouched,niqe,gaussian_blur,4,extra,pooled,0.9995749872016905,0.9977389884833746,0.0006600660066006601
untouched,niqe,gaussian_blur,5,extra,pooled,0.9996550447123921,0.9978356615918309,0.00033003300330033004
untouched,niqe,spatter,1,extra,pooled,0.49965940158372274,0.4995243956057581,0.9488448844884488
untouched,niqe,spatter,2,extra,pooled,0.6980211090415972,0.6623444105011398,0.7917491749174917
untouched,niqe,spatter,3,extra,pooled,0.8518191027023494,0.8200507632268422,0.49075907590759077
untouched,niqe,spatter,4,extra,pooled,0.7443788735309175,0.6757149854681447,0.6283828382838283
untouched,niqe,spatter,5,extra,pooled,0.8841066779945321,0.832201853132294,0.33564356435643566
untouched,niqe,saturate,1,extra,pooled,0.47229982899280026,0.47546793069373283,0.9564356435643564
untouched,niqe,saturate,2,extra,pooled,0.4610939559302465,0.46723640355301443,0.9594059405940594
untouched,niqe,saturate,3,extra,pooled,0.4493997865133048,0.46061140923853955,0.9610561056105611
untouched,niqe,saturate,4,extra,pooled,0.3949502772059384,0.4260106371211171,0.9726072607260726
untouched,niqe,saturate,5,extra,pooled,0.4373659445152436,0.44561908717423476,0.9488448844884488
untouched,niqe_default,gaussian_noise,1,common,pooled,0.9922554433661188,0.9860181511583777,0.026072607260726074
untouched,niqe_default,gaussian_noise,2,common,pooled,0.9976738663965407,0.9949013116621591,0.006930693069306931
untouched,niqe_default,gaussian_noise,3,common,pooled,0.9994267446546635,0.9982979170669037,0.0019801980198019802
untouched,niqe_default,gaussian_noise,4,common,pooled,0.9997688679759065,0.999606682399752,0.00033003300330033004
untouched,niqe_default,gaussian_noise,5,common,pooled,0.9999740766155824,0.9999730157571594,0.00033003300330033004
untouched,niqe_default,shot_noise,1,common,pooled,0.9863193150998268,0.977713686124243,0.04521452145214522
untouched,niqe_default,shot_noise,2,common,pooled,0.9959176115631365,0.9927120053834564,0.013861386138613862
untouched,niqe_default,shot_noise,3,common,pooled,0.9986184361010358,0.9970495876680951,0.0036303630363036304
untouched,niqe_default,shot_noise,4,common,pooled,0.9996182291496476,0.9991048473996494,0.0009900990099009901
untouched,niqe_default,shot_noise,5,common,pooled,0.9998005642148373,0.9996994756363442,0.00033003300330033004
untouched,niqe_default,impulse_noise,1,common,pooled,0.9981374375061268,0.9972704320588686,0.006600660066006601
untouched,niqe_default,impulse_noise,2,common,pooled,0.9992218627803374,0.9988291797713428,0.0029702970297029703
untouched,niqe_default,impulse_noise,3,common,pooled,0.9994800074066813,0.9991819685969198,0.0019801980198019802
untouched,niqe_default,impulse_noise,4,common,pooled,0.999692949492969,0.9993646136915081,0.0006600660066006601
untouched,niqe_default,impulse_noise,5,common,pooled,0.9996748684769468,0.9986481377441203,0.00033003300330033004
untouched,niqe_default,defocus_blur,1,common,pooled,0.9674209500157936,0.9268920951560001,0.06105610561056106
untouched,niqe_default,defocus_blur,2,common,pooled,0.9874280299317061,0.9685900230856187,0.026072607260726074
untouched,niqe_default,defocus_blur,3,common,pooled,0.9948297007918614,0.986246853693158,0.01155115511551155
untouched,niqe_default,defocus_blur,4,common,pooled,0.9972263067890947,0.9925409902828906,0.005280528052805281
untouched,niqe_default,defocus_blur,5,common,pooled,0.9982487555686261,0.9953637375326638,0.0033003300330033004
untouched,niqe_default,glass_blur,1,common,pooled,0.8184172575673409,0.7179604522929786,0.3891089108910891
untouched,niqe_default,glass_blur,2,common,pooled,0.937368558638042,0.8637484665659305,0.11518151815181518
untouched,niqe_default,glass_blur,3,common,pooled,0.9406675816096461,0.8659240484440189,0.1033003300330033
untouched,niqe_default,glass_blur,4,common,pooled,0.9563888071975515,0.8953724647187861,0.06963696369636964
untouched,niqe_default,glass_blur,5,common,pooled,0.9865460902525897,0.962810340710823,0.02277227722772277
untouched,niqe_default,motion_blur,1,common,pooled,0.8975789955233147,0.8397083380186368,0.27623762376237626
untouched,niqe_default,motion_blur,2,common,pooled,0.9411303902667495,0.8985933735147227,0.16501650165016502
untouched,niqe_default,motion_blur,3,common,pooled,0.9636200154668932,0.934739442219032,0.09570957095709572
untouched,niqe_default,motion_blur,4,common,pooled,0.9750797852062434,0.9549534984049773,0.06732673267326733
untouched,niqe_default,motion_blur,5,common,pooled,0.9792114062891437,0.9621046645220722,0.056105610561056105
untouched,niqe_default,zoom_blur,1,common,pooled,0.7451896872855602,0.700126492997281,0.6808580858085809
untouched,niqe_default,zoom_blur,2,common,pooled,0.7965969567253756,0.7503670519824639,0.5792079207920792
untouched,niqe_default,zoom_blur,3,common,pooled,0.7444851811913865,0.6979104464777988,0.6745874587458746
untouched,niqe_default,zoom_blur,4,common,pooled,0.7755979261292466,0.7265664834029074,0.6145214521452145
untouched,niqe_default,zoom_blur,5,common,pooled,0.6757686065636267,0.6356330565074245,0.7854785478547854
untouched,niqe_default,snow,1,common,pooled,0.854933830016665,0.8137203770962979,0.4495049504950495
untouched,niqe_default,snow,2,common,pooled,0.9579813525907046,0.9349080523575158,0.11914191419141915
untouched,niqe_default,snow,3,common,pooled,0.9179276541515538,0.8748304363789238,0.23234323432343235
untouched,niqe_default,snow,4,common,pooled,0.945661209685325,0.9116176498200483,0.14323432343234324
untouched,niqe_default,snow,5,common,pooled,0.9792736006273894,0.9677786900208011,0.0594059405940594
untouched,niqe_default,frost,1,common,pooled,0.3227989630646233,0.4087877068755967,0.9910891089108911
untouched,niqe_default,frost,2,common,pooled,0.29778376847585747,0.3838429282294145,0.9858085808580858
untouched,niqe_default,frost,3,common,pooled,0.3255354050256511,0.3960829386456964,0.9775577557755776
untouched,niqe_default,frost,4,common,pooled,0.32063098389046824,0.38972033249761406,0.9778877887788779
untouched,niqe_default,frost,5,common,pooled,0.33996470934222134,0.39511201228420245,0.972937293729373
untouched,niqe_default,fog,1,common,pooled,0.616431395614809,0.5914352601464807,0.8683168316831683
untouched,niqe_default,fog,2,common,pooled,0.6531335707828209,0.6240224610551122,0.8323432343234324
untouched,niqe_default,fog,3,common,pooled,0.6933028352340185,0.6631035001230263,0.7920792079207921
untouched,niqe_default,fog,4,common,pooled,0.6955815878617565,0.6642982525122791,0.7821782178217822
untouched,niqe_default,fog,5,common,pooled,0.7110404208737705,0.6722364141686317,0.7627062706270628
untouched,niqe_default,brightness,1,common,pooled,0.4905793549651995,0.4969527109611438,0.9537953795379538
untouched,niqe_default,brightness,2,common,pooled,0.48703841671295844,0.4955639853706554,0.9570957095709571
untouched,niqe_default,brightness,3,common,pooled,0.4902605409055757,0.5004385769910881,0.9554455445544554
untouched,niqe_default,brightness,4,common,pooled,0.49777799562134434,0.5071009482349742,0.9508250825082508
untouched,niqe_default,brightness,5,common,pooled,0.512670544282151,0.5197951749392082,0.9458745874587459
untouched,niqe_default,contrast,1,common,pooled,0.6098564410896535,0.5846261462152954,0.8732673267326733
untouched,niqe_default,contrast,2,common,pooled,0.6677050180265551,0.6343769741056904,0.8102310231023102
untouched,niqe_default,contrast,3,common,pooled,0.7612691566186321,0.7231399693037168,0.6587458745874587
untouched,niqe_default,contrast,4,common,pooled,0.9097749675957695,0.8823211915238892,0.2943894389438944
untouched,niqe_default,contrast,5,common,pooled,0.980691980089098,0.9735033038019888,0.066006600660066
untouched,niqe_default,elastic_transform,1,common,pooled,0.29985644108965354,0.38363669840771475,0.9897689768976897
untouched,niqe_default,elastic_transform,2,common,pooled,0.29990382206537486,0.38342561021226196,0.9881188118811881
untouched,niqe_default,elastic_transform,3,common,pooled,0.3080845015194589,0.3846472285804411,0.9844884488448845
untouched,niqe_default,elastic_transform,4,common,pooled,0.32818133298478364,0.39119253916798463,0.9792079207920792
untouched,niqe_default,elastic_transform,5,common,pooled,0.3698349834983498,0.4075638799977264,0.9630363036303631
untouched,niqe_default,pixelate,1,common,pooled,0.9275500223289656,0.8582663648174755,0.16666666666666666
untouched,niqe_default,pixelate,2,common,pooled,0.924273219401148,0.8788204550477355,0.21254125412541255
untouched,niqe_default,pixelate,3,common,pooled,0.9727771787079698,0.9522065280454923,0.061386138613861385
untouched,niqe_default,pixelate,4,common,pooled,0.997089174263961,0.9950124967761091,0.007920792079207921
untouched,niqe_default,pixelate,5,common,pooled,0.9935644653574268,0.9883405227751902,0.016831683168316833
untouched,niqe_default,jpeg_compression,1,common,pooled,0.7391819974076616,0.699517658948088,0.6742574257425743
untouched,niqe_default,jpeg_compression,2,common,pooled,0.8460743500092583,0.8101065734748345,0.46864686468646866
untouched,niqe_default,jpeg_compression,3,common,pooled,0.8858618436101036,0.8541332116851494,0.35346534653465345
untouched,niqe_default,jpeg_compression,4,common,pooled,0.9545848446230761,0.9381761997953445,0.14884488448844885
untouched,niqe_default,jpeg_compression,5,common,pooled,0.9818912089228725,0.9747295691141099,0.0594059405940594
untouched,niqe_default,speckle_noise,1,extra,pooled,0.9499386770360204,0.9318025895499478,0.1788778877887789
untouched,niqe_default,speckle_noise,2,extra,pooled,0.9720355302857019,0.9599867592444605,0.10165016501650165
untouched,niqe_default,speckle_noise,3,extra,pooled,0.992481564988182,0.9881581309288776,0.02706270627062706
untouched,niqe_default,speckle_noise,4,extra,pooled,0.996014334106678,0.9935261182077052,0.01419141914191419
untouched,niqe_default,speckle_noise,5,extra,pooled,0.9980098900979207,0.9967956279563279,0.006600660066006601
untouched,niqe_default,gaussian_blur,1,extra,pooled,0.8739168273262969,0.7862274971765245,0.2881188118811881
untouched,niqe_default,gaussian_blur,2,extra,pooled,0.9844941127776144,0.9589224257525829,0.024752475247524754
untouched,niqe_default,gaussian_blur,3,extra,pooled,0.9959830735548802,0.9859053605781258,0.006600660066006601
untouched,niqe_default,gaussian_blur,4,extra,pooled,0.99753150562581,0.9918292136657029,0.0033003300330033004
untouched,niqe_default,gaussian_blur,5,extra,pooled,0.9991008506791274,0.9968835467714985,0.0019801980198019802
untouched,niqe_default,spatter,1,extra,pooled,0.4941071136816652,0.49587034764430143,0.9504950495049505
untouched,niqe_default,spatter,2,extra,pooled,0.7010660174928384,0.6474666338541388,0.7326732673267327
untouched,niqe_default,spatter,3,extra,pooled,0.8571413477981461,0.8032662110910553,0.42112211221122114
untouched,niqe_default,spatter,4,extra,pooled,0.8367929070134736,0.7662089432942676,0.4264026402640264
untouched,niqe_default,spatter,5,extra,pooled,0.9241991525885261,0.8771050936853608,0.21584158415841584
untouched,niqe_default,saturate,1,extra,pooled,0.48173768366935704,0.4845937068941424,0.9514851485148514
untouched,niqe_default,saturate,2,extra,pooled,0.4727175440316309,0.47812234185180325,0.9570957095709571
untouched,niqe_default,saturate,3,extra,pooled,0.4597517127950419,0.4684612938636897,0.9544554455445544
untouched,niqe_default,saturate,4,extra,pooled,0.4255041444738533,0.4451013925358438,0.9570957095709571
untouched,niqe_default,saturate,5,extra,pooled,0.5063749741310765,0.49030430404052994,0.9277227722772278
untouched,arniqa,gaussian_noise,1,common,pooled,0.9666840941519894,0.9333170071732799,0.07095709570957096
untouched,arniqa,gaussian_noise,2,common,pooled,0.9950337112919213,0.9922280163608481,0.021122112211221122
untouched,arniqa,gaussian_noise,3,common,pooled,0.9997129911010904,0.9996038504067262,0.0006600660066006601
untouched,arniqa,gaussian_noise,4,common,pooled,0.9999882364474071,0.999988039662635,0.0
untouched,arniqa,gaussian_noise,5,common,pooled,0.999998801860384,0.9999988002752805,0.0
untouched,arniqa,shot_noise,1,common,pooled,0.9774306440545044,0.9618157392459026,0.061386138613861385
untouched,arniqa,shot_noise,2,common,pooled,0.9967338714069427,0.9951038509898965,0.01287128712871287
untouched,arniqa,shot_noise,3,common,pooled,0.9997343397706108,0.9996487820169342,0.0006600660066006601
untouched,arniqa,shot_noise,4,common,pooled,0.999993900380137,0.9999938484688982,0.0
untouched,arniqa,shot_noise,5,common,pooled,0.999997168033635,0.9999971572267479,0.0
untouched,arniqa,impulse_noise,1,common,pooled,0.99453996884837,0.9914413710728831,0.021122112211221122
untouched,arniqa,impulse_noise,2,common,pooled,0.9993946127285996,0.9989752651249696,0.0023102310231023103
untouched,arniqa,impulse_noise,3,common,pooled,0.9998359637943992,0.9997905944300263,0.00033003300330033004
untouched,arniqa,impulse_noise,4,common,pooled,0.9999899791959393,0.9999898358374104,0.0
untouched,arniqa,impulse_noise,5,common,pooled,0.9999984750950343,0.9999984723193076,0.0
untouched,arniqa,defocus_blur,1,common,pooled,0.9925656526048644,0.9891548713602014,0.027722772277227723
untouched,arniqa,defocus_blur,2,common,pooled,0.998785086429435,0.99834341201185,0.0049504950495049506
untouched,arniqa,defocus_blur,3,common,pooled,0.9998050300079513,0.9997822619539999,0.0006600660066006601
untouched,arniqa,defocus_blur,4,common,pooled,0.9998166846387609,0.9998083127797824,0.0006600660066006601
untouched,arniqa,defocus_blur,5,common,pooled,0.9995045148079165,0.9994903709211009,0.0013201320132013201
untouched,arniqa,glass_blur,1,common,pooled,0.9565876983737978,0.9259709582067471,0.10297029702970296
untouched,arniqa,glass_blur,2,common,pooled,0.9859552985001471,0.9785446110370956,0.04257425742574258
untouched,arniqa,glass_blur,3,common,pooled,0.991583504885142,0.9876607850206884,0.02838283828382838
untouched,arniqa,glass_blur,4,common,pooled,0.9944574061366532,0.9922759557189605,0.025082508250825083
untouched,arniqa,glass_blur,5,common,pooled,0.9977471707566796,0.9969589431013388,0.008580858085808581
untouched,arniqa,motion_blur,1,common,pooled,0.9538724961605072,0.9392161553132159,0.15577557755775578
untouched,arniqa,motion_blur,2,common,pooled,0.9923025520373819,0.9905747333435562,0.034323432343234324
untouched,arniqa,motion_blur,3,common,pooled,0.9981510527290353,0.9978612919530059,0.005610561056105611
untouched,arniqa,motion_blur,4,common,pooled,0.9992666296332604,0.999180252091957,0.0023102310231023103
untouched,arniqa,motion_blur,5,common,pooled,0.9992942957662103,0.9992333305335521,0.0023102310231023103
untouched,arniqa,zoom_blur,1,common,pooled,0.9458285135444238,0.935952024545951,0.20132013201320131
untouched,arniqa,zoom_blur,2,common,pooled,0.9567872430807437,0.9506722645326079,0.16402640264026402
untouched,arniqa,zoom_blur,3,common,pooled,0.9272179198117831,0.91381792690992,0.26897689768976896
untouched,arniqa,zoom_blur,4,common,pooled,0.9325294361119281,0.9216645821338183,0.2607260726072607
untouched,arniqa,zoom_blur,5,common,pooled,0.8984576675489331,0.87790148047499,0.3798679867986799
untouched,arniqa,snow,1,common,pooled,0.9367638248973412,0.9193924254300718,0.21254125412541255
untouched,arniqa,snow,2,common,pooled,0.9888619852084218,0.986660897203559,0.046534653465346534
untouched,arniqa,snow,3,common,pooled,0.9924193706499362,0.9911597387456009,0.03498349834983498
untouched,arniqa,snow,4,common,pooled,0.9979142567722119,0.997638306281432,0.007920792079207921
untouched,arniqa,snow,5,common,pooled,0.9985890272195537,0.9983661207638791,0.005610561056105611
untouched,arniqa,frost,1,common,pooled,0.9243199468461698,0.9080909434343628,0.2607260726072607
untouched,arniqa,frost,2,common,pooled,0.9443787101482426,0.9379154565774823,0.22013201320132014
untouched,arniqa,frost,3,common,pooled,0.9488634011916043,0.9448266380011644,0.20132013201320131
untouched,arniqa,frost,4,common,pooled,0.9411110021893279,0.9360425166988355,0.21782178217821782
untouched,arniqa,frost,5,common,pooled,0.9429819516605126,0.9393251030388348,0.22805280528052804
untouched,arniqa,fog,1,common,pooled,0.9687180450718339,0.9585155699856651,0.09801980198019802
untouched,arniqa,fog,2,common,pooled,0.977763617945953,0.9711273778548398,0.07392739273927393
untouched,arniqa,fog,3,common,pooled,0.9783608360836084,0.9718437040996283,0.07260726072607261
untouched,arniqa,fog,4,common,pooled,0.9761578930170245,0.9687116141705331,0.07854785478547854
untouched,arniqa,fog,5,common,pooled,0.981793288239715,0.9767779572911076,0.06897689768976897
untouched,arniqa,brightness,1,common,pooled,0.632838719515516,0.606392640389875,0.8745874587458746
untouched,arniqa,brightness,2,common,pooled,0.7998606890392009,0.7653361103625497,0.6425742574257426
untouched,arniqa,brightness,3,common,pooled,0.9035326601967127,0.8835136937300321,0.3475247524752475
untouched,arniqa,brightness,4,common,pooled,0.9590733479288522,0.9531278778174985,0.15115511551155114
untouched,arniqa,brightness,5,common,pooled,0.9838204315481053,0.9828307637951559,0.07260726072607261
untouched,arniqa,contrast,1,common,pooled,0.962194011480356,0.9540345750485479,0.12706270627062707
untouched,arniqa,contrast,2,common,pooled,0.9827382391704517,0.9793349044978636,0.06897689768976897
untouched,arniqa,contrast,3,common,pooled,0.9929328279362589,0.9916516315825322,0.036963696369636964
untouched,arniqa,contrast,4,common,pooled,0.9971044233136185,0.9966054871528258,0.016831683168316833
untouched,arniqa,contrast,5,common,pooled,0.9975676676578549,0.9971801578879369,0.011221122112211221
untouched,arniqa,elastic_transform,1,common,pooled,0.42813161019072205,0.467185973039922,0.9702970297029703
untouched,arniqa,elastic_transform,2,common,pooled,0.44154581794813147,0.47350324697434093,0.9630363036303631
untouched,arniqa,elastic_transform,3,common,pooled,0.46029599494602924,0.48171163787317905,0.9551155115511551
untouched,arniqa,elastic_transform,4,common,pooled,0.47929342439194417,0.4913677134618317,0.9455445544554455
untouched,arniqa,elastic_transform,5,common,pooled,0.5020245291855918,0.502815462460585,0.931023102310231
untouched,arniqa,pixelate,1,common,pooled,0.8986135346207889,0.8467308802386568,0.2590759075907591
untouched,arniqa,pixelate,2,common,pooled,0.9058663094032176,0.8576504557583955,0.25412541254125415
untouched,arniqa,pixelate,3,common,pooled,0.9788132971713013,0.9716913001228328,0.0702970297029703
untouched,arniqa,pixelate,4,common,pooled,0.9988654707054864,0.998669933191762,0.0046204620462046205
untouched,arniqa,pixelate,5,common,pooled,0.9985723621867137,0.9982696413536419,0.005610561056105611
untouched,arniqa,jpeg_compression,1,common,pooled,0.6000000544608917,0.5568012647460875,0.8834983498349835
untouched,arniqa,jpeg_compression,2,common,pooled,0.7890301059808951,0.7304688907155247,0.6270627062706271
untouched,arniqa,jpeg_compression,3,common,pooled,0.8781087366162359,0.8382912760570658,0.4033003300330033
untouched,arniqa,jpeg_compression,4,common,pooled,0.9796315176072062,0.975649461478853,0.07821782178217822
untouched,arniqa,jpeg_compression,5,common,pooled,0.99788985829276,0.9977216657078036,0.00825082508250825
untouched,arniqa,speckle_noise,1,extra,pooled,0.9669072748859044,0.9462744780288721,0.0924092409240924
untouched,arniqa,speckle_noise,2,extra,pooled,0.9872349116099729,0.9814527063846266,0.045874587458745876
untouched,arniqa,speckle_noise,3,extra,pooled,0.9993018113692558,0.9990782441458768,0.0023102310231023103
untouched,arniqa,speckle_noise,4,extra,pooled,0.9998396671350304,0.9998168287691734,0.00033003300330033004
untouched,arniqa,speckle_noise,5,extra,pooled,0.9999639468897384,0.9999624132691465,0.00033003300330033004
untouched,arniqa,gaussian_blur,1,extra,pooled,0.9226041564552495,0.8714723489858079,0.21254125412541255
untouched,arniqa,gaussian_blur,2,extra,pooled,0.9969337428792384,0.9957116900467983,0.014521452145214522
untouched,arniqa,gaussian_blur,3,extra,pooled,0.9995260813210034,0.999409381530762,0.0013201320132013201
untouched,arniqa,gaussian_blur,4,extra,pooled,0.9998291017220534,0.9998149706951834,0.0006600660066006601
untouched,arniqa,gaussian_blur,5,extra,pooled,0.9998204969011752,0.9998144739764467,0.0006600660066006601
untouched,arniqa,spatter,1,extra,pooled,0.5278129595137732,0.5194132532503771,0.9372937293729373
untouched,arniqa,spatter,2,extra,pooled,0.6776862290189415,0.6485065389072668,0.805940594059406
untouched,arniqa,spatter,3,extra,pooled,0.7603724035769913,0.7220171824400916,0.6501650165016502
untouched,arniqa,spatter,4,extra,pooled,0.7619828121426004,0.6748571687441899,0.6049504950495049
untouched,arniqa,spatter,5,extra,pooled,0.7936839525536712,0.7062416563986156,0.5323432343234323
untouched,arniqa,saturate,1,extra,pooled,0.9641425132612271,0.9474439418246601,0.10396039603960396
untouched,arniqa,saturate,2,extra,pooled,0.9820593296953458,0.9705037204149811,0.0462046204620462
untouched,arniqa,saturate,3,extra,pooled,0.7728044636146782,0.7309082601699854,0.6851485148514852
untouched,arniqa,saturate,4,extra,pooled,0.9821636223028244,0.980428823263187,0.07128712871287128
untouched,arniqa,saturate,5,extra,pooled,0.9942868346240564,0.994533263663614,0.03399339933993399
untouched,arniqa_proto,gaussian_noise,1,common,pooled,0.9993062771623697,0.9990505020765184,0.0016501650165016502
untouched,arniqa_proto,gaussian_noise,2,common,pooled,0.9999725517106166,0.999972055239045,0.00033003300330033004
untouched,arniqa_proto,gaussian_noise,3,common,pooled,0.9999984750950343,0.9999984754888822,0.0
untouched,arniqa_proto,gaussian_noise,4,common,pooled,0.9999997821564335,0.9999997821923694,0.0
untouched,arniqa_proto,gaussian_noise,5,common,pooled,1.0,1.0,0.0
untouched,arniqa_proto,shot_noise,1,common,pooled,0.9991860275136425,0.9989406567560177,0.0019801980198019802
untouched,arniqa_proto,shot_noise,2,common,pooled,0.9999484799965145,0.9999473387987089,0.00033003300330033004
untouched,arniqa_proto,shot_noise,3,common,pooled,0.999993900380137,0.9999938902807588,0.0
untouched,arniqa_proto,shot_noise,4,common,pooled,0.9999989107821673,0.9999989113562652,0.0
untouched,arniqa_proto,shot_noise,5,common,pooled,0.9999996732346502,0.9999996732346265,0.0
untouched,arniqa_proto,impulse_noise,1,common,pooled,0.9998188630744262,0.9998012080008959,0.0013201320132013201
untouched,arniqa_proto,impulse_noise,2,common,pooled,0.9999945539108366,0.9999945371412468,0.0
untouched,arniqa_proto,impulse_noise,3,common,pooled,0.9999994553910837,0.9999994552111666,0.0
untouched,arniqa_proto,impulse_noise,4,common,pooled,0.9999998910782167,0.9999998911141527,0.0
untouched,arniqa_proto,impulse_noise,5,common,pooled,1.0,1.0,0.0
untouched,arniqa_proto,defocus_blur,1,common,pooled,0.9998848696750863,0.9998789551797981,0.0009900990099009901
untouched,arniqa_proto,defocus_blur,2,common,pooled,0.9999642736550883,0.9999637294205973,0.00033003300330033004
untouched,arniqa_proto,defocus_blur,3,common,pooled,0.9999375878181878,0.9999357422183385,0.00033003300330033004
untouched,arniqa_proto,defocus_blur,4,common,pooled,0.9998573124639196,0.999848465812561,0.0013201320132013201
untouched,arniqa_proto,defocus_blur,5,common,pooled,0.9997339040834776,0.9997046695230709,0.0013201320132013201
untouched,arniqa_proto,glass_blur,1,common,pooled,0.9980876602511737,0.995449175134125,0.005940594059405941
untouched,arniqa_proto,glass_blur,2,common,pooled,0.9995965537147774,0.9995055705948178,0.0013201320132013201
untouched,arniqa_proto,glass_blur,3,common,pooled,0.999530002505201,0.9993937775184626,0.0013201320132013201
untouched,arniqa_proto,glass_blur,4,common,pooled,0.999570739252143,0.9994600635561861,0.0013201320132013201
untouched,arniqa_proto,glass_blur,5,common,pooled,0.9998475095034256,0.9998359288338629,0.0009900990099009901
untouched,arniqa_proto,motion_blur,1,common,pooled,0.9886590639261946,0.9856342577809537,0.05247524752475247
untouched,arniqa_proto,motion_blur,2,common,pooled,0.9973954623185091,0.9966551102100774,0.011221122112211221
untouched,arniqa_proto,motion_blur,3,common,pooled,0.9987171192366762,0.9983311911284833,0.0042904290429042905
untouched,arniqa_proto,motion_blur,4,common,pooled,0.9989689463995904,0.9986419040120732,0.0033003300330033004
untouched,arniqa_proto,motion_blur,5,common,pooled,0.998935561873019,0.9985868836844861,0.0033003300330033004
untouched,arniqa_proto,zoom_blur,1,common,pooled,0.9766781034539097,0.9633432591618296,0.0867986798679868
untouched,arniqa_proto,zoom_blur,2,common,pooled,0.9839516822969425,0.9740064450491516,0.057755775577557754
untouched,arniqa_proto,zoom_blur,3,common,pooled,0.9625630929429576,0.9393020022605892,0.12079207920792079
untouched,arniqa_proto,zoom_blur,4,common,pooled,0.969376858477927,0.9498579974254984,0.10858085808580858
untouched,arniqa_proto,zoom_blur,5,common,pooled,0.9546280865710334,0.9265460991374022,0.13762376237623763
untouched,arniqa_proto,snow,1,common,pooled,0.9094628522258167,0.8490820036957691,0.22310231023102312
untouched,arniqa_proto,snow,2,common,pooled,0.9735526473439423,0.9457212857195217,0.0745874587458746
untouched,arniqa_proto,snow,3,common,pooled,0.978273154048078,0.9567299067400741,0.058745874587458745
untouched,arniqa_proto,snow,4,common,pooled,0.9886108115762071,0.9749865244104619,0.024092409240924092
untouched,arniqa_proto,snow,5,common,pooled,0.9892529054885687,0.9759500796425609,0.020792079207920793
untouched,arniqa_proto,frost,1,common,pooled,0.8804120511061007,0.816418687199609,0.3264026402640264
untouched,arniqa_proto,frost,2,common,pooled,0.9134223224302628,0.8656704523376105,0.2429042904290429
untouched,arniqa_proto,frost,3,common,pooled,0.9266229345706848,0.8890483327304065,0.22706270627062705
untouched,arniqa_proto,frost,4,common,pooled,0.921119607010206,0.8781978496650994,0.22772277227722773
untouched,arniqa_proto,frost,5,common,pooled,0.9290148024703461,0.8913192723860057,0.21023102310231023
untouched,arniqa_proto,fog,1,common,pooled,0.9815717413325491,0.9681372106620073,0.060396039603960394
untouched,arniqa_proto,fog,2,common,pooled,0.9882721737520287,0.9798592010414579,0.036963696369636964
untouched,arniqa_proto,fog,3,common,pooled,0.9892733827838229,0.982436384382346,0.03333333333333333
untouched,arniqa_proto,fog,4,common,pooled,0.9860133538106286,0.9765579345854005,0.049174917491749175
untouched,arniqa_proto,fog,5,common,pooled,0.9858897275866201,0.9756333535907216,0.048184818481848184
untouched,arniqa_proto,brightness,1,common,pooled,0.602826955962923,0.5719763760558321,0.897029702970297
untouched,arniqa_proto,brightness,2,common,pooled,0.7360701565206026,0.6766280066928745,0.6914191419141914
untouched,arniqa_proto,brightness,3,common,pooled,0.8348823644740712,0.7761280514245359,0.4471947194719472
untouched,arniqa_proto,brightness,4,common,pooled,0.903036902700171,0.8603900786015015,0.2759075907590759
untouched,arniqa_proto,brightness,5,common,pooled,0.9437664608044963,0.9172404183795809,0.1712871287128713
untouched,arniqa_proto,contrast,1,common,pooled,0.9744720016556111,0.9624971824795238,0.10726072607260725
untouched,arniqa_proto,contrast,2,common,pooled,0.9882134649108475,0.9840181851558594,0.053465346534653464
untouched,arniqa_proto,contrast,3,common,pooled,0.9952067880055332,0.9941474640459007,0.01782178217821782
untouched,arniqa_proto,contrast,4,common,pooled,0.9983045235216591,0.9980491747778307,0.007590759075907591
untouched,arniqa_proto,contrast,5,common,pooled,0.999059569323269,0.9989431747249264,0.0033003300330033004
untouched,arniqa_proto,elastic_transform,1,common,pooled,0.5720067749349192,0.5346287426825758,0.8617161716171617
untouched,arniqa_proto,elastic_transform,2,common,pooled,0.5640222636124999,0.5261715741416408,0.8617161716171617
untouched,arniqa_proto,elastic_transform,3,common,pooled,0.561565206025553,0.5206418859019569,0.8617161716171617
untouched,arniqa_proto,elastic_transform,4,common,pooled,0.5652283545186202,0.5206726288374188,0.8475247524752475
untouched,arniqa_proto,elastic_transform,5,common,pooled,0.5749988018603841,0.524397762636192,0.835973597359736
untouched,arniqa_proto,pixelate,1,common,pooled,0.9887944537027961,0.9722313102357798,0.01782178217821782
untouched,arniqa_proto,pixelate,2,common,pooled,0.9927425415808908,0.9816472813370148,0.01155115511551155
untouched,arniqa_proto,pixelate,3,common,pooled,0.9984881656482479,0.9965733926744235,0.0033003300330033004
untouched,arniqa_proto,pixelate,4,common,pooled,0.9999313792765415,0.999928783803267,0.00033003300330033004
untouched,arniqa_proto,pixelate,5,common,pooled,0.999999564312867,0.9999995648872732,0.0
untouched,arniqa_proto,jpeg_compression,1,common,pooled,0.9905682449433062,0.9862209045481072,0.03399339933993399
untouched,arniqa_proto,jpeg_compression,2,common,pooled,0.994193815421146,0.9919606035883871,0.019471947194719473
untouched,arniqa_proto,jpeg_compression,3,common,pooled,0.9957808058033526,0.9943289240564417,0.01485148514851485
untouched,arniqa_proto,jpeg_compression,4,common,pooled,0.9982607369647856,0.9978512697911115,0.007920792079207921
untouched,arniqa_proto,jpeg_compression,5,common,pooled,0.9993765317125772,0.9992930114864731,0.0016501650165016502
untouched,arniqa_proto,speckle_noise,1,extra,pooled,0.9964100469452886,0.9949763678674397,0.01419141914191419
untouched,arniqa_proto,speckle_noise,2,extra,pooled,0.9988589353984904,0.9986018714344532,0.0042904290429042905
untouched,arniqa_proto,speckle_noise,3,extra,pooled,0.9998928209652649,0.9998893441321838,0.0009900990099009901
untouched,arniqa_proto,speckle_noise,4,extra,pooled,0.9999595900184077,0.9999590597999273,0.00033003300330033004
untouched,arniqa_proto,speckle_noise,5,extra,pooled,0.9999819189839776,0.9999818244382347,0.0
untouched,arniqa_proto,gaussian_blur,1,extra,pooled,0.9982850265224542,0.9968045288886245,0.0049504950495049506
untouched,arniqa_proto,gaussian_blur,2,extra,pooled,0.9999699375878182,0.9999695920420625,0.0
untouched,arniqa_proto,gaussian_blur,3,extra,pooled,0.9999789780958294,0.9999788359798526,0.0
untouched,arniqa_proto,gaussian_blur,4,extra,pooled,0.9999672145432364,0.9999668530313008,0.0
untouched,arniqa_proto,gaussian_blur,5,extra,pooled,0.9998836715354704,0.999880178994423,0.0009900990099009901
untouched,arniqa_proto,spatter,1,extra,pooled,0.5063888071975514,0.5003551095523412,0.9471947194719472
untouched,arniqa_proto,spatter,2,extra,pooled,0.622841224716531,0.564504860905641,0.8211221122112211
untouched,arniqa_proto,spatter,3,extra,pooled,0.7150200960690128,0.6275483502396216,0.6478547854785478
untouched,arniqa_proto,spatter,4,extra,pooled,0.6250703634719907,0.5277855546728657,0.662046204620462
untouched,arniqa_proto,spatter,5,extra,pooled,0.6656748249082334,0.553854271170358,0.5887788778877888
untouched,arniqa_proto,saturate,1,extra,pooled,0.8807758498622139,0.7963837392418478,0.2603960396039604
untouched,arniqa_proto,saturate,2,extra,pooled,0.9391365225631474,0.8731714109642331,0.11254125412541253
untouched,arniqa_proto,saturate,3,extra,pooled,0.7278316940604952,0.6653552020488297,0.7092409240924092
untouched,arniqa_proto,saturate,4,extra,pooled,0.9566860547440883,0.935200378573518,0.13366336633663367
untouched,arniqa_proto,saturate,5,extra,pooled,0.9816307769390801,0.9768589550551982,0.09669966996699669
untouched,clipiqa,gaussian_noise,1,common,pooled,0.8023383873040769,0.750593973500703,0.568976897689769
untouched,clipiqa,gaussian_noise,2,common,pooled,0.8146064111361632,0.7473988746777054,0.5092409240924093
untouched,clipiqa,gaussian_noise,3,common,pooled,0.8046754675467547,0.714303714791423,0.48316831683168315
untouched,clipiqa,gaussian_noise,4,common,pooled,0.740992930976266,0.6262466540046604,0.5227722772277228
untouched,clipiqa,gaussian_noise,5,common,pooled,0.6562843512073979,0.539937208947979,0.5623762376237624
untouched,clipiqa,shot_noise,1,common,pooled,0.7826262131163612,0.7218681909309073,0.5742574257425742
untouched,clipiqa,shot_noise,2,common,pooled,0.7805708590661047,0.6999070786034081,0.5415841584158416
untouched,clipiqa,shot_noise,3,common,pooled,0.7343810519665828,0.6381438323276101,0.5884488448844885
untouched,clipiqa,shot_noise,4,common,pooled,0.6793061137796949,0.5763232296999977,0.6168316831683168
untouched,clipiqa,shot_noise,5,common,pooled,0.6857434456316919,0.5721215113181259,0.568976897689769
untouched,clipiqa,impulse_noise,1,common,pooled,0.6280367937783877,0.5462278153364968,0.7587458745874588
untouched,clipiqa,impulse_noise,2,common,pooled,0.6791733381258918,0.5790967860783727,0.6554455445544555
untouched,clipiqa,impulse_noise,3,common,pooled,0.7020139093117232,0.5940496556128139,0.6168316831683168
untouched,clipiqa,impulse_noise,4,common,pooled,0.7156979707871777,0.5926727952973854,0.5346534653465347
untouched,clipiqa,impulse_noise,5,common,pooled,0.6895781459334053,0.5635159255530795,0.5108910891089109
untouched,clipiqa,defocus_blur,1,common,pooled,0.9021323072901349,0.859726327641717,0.29273927392739274
untouched,clipiqa,defocus_blur,2,common,pooled,0.911865721225588,0.8592666509567362,0.24719471947194718
untouched,clipiqa,defocus_blur,3,common,pooled,0.9494698232199458,0.9128953078415123,0.14323432343234324
untouched,clipiqa,defocus_blur,4,common,pooled,0.9681623261336034,0.9442026301321992,0.0933993399339934
untouched,clipiqa,defocus_blur,5,common,pooled,0.9785039048459301,0.9626526266268157,0.06072607260726073
untouched,clipiqa,glass_blur,1,common,pooled,0.9398449498415188,0.9223155322969951,0.22112211221122113
untouched,clipiqa,glass_blur,2,common,pooled,0.9423643651493863,0.919362783712135,0.19273927392739273
untouched,clipiqa,glass_blur,3,common,pooled,0.9095648574758466,0.8463112456707017,0.22937293729372937
untouched,clipiqa,glass_blur,4,common,pooled,0.9144665555664477,0.8472411056763367,0.21221122112211221
untouched,clipiqa,glass_blur,5,common,pooled,0.9123211232014291,0.8375682197025892,0.2075907590759076
untouched,clipiqa,motion_blur,1,common,pooled,0.9291079305950397,0.9126999522618089,0.2594059405940594
untouched,clipiqa,motion_blur,2,common,pooled,0.9685884281497457,0.9602432196971409,0.12145214521452145
untouched,clipiqa,motion_blur,3,common,pooled,0.984558703395092,0.979772991124546,0.059735973597359736
untouched,clipiqa,motion_blur,4,common,pooled,0.9907586946813494,0.9872664526042813,0.03498349834983498
untouched,clipiqa,motion_blur,5,common,pooled,0.9922369811238549,0.9888516127694933,0.029042904290429043
untouched,clipiqa,zoom_blur,1,common,pooled,0.957176311690575,0.9402636115781503,0.13993399339933993
untouched,clipiqa,zoom_blur,2,common,pooled,0.9687524643553465,0.9552226869209107,0.10594059405940594
untouched,clipiqa,zoom_blur,3,common,pooled,0.9394358396235664,0.9119050054869864,0.18712871287128713
untouched,clipiqa,zoom_blur,4,common,pooled,0.9496652288991275,0.9252022800851937,0.1603960396039604
untouched,clipiqa,zoom_blur,5,common,pooled,0.9210483177030574,0.8831475058623528,0.22937293729372937
untouched,clipiqa,snow,1,common,pooled,0.695611541352155,0.6447377123875592,0.7491749174917491
untouched,clipiqa,snow,2,common,pooled,0.8698541537322049,0.8242441281673818,0.3798679867986799
untouched,clipiqa,snow,3,common,pooled,0.8624541166987986,0.8265090938910329,0.44521452145214524
untouched,clipiqa,snow,4,common,pooled,0.9268220435904977,0.9077073922502402,0.25544554455445545
untouched,clipiqa,snow,5,common,pooled,0.9239525536712087,0.8993432265375508,0.2594059405940594
untouched,clipiqa,frost,1,common,pooled,0.7453939700900784,0.7033452367977804,0.6782178217821783
untouched,clipiqa,frost,2,common,pooled,0.777775817185679,0.7336765790090294,0.6168316831683168
untouched,clipiqa,frost,3,common,pooled,0.8009779542310667,0.758996603953448,0.5759075907590759
untouched,clipiqa,frost,4,common,pooled,0.7867743358494266,0.7382164133128393,0.5884488448844885
untouched,clipiqa,frost,5,common,pooled,0.7995366467339803,0.7498211209132495,0.5623762376237624
untouched,clipiqa,fog,1,common,pooled,0.6222486357546646,0.589440289343545,0.8382838283828383
untouched,clipiqa,fog,2,common,pooled,0.6578851746560794,0.6192402808474542,0.7907590759075908
untouched,clipiqa,fog,3,common,pooled,0.681071136816652,0.6375368079856261,0.7554455445544555
untouched,clipiqa,fog,4,common,pooled,0.6627764162554869,0.6161168654141624,0.7752475247524753
untouched,clipiqa,fog,5,common,pooled,0.6583129104989707,0.603725212279424,0.7834983498349835
untouched,clipiqa,brightness,1,common,pooled,0.6031642867257023,0.5792445888337624,0.8778877887788779
untouched,clipiqa,brightness,2,common,pooled,0.6759291572721629,0.6433504714871381,0.810891089108911
untouched,clipiqa,brightness,3,common,pooled,0.7170752867365945,0.6802815909378893,0.7412541254125412
untouched,clipiqa,brightness,4,common,pooled,0.7491438203226263,0.7106705627067933,0.6782178217821783
untouched,clipiqa,brightness,5,common,pooled,0.7746250912219935,0.7377230873891428,0.6316831683168317
untouched,clipiqa,contrast,1,common,pooled,0.6186261695476478,0.5835814072805845,0.8333333333333334
untouched,clipiqa,contrast,2,common,pooled,0.6750581097713731,0.6291149077614427,0.7491749174917491
untouched,clipiqa,contrast,3,common,pooled,0.7604441830321647,0.7051637298181195,0.6135313531353135
untouched,clipiqa,contrast,4,common,pooled,0.8856802165365051,0.8439205486794421,0.33828382838283827
untouched,clipiqa,contrast,5,common,pooled,0.9564212114280735,0.9370713592117916,0.14884488448844885
untouched,clipiqa,elastic_transform,1,common,pooled,0.5776502303695716,0.5523060223820084,0.9042904290429042
untouched,clipiqa,elastic_transform,2,common,pooled,0.5463509024169744,0.5236613638624215,0.9181518151815181
untouched,clipiqa,elastic_transform,3,common,pooled,0.5060337221840996,0.48570747533818937,0.9297029702970298
untouched,clipiqa,elastic_transform,4,common,pooled,0.4909794791360324,0.4706916127094738,0.9297029702970298
untouched,clipiqa,elastic_transform,5,common,pooled,0.49085530830310753,0.4627320370201629,0.9145214521452145
untouched,clipiqa,pixelate,1,common,pooled,0.8445773834809224,0.7932841282405354,0.4617161716171617
untouched,clipiqa,pixelate,2,common,pooled,0.9141965929266194,0.8847893231339324,0.2712871287128713
untouched,clipiqa,pixelate,3,common,pooled,0.9484044047969153,0.9227245891551936,0.16105610561056105
untouched,clipiqa,pixelate,4,common,pooled,0.9767843021925955,0.9656545399018768,0.07656765676567656
untouched,clipiqa,pixelate,5,common,pooled,0.9876454922719995,0.9819012985054855,0.041254125412541254
untouched,clipiqa,jpeg_compression,1,common,pooled,0.6984466119879315,0.6348988364374875,0.7145214521452146
untouched,clipiqa,jpeg_compression,2,common,pooled,0.7861457482381902,0.7217610071124707,0.5742574257425742
untouched,clipiqa,jpeg_compression,3,common,pooled,0.841025498589463,0.7853559798754256,0.45874587458745875
untouched,clipiqa,jpeg_compression,4,common,pooled,0.9226838327397097,0.8888634076246481,0.24554455445544554
untouched,clipiqa,jpeg_compression,5,common,pooled,0.9607643586140793,0.9387978578723255,0.12409240924092409
untouched,clipiqa,speckle_noise,1,extra,pooled,0.7427070875404372,0.6819258971566278,0.6462046204620462
untouched,clipiqa,speckle_noise,2,extra,pooled,0.7486835713274298,0.6777032782410923,0.6168316831683168
untouched,clipiqa,speckle_noise,3,extra,pooled,0.6744474397934843,0.5855049874303613,0.6752475247524753
untouched,clipiqa,speckle_noise,4,extra,pooled,0.6252078227624742,0.5404191729623838,0.7056105610561056
untouched,clipiqa,speckle_noise,5,extra,pooled,0.597124573843523,0.5156986535535419,0.7346534653465346
untouched,clipiqa,gaussian_blur,1,extra,pooled,0.812238614950604,0.7469521304916364,0.5161716171617162
untouched,clipiqa,gaussian_blur,2,extra,pooled,0.8782249561589822,0.8152369786790483,0.3346534653465347
untouched,clipiqa,gaussian_blur,3,extra,pooled,0.9288303978912743,0.8783063649817321,0.19273927392739273
untouched,clipiqa,gaussian_blur,4,extra,pooled,0.9611363809648291,0.9278206420033666,0.10363036303630363
untouched,clipiqa,gaussian_blur,5,extra,pooled,0.9850314783953643,0.9706996347082677,0.036303630363036306
untouched,clipiqa,spatter,1,extra,pooled,0.5089303880883138,0.5066461615907496,0.9514851485148514
untouched,clipiqa,spatter,2,extra,pooled,0.49862540709516495,0.4796318407316773,0.9372937293729373
untouched,clipiqa,spatter,3,extra,pooled,0.529268317920901,0.49416195806880764,0.907920792079208
untouched,clipiqa,spatter,4,extra,pooled,0.5320685880469235,0.5031035433666179,0.9181518151815181
untouched,clipiqa,spatter,5,extra,pooled,0.6312701913755732,0.5653653507585287,0.810891089108911
untouched,clipiqa,saturate,1,extra,pooled,0.4588111731965276,0.4677196233647878,0.9557755775577558
untouched,clipiqa,saturate,2,extra,pooled,0.38441688723327777,0.42056112343718816,0.9752475247524752
untouched,clipiqa,saturate,3,extra,pooled,0.5909344944395429,0.5722991429596308,0.8986798679867987
untouched,clipiqa,saturate,4,extra,pooled,0.6528594146543367,0.6221687788708983,0.8333333333333334
untouched,clipiqa,saturate,5,extra,pooled,0.7042804626997353,0.6508719416796975,0.7554455445544555
held_out,two_axis,gaussian_noise,1,common,pooled,0.9254476996527777,0.8705168990136597,0.21833333333333332
held_out,two_axis,gaussian_noise,2,common,pooled,0.9835963541666667,0.9658443786179618,0.04666666666666667
held_out,two_axis,gaussian_noise,3,common,pooled,0.9969625,0.9937434221690641,0.008333333333333333
held_out,two_axis,gaussian_noise,4,common,pooled,0.9995193142361111,0.9993294287002261,0.00125
held_out,two_axis,gaussian_noise,5,common,pooled,0.9999890190972223,0.999988931335309,0.0
held_out,two_axis,shot_noise,1,common,pooled,0.9079975694444444,0.8602366576030146,0.2775
held_out,two_axis,shot_noise,2,common,pooled,0.9796170572916667,0.9663119469987959,0.06041666666666667
held_out,two_axis,shot_noise,3,common,pooled,0.9950464409722222,0.9925261916311189,0.012291666666666666
held_out,two_axis,shot_noise,4,common,pooled,0.9992721354166667,0.9992262762893995,0.0016666666666666668
held_out,two_axis,shot_noise,5,common,pooled,0.9997954861111111,0.9998073154858474,0.0004166666666666667
held_out,two_axis,impulse_noise,1,common,pooled,0.987207421875,0.9841231998019356,0.05395833333333333
held_out,two_axis,impulse_noise,2,common,pooled,0.9945564236111111,0.9919436981198644,0.0175
held_out,two_axis,impulse_noise,3,common,pooled,0.9973003472222223,0.9956689003121709,0.008958333333333334
held_out,two_axis,impulse_noise,4,common,pooled,0.9996017795138888,0.9994622933197465,0.00125
held_out,two_axis,impulse_noise,5,common,pooled,0.9999912326388889,0.9999911642881231,0.0
held_out,two_axis,defocus_blur,1,common,pooled,0.9474004774305556,0.9131751898406361,0.18125
held_out,two_axis,defocus_blur,2,common,pooled,0.9694405815972222,0.9451928789468145,0.09875
held_out,two_axis,defocus_blur,3,common,pooled,0.9813242621527778,0.9632090385011561,0.05875
held_out,two_axis,defocus_blur,4,common,pooled,0.9853440972222223,0.9687993022439212,0.045
held_out,two_axis,defocus_blur,5,common,pooled,0.9886587673611111,0.9746346437834766,0.035208333333333335
held_out,two_axis,glass_blur,1,common,pooled,0.9144539496527778,0.866556667793111,0.28270833333333334
held_out,two_axis,glass_blur,2,common,pooled,0.9532693576388889,0.9194540103173103,0.15791666666666668
held_out,two_axis,glass_blur,3,common,pooled,0.95912265625,0.9233268994587067,0.12354166666666666
held_out,two_axis,glass_blur,4,common,pooled,0.9624780381944444,0.9272273892896047,0.10625
held_out,two_axis,glass_blur,5,common,pooled,0.9768603298611112,0.9513586395866114,0.06333333333333334
held_out,two_axis,motion_blur,1,common,pooled,0.866347265625,0.8166591261737802,0.41375
held_out,two_axis,motion_blur,2,common,pooled,0.9224934027777778,0.8874694607189151,0.24833333333333332
held_out,two_axis,motion_blur,3,common,pooled,0.9508963541666666,0.9267223186983488,0.15270833333333333
held_out,two_axis,motion_blur,4,common,pooled,0.96532421875,0.9485441595133729,0.10208333333333333
held_out,two_axis,motion_blur,5,common,pooled,0.9720247395833334,0.9580693971135903,0.083125
held_out,two_axis,zoom_blur,1,common,pooled,0.9020786024305556,0.8383582188425216,0.2783333333333333
held_out,two_axis,zoom_blur,2,common,pooled,0.9238312934027778,0.8663053732129766,0.21958333333333332
held_out,two_axis,zoom_blur,3,common,pooled,0.9304627170138889,0.8794579930325597,0.215
held_out,two_axis,zoom_blur,4,common,pooled,0.9423827690972222,0.8959216560086786,0.17375
held_out,two_axis,zoom_blur,5,common,pooled,0.9497573784722222,0.9087096218018182,0.15666666666666668
held_out,two_axis,snow,1,common,pooled,0.9215789930555556,0.9049398138459622,0.2916666666666667
held_out,two_axis,snow,2,common,pooled,0.9691003472222223,0.9611378990118888,0.11833333333333333
held_out,two_axis,snow,3,common,pooled,0.9724828559027778,0.9644166439236276,0.105625
held_out,two_axis,snow,4,common,pooled,0.9824412760416666,0.9764802016767898,0.06375
held_out,two_axis,snow,5,common,pooled,0.9762466145833333,0.9677865103547953,0.083125
held_out,two_axis,frost,1,common,pooled,0.7154695746527778,0.6504121627445456,0.6977083333333334
held_out,two_axis,frost,2,common,pooled,0.84361484375,0.7691368747067636,0.436875
held_out,two_axis,frost,3,common,pooled,0.8872683159722222,0.8150862996133278,0.3145833333333333
held_out,two_axis,frost,4,common,pooled,0.9024890190972222,0.8357554666295214,0.27375
held_out,two_axis,frost,5,common,pooled,0.9188789496527778,0.8540427470045194,0.22125
held_out,two_axis,fog,1,common,pooled,0.9517450086805556,0.9257275550702794,0.17125
held_out,two_axis,fog,2,common,pooled,0.9695263020833333,0.9507416557863877,0.10145833333333333
held_out,two_axis,fog,3,common,pooled,0.9780945746527778,0.9632706885168367,0.07083333333333333
held_out,two_axis,fog,4,common,pooled,0.9784477864583333,0.9627188336758765,0.065
held_out,two_axis,fog,5,common,pooled,0.9855206597222222,0.9722319312250073,0.04604166666666667
held_out,two_axis,brightness,1,common,pooled,0.5288081163194445,0.5170088260241692,0.929375
held_out,two_axis,brightness,2,common,pooled,0.559716015625,0.5355955020825127,0.8970833333333333
held_out,two_axis,brightness,3,common,pooled,0.5959849826388889,0.5594308217996687,0.8535416666666666
held_out,two_axis,brightness,4,common,pooled,0.6487172309027778,0.5981795086981586,0.778125
held_out,two_axis,brightness,5,common,pooled,0.7070812065972222,0.6472795734491075,0.69
held_out,two_axis,contrast,1,common,pooled,0.9402448784722223,0.9119765123413172,0.22729166666666667
held_out,two_axis,contrast,2,common,pooled,0.9695289930555555,0.9524138508480878,0.110625
held_out,two_axis,contrast,3,common,pooled,0.9872039496527778,0.9790441138603436,0.04875
held_out,two_axis,contrast,4,common,pooled,0.9962944444444445,0.9941065698213424,0.011666666666666667
held_out,two_axis,contrast,5,common,pooled,0.9987406684027778,0.9982040881371622,0.004166666666666667
held_out,two_axis,elastic_transform,1,common,pooled,0.6833036024305555,0.6314335894111495,0.7920833333333334
held_out,two_axis,elastic_transform,2,common,pooled,0.7173850260416667,0.6607697852351534,0.7360416666666667
held_out,two_axis,elastic_transform,3,common,pooled,0.76007421875,0.701210252778867,0.659375
held_out,two_axis,elastic_transform,4,common,pooled,0.7928829861111111,0.7355157728678985,0.5860416666666667
held_out,two_axis,elastic_transform,5,common,pooled,0.8353142361111111,0.7825259298955527,0.48625
held_out,two_axis,pixelate,1,common,pooled,0.8516791666666667,0.8030450686382444,0.5241666666666667
held_out,two_axis,pixelate,2,common,pooled,0.8827312065972223,0.8379583011924396,0.42875
held_out,two_axis,pixelate,3,common,pooled,0.9567429253472223,0.939525852574228,0.163125
held_out,two_axis,pixelate,4,common,pooled,0.9796332899305555,0.9720610089696972,0.06833333333333333
held_out,two_axis,pixelate,5,common,pooled,0.9886476996527778,0.9852616318213536,0.04041666666666666
held_out,two_axis,jpeg_compression,1,common,pooled,0.8919246961805556,0.8426509977539373,0.33666666666666667
held_out,two_axis,jpeg_compression,2,common,pooled,0.9283547309027778,0.887315836304247,0.22208333333333333
held_out,two_axis,jpeg_compression,3,common,pooled,0.9414078125,0.9036049535494857,0.18604166666666666
held_out,two_axis,jpeg_compression,4,common,pooled,0.9589416666666667,0.9271899242043096,0.12208333333333334
held_out,two_axis,jpeg_compression,5,common,pooled,0.9700313368055555,0.9504691375388491,0.091875
held_out,two_axis,speckle_noise,1,extra,pooled,0.8016690538194444,0.7497063656900937,0.5704166666666667
held_out,two_axis,speckle_noise,2,extra,pooled,0.8914651041666667,0.8594058349399196,0.384375
held_out,two_axis,speckle_noise,3,extra,pooled,0.9784055555555555,0.9729398784141849,0.083125
held_out,two_axis,speckle_noise,4,extra,pooled,0.9905975694444444,0.988837728462694,0.036875
held_out,two_axis,speckle_noise,5,extra,pooled,0.9962865885416666,0.9959515437849447,0.011666666666666667
held_out,two_axis,gaussian_blur,1,extra,pooled,0.8528317274305556,0.7925402843672611,0.459375
held_out,two_axis,gaussian_blur,2,extra,pooled,0.9668326822916666,0.9409790883705578,0.11166666666666666
held_out,two_axis,gaussian_blur,3,extra,pooled,0.98100859375,0.9625471844343062,0.06
held_out,two_axis,gaussian_blur,4,extra,pooled,0.984785546875,0.9673812986297726,0.04770833333333333
held_out,two_axis,gaussian_blur,5,extra,pooled,0.9882784722222222,0.9727883378459932,0.034375
held_out,two_axis,spatter,1,extra,pooled,0.5676456163194444,0.5406116560923515,0.8954166666666666
held_out,two_axis,spatter,2,extra,pooled,0.8734328993055556,0.8291386345059728,0.41458333333333336
held_out,two_axis,spatter,3,extra,pooled,0.9396973090277778,0.9241902031822622,0.2425
held_out,two_axis,spatter,4,extra,pooled,0.9896039930555556,0.9885529978219048,0.049166666666666664
held_out,two_axis,spatter,5,extra,pooled,0.9968931423611112,0.9965678716600281,0.012916666666666667
held_out,two_axis,saturate,1,extra,pooled,0.5993669487847222,0.5647397282741311,0.8658333333333333
held_out,two_axis,saturate,2,extra,pooled,0.6618690321180556,0.6089948982619642,0.771875
held_out,two_axis,saturate,3,extra,pooled,0.5374513237847223,0.5262500009675654,0.9229166666666667
held_out,two_axis,saturate,4,extra,pooled,0.7285222222222222,0.6760209137743911,0.7002083333333333
held_out,two_axis,saturate,5,extra,pooled,0.8398936631944445,0.8079978055710721,0.5270833333333333
held_out,peak_share,gaussian_noise,1,common,pooled,0.9472983940972223,0.9128148180396602,0.1575
held_out,peak_share,gaussian_noise,2,common,pooled,0.9827575954861111,0.9687503292388899,0.04625
held_out,peak_share,gaussian_noise,3,common,pooled,0.9952193142361111,0.9917109729341029,0.01375
held_out,peak_share,gaussian_noise,4,common,pooled,0.9989086371527778,0.9985096767391145,0.0035416666666666665
held_out,peak_share,gaussian_noise,5,common,pooled,0.9999467447916667,0.9999455775397271,0.0004166666666666667
held_out,peak_share,shot_noise,1,common,pooled,0.9299871961805556,0.8970385274803668,0.225625
held_out,peak_share,shot_noise,2,common,pooled,0.9773878472222223,0.964320070644027,0.06729166666666667
held_out,peak_share,shot_noise,3,common,pooled,0.9923542534722222,0.9883594921914248,0.023125
held_out,peak_share,shot_noise,4,common,pooled,0.9985046440972222,0.9981268908899892,0.005208333333333333
held_out,peak_share,shot_noise,5,common,pooled,0.999603515625,0.9995777350397692,0.001875
held_out,peak_share,impulse_noise,1,common,pooled,0.9775965711805555,0.9668138587064689,0.07395833333333333
held_out,peak_share,impulse_noise,2,common,pooled,0.9898796440972222,0.9837412769886161,0.030416666666666668
held_out,peak_share,impulse_noise,3,common,pooled,0.9945615017361111,0.9910040981015498,0.017083333333333332
held_out,peak_share,impulse_noise,4,common,pooled,0.9988944010416667,0.9984378687995402,0.0035416666666666665
held_out,peak_share,impulse_noise,5,common,pooled,0.99994765625,0.9999464085373304,0.0004166666666666667
held_out,peak_share,defocus_blur,1,common,pooled,0.9342999565972222,0.8838171112929574,0.17645833333333333
held_out,peak_share,defocus_blur,2,common,pooled,0.9705014756944444,0.940128253626757,0.071875
held_out,peak_share,defocus_blur,3,common,pooled,0.9873043402777778,0.9722126157962299,0.028333333333333332
held_out,peak_share,defocus_blur,4,common,pooled,0.99311328125,0.9846483574459072,0.016041666666666666
held_out,peak_share,defocus_blur,5,common,pooled,0.9959142795138889,0.9908635440906546,0.008541666666666666
held_out,peak_share,glass_blur,1,common,pooled,0.8464062065972222,0.7720724174107021,0.4041666666666667
held_out,peak_share,glass_blur,2,common,pooled,0.9316076388888889,0.8768741558591966,0.17729166666666665
held_out,peak_share,glass_blur,3,common,pooled,0.9613234809027777,0.9196062929657164,0.09145833333333334
held_out,peak_share,glass_blur,4,common,pooled,0.9726978732638889,0.9409767927969299,0.05875
held_out,peak_share,glass_blur,5,common,pooled,0.9881049045138889,0.9731965424246176,0.025
held_out,peak_share,motion_blur,1,common,pooled,0.8391677517361111,0.7901104845993995,0.48041666666666666
held_out,peak_share,motion_blur,2,common,pooled,0.9223849826388889,0.8860480708178623,0.24041666666666667
held_out,peak_share,motion_blur,3,common,pooled,0.9630715711805555,0.9415472404175704,0.11208333333333333
held_out,peak_share,motion_blur,4,common,pooled,0.9813608506944445,0.9698877765144525,0.050208333333333334
held_out,peak_share,motion_blur,5,common,pooled,0.9874248263888888,0.9797868464061372,0.034791666666666665
held_out,peak_share,zoom_blur,1,common,pooled,0.8972008246527777,0.8330030801526331,0.25645833333333334
held_out,peak_share,zoom_blur,2,common,pooled,0.9319424479166667,0.8816700466774916,0.17291666666666666
held_out,peak_share,zoom_blur,3,common,pooled,0.9079910590277778,0.8517685308479881,0.238125
held_out,peak_share,zoom_blur,4,common,pooled,0.9303166232638889,0.8822776153727677,0.18541666666666667
held_out,peak_share,zoom_blur,5,common,pooled,0.91638046875,0.8654214813659812,0.22770833333333335
held_out,peak_share,snow,1,common,pooled,0.9229053385416667,0.8924213342873241,0.26395833333333335
held_out,peak_share,snow,2,common,pooled,0.9719102864583333,0.9584647503205298,0.093125
held_out,peak_share,snow,3,common,pooled,0.9710040364583333,0.953229520822453,0.09125
held_out,peak_share,snow,4,common,pooled,0.9803792100694444,0.9661083441011601,0.05375
held_out,peak_share,snow,5,common,pooled,0.9793822482638889,0.9677935925987508,0.060625
held_out,peak_share,frost,1,common,pooled,0.6481093315972222,0.5930674262866891,0.7635416666666667
held_out,peak_share,frost,2,common,pooled,0.7876228298611111,0.7052253143338405,0.51875
held_out,peak_share,frost,3,common,pooled,0.8523938802083333,0.7701844987507279,0.3697916666666667
held_out,peak_share,frost,4,common,pooled,0.8641659288194444,0.783150952221979,0.34708333333333335
held_out,peak_share,frost,5,common,pooled,0.8918102430555556,0.8152409928882847,0.27375
held_out,peak_share,fog,1,common,pooled,0.80681171875,0.7365509703021211,0.48583333333333334
held_out,peak_share,fog,2,common,pooled,0.8720092013888889,0.8063858759017739,0.325
held_out,peak_share,fog,3,common,pooled,0.9082326388888889,0.8506718597383931,0.2325
held_out,peak_share,fog,4,common,pooled,0.9045749131944445,0.8454909376181893,0.23979166666666665
held_out,peak_share,fog,5,common,pooled,0.9318208333333333,0.8839907868560007,0.17458333333333334
held_out,peak_share,brightness,1,common,pooled,0.5268755642361111,0.5183629962917193,0.9377083333333334
held_out,peak_share,brightness,2,common,pooled,0.5835056857638888,0.5557843162197285,0.8791666666666667
held_out,peak_share,brightness,3,common,pooled,0.6503697048611111,0.6036269153888212,0.7877083333333333
held_out,peak_share,brightness,4,common,pooled,0.7264451822916667,0.6638865158580863,0.665
held_out,peak_share,brightness,5,common,pooled,0.7945342881944445,0.7262896847563718,0.5189583333333333
held_out,peak_share,contrast,1,common,pooled,0.8281464409722222,0.7627905912667823,0.45458333333333334
held_out,peak_share,contrast,2,common,pooled,0.9161434461805555,0.8647680881814525,0.22020833333333334
held_out,peak_share,contrast,3,common,pooled,0.969425390625,0.942964799790682,0.07354166666666667
held_out,peak_share,contrast,4,common,pooled,0.9932720920138889,0.9875518101704851,0.017083333333333332
held_out,peak_share,contrast,5,common,pooled,0.9987358072916667,0.998130047909235,0.0035416666666666665
held_out,peak_share,elastic_transform,1,common,pooled,0.5754246527777778,0.5418336602764936,0.881875
held_out,peak_share,elastic_transform,2,common,pooled,0.6255151041666667,0.5753649358373958,0.825
held_out,peak_share,elastic_transform,3,common,pooled,0.6939180555555555,0.6263175603970783,0.7110416666666667
held_out,peak_share,elastic_transform,4,common,pooled,0.7420963975694445,0.6663277536860746,0.6295833333333334
held_out,peak_share,elastic_transform,5,common,pooled,0.79797890625,0.7165940846516202,0.5039583333333333
held_out,peak_share,pixelate,1,common,pooled,0.7311759982638889,0.6646865959847414,0.66625
held_out,peak_share,pixelate,2,common,pooled,0.79898359375,0.731829359040327,0.5395833333333333
held_out,peak_share,pixelate,3,common,pooled,0.9291678819444444,0.8918057145987756,0.21958333333333332
held_out,peak_share,pixelate,4,common,pooled,0.9742480902777778,0.9578179922979705,0.07708333333333334
held_out,peak_share,pixelate,5,common,pooled,0.9873511284722222,0.9797692114303234,0.03666666666666667
held_out,peak_share,jpeg_compression,1,common,pooled,0.8319110677083333,0.753965235387771,0.43
held_out,peak_share,jpeg_compression,2,common,pooled,0.9006321614583334,0.8380454179965394,0.27729166666666666
held_out,peak_share,jpeg_compression,3,common,pooled,0.926539453125,0.873734534123235,0.21291666666666667
held_out,peak_share,jpeg_compression,4,common,pooled,0.9612009982638889,0.9262821790175152,0.10666666666666667
held_out,peak_share,jpeg_compression,5,common,pooled,0.9767589409722223,0.9526708804231204,0.06
held_out,peak_share,speckle_noise,1,extra,pooled,0.8452472222222223,0.8104519959552017,0.4945833333333333
held_out,peak_share,speckle_noise,2,extra,pooled,0.9054821614583334,0.8793886315332646,0.3333333333333333
held_out,peak_share,speckle_noise,3,extra,pooled,0.9722303385416666,0.9633560855518453,0.10354166666666667
held_out,peak_share,speckle_noise,4,extra,pooled,0.9853657552083334,0.9810593461041561,0.052708333333333336
held_out,peak_share,speckle_noise,5,extra,pooled,0.9931699652777778,0.9915467639218936,0.025416666666666667
held_out,peak_share,gaussian_blur,1,extra,pooled,0.7771597222222222,0.7066097026316502,0.556875
held_out,peak_share,gaussian_blur,2,extra,pooled,0.9672514756944445,0.9347757382094614,0.08291666666666667
held_out,peak_share,gaussian_blur,3,extra,pooled,0.9878412326388889,0.9734066826159039,0.027083333333333334
held_out,peak_share,gaussian_blur,4,extra,pooled,0.9939928385416666,0.9864030654389483,0.013333333333333334
held_out,peak_share,gaussian_blur,5,extra,pooled,0.9978655815972223,0.9955113044710214,0.004375
held_out,peak_share,spatter,1,extra,pooled,0.5166203993055556,0.5032147125241704,0.9377083333333334
held_out,peak_share,spatter,2,extra,pooled,0.8198846354166667,0.7575504533312136,0.5191666666666667
held_out,peak_share,spatter,3,extra,pooled,0.9198053819444444,0.883083183376703,0.2704166666666667
held_out,peak_share,spatter,4,extra,pooled,0.9727889756944444,0.9610127594874007,0.09479166666666666
held_out,peak_share,spatter,5,extra,pooled,0.9873703559027778,0.9819249450376317,0.0425
held_out,peak_share,saturate,1,extra,pooled,0.5799963758680555,0.546592847923913,0.8683333333333333
held_out,peak_share,saturate,2,extra,pooled,0.7011619574652778,0.636776437093916,0.705
held_out,peak_share,saturate,3,extra,pooled,0.6080034505208334,0.5716407768553626,0.8608333333333333
held_out,peak_share,saturate,4,extra,pooled,0.7979322482638889,0.7273464531410455,0.5154166666666666
held_out,peak_share,saturate,5,extra,pooled,0.8851440104166667,0.8305613321975961,0.3275
held_out,level,gaussian_noise,1,common,pooled,0.9584460069444445,0.9140198372104122,0.10604166666666667
held_out,level,gaussian_noise,2,common,pooled,0.9883348524305555,0.9725751229486084,0.029166666666666667
held_out,level,gaussian_noise,3,common,pooled,0.9972977430555555,0.9941207406164732,0.006875
held_out,level,gaussian_noise,4,common,pooled,0.9995262152777777,0.9993362984818749,0.00125
held_out,level,gaussian_noise,5,common,pooled,0.9999890190972223,0.999988931335309,0.0
held_out,level,shot_noise,1,common,pooled,0.9494481770833333,0.9091073949319189,0.13958333333333334
held_out,level,shot_noise,2,common,pooled,0.9861703125,0.9741119109763833,0.036041666666666666
held_out,level,shot_noise,3,common,pooled,0.9961190538194444,0.9935459613570335,0.009791666666666667
held_out,level,shot_noise,4,common,pooled,0.9994191840277777,0.9993433107183837,0.0016666666666666668
held_out,level,shot_noise,5,common,pooled,0.9998562065972222,0.9998580449856893,0.0004166666666666667
held_out,level,impulse_noise,1,common,pooled,0.9915025173611111,0.9882972241725351,0.0325
held_out,level,impulse_noise,2,common,pooled,0.9956749131944445,0.9931546626599284,0.013333333333333334
held_out,level,impulse_noise,3,common,pooled,0.9976171440972222,0.9960122132476281,0.007291666666666667
held_out,level,impulse_noise,4,common,pooled,0.9996056857638889,0.999466179374134,0.00125
held_out,level,impulse_noise,5,common,pooled,0.9999912326388889,0.9999911642881231,0.0
held_out,level,defocus_blur,1,common,pooled,0.8680631944444445,0.797547684277524,0.3589583333333333
held_out,level,defocus_blur,2,common,pooled,0.9090134982638889,0.8485989211967155,0.24541666666666667
held_out,level,defocus_blur,3,common,pooled,0.9244432725694445,0.860175321559758,0.18541666666666667
held_out,level,defocus_blur,4,common,pooled,0.9334389756944445,0.8666963269683615,0.1525
held_out,level,defocus_blur,5,common,pooled,0.9390251302083333,0.8711965076627449,0.13291666666666666
held_out,level,glass_blur,1,common,pooled,0.7622466579861111,0.6812036390087521,0.591875
held_out,level,glass_blur,2,common,pooled,0.8650696614583333,0.7873696657793225,0.35604166666666665
held_out,level,glass_blur,3,common,pooled,0.9210093315972222,0.8524127038389746,0.20166666666666666
held_out,level,glass_blur,4,common,pooled,0.9284659722222223,0.8607183493167043,0.17854166666666665
held_out,level,glass_blur,5,common,pooled,0.9479019965277777,0.8911062993803207,0.1225
held_out,level,motion_blur,1,common,pooled,0.8626963975694445,0.8194190883026901,0.4377083333333333
held_out,level,motion_blur,2,common,pooled,0.9187451388888889,0.8874052906795845,0.27020833333333333
held_out,level,motion_blur,3,common,pooled,0.9447047309027777,0.9227210000723781,0.185625
held_out,level,motion_blur,4,common,pooled,0.9606495225694445,0.9448942639163207,0.13145833333333334
held_out,level,motion_blur,5,common,pooled,0.9676844618055556,0.9544770947865869,0.108125
held_out,level,zoom_blur,1,common,pooled,0.7343503472222223,0.632696346969336,0.56375
held_out,level,zoom_blur,2,common,pooled,0.7685973090277778,0.6644015623230114,0.49875
held_out,level,zoom_blur,3,common,pooled,0.6804590711805556,0.5851098151978839,0.64125
held_out,level,zoom_blur,4,common,pooled,0.7068760850694444,0.6070070505406804,0.6025
held_out,level,zoom_blur,5,common,pooled,0.6470013888888889,0.5612338323535089,0.6979166666666666
held_out,level,snow,1,common,pooled,0.953542578125,0.9361416538587641,0.16291666666666665
held_out,level,snow,2,common,pooled,0.9814664930555556,0.973727253468551,0.06208333333333333
held_out,level,snow,3,common,pooled,0.9831794270833333,0.9755296223725183,0.05604166666666666
held_out,level,snow,4,common,pooled,0.9884185329861112,0.9829017927821251,0.0375
held_out,level,snow,5,common,pooled,0.9848995659722222,0.9773653502205779,0.04666666666666667
held_out,level,frost,1,common,pooled,0.656521875,0.5861189816864629,0.7458333333333333
held_out,level,frost,2,common,pooled,0.7629526475694445,0.66695117536218,0.54375
held_out,level,frost,3,common,pooled,0.8157651475694444,0.7164656206308051,0.43583333333333335
held_out,level,frost,4,common,pooled,0.8190247395833333,0.7178156596661097,0.42916666666666664
held_out,level,frost,5,common,pooled,0.8437446180555556,0.7449100178453787,0.36791666666666667
held_out,level,fog,1,common,pooled,0.5140909288194444,0.4785568178000932,0.8570833333333333
held_out,level,fog,2,common,pooled,0.5497936197916666,0.4956659677916878,0.81
held_out,level,fog,3,common,pooled,0.5792828559027777,0.5113423400646904,0.7658333333333334
held_out,level,fog,4,common,pooled,0.5756575086805555,0.5082023423049649,0.7616666666666667
held_out,level,fog,5,common,pooled,0.6218259548611111,0.5359470491029819,0.6814583333333334
held_out,level,brightness,1,common,pooled,0.5376603732638889,0.523901396720814,0.9245833333333333
held_out,level,brightness,2,common,pooled,0.6108806423611111,0.573114342583599,0.8547916666666666
held_out,level,brightness,3,common,pooled,0.6846900607638889,0.6283869321162827,0.7433333333333333
held_out,level,brightness,4,common,pooled,0.7576923177083333,0.6898228171889961,0.6095833333333334
held_out,level,brightness,5,common,pooled,0.8154365017361112,0.7455643002179445,0.4816666666666667
held_out,level,contrast,1,common,pooled,0.5285272135416667,0.4904546169395988,0.8558333333333333
held_out,level,contrast,2,common,pooled,0.5816263888888888,0.5183436147798335,0.7804166666666666
held_out,level,contrast,3,common,pooled,0.6566220052083334,0.5664553278317555,0.6608333333333334
held_out,level,contrast,4,common,pooled,0.7764753038194444,0.6694246490345314,0.4633333333333333
held_out,level,contrast,5,common,pooled,0.8867177517361111,0.7968065750720973,0.25708333333333333
held_out,level,elastic_transform,1,common,pooled,0.6012856336805555,0.565232782464191,0.8677083333333333
held_out,level,elastic_transform,2,common,pooled,0.6670126736111112,0.6190877821034357,0.810625
held_out,level,elastic_transform,3,common,pooled,0.7527026909722222,0.6973191235139915,0.67625
held_out,level,elastic_transform,4,common,pooled,0.80893828125,0.7543453965938347,0.5710416666666667
held_out,level,elastic_transform,5,common,pooled,0.8687881944444444,0.818977457137505,0.4214583333333333
held_out,level,pixelate,1,common,pooled,0.6841012152777778,0.6385284601516942,0.7927083333333333
held_out,level,pixelate,2,common,pooled,0.741930859375,0.6982777404047844,0.710625
held_out,level,pixelate,3,common,pooled,0.8913920138888889,0.8722069894932206,0.4114583333333333
held_out,level,pixelate,4,common,pooled,0.9534328559027778,0.9448137072145308,0.18708333333333332
held_out,level,pixelate,5,common,pooled,0.9768919704861111,0.9731143441390414,0.09854166666666667
held_out,level,jpeg_compression,1,common,pooled,0.8142494791666667,0.7159793537646021,0.43666666666666665
held_out,level,jpeg_compression,2,common,pooled,0.8949909288194444,0.8138160330324476,0.26145833333333335
held_out,level,jpeg_compression,3,common,pooled,0.9249272135416666,0.8595129534712846,0.189375
held_out,level,jpeg_compression,4,common,pooled,0.9637262152777778,0.9295002221633499,0.09645833333333333
held_out,level,jpeg_compression,5,common,pooled,0.9791654947916667,0.9615442194481814,0.059583333333333335
held_out,level,speckle_noise,1,extra,pooled,0.8866451822916667,0.8360403111415627,0.35333333333333333
held_out,level,speckle_noise,2,extra,pooled,0.9389927951388889,0.9084635850946993,0.200625
held_out,level,speckle_noise,3,extra,pooled,0.9861454427083334,0.9803937795775534,0.04666666666666667
held_out,level,speckle_noise,4,extra,pooled,0.9935341579861111,0.9915246889234801,0.024375
held_out,level,speckle_noise,5,extra,pooled,0.9973326388888889,0.9968542861662719,0.009375
held_out,level,gaussian_blur,1,extra,pooled,0.7305120225694445,0.6556595849277009,0.6477083333333333
held_out,level,gaussian_blur,2,extra,pooled,0.9103683159722222,0.8529776538666967,0.24791666666666667
held_out,level,gaussian_blur,3,extra,pooled,0.93586640625,0.884531831912958,0.17125
held_out,level,gaussian_blur,4,extra,pooled,0.9440674479166666,0.8889679755936944,0.13375
held_out,level,gaussian_blur,5,extra,pooled,0.9550806423611111,0.8975732791055275,0.09270833333333334
held_out,level,spatter,1,extra,pooled,0.5417541232638889,0.5223212864644711,0.9135416666666667
held_out,level,spatter,2,extra,pooled,0.898667578125,0.8581795391420208,0.3385416666666667
held_out,level,spatter,3,extra,pooled,0.9609981770833333,0.9456555187734244,0.14479166666666668
held_out,level,spatter,4,extra,pooled,0.9927677951388889,0.991522566703699,0.03125
held_out,level,spatter,5,extra,pooled,0.9975832899305556,0.9972344590094396,0.010416666666666666
held_out,level,saturate,1,extra,pooled,0.5730231119791667,0.5360110631787138,0.858125
held_out,level,saturate,2,extra,pooled,0.6822412543402778,0.6142317399929478,0.7070833333333333
held_out,level,saturate,3,extra,pooled,0.6411813585069445,0.6032612096848363,0.845625
held_out,level,saturate,4,extra,pooled,0.8406802083333333,0.7797330365843371,0.46208333333333335
held_out,level,saturate,5,extra,pooled,0.9115405815972222,0.8770823060397619,0.2947916666666667
held_out,global_level,gaussian_noise,1,common,pooled,0.932117578125,0.8951056249861208,0.20395833333333332
held_out,global_level,gaussian_noise,2,common,pooled,0.9844167534722222,0.9723045495746316,0.04833333333333333
held_out,global_level,gaussian_noise,3,common,pooled,0.9973862847222222,0.9953070377759438,0.007916666666666667
held_out,global_level,gaussian_noise,4,common,pooled,0.9996584635416667,0.999556161589555,0.0010416666666666667
held_out,global_level,gaussian_noise,5,common,pooled,0.9999933159722222,0.9999932695936867,0.0
held_out,global_level,shot_noise,1,common,pooled,0.9160092013888889,0.8830667998238818,0.266875
held_out,global_level,shot_noise,2,common,pooled,0.9804303819444444,0.9707192459576467,0.06479166666666666
held_out,global_level,shot_noise,3,common,pooled,0.9957232638888889,0.9938092070865232,0.013333333333333334
held_out,global_level,shot_noise,4,common,pooled,0.9994745659722222,0.9994235190824761,0.001875
held_out,global_level,shot_noise,5,common,pooled,0.9998578125,0.9998614989969515,0.00020833333333333335
held_out,global_level,impulse_noise,1,common,pooled,0.9879669270833333,0.9817012045689859,0.042083333333333334
held_out,global_level,impulse_noise,2,common,pooled,0.9949307291666667,0.9917512669926354,0.015
held_out,global_level,impulse_noise,3,common,pooled,0.9976087673611111,0.9960175130446598,0.005833333333333334
held_out,global_level,impulse_noise,4,common,pooled,0.9997096354166667,0.9996159558455532,0.0008333333333333334
held_out,global_level,impulse_noise,5,common,pooled,0.9999942708333334,0.9999942328165422,0.0
held_out,global_level,defocus_blur,1,common,pooled,0.7978479600694445,0.7098732030071431,0.4839583333333333
held_out,global_level,defocus_blur,2,common,pooled,0.8748484809027778,0.7910169223280344,0.291875
held_out,global_level,defocus_blur,3,common,pooled,0.9230376736111111,0.8509766255579121,0.17041666666666666
held_out,global_level,defocus_blur,4,common,pooled,0.947251171875,0.8876290284107211,0.10875
held_out,global_level,defocus_blur,5,common,pooled,0.9583728732638889,0.9053076931566165,0.08020833333333334
held_out,global_level,glass_blur,1,common,pooled,0.6650263454861111,0.5918863047399645,0.7414583333333333
held_out,global_level,glass_blur,2,common,pooled,0.7996032118055556,0.7049566869236379,0.4710416666666667
held_out,global_level,glass_blur,3,common,pooled,0.8801421875,0.7873775279400752,0.268125
held_out,global_level,glass_blur,4,common,pooled,0.9029521267361111,0.8150622885609393,0.21416666666666667
held_out,global_level,glass_blur,5,common,pooled,0.9395705295138889,0.8703129885618426,0.12520833333333334
held_out,global_level,motion_blur,1,common,pooled,0.7888551649305555,0.7418304319080478,0.6116666666666667
held_out,global_level,motion_blur,2,common,pooled,0.8830733940972222,0.8419829370278886,0.36375
held_out,global_level,motion_blur,3,common,pooled,0.936404296875,0.906302741470112,0.19729166666666667
held_out,global_level,motion_blur,4,common,pooled,0.9627152777777778,0.9419762059551894,0.11041666666666666
held_out,global_level,motion_blur,5,common,pooled,0.9718703993055555,0.9548502896905252,0.081875
held_out,global_level,zoom_blur,1,common,pooled,0.7169637152777778,0.6248359839142283,0.6220833333333333
held_out,global_level,zoom_blur,2,common,pooled,0.7720922309027778,0.6709943584661091,0.5108333333333334
held_out,global_level,zoom_blur,3,common,pooled,0.7073310763888889,0.6155640537487819,0.6345833333333334
held_out,global_level,zoom_blur,4,common,pooled,0.7428733506944445,0.6437917581518267,0.566875
held_out,global_level,zoom_blur,5,common,pooled,0.7026529513888888,0.6118475031051044,0.6375
held_out,global_level,snow,1,common,pooled,0.9077455729166667,0.8771867905340679,0.31979166666666664
held_out,global_level,snow,2,common,pooled,0.9630083767361111,0.9525859410496745,0.14458333333333334
held_out,global_level,snow,3,common,pooled,0.9576276475694444,0.9416248963857945,0.15166666666666667
held_out,global_level,snow,4,common,pooled,0.9682536458333333,0.9554770815898774,0.11229166666666666
held_out,global_level,snow,5,common,pooled,0.9659302951388888,0.953746795214811,0.11833333333333333
held_out,global_level,frost,1,common,pooled,0.5532660590277778,0.5249601106748569,0.8935416666666667
held_out,global_level,frost,2,common,pooled,0.6599572048611111,0.5910955184878504,0.7610416666666666
held_out,global_level,frost,3,common,pooled,0.7270177517361112,0.6439797773145719,0.6572916666666667
held_out,global_level,frost,4,common,pooled,0.7342898871527778,0.6497160223421777,0.6445833333333333
held_out,global_level,frost,5,common,pooled,0.7705742621527778,0.6842725375135269,0.598125
held_out,global_level,fog,1,common,pooled,0.4675477430555556,0.45524424776840444,0.9064583333333334
held_out,global_level,fog,2,common,pooled,0.4911911892361111,0.46597497761544193,0.8847916666666666
held_out,global_level,fog,3,common,pooled,0.5181060763888888,0.4802351348299236,0.85875
held_out,global_level,fog,4,common,pooled,0.5118232638888889,0.4755733136242939,0.8614583333333333
held_out,global_level,fog,5,common,pooled,0.5333177083333334,0.4868420247091664,0.8404166666666667
held_out,global_level,brightness,1,common,pooled,0.5188909722222222,0.5140146327346877,0.935625
held_out,global_level,brightness,2,common,pooled,0.5644905381944444,0.545487594310053,0.8979166666666667
held_out,global_level,brightness,3,common,pooled,0.6175956597222222,0.5836946803918401,0.8377083333333334
held_out,global_level,brightness,4,common,pooled,0.6774055989583333,0.6294364979992,0.7602083333333334
held_out,global_level,brightness,5,common,pooled,0.7345067708333334,0.6771066788432072,0.6652083333333333
held_out,global_level,contrast,1,common,pooled,0.4990112847222222,0.4793817407470772,0.9
held_out,global_level,contrast,2,common,pooled,0.5385501736111111,0.5011508776227211,0.859375
held_out,global_level,contrast,3,common,pooled,0.6123170572916666,0.5492725865305006,0.7791666666666667
held_out,global_level,contrast,4,common,pooled,0.76693828125,0.6777391547451177,0.5458333333333333
held_out,global_level,contrast,5,common,pooled,0.8991615017361111,0.8240318017836625,0.24625
held_out,global_level,elastic_transform,1,common,pooled,0.5175494357638889,0.5040609041109398,0.935625
held_out,global_level,elastic_transform,2,common,pooled,0.5569224392361111,0.5309998099345755,0.9022916666666667
held_out,global_level,elastic_transform,3,common,pooled,0.62185859375,0.5806102157979598,0.8395833333333333
held_out,global_level,elastic_transform,4,common,pooled,0.6735095052083333,0.6249026570251907,0.7866666666666666
held_out,global_level,elastic_transform,5,common,pooled,0.7395319444444445,0.6864278316111663,0.6897916666666667
held_out,global_level,pixelate,1,common,pooled,0.5943295572916667,0.5600827534684228,0.8472916666666667
held_out,global_level,pixelate,2,common,pooled,0.6558757378472222,0.609527137952743,0.7783333333333333
held_out,global_level,pixelate,3,common,pooled,0.8309045138888889,0.7917870013112793,0.4691666666666667
held_out,global_level,pixelate,4,common,pooled,0.9254194444444445,0.9017490866118989,0.23458333333333334
held_out,global_level,pixelate,5,common,pooled,0.9622015190972222,0.9500667158638011,0.13
held_out,global_level,jpeg_compression,1,common,pooled,0.6355932291666667,0.5689342837745096,0.7539583333333333
held_out,global_level,jpeg_compression,2,common,pooled,0.7450593315972223,0.6557475279659136,0.5991666666666666
held_out,global_level,jpeg_compression,3,common,pooled,0.8082059027777778,0.7189201040834564,0.474375
held_out,global_level,jpeg_compression,4,common,pooled,0.9109178385416666,0.8513807920564701,0.24770833333333334
held_out,global_level,jpeg_compression,5,common,pooled,0.954897265625,0.9245911858232755,0.13916666666666666
held_out,global_level,speckle_noise,1,extra,pooled,0.82569921875,0.7912433568646531,0.5354166666666667
held_out,global_level,speckle_noise,2,extra,pooled,0.901475,0.877809519791107,0.3545833333333333
held_out,global_level,speckle_noise,3,extra,pooled,0.9805133680555556,0.9757817659774412,0.07645833333333334
held_out,global_level,speckle_noise,4,extra,pooled,0.9920138020833333,0.9903816763484212,0.03208333333333333
held_out,global_level,speckle_noise,5,extra,pooled,0.9971286892361111,0.9967440836845046,0.010416666666666666
held_out,global_level,gaussian_blur,1,extra,pooled,0.6374217013888889,0.5780798247596781,0.79
held_out,global_level,gaussian_blur,2,extra,pooled,0.8744860677083334,0.7914993637223313,0.29604166666666665
held_out,global_level,gaussian_blur,3,extra,pooled,0.9314638454861112,0.8650645587991403,0.14958333333333335
held_out,global_level,gaussian_blur,4,extra,pooled,0.9526017361111111,0.8970538264675659,0.095625
held_out,global_level,gaussian_blur,5,extra,pooled,0.9712679253472222,0.9286133307667291,0.05625
held_out,global_level,spatter,1,extra,pooled,0.4978673177083333,0.4952419900895091,0.94
held_out,global_level,spatter,2,extra,pooled,0.8250489583333334,0.7628857276687036,0.49270833333333336
held_out,global_level,spatter,3,extra,pooled,0.9349522135416667,0.9029688018266072,0.213125
held_out,global_level,spatter,4,extra,pooled,0.9848788194444444,0.9819047743486595,0.063125
held_out,global_level,spatter,5,extra,pooled,0.9947269965277777,0.9935415951325072,0.02020833333333333
held_out,global_level,saturate,1,extra,pooled,0.5348431640625,0.51479836451209,0.9008333333333334
held_out,global_level,saturate,2,extra,pooled,0.6103899956597222,0.5654617074102242,0.8147916666666667
held_out,global_level,saturate,3,extra,pooled,0.5888899956597222,0.5668915420319662,0.8941666666666667
held_out,global_level,saturate,4,extra,pooled,0.7279338975694445,0.6763718585384577,0.68875
held_out,global_level,saturate,5,extra,pooled,0.8224088975694445,0.7774954778807668,0.5225
held_out,means_knn,gaussian_noise,1,common,pooled,0.9293806857638889,0.8565385470582596,0.15104166666666666
held_out,means_knn,gaussian_noise,2,common,pooled,0.976839453125,0.9388810865974926,0.045
held_out,means_knn,gaussian_noise,3,common,pooled,0.9926980902777778,0.9801339694336817,0.012708333333333334
held_out,means_knn,gaussian_noise,4,common,pooled,0.99848046875,0.9959949652545325,0.0035416666666666665
held_out,means_knn,gaussian_noise,5,common,pooled,0.9997881510416666,0.9996864808599484,0.000625
held_out,means_knn,shot_noise,1,common,pooled,0.9181475694444444,0.8526637587288673,0.20895833333333333
held_out,means_knn,shot_noise,2,common,pooled,0.9738984809027778,0.9429289782002176,0.06041666666666667
held_out,means_knn,shot_noise,3,common,pooled,0.9910167534722222,0.9810623398725444,0.018125
held_out,means_knn,shot_noise,4,common,pooled,0.9983493055555556,0.9972874446622806,0.003958333333333334
held_out,means_knn,shot_noise,5,common,pooled,0.9994796875,0.999437041816615,0.0010416666666666667
held_out,means_knn,impulse_noise,1,common,pooled,0.9877302517361111,0.9830565459377215,0.048125
held_out,means_knn,impulse_noise,2,common,pooled,0.9917970052083334,0.9861004247308343,0.0225
held_out,means_knn,impulse_noise,3,common,pooled,0.9943142795138888,0.9893969979832093,0.013541666666666667
held_out,means_knn,impulse_noise,4,common,pooled,0.9987176649305556,0.9972828516215304,0.003125
held_out,means_knn,impulse_noise,5,common,pooled,0.999775390625,0.9996593485853652,0.000625
held_out,means_knn,defocus_blur,1,common,pooled,0.7330793402777778,0.6460303485601652,0.6172916666666667
held_out,means_knn,defocus_blur,2,common,pooled,0.7976935329861111,0.7029556953347453,0.48354166666666665
held_out,means_knn,defocus_blur,3,common,pooled,0.8333661458333333,0.7326403207633859,0.38354166666666667
held_out,means_knn,defocus_blur,4,common,pooled,0.8528615017361111,0.7499616746588428,0.334375
held_out,means_knn,defocus_blur,5,common,pooled,0.8575468315972222,0.751272173461885,0.31895833333333334
held_out,means_knn,glass_blur,1,common,pooled,0.5978420138888889,0.5373848056382706,0.80375
held_out,means_knn,glass_blur,2,common,pooled,0.6935266059027778,0.5995069059357887,0.6491666666666667
held_out,means_knn,glass_blur,3,common,pooled,0.7814221788194444,0.6698466133968481,0.49270833333333336
held_out,means_knn,glass_blur,4,common,pooled,0.78111328125,0.6643390572302942,0.4725
held_out,means_knn,glass_blur,5,common,pooled,0.8243352864583333,0.7068165838251179,0.36625
held_out,means_knn,motion_blur,1,common,pooled,0.8224740885416667,0.7786203600840694,0.5652083333333333
held_out,means_knn,motion_blur,2,common,pooled,0.8769297309027778,0.8433460167255713,0.425625
held_out,means_knn,motion_blur,3,common,pooled,0.9095029079861111,0.8843752338969293,0.3308333333333333
held_out,means_knn,motion_blur,4,common,pooled,0.9342973958333334,0.9151219148677656,0.238125
held_out,means_knn,motion_blur,5,common,pooled,0.9442998697916667,0.9272854935000536,0.21458333333333332
held_out,means_knn,zoom_blur,1,common,pooled,0.6459160590277778,0.5625461214305146,0.73875
held_out,means_knn,zoom_blur,2,common,pooled,0.672698046875,0.5821055785924097,0.6914583333333333
held_out,means_knn,zoom_blur,3,common,pooled,0.6213694010416667,0.5404506838422363,0.7547916666666666
held_out,means_knn,zoom_blur,4,common,pooled,0.6379819444444444,0.5510106339527571,0.7291666666666666
held_out,means_knn,zoom_blur,5,common,pooled,0.6054560763888889,0.5287001639435235,0.7704166666666666
held_out,means_knn,snow,1,common,pooled,0.951162109375,0.9347706486175846,0.17375
held_out,means_knn,snow,2,common,pooled,0.9768123263888889,0.9704196515800734,0.07020833333333333
held_out,means_knn,snow,3,common,pooled,0.976593359375,0.969660762846719,0.06958333333333333
held_out,means_knn,snow,4,common,pooled,0.9785817274305556,0.9738202670302614,0.059375
held_out,means_knn,snow,5,common,pooled,0.9734210069444444,0.9693875990450986,0.08083333333333333
held_out,means_knn,frost,1,common,pooled,0.6703892361111111,0.591363868501219,0.7102083333333333
held_out,means_knn,frost,2,common,pooled,0.7680355034722223,0.6653466656434119,0.5191666666666667
held_out,means_knn,frost,3,common,pooled,0.8142586371527778,0.708116704526343,0.4429166666666667
held_out,means_knn,frost,4,common,pooled,0.8178478298611112,0.7100604618746877,0.421875
held_out,means_knn,frost,5,common,pooled,0.8400171440972222,0.7341119180420169,0.36083333333333334
held_out,means_knn,fog,1,common,pooled,0.45442391493055556,0.45019546789257114,0.9210416666666666
held_out,means_knn,fog,2,common,pooled,0.4704405381944444,0.45591772636799105,0.90625
held_out,means_knn,fog,3,common,pooled,0.4836122395833333,0.46056437082047363,0.886875
held_out,means_knn,fog,4,common,pooled,0.4820181423611111,0.45834825481954766,0.8810416666666666
held_out,means_knn,fog,5,common,pooled,0.5257278211805556,0.4754603320392746,0.7983333333333333
held_out,means_knn,brightness,1,common,pooled,0.5416473090277778,0.5255690335223243,0.9264583333333334
held_out,means_knn,brightness,2,common,pooled,0.632617578125,0.5873762454779307,0.8522916666666667
held_out,means_knn,brightness,3,common,pooled,0.7272782986111112,0.6632765419075821,0.7152083333333333
held_out,means_knn,brightness,4,common,pooled,0.8111407118055556,0.7424457277544632,0.5454166666666667
held_out,means_knn,brightness,5,common,pooled,0.8656262586805555,0.8033113240477829,0.41375
held_out,means_knn,contrast,1,common,pooled,0.5033520399305556,0.4798387660784933,0.9125
held_out,means_knn,contrast,2,common,pooled,0.5342838975694445,0.4951617761326166,0.88875
held_out,means_knn,contrast,3,common,pooled,0.5662447916666666,0.5128189923814496,0.8672916666666667
held_out,means_knn,contrast,4,common,pooled,0.5877838541666667,0.5236068513591455,0.8214583333333333
held_out,means_knn,contrast,5,common,pooled,0.5947123697916666,0.5195573472402226,0.7527083333333333
held_out,means_knn,elastic_transform,1,common,pooled,0.5533498263888889,0.5252818899639605,0.9145833333333333
held_out,means_knn,elastic_transform,2,common,pooled,0.6149492621527778,0.5710480255509764,0.87125
held_out,means_knn,elastic_transform,3,common,pooled,0.7072506510416666,0.6510174229760317,0.7808333333333334
held_out,means_knn,elastic_transform,4,common,pooled,0.7728237847222222,0.7154270892501976,0.6783333333333333
held_out,means_knn,elastic_transform,5,common,pooled,0.8463695746527777,0.7935539203707742,0.50875
held_out,means_knn,pixelate,1,common,pooled,0.7006904513888889,0.6606936968104042,0.810625
held_out,means_knn,pixelate,2,common,pooled,0.7669842881944444,0.7330087404408898,0.7335416666666666
held_out,means_knn,pixelate,3,common,pooled,0.9090966145833334,0.8967170624271443,0.36583333333333334
held_out,means_knn,pixelate,4,common,pooled,0.9602298611111111,0.9565187048378379,0.16416666666666666
held_out,means_knn,pixelate,5,common,pooled,0.9789345052083334,0.9778163621415628,0.084375
held_out,means_knn,jpeg_compression,1,common,pooled,0.8042486545138889,0.7063197796984345,0.45625
held_out,means_knn,jpeg_compression,2,common,pooled,0.8873143663194445,0.8038782724104896,0.27708333333333335
held_out,means_knn,jpeg_compression,3,common,pooled,0.9193830295138888,0.8512615177628069,0.19395833333333334
held_out,means_knn,jpeg_compression,4,common,pooled,0.9614145399305556,0.9246106636224777,0.09625
held_out,means_knn,jpeg_compression,5,common,pooled,0.9776896701388889,0.9597411889007629,0.060208333333333336
held_out,means_knn,speckle_noise,1,extra,pooled,0.8524544704861111,0.7838968712690388,0.42020833333333335
held_out,means_knn,speckle_noise,2,extra,pooled,0.9132115017361111,0.8613920493995753,0.2579166666666667
held_out,means_knn,speckle_noise,3,extra,pooled,0.9772549913194445,0.9617434626018023,0.07020833333333333
held_out,means_knn,speckle_noise,4,extra,pooled,0.9884512152777778,0.9821821845164939,0.035208333333333335
held_out,means_knn,speckle_noise,5,extra,pooled,0.9947815538194444,0.9930161387994672,0.01625
held_out,means_knn,gaussian_blur,1,extra,pooled,0.616795703125,0.562225968401862,0.8091666666666667
held_out,means_knn,gaussian_blur,2,extra,pooled,0.8096474826388889,0.7189622157006363,0.47208333333333335
held_out,means_knn,gaussian_blur,3,extra,pooled,0.8640732204861111,0.7749141797581831,0.33125
held_out,means_knn,gaussian_blur,4,extra,pooled,0.8816789930555555,0.7912774392674401,0.28541666666666665
held_out,means_knn,gaussian_blur,5,extra,pooled,0.8940983506944444,0.8002788064838426,0.244375
held_out,means_knn,spatter,1,extra,pooled,0.5587085069444444,0.5332451613947258,0.90125
held_out,means_knn,spatter,2,extra,pooled,0.8837685763888888,0.8469886819819785,0.44083333333333335
held_out,means_knn,spatter,3,extra,pooled,0.9398812934027778,0.9179337194511491,0.25083333333333335
held_out,means_knn,spatter,4,extra,pooled,0.9840401909722222,0.9810768625513142,0.06333333333333334
held_out,means_knn,spatter,5,extra,pooled,0.9925123697916667,0.9907990467507395,0.029583333333333333
held_out,means_knn,saturate,1,extra,pooled,0.5663933376736111,0.5316325937499512,0.865
held_out,means_knn,saturate,2,extra,pooled,0.6458076605902778,0.5897076128085932,0.7833333333333333
held_out,means_knn,saturate,3,extra,pooled,0.6634929470486111,0.6206428324692699,0.8185416666666666
held_out,means_knn,saturate,4,extra,pooled,0.8874287326388889,0.8289973847086343,0.33208333333333334
held_out,means_knn,saturate,5,extra,pooled,0.9423716145833333,0.9142745052990962,0.19229166666666667
held_out,means_own,gaussian_noise,1,common,pooled,0.8890185329861111,0.8284514329457542,0.30083333333333334
held_out,means_own,gaussian_noise,2,common,pooled,0.96555546875,0.9358010336688131,0.096875
held_out,means_own,gaussian_noise,3,common,pooled,0.9914185763888889,0.9838824630802206,0.021458333333333333
held_out,means_own,gaussian_noise,4,common,pooled,0.9983423177083334,0.9977302750304958,0.005625
held_out,means_own,gaussian_noise,5,common,pooled,0.9999570746527778,0.9999564394974022,0.00020833333333333335
held_out,means_own,shot_noise,1,common,pooled,0.8719282552083333,0.8182065579286917,0.3647916666666667
held_out,means_own,shot_noise,2,common,pooled,0.9604328559027778,0.935966916192001,0.11833333333333333
held_out,means_own,shot_noise,3,common,pooled,0.9883859375,0.981323554804436,0.029583333333333333
held_out,means_own,shot_noise,4,common,pooled,0.9981717013888889,0.99781924021206,0.0060416666666666665
held_out,means_own,shot_noise,5,common,pooled,0.9996082465277778,0.9996116838757213,0.0016666666666666668
held_out,means_own,impulse_noise,1,common,pooled,0.9779875,0.965871673209093,0.06979166666666667
held_out,means_own,impulse_noise,2,common,pooled,0.9872947048611111,0.978592988851916,0.032916666666666664
held_out,means_own,impulse_noise,3,common,pooled,0.9925391927083334,0.9872585483280661,0.018125
held_out,means_own,impulse_noise,4,common,pooled,0.9986395399305555,0.9981545348092812,0.004375
held_out,means_own,impulse_noise,5,common,pooled,0.9999689236111111,0.999968541320602,0.00020833333333333335
held_out,means_own,defocus_blur,1,common,pooled,0.7430212239583334,0.6585385229371123,0.59625
held_out,means_own,defocus_blur,2,common,pooled,0.822263671875,0.7310187675901669,0.4141666666666667
held_out,means_own,defocus_blur,3,common,pooled,0.8840162760416667,0.7971692584481367,0.26104166666666667
held_out,means_own,defocus_blur,4,common,pooled,0.9203842881944444,0.8452922441454724,0.16958333333333334
held_out,means_own,defocus_blur,5,common,pooled,0.9383350694444444,0.8704889832521818,0.13104166666666667
held_out,means_own,glass_blur,1,common,pooled,0.6213118489583334,0.5620714485098067,0.8089583333333333
held_out,means_own,glass_blur,2,common,pooled,0.7557797743055555,0.665682134061674,0.5779166666666666
held_out,means_own,glass_blur,3,common,pooled,0.8778879340277778,0.7861710035953143,0.278125
held_out,means_own,glass_blur,4,common,pooled,0.9000305989583334,0.81324119554193,0.223125
held_out,means_own,glass_blur,5,common,pooled,0.9321125434027778,0.8600169557824064,0.1475
held_out,means_own,motion_blur,1,common,pooled,0.7439059461805556,0.69205253529362,0.6927083333333334
held_out,means_own,motion_blur,2,common,pooled,0.8394556423611111,0.7881539502883356,0.4658333333333333
held_out,means_own,motion_blur,3,common,pooled,0.9055915798611112,0.8642286230469923,0.275625
held_out,means_own,motion_blur,4,common,pooled,0.943052734375,0.913612300150535,0.16541666666666666
held_out,means_own,motion_blur,5,common,pooled,0.9564697048611112,0.9316755415452624,0.13104166666666667
held_out,means_own,zoom_blur,1,common,pooled,0.6799380208333333,0.5947092574839928,0.6895833333333333
held_out,means_own,zoom_blur,2,common,pooled,0.7393365451388889,0.6417220604541585,0.58
held_out,means_own,zoom_blur,3,common,pooled,0.6735444010416667,0.5860272418607283,0.69125
held_out,means_own,zoom_blur,4,common,pooled,0.7125514756944444,0.6153992070247375,0.6154166666666666
held_out,means_own,zoom_blur,5,common,pooled,0.6710192708333333,0.5832993355924185,0.6845833333333333
held_out,means_own,snow,1,common,pooled,0.8868119791666667,0.8543590735956095,0.39625
held_out,means_own,snow,2,common,pooled,0.9447675347222222,0.9276520522176006,0.20583333333333334
held_out,means_own,snow,3,common,pooled,0.9404977864583334,0.9188710629015707,0.21458333333333332
held_out,means_own,snow,4,common,pooled,0.9562132378472222,0.9387106049422558,0.15416666666666667
held_out,means_own,snow,5,common,pooled,0.9503840711805556,0.9304375093632763,0.16666666666666666
held_out,means_own,frost,1,common,pooled,0.5174880642361112,0.5015292410747829,0.9189583333333333
held_out,means_own,frost,2,common,pooled,0.6177452690972223,0.5592784220644147,0.81125
held_out,means_own,frost,3,common,pooled,0.6890518229166667,0.6117981054693039,0.7179166666666666
held_out,means_own,frost,4,common,pooled,0.6972824652777778,0.6183290417115024,0.7089583333333334
held_out,means_own,frost,5,common,pooled,0.7379351128472222,0.653962721175824,0.65625
held_out,means_own,fog,1,common,pooled,0.4420118055555556,0.44377074851390885,0.931875
held_out,means_own,fog,2,common,pooled,0.45766102430555555,0.449579973027011,0.9170833333333334
held_out,means_own,fog,3,common,pooled,0.4777483940972222,0.4590037072241621,0.904375
held_out,means_own,fog,4,common,pooled,0.4725480034722222,0.45559225374445844,0.9066666666666666
held_out,means_own,fog,5,common,pooled,0.4950405815972222,0.46784693617186035,0.8927083333333333
held_out,means_own,brightness,1,common,pooled,0.5104154079861111,0.5077604216915571,0.94375
held_out,means_own,brightness,2,common,pooled,0.5454757378472223,0.5306297380201741,0.91625
held_out,means_own,brightness,3,common,pooled,0.5908642361111112,0.5611310904040759,0.87375
held_out,means_own,brightness,4,common,pooled,0.6461800347222222,0.6001284460941977,0.805
held_out,means_own,brightness,5,common,pooled,0.7024641927083334,0.6431693110407178,0.711875
held_out,means_own,contrast,1,common,pooled,0.4760232204861111,0.4674116682778723,0.9258333333333333
held_out,means_own,contrast,2,common,pooled,0.5048354600694445,0.4817606545761194,0.9010416666666666
held_out,means_own,contrast,3,common,pooled,0.5656593315972223,0.5178501412399463,0.83875
held_out,means_own,contrast,4,common,pooled,0.7161280815972222,0.6307880329615569,0.6370833333333333
held_out,means_own,contrast,5,common,pooled,0.8724048177083333,0.7886382578676645,0.31375
held_out,means_own,elastic_transform,1,common,pooled,0.5328648871527778,0.5171658614796635,0.931875
held_out,means_own,elastic_transform,2,common,pooled,0.5879309461805555,0.5567252379303214,0.8947916666666667
held_out,means_own,elastic_transform,3,common,pooled,0.6722609375,0.6264295181848012,0.8052083333333333
held_out,means_own,elastic_transform,4,common,pooled,0.7341927083333334,0.6844966145544349,0.7179166666666666
held_out,means_own,elastic_transform,5,common,pooled,0.8073928385416667,0.7590041125884206,0.569375
held_out,means_own,pixelate,1,common,pooled,0.5763099392361111,0.5507648147100438,0.88
held_out,means_own,pixelate,2,common,pooled,0.6409414930555556,0.6046836164148106,0.8110416666666667
held_out,means_own,pixelate,3,common,pooled,0.8358792534722223,0.8076457696149073,0.5008333333333334
held_out,means_own,pixelate,4,common,pooled,0.9360747395833333,0.919384442965553,0.216875
held_out,means_own,pixelate,5,common,pooled,0.9695659288194445,0.9609392550845934,0.11125
held_out,means_own,jpeg_compression,1,common,pooled,0.605478515625,0.5526663270632564,0.8125
held_out,means_own,jpeg_compression,2,common,pooled,0.7248445746527777,0.6462496287117339,0.6483333333333333
held_out,means_own,jpeg_compression,3,common,pooled,0.7968504340277778,0.7165799788020418,0.530625
held_out,means_own,jpeg_compression,4,common,pooled,0.9134578125,0.8602745645873,0.2577083333333333
held_out,means_own,jpeg_compression,5,common,pooled,0.9593754340277778,0.9331275361845968,0.13
held_out,means_own,speckle_noise,1,extra,pooled,0.7769766493055555,0.7278219373118474,0.6129166666666667
held_out,means_own,speckle_noise,2,extra,pooled,0.859415625,0.8178257964316403,0.44104166666666667
held_out,means_own,speckle_noise,3,extra,pooled,0.9640231770833333,0.9504355808235687,0.12708333333333333
held_out,means_own,speckle_noise,4,extra,pooled,0.9832453125,0.9774582693596281,0.057916666666666665
held_out,means_own,speckle_noise,5,extra,pooled,0.9931253038194444,0.9914467479580878,0.02375
held_out,means_own,gaussian_blur,1,extra,pooled,0.6042820746527777,0.555386903566025,0.8354166666666667
held_out,means_own,gaussian_blur,2,extra,pooled,0.8223049913194445,0.732838212128404,0.4214583333333333
held_out,means_own,gaussian_blur,3,extra,pooled,0.8927455295138889,0.8103918259881792,0.24583333333333332
held_out,means_own,gaussian_blur,4,extra,pooled,0.9253703993055555,0.8528687614933681,0.160625
held_out,means_own,gaussian_blur,5,extra,pooled,0.9571549479166667,0.9001483745074687,0.09104166666666667
held_out,means_own,spatter,1,extra,pooled,0.5112772569444445,0.5063774932051633,0.9375
held_out,means_own,spatter,2,extra,pooled,0.8394807291666667,0.7889172656514004,0.4895833333333333
held_out,means_own,spatter,3,extra,pooled,0.9250223958333333,0.8896662584220372,0.2475
held_out,means_own,spatter,4,extra,pooled,0.9815475260416666,0.9778925783027153,0.07729166666666666
held_out,means_own,spatter,5,extra,pooled,0.9925065104166667,0.9906785724770487,0.027916666666666666
held_out,means_own,saturate,1,extra,pooled,0.5130927734375,0.5008200087253698,0.9208333333333333
held_out,means_own,saturate,2,extra,pooled,0.5735046657986111,0.5391604589935831,0.8675
held_out,means_own,saturate,3,extra,pooled,0.5727188151041667,0.5536632584203609,0.913125
held_out,means_own,saturate,4,extra,pooled,0.6872305989583334,0.6379129407076712,0.7514583333333333
held_out,means_own,saturate,5,extra,pooled,0.7855632378472223,0.7353644433056666,0.5927083333333333
held_out,saod_top3,gaussian_noise,1,common,pooled,0.5692271050347222,0.5432898301300958,0.90125
held_out,saod_top3,gaussian_noise,2,common,pooled,0.6142322916666667,0.5709716655437538,0.8520833333333333
held_out,saod_top3,gaussian_noise,3,common,pooled,0.686076171875,0.6267670568638188,0.7516666666666667
held_out,saod_top3,gaussian_noise,4,common,pooled,0.7813905815972222,0.7180611720263772,0.605625
held_out,saod_top3,gaussian_noise,5,common,pooled,0.8980236111111111,0.8556499832531159,0.353125
held_out,saod_top3,shot_noise,1,common,pooled,0.5647214409722222,0.5403356723042277,0.9054166666666666
held_out,saod_top3,shot_noise,2,common,pooled,0.613962890625,0.5732927664193492,0.8479166666666667
held_out,saod_top3,shot_noise,3,common,pooled,0.6744705729166667,0.6198360670238362,0.780625
held_out,saod_top3,shot_noise,4,common,pooled,0.7829365017361111,0.7202684256758537,0.6052083333333333
held_out,saod_top3,shot_noise,5,common,pooled,0.85841640625,0.8058832206228407,0.46708333333333335
held_out,saod_top3,impulse_noise,1,common,pooled,0.625739453125,0.5831001456483841,0.8570833333333333
held_out,saod_top3,impulse_noise,2,common,pooled,0.6618748480902777,0.6113504267918298,0.805
held_out,saod_top3,impulse_noise,3,common,pooled,0.6961187065972222,0.6374407376649163,0.7475
held_out,saod_top3,impulse_noise,4,common,pooled,0.7873306423611112,0.724394320662825,0.60625
held_out,saod_top3,impulse_noise,5,common,pooled,0.8909767361111111,0.8464997863716859,0.38458333333333333
held_out,saod_top3,defocus_blur,1,common,pooled,0.5996582465277778,0.5556222058737957,0.8429166666666666
held_out,saod_top3,defocus_blur,2,common,pooled,0.6486703125,0.5898089495382395,0.7752083333333334
held_out,saod_top3,defocus_blur,3,common,pooled,0.7278774739583334,0.6574855915652589,0.64875
held_out,saod_top3,defocus_blur,4,common,pooled,0.7969055121527778,0.7273353086255929,0.5447916666666667
held_out,saod_top3,defocus_blur,5,common,pooled,0.8505004340277778,0.7918830231141936,0.44083333333333335
held_out,saod_top3,glass_blur,1,common,pooled,0.6090392361111111,0.5652067434624,0.8379166666666666
held_out,saod_top3,glass_blur,2,common,pooled,0.6816193142361111,0.620651240496953,0.7441666666666666
held_out,saod_top3,glass_blur,3,common,pooled,0.8399122829861111,0.7806971102165932,0.504375
held_out,saod_top3,glass_blur,4,common,pooled,0.872008203125,0.8191855883991215,0.42041666666666666
held_out,saod_top3,glass_blur,5,common,pooled,0.8937864583333334,0.8425956802148781,0.34041666666666665
held_out,saod_top3,motion_blur,1,common,pooled,0.5633424479166667,0.5340688321762599,0.88625
held_out,saod_top3,motion_blur,2,common,pooled,0.6241113498263889,0.5750032931586492,0.8260416666666667
held_out,saod_top3,motion_blur,3,common,pooled,0.7147952256944444,0.6472435827190675,0.6810416666666667
held_out,saod_top3,motion_blur,4,common,pooled,0.805417578125,0.7353460302878506,0.53625
held_out,saod_top3,motion_blur,5,common,pooled,0.8543155815972222,0.7909422513038847,0.434375
held_out,saod_top3,zoom_blur,1,common,pooled,0.72918515625,0.6557634001496581,0.6604166666666667
held_out,saod_top3,zoom_blur,2,common,pooled,0.7939289930555555,0.719365549075587,0.5445833333333333
held_out,saod_top3,zoom_blur,3,common,pooled,0.8255892361111111,0.7488336935921982,0.47375
held_out,saod_top3,zoom_blur,4,common,pooled,0.8576776909722222,0.7844872873829881,0.40791666666666665
held_out,saod_top3,zoom_blur,5,common,pooled,0.8712688368055556,0.7980911025049452,0.350625
held_out,saod_top3,snow,1,common,pooled,0.5917522135416666,0.5625184536306826,0.8877083333333333
held_out,saod_top3,snow,2,common,pooled,0.6677803168402778,0.6234961332189463,0.805
held_out,saod_top3,snow,3,common,pooled,0.6686261935763889,0.6270458224986473,0.8016666666666666
held_out,saod_top3,snow,4,common,pooled,0.7189092881944444,0.6720136078520761,0.7310416666666667
held_out,saod_top3,snow,5,common,pooled,0.7290906684027778,0.6818261447953422,0.7247916666666666
held_out,saod_top3,frost,1,common,pooled,0.5574454861111111,0.5374215139965837,0.9160416666666666
held_out,saod_top3,frost,2,common,pooled,0.6174479600694445,0.584195807450139,0.871875
held_out,saod_top3,frost,3,common,pooled,0.6580124565972222,0.6201435635059385,0.835625
held_out,saod_top3,frost,4,common,pooled,0.6682107204861111,0.6309405446841747,0.8275
held_out,saod_top3,frost,5,common,pooled,0.6923687282986111,0.6526052858956874,0.794375
held_out,saod_top3,fog,1,common,pooled,0.5234024739583333,0.5155175885977094,0.9429166666666666
held_out,saod_top3,fog,2,common,pooled,0.5328817708333333,0.5214315838464137,0.93625
held_out,saod_top3,fog,3,common,pooled,0.5424442491319444,0.5277914990662416,0.930625
held_out,saod_top3,fog,4,common,pooled,0.5456324001736111,0.5300082153993999,0.9295833333333333
held_out,saod_top3,fog,5,common,pooled,0.5666115885416667,0.5457874597681951,0.91375
held_out,saod_top3,brightness,1,common,pooled,0.5021898003472223,0.5012332110436368,0.9454166666666667
held_out,saod_top3,brightness,2,common,pooled,0.5115206597222223,0.5065638161032369,0.9433333333333334
held_out,saod_top3,brightness,3,common,pooled,0.5243325520833333,0.5142032799156518,0.9427083333333334
held_out,saod_top3,brightness,4,common,pooled,0.5420486979166667,0.5255704624174902,0.9325
held_out,saod_top3,brightness,5,common,pooled,0.5627294270833333,0.5400785740767947,0.91875
held_out,saod_top3,contrast,1,common,pooled,0.5243710503472222,0.5165441928788053,0.940625
held_out,saod_top3,contrast,2,common,pooled,0.5390845269097222,0.5257887216680862,0.9327083333333334
held_out,saod_top3,contrast,3,common,pooled,0.5677637586805555,0.5462222972581149,0.91
held_out,saod_top3,contrast,4,common,pooled,0.6484856553819445,0.6097634676550343,0.8297916666666667
held_out,saod_top3,contrast,5,common,pooled,0.7795269314236111,0.7454333787247736,0.6377083333333333
held_out,saod_top3,elastic_transform,1,common,pooled,0.5578031032986112,0.534190553656803,0.909375
held_out,saod_top3,elastic_transform,2,common,pooled,0.5906389105902777,0.5570761850760583,0.893125
held_out,saod_top3,elastic_transform,3,common,pooled,0.6380531032986111,0.590396974843636,0.8589583333333334
held_out,saod_top3,elastic_transform,4,common,pooled,0.6754789279513889,0.6192989025702634,0.8202083333333333
held_out,saod_top3,elastic_transform,5,common,pooled,0.7179888020833334,0.6536761116482362,0.7675
held_out,saod_top3,pixelate,1,common,pooled,0.5912891276041666,0.5559905282656419,0.8758333333333334
held_out,saod_top3,pixelate,2,common,pooled,0.6448008680555556,0.5978650474736052,0.8208333333333333
held_out,saod_top3,pixelate,3,common,pooled,0.8132434895833334,0.7637386919713264,0.5722916666666666
held_out,saod_top3,pixelate,4,common,pooled,0.9191668836805555,0.8819366807331729,0.2579166666666667
held_out,saod_top3,pixelate,5,common,pooled,0.9500409288194445,0.9217642925199254,0.12770833333333334
held_out,saod_top3,jpeg_compression,1,common,pooled,0.5975580078125,0.5573090643067845,0.8516666666666667
held_out,saod_top3,jpeg_compression,2,common,pooled,0.6416621961805555,0.5914370536195006,0.8022916666666666
held_out,saod_top3,jpeg_compression,3,common,pooled,0.67495703125,0.6200535935467861,0.768125
held_out,saod_top3,jpeg_compression,4,common,pooled,0.7700562934027778,0.7103591609680888,0.6277083333333333
held_out,saod_top3,jpeg_compression,5,common,pooled,0.8617293402777778,0.8145952270751562,0.45979166666666665
held_out,saod_top3,speckle_noise,1,extra,pooled,0.5495499565972222,0.5313391049927771,0.92375
held_out,saod_top3,speckle_noise,2,extra,pooled,0.5720912760416667,0.5469920081457028,0.9027083333333333
held_out,saod_top3,speckle_noise,3,extra,pooled,0.6399762152777778,0.5952005939485989,0.83375
held_out,saod_top3,speckle_noise,4,extra,pooled,0.6843690755208334,0.6307322639441733,0.774375
held_out,saod_top3,speckle_noise,5,extra,pooled,0.7391511067708333,0.6792600080829545,0.6883333333333334
held_out,saod_top3,gaussian_blur,1,extra,pooled,0.5521605034722222,0.5268172314224618,0.893125
held_out,saod_top3,gaussian_blur,2,extra,pooled,0.6340558159722223,0.5795820508296363,0.793125
held_out,saod_top3,gaussian_blur,3,extra,pooled,0.7089315538194444,0.6408328222833892,0.6858333333333333
held_out,saod_top3,gaussian_blur,4,extra,pooled,0.7759077256944444,0.7085363620874984,0.586875
held_out,saod_top3,gaussian_blur,5,extra,pooled,0.8765743055555556,0.8293177839727364,0.404375
held_out,saod_top3,spatter,1,extra,pooled,0.5080696614583333,0.5036354308043636,0.9454166666666667
held_out,saod_top3,spatter,2,extra,pooled,0.5757332465277778,0.549535945717839,0.9035416666666667
held_out,saod_top3,spatter,3,extra,pooled,0.6160484592013888,0.5825125342180142,0.86875
held_out,saod_top3,spatter,4,extra,pooled,0.6732741970486111,0.6241195723912358,0.7966666666666666
held_out,saod_top3,spatter,5,extra,pooled,0.7385934461805556,0.6836290706769967,0.71
held_out,saod_top3,saturate,1,extra,pooled,0.5132192274305556,0.5088045087887086,0.9439583333333333
held_out,saod_top3,saturate,2,extra,pooled,0.5275168619791667,0.5169684789107211,0.9383333333333334
held_out,saod_top3,saturate,3,extra,pooled,0.5088912543402778,0.5047748289194353,0.9447916666666667
held_out,saod_top3,saturate,4,extra,pooled,0.5374805989583333,0.5212601361672704,0.930625
held_out,saod_top3,saturate,5,extra,pooled,0.569935546875,0.5435357019588996,0.90875
held_out,saod_min,gaussian_noise,1,common,pooled,0.5921399739583333,0.5820404696920463,0.914375
held_out,saod_min,gaussian_noise,2,common,pooled,0.6595046223958333,0.643960455807102,0.8754166666666666
held_out,saod_min,gaussian_noise,3,common,pooled,0.7545044053819444,0.7362947071395136,0.7827083333333333
held_out,saod_min,gaussian_noise,4,common,pooled,0.8583577690972222,0.842131575074847,0.575
held_out,saod_min,gaussian_noise,5,common,pooled,0.9499824869791667,0.9345580284031543,0.23083333333333333
held_out,saod_min,shot_noise,1,common,pooled,0.5832979817708334,0.5759955667448949,0.92125
held_out,saod_min,shot_noise,2,common,pooled,0.6533145399305555,0.6394505236633474,0.888125
held_out,saod_min,shot_noise,3,common,pooled,0.7355513237847222,0.7184986563883757,0.7997916666666667
held_out,saod_min,shot_noise,4,common,pooled,0.8611400607638889,0.843443579742424,0.545625
held_out,saod_min,shot_noise,5,common,pooled,0.9268274522569444,0.9092808406651343,0.299375
held_out,saod_min,impulse_noise,1,common,pooled,0.6595377604166667,0.648769303350248,0.8747916666666666
held_out,saod_min,impulse_noise,2,common,pooled,0.7087267795138888,0.6954750560701883,0.83
held_out,saod_min,impulse_noise,3,common,pooled,0.7593198784722223,0.7427167576313657,0.7627083333333333
held_out,saod_min,impulse_noise,4,common,pooled,0.8639163194444445,0.8472555996113688,0.545625
held_out,saod_min,impulse_noise,5,common,pooled,0.9477074652777778,0.9312523284476154,0.231875
held_out,saod_min,defocus_blur,1,common,pooled,0.6463004340277778,0.6177366474771888,0.8691666666666666
held_out,saod_min,defocus_blur,2,common,pooled,0.7087931857638889,0.6773072092228701,0.8072916666666666
held_out,saod_min,defocus_blur,3,common,pooled,0.7992906032986111,0.7716043373797479,0.661875
held_out,saod_min,defocus_blur,4,common,pooled,0.8698853515625,0.8461440267505814,0.47708333333333336
held_out,saod_min,defocus_blur,5,common,pooled,0.9177794053819445,0.8963355278512122,0.3072916666666667
held_out,saod_min,glass_blur,1,common,pooled,0.6524670138888888,0.6254408629543394,0.8627083333333333
held_out,saod_min,glass_blur,2,common,pooled,0.7447947699652778,0.7158137970794978,0.7627083333333333
held_out,saod_min,glass_blur,3,common,pooled,0.9030838975694444,0.8846768856484755,0.3925
held_out,saod_min,glass_blur,4,common,pooled,0.9287521050347223,0.9115319963096842,0.28791666666666665
held_out,saod_min,glass_blur,5,common,pooled,0.9465636067708333,0.9282645371361957,0.21375
held_out,saod_min,motion_blur,1,common,pooled,0.5913527777777777,0.5712161142847552,0.91
held_out,saod_min,motion_blur,2,common,pooled,0.6712661892361111,0.6483619673573457,0.8691666666666666
held_out,saod_min,motion_blur,3,common,pooled,0.7770439670138889,0.7548341827704239,0.736875
held_out,saod_min,motion_blur,4,common,pooled,0.8708888454861111,0.850307924614932,0.49291666666666667
held_out,saod_min,motion_blur,5,common,pooled,0.9144225043402778,0.8944702013312877,0.328125
held_out,saod_min,zoom_blur,1,common,pooled,0.7843802734375,0.7570101311415436,0.7016666666666667
held_out,saod_min,zoom_blur,2,common,pooled,0.8492225260416667,0.8247126038022885,0.545625
held_out,saod_min,zoom_blur,3,common,pooled,0.8808349826388889,0.8578116939997398,0.4510416666666667
held_out,saod_min,zoom_blur,4,common,pooled,0.9094884982638889,0.8879526632265861,0.3575
held_out,saod_min,zoom_blur,5,common,pooled,0.9202280815972222,0.8991820119410182,0.31958333333333333
held_out,saod_min,snow,1,common,pooled,0.630624609375,0.6245871000132743,0.8902083333333334
held_out,saod_min,snow,2,common,pooled,0.7189999131944445,0.7126497427041656,0.8379166666666666
held_out,saod_min,snow,3,common,pooled,0.7283232204861111,0.7205836374350962,0.8177083333333334
held_out,saod_min,snow,4,common,pooled,0.7908436414930555,0.7817617027965678,0.7222916666666667
held_out,saod_min,snow,5,common,pooled,0.7972865668402778,0.7890702967939343,0.7347916666666666
held_out,saod_min,frost,1,common,pooled,0.5797057291666666,0.5715219187803255,0.9185416666666667
held_out,saod_min,frost,2,common,pooled,0.6564675998263889,0.6490507173467004,0.88125
held_out,saod_min,frost,3,common,pooled,0.7129680555555555,0.7052651132459133,0.82125
held_out,saod_min,frost,4,common,pooled,0.7192554253472222,0.7144135388598203,0.8314583333333333
held_out,saod_min,frost,5,common,pooled,0.7534068359375,0.7476009217102417,0.7875
held_out,saod_min,fog,1,common,pooled,0.5246511501736111,0.5218533673062429,0.94375
held_out,saod_min,fog,2,common,pooled,0.5352110243055556,0.5316662962255875,0.9358333333333333
held_out,saod_min,fog,3,common,pooled,0.5477014322916667,0.5420136944319381,0.93375
held_out,saod_min,fog,4,common,pooled,0.5527357204861111,0.5465846970552655,0.9316666666666666
held_out,saod_min,fog,5,common,pooled,0.5794172743055556,0.5709997849322457,0.9229166666666667
held_out,saod_min,brightness,1,common,pooled,0.5037116753472223,0.5033157998174016,0.944375
held_out,saod_min,brightness,2,common,pooled,0.516049609375,0.5141390698443851,0.94125
held_out,saod_min,brightness,3,common,pooled,0.5310919053819444,0.5280256665293432,0.9391666666666667
held_out,saod_min,brightness,4,common,pooled,0.5517412977430556,0.5480416864321507,0.9302083333333333
held_out,saod_min,brightness,5,common,pooled,0.5777110460069445,0.5740221489622661,0.9179166666666667
held_out,saod_min,contrast,1,common,pooled,0.5269873263888889,0.5234750155075194,0.9391666666666667
held_out,saod_min,contrast,2,common,pooled,0.5453609157986111,0.5391923751050389,0.9316666666666666
held_out,saod_min,contrast,3,common,pooled,0.5832583984375,0.572398805013351,0.915625
held_out,saod_min,contrast,4,common,pooled,0.6945657335069444,0.6788502243930379,0.8483333333333334
held_out,saod_min,contrast,5,common,pooled,0.8498768663194445,0.8370879018506774,0.5625
held_out,saod_min,elastic_transform,1,common,pooled,0.5908856119791667,0.5778614093592016,0.90875
held_out,saod_min,elastic_transform,2,common,pooled,0.6287051649305555,0.615824457068519,0.8777083333333333
held_out,saod_min,elastic_transform,3,common,pooled,0.6771583984375,0.6595917846822583,0.84375
held_out,saod_min,elastic_transform,4,common,pooled,0.7122248480902778,0.6917190596267822,0.8235416666666666
held_out,saod_min,elastic_transform,5,common,pooled,0.7419546223958333,0.7158330174796281,0.75875
held_out,saod_min,pixelate,1,common,pooled,0.61434296875,0.6009635333381189,0.9066666666666666
held_out,saod_min,pixelate,2,common,pooled,0.6757251519097223,0.6637041296832666,0.8727083333333333
held_out,saod_min,pixelate,3,common,pooled,0.8521716145833333,0.8458542779261814,0.609375
held_out,saod_min,pixelate,4,common,pooled,0.9468885199652778,0.9362380994480898,0.26
held_out,saod_min,pixelate,5,common,pooled,0.9686484809027778,0.9559652841289498,0.13875
held_out,saod_min,jpeg_compression,1,common,pooled,0.6410451171875,0.6156461102884401,0.8729166666666667
held_out,saod_min,jpeg_compression,2,common,pooled,0.7020836154513889,0.6772670852222711,0.8270833333333333
held_out,saod_min,jpeg_compression,3,common,pooled,0.7436205946180555,0.7202910459799299,0.75875
held_out,saod_min,jpeg_compression,4,common,pooled,0.8468668402777778,0.8288912337930987,0.5775
held_out,saod_min,jpeg_compression,5,common,pooled,0.9234005642361112,0.9070021275458168,0.32375
held_out,saod_min,speckle_noise,1,extra,pooled,0.5596322699652778,0.5546560735493857,0.9316666666666666
held_out,saod_min,speckle_noise,2,extra,pooled,0.5888620876736111,0.5826139515276773,0.9170833333333334
held_out,saod_min,speckle_noise,3,extra,pooled,0.6859340060763889,0.673897297341141,0.8585416666666666
held_out,saod_min,speckle_noise,4,extra,pooled,0.7430595703125,0.7298712838943267,0.79
held_out,saod_min,speckle_noise,5,extra,pooled,0.8101437717013888,0.79590409120246,0.6904166666666667
held_out,saod_min,gaussian_blur,1,extra,pooled,0.5851888020833333,0.5611685340532672,0.90125
held_out,saod_min,gaussian_blur,2,extra,pooled,0.6939724609375,0.6610707214313415,0.82125
held_out,saod_min,gaussian_blur,3,extra,pooled,0.7804127604166666,0.7509122958948504,0.7035416666666666
held_out,saod_min,gaussian_blur,4,extra,pooled,0.8495006076388889,0.8256131181432658,0.54375
held_out,saod_min,gaussian_blur,5,extra,pooled,0.9367915364583334,0.9178880445990086,0.246875
held_out,saod_min,spatter,1,extra,pooled,0.5162973741319444,0.513331819655201,0.94125
held_out,saod_min,spatter,2,extra,pooled,0.6179194661458334,0.6069418183170028,0.8904166666666666
held_out,saod_min,spatter,3,extra,pooled,0.6615758463541667,0.6505764241358645,0.861875
held_out,saod_min,spatter,4,extra,pooled,0.7337374782986111,0.718114143184079,0.800625
held_out,saod_min,spatter,5,extra,pooled,0.8099729166666667,0.7912449871449684,0.6489583333333333
held_out,saod_min,saturate,1,extra,pooled,0.5123657335069445,0.5115107650534132,0.9475
held_out,saod_min,saturate,2,extra,pooled,0.5286483072916667,0.5265881763074388,0.9404166666666667
held_out,saod_min,saturate,3,extra,pooled,0.5124731336805556,0.5107739866610336,0.943125
held_out,saod_min,saturate,4,extra,pooled,0.5513544270833334,0.5456226708140528,0.9289583333333333
held_out,saod_min,saturate,5,extra,pooled,0.5918061631944445,0.5854035733909215,0.9091666666666667
held_out,contrastive,gaussian_noise,1,common,fold-averaged,0.538705078125,0.5245810230380077,0.9254166666666667
held_out,contrastive,gaussian_noise,2,common,fold-averaged,0.5725635850694444,0.5467493323162002,0.9016666666666667
held_out,contrastive,gaussian_noise,3,common,fold-averaged,0.6211595052083333,0.5810426182931151,0.858125
held_out,contrastive,gaussian_noise,4,common,fold-averaged,0.6769385850694445,0.6166291216961068,0.7704166666666667
held_out,contrastive,gaussian_noise,5,common,fold-averaged,0.7035729166666667,0.6179009569281052,0.6308333333333334
held_out,contrastive,shot_noise,1,common,fold-averaged,0.529859157986111,0.5159940164171146,0.9266666666666665
held_out,contrastive,shot_noise,2,common,fold-averaged,0.5624772135416667,0.535885552253489,0.9102083333333333
held_out,contrastive,shot_noise,3,common,fold-averaged,0.6017654079861112,0.5611189711519768,0.8737499999999999
held_out,contrastive,shot_noise,4,common,fold-averaged,0.6626430121527778,0.5989602965944005,0.7760416666666667
held_out,contrastive,shot_noise,5,common,fold-averaged,0.6899364149305556,0.6109991612826083,0.6947916666666666
held_out,contrastive,impulse_noise,1,common,fold-averaged,0.5430397135416667,0.5249590121326502,0.9133333333333333
held_out,contrastive,impulse_noise,2,common,fold-averaged,0.5719832899305556,0.5420803063087718,0.8947916666666668
held_out,contrastive,impulse_noise,3,common,fold-averaged,0.6040852864583333,0.5627313134651952,0.8610416666666666
held_out,contrastive,impulse_noise,4,common,fold-averaged,0.6734802517361111,0.6077160610873664,0.7610416666666666
held_out,contrastive,impulse_noise,5,common,fold-averaged,0.7073049045138889,0.6213755008751791,0.639375
held_out,contrastive,defocus_blur,1,common,fold-averaged,0.520046875,0.4955376175125131,0.9172916666666667
held_out,contrastive,defocus_blur,2,common,fold-averaged,0.5368315972222223,0.5017564420176231,0.9004166666666666
held_out,contrastive,defocus_blur,3,common,fold-averaged,0.5745813802083333,0.5201191781969996,0.8631249999999999
held_out,contrastive,defocus_blur,4,common,fold-averaged,0.6125579427083333,0.5420518951944994,0.8160416666666667
held_out,contrastive,defocus_blur,5,common,fold-averaged,0.6404338107638889,0.5573017403519311,0.761875
held_out,contrastive,glass_blur,1,common,fold-averaged,0.517208984375,0.49603408326925136,0.9222916666666666
held_out,contrastive,glass_blur,2,common,fold-averaged,0.5390225694444444,0.503185984925379,0.9004166666666666
held_out,contrastive,glass_blur,3,common,fold-averaged,0.5623552517361112,0.4988927725392795,0.8272916666666668
held_out,contrastive,glass_blur,4,common,fold-averaged,0.5667749565972222,0.4978831957698347,0.8079166666666667
held_out,contrastive,glass_blur,5,common,fold-averaged,0.5791879340277778,0.5028351709859077,0.769375
held_out,contrastive,motion_blur,1,common,fold-averaged,0.5086799045138889,0.4950178400483628,0.9341666666666667
held_out,contrastive,motion_blur,2,common,fold-averaged,0.5385967881944443,0.509791045018898,0.9085416666666667
held_out,contrastive,motion_blur,3,common,fold-averaged,0.5909251302083334,0.5437792817436138,0.8685416666666667
held_out,contrastive,motion_blur,4,common,fold-averaged,0.6495381944444445,0.5818231340381312,0.8022916666666667
held_out,contrastive,motion_blur,5,common,fold-averaged,0.6842549913194444,0.6060028718534367,0.7293750000000001
held_out,contrastive,zoom_blur,1,common,fold-averaged,0.5751378038194443,0.5248677408455688,0.8722916666666667
held_out,contrastive,zoom_blur,2,common,fold-averaged,0.601831814236111,0.5350080516868901,0.8377083333333333
held_out,contrastive,zoom_blur,3,common,fold-averaged,0.6166480034722222,0.5393174287553554,0.80625
held_out,contrastive,zoom_blur,4,common,fold-averaged,0.6297766927083333,0.5433259541402545,0.7581249999999999
held_out,contrastive,zoom_blur,5,common,fold-averaged,0.6303077256944445,0.5402416486809216,0.74625
held_out,contrastive,snow,1,common,fold-averaged,0.5638020833333334,0.5479907646166005,0.915
held_out,contrastive,snow,2,common,fold-averaged,0.5807191840277778,0.5534731614136916,0.8983333333333334
held_out,contrastive,snow,3,common,fold-averaged,0.6243717447916667,0.5963480452601038,0.8799999999999999
held_out,contrastive,snow,4,common,fold-averaged,0.667896484375,0.6320266170974728,0.8345833333333333
held_out,contrastive,snow,5,common,fold-averaged,0.6170577256944445,0.5768477559763056,0.8602083333333332
held_out,contrastive,frost,1,common,fold-averaged,0.5197157118055555,0.5110629896721225,0.9397916666666667
held_out,contrastive,frost,2,common,fold-averaged,0.5343151041666667,0.5168511770223269,0.9256249999999999
held_out,contrastive,frost,3,common,fold-averaged,0.5538880208333333,0.5268964967039584,0.9085416666666667
held_out,contrastive,frost,4,common,fold-averaged,0.5506085069444444,0.5238121148920591,0.9033333333333333
held_out,contrastive,frost,5,common,fold-averaged,0.5657393663194444,0.5325723438009684,0.8977083333333334
held_out,contrastive,fog,1,common,fold-averaged,0.4923368055555556,0.4934656600435421,0.951875
held_out,contrastive,fog,2,common,fold-averaged,0.4933888888888888,0.4931291242075921,0.9510416666666668
held_out,contrastive,fog,3,common,fold-averaged,0.4940182291666666,0.4926520985321373,0.9495833333333333
held_out,contrastive,fog,4,common,fold-averaged,0.4946332465277778,0.492607373855184,0.9506249999999999
held_out,contrastive,fog,5,common,fold-averaged,0.49487087673611113,0.4907523355874751,0.9489583333333333
held_out,contrastive,brightness,1,common,fold-averaged,0.5058003472222222,0.5055799316928583,0.9470833333333333
held_out,contrastive,brightness,2,common,fold-averaged,0.51237109375,0.51030492913372,0.9420833333333334
held_out,contrastive,brightness,3,common,fold-averaged,0.5188203124999999,0.5146553606157678,0.9377083333333334
held_out,contrastive,brightness,4,common,fold-averaged,0.5254607204861111,0.5181835084501784,0.9322916666666666
held_out,contrastive,brightness,5,common,fold-averaged,0.5323522135416667,0.520516067278433,0.9272916666666667
held_out,contrastive,contrast,1,common,fold-averaged,0.48990256076388883,0.4916392885153272,0.9508333333333333
held_out,contrastive,contrast,2,common,fold-averaged,0.4905802951388889,0.4905879690779127,0.9485416666666667
held_out,contrastive,contrast,3,common,fold-averaged,0.49661740451388886,0.49227797611516266,0.9429166666666667
held_out,contrastive,contrast,4,common,fold-averaged,0.5285225694444444,0.5060333593052542,0.9193749999999999
held_out,contrastive,contrast,5,common,fold-averaged,0.590660373263889,0.5390968880323397,0.8614583333333334
held_out,contrastive,elastic_transform,1,common,fold-averaged,0.5132430555555556,0.5032616274394995,0.9385416666666666
held_out,contrastive,elastic_transform,2,common,fold-averaged,0.5113088107638889,0.4978746488629362,0.9308333333333334
held_out,contrastive,elastic_transform,3,common,fold-averaged,0.5027651909722222,0.4851054397203086,0.9127083333333333
held_out,contrastive,elastic_transform,4,common,fold-averaged,0.4934683159722223,0.4722309211506828,0.8989583333333334
held_out,contrastive,elastic_transform,5,common,fold-averaged,0.4792584635416667,0.45646664532949704,0.8825
held_out,contrastive,pixelate,1,common,fold-averaged,0.5371877170138889,0.5212435936095654,0.91625
held_out,contrastive,pixelate,2,common,fold-averaged,0.5456204427083333,0.5198354406952232,0.9052083333333332
held_out,contrastive,pixelate,3,common,fold-averaged,0.5597925347222221,0.502503252767351,0.8454166666666667
held_out,contrastive,pixelate,4,common,fold-averaged,0.5387115885416667,0.4768964475727849,0.7958333333333333
held_out,contrastive,pixelate,5,common,fold-averaged,0.4842332899305556,0.44880676896484495,0.8704166666666667
held_out,contrastive,jpeg_compression,1,common,fold-averaged,0.5525230034722222,0.5333481183052455,0.911875
held_out,contrastive,jpeg_compression,2,common,fold-averaged,0.5810748697916667,0.5512685621775549,0.889375
held_out,contrastive,jpeg_compression,3,common,fold-averaged,0.5975629340277777,0.5618541648742011,0.8714583333333333
held_out,contrastive,jpeg_compression,4,common,fold-averaged,0.6388684895833332,0.5836589004162205,0.8087500000000001
held_out,contrastive,jpeg_compression,5,common,fold-averaged,0.6558164062499999,0.5805290407571901,0.7350000000000001
held_out,contrastive,speckle_noise,1,extra,fold-averaged,0.5146551649305555,0.5064555989920417,0.9341666666666667
held_out,contrastive,speckle_noise,2,extra,fold-averaged,0.5283914930555556,0.5139858205518668,0.9302083333333334
held_out,contrastive,speckle_noise,3,extra,fold-averaged,0.5659179687500001,0.5344656656689788,0.8931250000000001
held_out,contrastive,speckle_noise,4,extra,fold-averaged,0.5871343315972222,0.545115560965171,0.866875
held_out,contrastive,speckle_noise,5,extra,fold-averaged,0.6131864149305556,0.5563042062331531,0.83375
held_out,contrastive,gaussian_blur,1,extra,fold-averaged,0.5042324218750001,0.49202855686573405,0.9356249999999999
held_out,contrastive,gaussian_blur,2,extra,fold-averaged,0.5315088975694444,0.4994320196342247,0.9037499999999999
held_out,contrastive,gaussian_blur,3,extra,fold-averaged,0.5629064670138889,0.5129435234802779,0.8775000000000001
held_out,contrastive,gaussian_blur,4,extra,fold-averaged,0.5949277343749999,0.5299435675500644,0.8399999999999999
held_out,contrastive,gaussian_blur,5,extra,fold-averaged,0.6484229600694444,0.5601529455014393,0.7362499999999998
held_out,contrastive,spatter,1,extra,fold-averaged,0.5141165364583333,0.5093745463506083,0.9372916666666666
held_out,contrastive,spatter,2,extra,fold-averaged,0.5640238715277778,0.54748770550966,0.9095833333333333
held_out,contrastive,spatter,3,extra,fold-averaged,0.5530531684027779,0.5362355263531834,0.9183333333333333
held_out,contrastive,spatter,4,extra,fold-averaged,0.6210648871527777,0.634003503752466,0.8585416666666668
held_out,contrastive,spatter,5,extra,fold-averaged,0.6033624131944445,0.5936443979915309,0.849375
held_out,contrastive,saturate,1,extra,fold-averaged,0.4969178602430556,0.4949154519545843,0.95
held_out,contrastive,saturate,2,extra,fold-averaged,0.5008659939236111,0.4951096733875717,0.9452083333333334
held_out,contrastive,saturate,3,extra,fold-averaged,0.5069545355902777,0.5053719323958227,0.9450000000000001
held_out,contrastive,saturate,4,extra,fold-averaged,0.521722873263889,0.5127564703511693,0.9289583333333334
held_out,contrastive,saturate,5,extra,fold-averaged,0.5313643663194444,0.5149686312349312,0.9141666666666668
held_out,knn,gaussian_noise,1,common,pooled,0.46022708333333334,0.4533656666474052,0.898125
held_out,knn,gaussian_noise,2,common,pooled,0.46242588975694443,0.4493071247593364,0.8827083333333333
held_out,knn,gaussian_noise,3,common,pooled,0.4779085720486111,0.45109202789710157,0.8485416666666666
held_out,knn,gaussian_noise,4,common,pooled,0.5071402126736111,0.4581626511150828,0.774375
held_out,knn,gaussian_noise,5,common,pooled,0.5758031467013889,0.48812689741020654,0.6402083333333334
held_out,knn,shot_noise,1,common,pooled,0.46419019097222225,0.45641778676275596,0.8977083333333333
held_out,knn,shot_noise,2,common,pooled,0.46725512152777776,0.45185858132449896,0.8758333333333334
held_out,knn,shot_noise,3,common,pooled,0.4873488932291667,0.4561097995746752,0.82625
held_out,knn,shot_noise,4,common,pooled,0.5517228515625,0.4821269848901574,0.7114583333333333
held_out,knn,shot_noise,5,common,pooled,0.6236580512152777,0.5209325113874587,0.604375
held_out,knn,impulse_noise,1,common,pooled,0.7169252821180555,0.6575096696593199,0.7570833333333333
held_out,knn,impulse_noise,2,common,pooled,0.6074868489583334,0.5395007283878964,0.79125
held_out,knn,impulse_noise,3,common,pooled,0.5480380642361111,0.4906093468566237,0.7989583333333333
held_out,knn,impulse_noise,4,common,pooled,0.5251870225694445,0.467996280497442,0.755625
held_out,knn,impulse_noise,5,common,pooled,0.5775447699652778,0.49045335839433424,0.64125
held_out,knn,defocus_blur,1,common,pooled,0.5538001085069445,0.5229165181162541,0.9277083333333334
held_out,knn,defocus_blur,2,common,pooled,0.5907573350694444,0.5461312209160025,0.9160416666666666
held_out,knn,defocus_blur,3,common,pooled,0.6493706380208333,0.5902769887708428,0.88875
held_out,knn,defocus_blur,4,common,pooled,0.6997867621527778,0.6374103565010529,0.8589583333333334
held_out,knn,defocus_blur,5,common,pooled,0.7294420572916667,0.6681569815593034,0.8420833333333333
held_out,knn,glass_blur,1,common,pooled,0.5083179470486111,0.4922488648991662,0.9516666666666667
held_out,knn,glass_blur,2,common,pooled,0.5457079210069444,0.5142524567711596,0.941875
held_out,knn,glass_blur,3,common,pooled,0.5765254774305556,0.5383309062200666,0.9335416666666667
held_out,knn,glass_blur,4,common,pooled,0.5790621310763889,0.5338411743964127,0.9260416666666667
held_out,knn,glass_blur,5,common,pooled,0.6349670355902778,0.5750981695890173,0.896875
held_out,knn,motion_blur,1,common,pooled,0.5486267361111111,0.5186011085550546,0.919375
held_out,knn,motion_blur,2,common,pooled,0.595412109375,0.5494700034350105,0.893125
held_out,knn,motion_blur,3,common,pooled,0.6559741753472222,0.5990062091904507,0.86375
held_out,knn,motion_blur,4,common,pooled,0.7092360460069445,0.6540693592398843,0.824375
held_out,knn,motion_blur,5,common,pooled,0.732606640625,0.6775335325246129,0.8010416666666667
held_out,knn,zoom_blur,1,common,pooled,0.6181460286458333,0.554754039449857,0.8841666666666667
held_out,knn,zoom_blur,2,common,pooled,0.6384133680555556,0.5677006759166097,0.86125
held_out,knn,zoom_blur,3,common,pooled,0.5931916232638889,0.5232974353131605,0.8727083333333333
held_out,knn,zoom_blur,4,common,pooled,0.6002628038194444,0.5253705327352672,0.8560416666666667
held_out,knn,zoom_blur,5,common,pooled,0.5745679904513888,0.5043770133218595,0.8645833333333334
held_out,knn,snow,1,common,pooled,0.7017327039930555,0.6796325825287197,0.86125
held_out,knn,snow,2,common,pooled,0.6394305121527778,0.6000008818866824,0.8710416666666667
held_out,knn,snow,3,common,pooled,0.7329169487847222,0.6978727723420506,0.81375
held_out,knn,snow,4,common,pooled,0.7639087456597222,0.7330202280166089,0.7920833333333334
held_out,knn,snow,5,common,pooled,0.6582258897569444,0.60485996754994,0.8829166666666667
held_out,knn,frost,1,common,pooled,0.4998460069444444,0.4849983517347109,0.92875
held_out,knn,frost,2,common,pooled,0.5302942708333334,0.5036897625202102,0.9066666666666666
held_out,knn,frost,3,common,pooled,0.5508014322916667,0.5171272871251937,0.8820833333333333
held_out,knn,frost,4,common,pooled,0.5567385633680556,0.5219052717052115,0.8783333333333333
held_out,knn,frost,5,common,pooled,0.5648728949652778,0.5292028868908124,0.8641666666666666
held_out,knn,fog,1,common,pooled,0.44913363715277776,0.46029519994937007,0.9679166666666666
held_out,knn,fog,2,common,pooled,0.4466314019097222,0.4572117245439702,0.9685416666666666
held_out,knn,fog,3,common,pooled,0.4488123263888889,0.4561843389571172,0.9679166666666666
held_out,knn,fog,4,common,pooled,0.46406948784722224,0.4626238745567935,0.951875
held_out,knn,fog,5,common,pooled,0.5157606770833333,0.48646346582777905,0.881875
held_out,knn,brightness,1,common,pooled,0.4876369574652778,0.49080103329749947,0.9520833333333333
held_out,knn,brightness,2,common,pooled,0.4875519314236111,0.4889327425521002,0.9504166666666667
held_out,knn,brightness,3,common,pooled,0.49911167534722223,0.49513107120285293,0.9458333333333333
held_out,knn,brightness,4,common,pooled,0.5214716579861111,0.5093190993298601,0.9416666666666667
held_out,knn,brightness,5,common,pooled,0.5479530381944444,0.5281396057375705,0.9335416666666667
held_out,knn,contrast,1,common,pooled,0.4601381727430556,0.47016453331021335,0.9702083333333333
held_out,knn,contrast,2,common,pooled,0.45630590277777777,0.466312413085952,0.9747916666666666
held_out,knn,contrast,3,common,pooled,0.45694817708333335,0.46488869002683203,0.9804166666666667
held_out,knn,contrast,4,common,pooled,0.4599263237847222,0.46369750530574766,0.9833333333333333
held_out,knn,contrast,5,common,pooled,0.414271875,0.43198226651031857,0.9833333333333333
held_out,knn,elastic_transform,1,common,pooled,0.6014697916666667,0.5833002884080434,0.944375
held_out,knn,elastic_transform,2,common,pooled,0.6560974609375,0.6429723065686911,0.92875
held_out,knn,elastic_transform,3,common,pooled,0.7318723741319444,0.7268016160072764,0.8960416666666666
held_out,knn,elastic_transform,4,common,pooled,0.7846405164930556,0.7850619956536886,0.8489583333333334
held_out,knn,elastic_transform,5,common,pooled,0.8470467447916666,0.8496068596122028,0.745625
held_out,knn,pixelate,1,common,pooled,0.529575390625,0.5131234666994663,0.9277083333333334
held_out,knn,pixelate,2,common,pooled,0.5650216145833333,0.5441111760269342,0.9158333333333334
held_out,knn,pixelate,3,common,pooled,0.6870358506944444,0.6767669290472976,0.8427083333333333
held_out,knn,pixelate,4,common,pooled,0.7708538411458333,0.767818946006078,0.7597916666666666
held_out,knn,pixelate,5,common,pooled,0.8283986979166666,0.8287440297877852,0.655625
held_out,knn,jpeg_compression,1,common,pooled,0.5930555338541666,0.5328546100636844,0.7725
held_out,knn,jpeg_compression,2,common,pooled,0.6954325303819444,0.6105483091787884,0.6427083333333333
held_out,knn,jpeg_compression,3,common,pooled,0.7602349609375,0.6726490236222324,0.5522916666666666
held_out,knn,jpeg_compression,4,common,pooled,0.8760913411458333,0.8147554525769527,0.36625
held_out,knn,jpeg_compression,5,common,pooled,0.9250790581597222,0.8941618114418359,0.2629166666666667
held_out,knn,speckle_noise,1,extra,pooled,0.46849346788194446,0.4619059366545345,0.9002083333333334
held_out,knn,speckle_noise,2,extra,pooled,0.4680549262152778,0.4582698723675404,0.893125
held_out,knn,speckle_noise,3,extra,pooled,0.4882297526041667,0.4613641376744475,0.846875
held_out,knn,speckle_noise,4,extra,pooled,0.5156569227430555,0.47205325987384195,0.799375
held_out,knn,speckle_noise,5,extra,pooled,0.5616490451388889,0.4936043370694405,0.7304166666666667
held_out,knn,gaussian_blur,1,extra,pooled,0.5250667100694445,0.5114424953984625,0.93875
held_out,knn,gaussian_blur,2,extra,pooled,0.5862127387152778,0.5440409453146725,0.9158333333333334
held_out,knn,gaussian_blur,3,extra,pooled,0.6421642144097223,0.5851651364061305,0.895
held_out,knn,gaussian_blur,4,extra,pooled,0.6916255859375,0.6294572164481818,0.8647916666666666
held_out,knn,gaussian_blur,5,extra,pooled,0.7703626302083333,0.7161123912859708,0.8116666666666666
held_out,knn,spatter,1,extra,pooled,0.5982136067708334,0.5655019753126813,0.8758333333333334
held_out,knn,spatter,2,extra,pooled,0.8133611111111111,0.7802299575111097,0.7058333333333333
held_out,knn,spatter,3,extra,pooled,0.7711148871527778,0.7330159818720101,0.7660416666666666
held_out,knn,spatter,4,extra,pooled,0.9161038194444444,0.8973180681322691,0.35541666666666666
held_out,knn,spatter,5,extra,pooled,0.9316566840277778,0.8993116000327681,0.2633333333333333
held_out,knn,saturate,1,extra,pooled,0.4810945746527778,0.4815701687180428,0.949375
held_out,knn,saturate,2,extra,pooled,0.4804280815972222,0.47865961772869164,0.941875
held_out,knn,saturate,3,extra,pooled,0.5162839626736111,0.508428650331718,0.92875
held_out,knn,saturate,4,extra,pooled,0.5666926649305556,0.5317120133792295,0.8602083333333334
held_out,knn,saturate,5,extra,pooled,0.6375862413194444,0.5826003520770584,0.804375
held_out,discopatch,gaussian_noise,1,common,pooled,0.8776642144097222,0.8704030922756156,0.4527083333333333
held_out,discopatch,gaussian_noise,2,common,pooled,0.9511539279513889,0.9462659291747001,0.21416666666666667
held_out,discopatch,gaussian_noise,3,common,pooled,0.9868929904513889,0.9842162977916483,0.059166666666666666
held_out,discopatch,gaussian_noise,4,common,pooled,0.9970553385416666,0.9953996449953231,0.010625
held_out,discopatch,gaussian_noise,5,common,pooled,0.9991359592013889,0.998075915344239,0.0016666666666666668
held_out,discopatch,shot_noise,1,common,pooled,0.8686677951388889,0.8546245697646094,0.4475
held_out,discopatch,shot_noise,2,common,pooled,0.9420286892361112,0.9337175882397454,0.23395833333333332
held_out,discopatch,shot_noise,3,common,pooled,0.9747878255208333,0.9705004448023267,0.11541666666666667
held_out,discopatch,shot_noise,4,common,pooled,0.9898341796875,0.9875949764717218,0.04604166666666667
held_out,discopatch,shot_noise,5,common,pooled,0.9929758029513889,0.9909895471301204,0.031875
held_out,discopatch,impulse_noise,1,common,pooled,0.9230345486111111,0.9121311460318137,0.2925
held_out,discopatch,impulse_noise,2,common,pooled,0.9779523654513889,0.9737342038556048,0.10083333333333333
held_out,discopatch,impulse_noise,3,common,pooled,0.9917053602430556,0.9892084059013042,0.03770833333333334
held_out,discopatch,impulse_noise,4,common,pooled,0.9984818142361112,0.9970774189700424,0.00375
held_out,discopatch,impulse_noise,5,common,pooled,0.9992774088541667,0.9982339811597343,0.0010416666666666667
held_out,discopatch,defocus_blur,1,common,pooled,0.6573311631944444,0.6224100393654404,0.8279166666666666
held_out,discopatch,defocus_blur,2,common,pooled,0.7260050347222222,0.6817620262460558,0.7252083333333333
held_out,discopatch,defocus_blur,3,common,pooled,0.7970763020833334,0.7450440793446218,0.5679166666666666
held_out,discopatch,defocus_blur,4,common,pooled,0.8292990017361112,0.7738279609195786,0.4922916666666667
held_out,discopatch,defocus_blur,5,common,pooled,0.8483494791666667,0.79025748111887,0.4372916666666667
held_out,discopatch,glass_blur,1,common,pooled,0.6759026041666667,0.6387508753167033,0.805
held_out,discopatch,glass_blur,2,common,pooled,0.7753124565972223,0.734965193941997,0.6272916666666667
held_out,discopatch,glass_blur,3,common,pooled,0.8808869791666667,0.8511385000422367,0.38916666666666666
held_out,discopatch,glass_blur,4,common,pooled,0.9104772569444445,0.887711443472406,0.31416666666666665
held_out,discopatch,glass_blur,5,common,pooled,0.9354839409722222,0.9186730205736612,0.2425
held_out,discopatch,motion_blur,1,common,pooled,0.5812137152777778,0.5600838124218878,0.9079166666666667
held_out,discopatch,motion_blur,2,common,pooled,0.6613723958333333,0.6241614755042866,0.83
held_out,discopatch,motion_blur,3,common,pooled,0.7436649305555556,0.6967602997168179,0.6885416666666667
held_out,discopatch,motion_blur,4,common,pooled,0.8014318576388889,0.7520699293183156,0.5679166666666666
held_out,discopatch,motion_blur,5,common,pooled,0.8307476128472222,0.7823462356866424,0.5008333333333334
held_out,discopatch,zoom_blur,1,common,pooled,0.7472956163194444,0.694525482631096,0.6779166666666666
held_out,discopatch,zoom_blur,2,common,pooled,0.7882772569444444,0.7329550413218573,0.5929166666666666
held_out,discopatch,zoom_blur,3,common,pooled,0.8209650607638889,0.7701894401702498,0.5275
held_out,discopatch,zoom_blur,4,common,pooled,0.8377883680555556,0.7879156982398532,0.481875
held_out,discopatch,zoom_blur,5,common,pooled,0.8540951388888889,0.8090914667814817,0.45229166666666665
held_out,discopatch,snow,1,common,pooled,0.7558393663194445,0.6951722321037211,0.61125
held_out,discopatch,snow,2,common,pooled,0.8410175347222222,0.7871381505680342,0.41854166666666665
held_out,discopatch,snow,3,common,pooled,0.835372265625,0.767060680861326,0.40708333333333335
held_out,discopatch,snow,4,common,pooled,0.8664764756944444,0.8002004778934979,0.346875
held_out,discopatch,snow,5,common,pooled,0.8432641493055556,0.7735847091009819,0.39229166666666665
held_out,discopatch,frost,1,common,pooled,0.6578729166666667,0.607249478135783,0.7954166666666667
held_out,discopatch,frost,2,common,pooled,0.7779789930555555,0.7232011637855464,0.5960416666666667
held_out,discopatch,frost,3,common,pooled,0.8318815972222222,0.7803927104233249,0.47
held_out,discopatch,frost,4,common,pooled,0.8467590277777778,0.8001742698985813,0.45395833333333335
held_out,discopatch,frost,5,common,pooled,0.8717724826388888,0.8295802088592525,0.3883333333333333
held_out,discopatch,fog,1,common,pooled,0.6038299696180556,0.5887462683487861,0.8929166666666667
held_out,discopatch,fog,2,common,pooled,0.6550461805555555,0.6348833449942639,0.85
held_out,discopatch,fog,3,common,pooled,0.7246146701388889,0.6993708159580376,0.755625
held_out,discopatch,fog,4,common,pooled,0.75569453125,0.7341555907610555,0.7175
held_out,discopatch,fog,5,common,pooled,0.8383141493055556,0.8222931714988774,0.5333333333333333
held_out,discopatch,brightness,1,common,pooled,0.4903171440972222,0.4900325367732214,0.9479166666666666
held_out,discopatch,brightness,2,common,pooled,0.49042337239583333,0.48437770520520207,0.9416666666666667
held_out,discopatch,brightness,3,common,pooled,0.4984126519097222,0.48449621344541466,0.9310416666666667
held_out,discopatch,brightness,4,common,pooled,0.5110512586805556,0.48843463821715627,0.9141666666666667
held_out,discopatch,brightness,5,common,pooled,0.5221454427083333,0.4920071573221125,0.8929166666666667
held_out,discopatch,contrast,1,common,pooled,0.5433912760416667,0.5253242453671467,0.9275
held_out,discopatch,contrast,2,common,pooled,0.5659618055555555,0.5388940694375186,0.9064583333333334
held_out,discopatch,contrast,3,common,pooled,0.6051818142361111,0.5655911560456525,0.8685416666666667
held_out,discopatch,contrast,4,common,pooled,0.690773828125,0.639745640000823,0.715
held_out,discopatch,contrast,5,common,pooled,0.77742578125,0.7325022300359032,0.576875
held_out,discopatch,elastic_transform,1,common,pooled,0.6091419270833334,0.5715761935520938,0.85375
held_out,discopatch,elastic_transform,2,common,pooled,0.6416735243055556,0.5951867646981293,0.8079166666666666
held_out,discopatch,elastic_transform,3,common,pooled,0.6772428819444445,0.62199026983608,0.7458333333333333
held_out,discopatch,elastic_transform,4,common,pooled,0.6988423177083334,0.6387942023255513,0.7045833333333333
held_out,discopatch,elastic_transform,5,common,pooled,0.7211977430555555,0.6560417965492232,0.6579166666666667
held_out,discopatch,pixelate,1,common,pooled,0.5474745225694444,0.533503425322289,0.9222916666666666
held_out,discopatch,pixelate,2,common,pooled,0.5551071180555556,0.539418318823522,0.9164583333333334
held_out,discopatch,pixelate,3,common,pooled,0.6409729600694445,0.604903123078055,0.835
held_out,discopatch,pixelate,4,common,pooled,0.7178536458333333,0.6730998240558584,0.7135416666666666
held_out,discopatch,pixelate,5,common,pooled,0.7542373263888889,0.704681788552163,0.6433333333333333
held_out,discopatch,jpeg_compression,1,common,pooled,0.6288834201388889,0.5685589451239389,0.8125
held_out,discopatch,jpeg_compression,2,common,pooled,0.6412691840277778,0.5694235888960857,0.7770833333333333
held_out,discopatch,jpeg_compression,3,common,pooled,0.6453393663194444,0.5670144980316753,0.7479166666666667
held_out,discopatch,jpeg_compression,4,common,pooled,0.6306345052083333,0.5449019830355292,0.7183333333333334
held_out,discopatch,jpeg_compression,5,common,pooled,0.5927468098958333,0.5132294875876595,0.7283333333333334
held_out,discopatch,speckle_noise,1,extra,pooled,0.8030424913194445,0.7783334800141015,0.583125
held_out,discopatch,speckle_noise,2,extra,pooled,0.8595955512152778,0.8371178287038255,0.44583333333333336
held_out,discopatch,speckle_noise,3,extra,pooled,0.9398990885416667,0.9270815945204145,0.22104166666666666
held_out,discopatch,speckle_noise,4,extra,pooled,0.960733984375,0.9517635408877346,0.15708333333333332
held_out,discopatch,speckle_noise,5,extra,pooled,0.9744625868055555,0.9681158251204085,0.11083333333333334
held_out,discopatch,gaussian_blur,1,extra,pooled,0.5550108940972223,0.5410816949713994,0.92625
held_out,discopatch,gaussian_blur,2,extra,pooled,0.7122749565972222,0.6696130767560982,0.7479166666666667
held_out,discopatch,gaussian_blur,3,extra,pooled,0.8014486545138889,0.7518962176926894,0.5670833333333334
held_out,discopatch,gaussian_blur,4,extra,pooled,0.840256640625,0.7887818173286812,0.4635416666666667
held_out,discopatch,gaussian_blur,5,extra,pooled,0.8676076388888889,0.811441269076017,0.3829166666666667
held_out,discopatch,spatter,1,extra,pooled,0.5220349392361111,0.5151985316158146,0.9385416666666667
held_out,discopatch,spatter,2,extra,pooled,0.6847913194444445,0.6284425528265127,0.7408333333333333
held_out,discopatch,spatter,3,extra,pooled,0.8146447482638889,0.7616719820719764,0.505625
held_out,discopatch,spatter,4,extra,pooled,0.8329130208333333,0.7703193748456072,0.4216666666666667
held_out,discopatch,spatter,5,extra,pooled,0.892807421875,0.8385928066333024,0.29083333333333333
held_out,discopatch,saturate,1,extra,pooled,0.6534361979166666,0.6195884288748779,0.8166666666666667
held_out,discopatch,saturate,2,extra,pooled,0.7638774739583334,0.721878278169435,0.615
held_out,discopatch,saturate,3,extra,pooled,0.46895792100694444,0.4727919124850831,0.956875
held_out,discopatch,saturate,4,extra,pooled,0.5144904513888889,0.4862906164149697,0.9
held_out,discopatch,saturate,5,extra,pooled,0.562773046875,0.5048076251054869,0.814375
held_out,hashemi,gaussian_noise,1,common,pooled,0.4360468967013889,0.45011686625505,0.9635416666666666
held_out,hashemi,gaussian_noise,2,common,pooled,0.4066820746527778,0.43060236185343564,0.9702083333333333
held_out,hashemi,gaussian_noise,3,common,pooled,0.3852504991319444,0.41651762585516283,0.9783333333333334
held_out,hashemi,gaussian_noise,4,common,pooled,0.4031544270833333,0.42468634284765855,0.9745833333333334
held_out,hashemi,gaussian_noise,5,common,pooled,0.47698161892361113,0.47200458143415547,0.95125
held_out,hashemi,shot_noise,1,common,pooled,0.4373443359375,0.4518763874239179,0.9645833333333333
held_out,hashemi,shot_noise,2,common,pooled,0.4076503689236111,0.4318386695551963,0.9739583333333334
held_out,hashemi,shot_noise,3,common,pooled,0.38547721354166664,0.41658755401379644,0.9758333333333333
held_out,hashemi,shot_noise,4,common,pooled,0.40330223524305553,0.4230899090932604,0.9747916666666666
held_out,hashemi,shot_noise,5,common,pooled,0.4453142361111111,0.44851157533933744,0.961875
held_out,hashemi,impulse_noise,1,common,pooled,0.42332532552083335,0.44071820722592636,0.9735416666666666
held_out,hashemi,impulse_noise,2,common,pooled,0.40364420572916665,0.42870561453635975,0.9783333333333334
held_out,hashemi,impulse_noise,3,common,pooled,0.40109657118055553,0.42628217313520367,0.97875
held_out,hashemi,impulse_noise,4,common,pooled,0.4336087890625,0.44288037579125444,0.9710416666666667
held_out,hashemi,impulse_noise,5,common,pooled,0.5043253255208333,0.49118991396422734,0.940625
held_out,hashemi,defocus_blur,1,common,pooled,0.3838435763888889,0.4110530374770167,0.9685416666666666
held_out,hashemi,defocus_blur,2,common,pooled,0.3496666449652778,0.3935978318587217,0.9697916666666667
held_out,hashemi,defocus_blur,3,common,pooled,0.3290653862847222,0.3840551314507439,0.9708333333333333
held_out,hashemi,defocus_blur,4,common,pooled,0.3392605902777778,0.3887093960359238,0.9702083333333333
held_out,hashemi,defocus_blur,5,common,pooled,0.3689568359375,0.4038330048150285,0.9672916666666667
held_out,hashemi,glass_blur,1,common,pooled,0.39311640625,0.41663053552488194,0.964375
held_out,hashemi,glass_blur,2,common,pooled,0.35664244791666666,0.3975122756964601,0.9679166666666666
held_out,hashemi,glass_blur,3,common,pooled,0.37159878472222224,0.40774074099867014,0.9679166666666666
held_out,hashemi,glass_blur,4,common,pooled,0.3499824001736111,0.39592909903043183,0.9702083333333333
held_out,hashemi,glass_blur,5,common,pooled,0.3527640842013889,0.39719651149509194,0.9645833333333333
held_out,hashemi,motion_blur,1,common,pooled,0.43275536024305555,0.4426808684192957,0.9666666666666667
held_out,hashemi,motion_blur,2,common,pooled,0.3984487847222222,0.41922464048554686,0.9675
held_out,hashemi,motion_blur,3,common,pooled,0.3793947482638889,0.4081716630086344,0.9672916666666667
held_out,hashemi,motion_blur,4,common,pooled,0.3935976996527778,0.41696828905106337,0.9635416666666666
held_out,hashemi,motion_blur,5,common,pooled,0.4227011935763889,0.4336370636423237,0.9539583333333334
held_out,hashemi,zoom_blur,1,common,pooled,0.3920915147569444,0.4134793039867612,0.9639583333333334
held_out,hashemi,zoom_blur,2,common,pooled,0.4007460286458333,0.4166078036713482,0.9572916666666667
held_out,hashemi,zoom_blur,3,common,pooled,0.4311673611111111,0.43174268708367625,0.94125
held_out,hashemi,zoom_blur,4,common,pooled,0.44288220486111113,0.4365229033702267,0.9285416666666667
held_out,hashemi,zoom_blur,5,common,pooled,0.4419091796875,0.4355247337440427,0.9197916666666667
held_out,hashemi,snow,1,common,pooled,0.4547463324652778,0.4679756644640027,0.9639583333333334
held_out,hashemi,snow,2,common,pooled,0.4214712456597222,0.4479885413157289,0.9710416666666667
held_out,hashemi,snow,3,common,pooled,0.45503878038194445,0.47957054138720734,0.9708333333333333
held_out,hashemi,snow,4,common,pooled,0.4667560763888889,0.4920996851948931,0.9672916666666667
held_out,hashemi,snow,5,common,pooled,0.45068982204861113,0.47563544203107927,0.9679166666666666
held_out,hashemi,frost,1,common,pooled,0.4624159939236111,0.4722034211220904,0.9575
held_out,hashemi,frost,2,common,pooled,0.42929325086805553,0.4478681117482917,0.9645833333333333
held_out,hashemi,frost,3,common,pooled,0.4121452690972222,0.43856113840758504,0.9672916666666667
held_out,hashemi,frost,4,common,pooled,0.4024035590277778,0.43279140712654685,0.9685416666666666
held_out,hashemi,frost,5,common,pooled,0.3945082682291667,0.4288226122904682,0.9708333333333333
held_out,hashemi,fog,1,common,pooled,0.4755689670138889,0.47784422231207235,0.9489583333333333
held_out,hashemi,fog,2,common,pooled,0.46860360243055554,0.47185058887530534,0.94875
held_out,hashemi,fog,3,common,pooled,0.45996022135416664,0.4648479540736708,0.95375
held_out,hashemi,fog,4,common,pooled,0.45511417100694446,0.4625213605808739,0.954375
held_out,hashemi,fog,5,common,pooled,0.4301359157986111,0.4476158570848475,0.9675
held_out,hashemi,brightness,1,common,pooled,0.5028889539930556,0.5026031530442664,0.95375
held_out,hashemi,brightness,2,common,pooled,0.5042086588541667,0.5029866349130558,0.9425
held_out,hashemi,brightness,3,common,pooled,0.5027940104166667,0.5012749393435524,0.943125
held_out,hashemi,brightness,4,common,pooled,0.5010884548611111,0.4988010275589131,0.9429166666666666
held_out,hashemi,brightness,5,common,pooled,0.4954813802083333,0.4934777168896921,0.940625
held_out,hashemi,contrast,1,common,pooled,0.4758141059027778,0.47883668202354424,0.95
held_out,hashemi,contrast,2,common,pooled,0.46254913194444447,0.4674803112562895,0.95
held_out,hashemi,contrast,3,common,pooled,0.4370953125,0.4480304375396934,0.955625
held_out,hashemi,contrast,4,common,pooled,0.38034327256944445,0.4132212804628044,0.9666666666666667
held_out,hashemi,contrast,5,common,pooled,0.32795885416666665,0.38848427580304395,0.9827083333333333
held_out,hashemi,elastic_transform,1,common,pooled,0.48696206597222225,0.4806596267811182,0.9441666666666667
held_out,hashemi,elastic_transform,2,common,pooled,0.49093324652777776,0.48315027744322014,0.9366666666666666
held_out,hashemi,elastic_transform,3,common,pooled,0.5133973958333333,0.5065728815315551,0.9241666666666667
held_out,hashemi,elastic_transform,4,common,pooled,0.5383688585069445,0.5409380397707192,0.9220833333333334
held_out,hashemi,elastic_transform,5,common,pooled,0.5793190538194445,0.5987232540671124,0.918125
held_out,hashemi,pixelate,1,common,pooled,0.46606312934027777,0.4695233891956118,0.9566666666666667
held_out,hashemi,pixelate,2,common,pooled,0.45195104166666666,0.457498566395932,0.9579166666666666
held_out,hashemi,pixelate,3,common,pooled,0.4254141276041667,0.43194059124174106,0.9489583333333333
held_out,hashemi,pixelate,4,common,pooled,0.37005440538194445,0.3997939016994333,0.9545833333333333
held_out,hashemi,pixelate,5,common,pooled,0.28027762586805555,0.36576382965384846,0.9739583333333334
held_out,hashemi,jpeg_compression,1,common,pooled,0.41622484809027777,0.43570203698697213,0.96625
held_out,hashemi,jpeg_compression,2,common,pooled,0.4119226345486111,0.4309286525374732,0.9652083333333333
held_out,hashemi,jpeg_compression,3,common,pooled,0.41540750868055554,0.4314236107071717,0.9604166666666667
held_out,hashemi,jpeg_compression,4,common,pooled,0.4383986111111111,0.44141404129044365,0.943125
held_out,hashemi,jpeg_compression,5,common,pooled,0.47930023871527777,0.46467101199470146,0.9204166666666667
held_out,hashemi,speckle_noise,1,extra,pooled,0.45351265190972223,0.464080439713061,0.9635416666666666
held_out,hashemi,speckle_noise,2,extra,pooled,0.4368452690972222,0.4524323310031382,0.964375
held_out,hashemi,speckle_noise,3,extra,pooled,0.4035712890625,0.42860510710910316,0.975
held_out,hashemi,speckle_noise,4,extra,pooled,0.3917350911458333,0.41963469834854383,0.978125
held_out,hashemi,speckle_noise,5,extra,pooled,0.38806786024305556,0.41535241107426213,0.976875
held_out,hashemi,gaussian_blur,1,extra,pooled,0.42919481336805554,0.441058983394206,0.9645833333333333
held_out,hashemi,gaussian_blur,2,extra,pooled,0.3553923828125,0.39643042204900686,0.9702083333333333
held_out,hashemi,gaussian_blur,3,extra,pooled,0.32690822482638887,0.3832456867092312,0.9702083333333333
held_out,hashemi,gaussian_blur,4,extra,pooled,0.32820154079861114,0.38408134133059324,0.969375
held_out,hashemi,gaussian_blur,5,extra,pooled,0.3849417534722222,0.41249780797259544,0.96125
held_out,hashemi,spatter,1,extra,pooled,0.5060795138888889,0.5026738104127653,0.9433333333333334
held_out,hashemi,spatter,2,extra,pooled,0.4923171440972222,0.48718932683926297,0.9379166666666666
held_out,hashemi,spatter,3,extra,pooled,0.4361929253472222,0.4510699786090042,0.9645833333333333
held_out,hashemi,spatter,4,extra,pooled,0.5294440755208333,0.49567322657414253,0.87875
held_out,hashemi,spatter,5,extra,pooled,0.46583639322916665,0.45561842845482825,0.9110416666666666
held_out,hashemi,saturate,1,extra,pooled,0.4943758246527778,0.4939674771281298,0.946875
held_out,hashemi,saturate,2,extra,pooled,0.48549893663194443,0.4860475935974632,0.9485416666666666
held_out,hashemi,saturate,3,extra,pooled,0.49528663194444444,0.49700675304731057,0.9504166666666667
held_out,hashemi,saturate,4,extra,pooled,0.4773039713541667,0.4813145988509643,0.9570833333333333
held_out,hashemi,saturate,5,extra,pooled,0.46574895833333335,0.4716228504747732,0.9572916666666667
held_out,hashemi_enc,gaussian_noise,1,common,pooled,0.3466265625,0.39823023991178785,0.988125
held_out,hashemi_enc,gaussian_noise,2,common,pooled,0.28711963975694443,0.37220472999734966,0.99375
held_out,hashemi_enc,gaussian_noise,3,common,pooled,0.20239898003472223,0.34315763346579653,0.9983333333333333
held_out,hashemi_enc,gaussian_noise,4,common,pooled,0.10477625868055555,0.3198040633658739,0.9997916666666666
held_out,hashemi_enc,gaussian_noise,5,common,pooled,0.023989322916666667,0.30829883462815216,1.0
held_out,hashemi_enc,shot_noise,1,common,pooled,0.35079516059027777,0.40150486504601457,0.98875
held_out,hashemi_enc,shot_noise,2,common,pooled,0.2903581814236111,0.37444256696100625,0.9941666666666666
held_out,hashemi_enc,shot_noise,3,common,pooled,0.22094676649305556,0.3492448107651003,0.9983333333333333
held_out,hashemi_enc,shot_noise,4,common,pooled,0.11685807291666667,0.3220371233903665,0.9997916666666666
held_out,hashemi_enc,shot_noise,5,common,pooled,0.06142243923611111,0.3124063270440319,1.0
held_out,hashemi_enc,impulse_noise,1,common,pooled,0.36819835069444445,0.407895615479584,0.9822916666666667
held_out,hashemi_enc,impulse_noise,2,common,pooled,0.2781311848958333,0.3686243155533483,0.9941666666666666
held_out,hashemi_enc,impulse_noise,3,common,pooled,0.22173754340277776,0.34900603512332945,0.9979166666666667
held_out,hashemi_enc,impulse_noise,4,common,pooled,0.10684329427083333,0.32025929198079317,0.9997916666666666
held_out,hashemi_enc,impulse_noise,5,common,pooled,0.027910633680555557,0.30870668592390416,1.0
held_out,hashemi_enc,defocus_blur,1,common,pooled,0.4175382595486111,0.44082345484424135,0.9683333333333334
held_out,hashemi_enc,defocus_blur,2,common,pooled,0.3782889973958333,0.41727089311954046,0.974375
held_out,hashemi_enc,defocus_blur,3,common,pooled,0.3124154947916667,0.38488918952564405,0.9860416666666667
held_out,hashemi_enc,defocus_blur,4,common,pooled,0.25534381510416665,0.3627636679286358,0.9910416666666667
held_out,hashemi_enc,defocus_blur,5,common,pooled,0.20674498697916666,0.3478545365549339,0.9945833333333334
held_out,hashemi_enc,glass_blur,1,common,pooled,0.4352879123263889,0.4530999215326141,0.9585416666666666
held_out,hashemi_enc,glass_blur,2,common,pooled,0.38330462239583335,0.4217766496298948,0.9697916666666667
held_out,hashemi_enc,glass_blur,3,common,pooled,0.2850185763888889,0.37789520042526337,0.9825
held_out,hashemi_enc,glass_blur,4,common,pooled,0.23700596788194445,0.3602124482061566,0.9897916666666666
held_out,hashemi_enc,glass_blur,5,common,pooled,0.18832684461805554,0.3444306372674815,0.9941666666666666
held_out,hashemi_enc,motion_blur,1,common,pooled,0.4282617404513889,0.4508916559365898,0.9739583333333334
held_out,hashemi_enc,motion_blur,2,common,pooled,0.38976252170138886,0.42637794013844366,0.9839583333333334
held_out,hashemi_enc,motion_blur,3,common,pooled,0.34182578125,0.39871816608219224,0.989375
held_out,hashemi_enc,motion_blur,4,common,pooled,0.2913598958333333,0.3751404527652125,0.9935416666666667
held_out,hashemi_enc,motion_blur,5,common,pooled,0.26025911458333334,0.36304398388692244,0.9941666666666666
held_out,hashemi_enc,zoom_blur,1,common,pooled,0.2889433810763889,0.3756651391030563,0.9935416666666667
held_out,hashemi_enc,zoom_blur,2,common,pooled,0.24560101996527778,0.3586509135809822,0.9947916666666666
held_out,hashemi_enc,zoom_blur,3,common,pooled,0.23267740885416666,0.3544894728817712,0.9941666666666666
held_out,hashemi_enc,zoom_blur,4,common,pooled,0.20319520399305555,0.34532037685299,0.995625
held_out,hashemi_enc,zoom_blur,5,common,pooled,0.19863309461805556,0.3443301852520342,0.9945833333333334
held_out,hashemi_enc,snow,1,common,pooled,0.44947769097222223,0.4532206413120623,0.9604166666666667
held_out,hashemi_enc,snow,2,common,pooled,0.32907706163194445,0.3912879369182451,0.99125
held_out,hashemi_enc,snow,3,common,pooled,0.44376668836805555,0.4477348355810915,0.954375
held_out,hashemi_enc,snow,4,common,pooled,0.45194171006944445,0.45065999797228484,0.9491666666666667
held_out,hashemi_enc,snow,5,common,pooled,0.31662222222222225,0.38719310286054054,0.9929166666666667
held_out,hashemi_enc,frost,1,common,pooled,0.4298546657986111,0.441746831899589,0.9645833333333333
held_out,hashemi_enc,frost,2,common,pooled,0.386678125,0.4145685777342733,0.9664583333333333
held_out,hashemi_enc,frost,3,common,pooled,0.361328125,0.40169717055028736,0.9747916666666666
held_out,hashemi_enc,frost,4,common,pooled,0.3538359809027778,0.39776547225000936,0.9739583333333334
held_out,hashemi_enc,frost,5,common,pooled,0.3423545138888889,0.39212456219835484,0.9770833333333333
held_out,hashemi_enc,fog,1,common,pooled,0.4938846788194444,0.5127849927940367,0.96
held_out,hashemi_enc,fog,2,common,pooled,0.4851006944444444,0.5082034242018623,0.9597916666666667
held_out,hashemi_enc,fog,3,common,pooled,0.46429791666666664,0.490881333285799,0.9714583333333333
held_out,hashemi_enc,fog,4,common,pooled,0.4244435763888889,0.4533061756511918,0.98125
held_out,hashemi_enc,fog,5,common,pooled,0.34117335069444443,0.39638208958778637,0.9902083333333334
held_out,hashemi_enc,brightness,1,common,pooled,0.501544921875,0.4989047490891548,0.9447916666666667
held_out,hashemi_enc,brightness,2,common,pooled,0.4956732421875,0.49142596323655724,0.9395833333333333
held_out,hashemi_enc,brightness,3,common,pooled,0.4862001953125,0.48190960232596997,0.943125
held_out,hashemi_enc,brightness,4,common,pooled,0.47077706163194444,0.46985837027842703,0.9464583333333333
held_out,hashemi_enc,brightness,5,common,pooled,0.4509358506944444,0.4559555065201508,0.954375
held_out,hashemi_enc,contrast,1,common,pooled,0.5090042100694444,0.5276914661633455,0.956875
held_out,hashemi_enc,contrast,2,common,pooled,0.5048196180555555,0.5296133241208707,0.9589583333333334
held_out,hashemi_enc,contrast,3,common,pooled,0.4933101779513889,0.5273579009175267,0.9666666666666667
held_out,hashemi_enc,contrast,4,common,pooled,0.4698526041666667,0.5214175972119313,0.971875
held_out,hashemi_enc,contrast,5,common,pooled,0.496562109375,0.5639710641442595,0.9702083333333333
held_out,hashemi_enc,elastic_transform,1,common,pooled,0.46689036458333333,0.47374474414793566,0.9470833333333334
held_out,hashemi_enc,elastic_transform,2,common,pooled,0.4470366102430556,0.45774531116189127,0.9489583333333333
held_out,hashemi_enc,elastic_transform,3,common,pooled,0.41941206597222225,0.4368652064559053,0.95125
held_out,hashemi_enc,elastic_transform,4,common,pooled,0.40242517361111113,0.4241075327519838,0.95875
held_out,hashemi_enc,elastic_transform,5,common,pooled,0.38852760416666665,0.4135513863192179,0.96375
held_out,hashemi_enc,pixelate,1,common,pooled,0.4729608940972222,0.47522529066799013,0.9489583333333333
held_out,hashemi_enc,pixelate,2,common,pooled,0.45182265625,0.45907582458399515,0.95875
held_out,hashemi_enc,pixelate,3,common,pooled,0.35326953125,0.40094997978550745,0.9816666666666667
held_out,hashemi_enc,pixelate,4,common,pooled,0.21916848958333332,0.3495415512936178,0.9964583333333333
held_out,hashemi_enc,pixelate,5,common,pooled,0.12240590277777778,0.323898532075771,0.9995833333333334
held_out,hashemi_enc,jpeg_compression,1,common,pooled,0.4163035807291667,0.4310258944567342,0.9552083333333333
held_out,hashemi_enc,jpeg_compression,2,common,pooled,0.43237530381944445,0.43669586964343576,0.9404166666666667
held_out,hashemi_enc,jpeg_compression,3,common,pooled,0.44356590711805555,0.4405659137947377,0.929375
held_out,hashemi_enc,jpeg_compression,4,common,pooled,0.47378895399305554,0.4523697266455958,0.8966666666666666
held_out,hashemi_enc,jpeg_compression,5,common,pooled,0.4931423828125,0.46274614610117254,0.8966666666666666
held_out,hashemi_enc,speckle_noise,1,extra,pooled,0.3746524956597222,0.4143296095677831,0.985625
held_out,hashemi_enc,speckle_noise,2,extra,pooled,0.34487762586805554,0.3996401630711562,0.9902083333333334
held_out,hashemi_enc,speckle_noise,3,extra,pooled,0.26898409288194447,0.36716686957447237,0.9975
held_out,hashemi_enc,speckle_noise,4,extra,pooled,0.2258047092013889,0.3515335386809942,0.99875
held_out,hashemi_enc,speckle_noise,5,extra,pooled,0.17319312065972223,0.33542658098775674,0.9997916666666666
held_out,hashemi_enc,gaussian_blur,1,extra,pooled,0.45943283420138886,0.46832550372691123,0.9502083333333333
held_out,hashemi_enc,gaussian_blur,2,extra,pooled,0.3837662760416667,0.42057621732766987,0.9739583333333334
held_out,hashemi_enc,gaussian_blur,3,extra,pooled,0.3186916232638889,0.3881479328316918,0.9854166666666667
held_out,hashemi_enc,gaussian_blur,4,extra,pooled,0.2580215711805556,0.3643033788607247,0.99125
held_out,hashemi_enc,gaussian_blur,5,extra,pooled,0.16613033854166667,0.33755781178981925,0.9979166666666667
held_out,hashemi_enc,spatter,1,extra,pooled,0.45997259114583333,0.46254511990081026,0.9564583333333333
held_out,hashemi_enc,spatter,2,extra,pooled,0.5158102213541667,0.4941050691891029,0.920625
held_out,hashemi_enc,spatter,3,extra,pooled,0.4638367621527778,0.45496769339593257,0.9347916666666667
held_out,hashemi_enc,spatter,4,extra,pooled,0.6589256944444445,0.6507201905041922,0.8402083333333333
held_out,hashemi_enc,spatter,5,extra,pooled,0.6077676215277777,0.592800236454387,0.875625
held_out,hashemi_enc,saturate,1,extra,pooled,0.4904372829861111,0.48824364926983954,0.9522916666666666
held_out,hashemi_enc,saturate,2,extra,pooled,0.47375299479166666,0.472336307832626,0.958125
held_out,hashemi_enc,saturate,3,extra,pooled,0.4761839192708333,0.47358643056773153,0.9460416666666667
held_out,hashemi_enc,saturate,4,extra,pooled,0.45347630208333334,0.4563202255300509,0.9495833333333333
held_out,hashemi_enc,saturate,5,extra,pooled,0.449222265625,0.4526633795167273,0.9522916666666666
held_out,cdf,gaussian_noise,1,common,pooled,0.8928079427083333,0.8275365773960834,0.25416666666666665
held_out,cdf,gaussian_noise,2,common,pooled,0.9653498697916667,0.9358662620296415,0.08458333333333333
held_out,cdf,gaussian_noise,3,common,pooled,0.9917385850694445,0.9846735989464949,0.019791666666666666
held_out,cdf,gaussian_noise,4,common,pooled,0.9985481336805555,0.9979847670144224,0.004375
held_out,cdf,gaussian_noise,5,common,pooled,0.9999701822916667,0.9999696434103273,0.00020833333333333335
held_out,cdf,shot_noise,1,common,pooled,0.8763674045138888,0.8182773048443205,0.3145833333333333
held_out,cdf,shot_noise,2,common,pooled,0.9600598958333333,0.9349454976078275,0.10854166666666666
held_out,cdf,shot_noise,3,common,pooled,0.9883743489583333,0.9813496940790449,0.031041666666666665
held_out,cdf,shot_noise,4,common,pooled,0.9983236545138889,0.9979388315871409,0.005833333333333334
held_out,cdf,shot_noise,5,common,pooled,0.9996841579861111,0.9996729383728857,0.0010416666666666667
held_out,cdf,impulse_noise,1,common,pooled,0.9674142361111111,0.940985045299071,0.08041666666666666
held_out,cdf,impulse_noise,2,common,pooled,0.9835753038194445,0.968641132493539,0.038125
held_out,cdf,impulse_noise,3,common,pooled,0.9917009114583333,0.9841981858391992,0.018958333333333334
held_out,cdf,impulse_noise,4,common,pooled,0.9988366319444445,0.998360276277401,0.0035416666666666665
held_out,cdf,impulse_noise,5,common,pooled,0.9999828559027778,0.9999826290573547,0.0
held_out,cdf,defocus_blur,1,common,pooled,0.7951697048611112,0.7119225882551429,0.4664583333333333
held_out,cdf,defocus_blur,2,common,pooled,0.8741762586805556,0.7965406254304868,0.28291666666666665
held_out,cdf,defocus_blur,3,common,pooled,0.9366307725694445,0.8817036956676759,0.13729166666666667
held_out,cdf,defocus_blur,4,common,pooled,0.9645407552083334,0.9274489246813428,0.07666666666666666
held_out,cdf,defocus_blur,5,common,pooled,0.9777423177083333,0.9515369092155636,0.04625
held_out,cdf,glass_blur,1,common,pooled,0.6776676649305555,0.6143011866156929,0.7204166666666667
held_out,cdf,glass_blur,2,common,pooled,0.798668359375,0.7163610799618766,0.47020833333333334
held_out,cdf,glass_blur,3,common,pooled,0.8998891927083333,0.8241339885252323,0.21666666666666667
held_out,cdf,glass_blur,4,common,pooled,0.9267003038194445,0.8621237425129045,0.15333333333333332
held_out,cdf,glass_blur,5,common,pooled,0.9616191840277778,0.9188031426490695,0.07833333333333334
held_out,cdf,motion_blur,1,common,pooled,0.7070196614583333,0.6436787753478509,0.6904166666666667
held_out,cdf,motion_blur,2,common,pooled,0.810028515625,0.7402572950878671,0.47
held_out,cdf,motion_blur,3,common,pooled,0.8921576388888889,0.834398589621867,0.279375
held_out,cdf,motion_blur,4,common,pooled,0.9405502604166667,0.8995469493456097,0.15625
held_out,cdf,motion_blur,5,common,pooled,0.9582235677083333,0.9257092330447825,0.11208333333333333
held_out,cdf,zoom_blur,1,common,pooled,0.7847922309027778,0.7034860625561277,0.5066666666666667
held_out,cdf,zoom_blur,2,common,pooled,0.8458539496527778,0.7650765158708257,0.3670833333333333
held_out,cdf,zoom_blur,3,common,pooled,0.8111276475694444,0.7352152379453935,0.4714583333333333
held_out,cdf,zoom_blur,4,common,pooled,0.8473350260416667,0.7722916858134854,0.38666666666666666
held_out,cdf,zoom_blur,5,common,pooled,0.8273697916666667,0.7536982052453729,0.4395833333333333
held_out,cdf,snow,1,common,pooled,0.8301016493055555,0.7588462150908399,0.445
held_out,cdf,snow,2,common,pooled,0.9175256076388889,0.8782167377496205,0.24166666666666667
held_out,cdf,snow,3,common,pooled,0.9111748263888889,0.861007621034634,0.25083333333333335
held_out,cdf,snow,4,common,pooled,0.934876953125,0.8944560895057143,0.19104166666666667
held_out,cdf,snow,5,common,pooled,0.9300624565972222,0.8948893724950088,0.20395833333333332
held_out,cdf,frost,1,common,pooled,0.5434799479166667,0.5232029772092671,0.903125
held_out,cdf,frost,2,common,pooled,0.6580655381944445,0.5947163688535095,0.764375
held_out,cdf,frost,3,common,pooled,0.7326790798611111,0.6542830465651316,0.638125
held_out,cdf,frost,4,common,pooled,0.7419786892361111,0.6614149192642207,0.631875
held_out,cdf,frost,5,common,pooled,0.7833466579861111,0.6998744146193332,0.5625
held_out,cdf,fog,1,common,pooled,0.6368138454861111,0.5961770241557186,0.8208333333333333
held_out,cdf,fog,2,common,pooled,0.6914628472222222,0.6406718275146821,0.7454166666666666
held_out,cdf,fog,3,common,pooled,0.7334782552083333,0.6776486942576563,0.674375
held_out,cdf,fog,4,common,pooled,0.7235547309027778,0.6640692585801631,0.6877083333333334
held_out,cdf,fog,5,common,pooled,0.75150234375,0.6844870569965119,0.6235416666666667
held_out,cdf,brightness,1,common,pooled,0.5103722222222222,0.5096777169741122,0.9420833333333334
held_out,cdf,brightness,2,common,pooled,0.5446154513888889,0.5335614028691695,0.9120833333333334
held_out,cdf,brightness,3,common,pooled,0.5901291666666667,0.5652756053862171,0.8739583333333333
held_out,cdf,brightness,4,common,pooled,0.6456884982638889,0.6057392264261229,0.7995833333333333
held_out,cdf,brightness,5,common,pooled,0.702299609375,0.6505285475321453,0.6995833333333333
held_out,cdf,contrast,1,common,pooled,0.6646902777777778,0.6268252985087751,0.8010416666666667
held_out,cdf,contrast,2,common,pooled,0.7498102430555555,0.7032407858967725,0.6645833333333333
held_out,cdf,contrast,3,common,pooled,0.8522150173611112,0.807269200559966,0.435625
held_out,cdf,contrast,4,common,pooled,0.9542639322916666,0.9314882959437409,0.14625
held_out,cdf,contrast,5,common,pooled,0.9895497395833334,0.983526428286716,0.0325
held_out,cdf,elastic_transform,1,common,pooled,0.5211127170138888,0.5061279185868907,0.9372916666666666
held_out,cdf,elastic_transform,2,common,pooled,0.5557625434027778,0.5264661954108905,0.906875
held_out,cdf,elastic_transform,3,common,pooled,0.6132400173611111,0.5639010153113804,0.853125
held_out,cdf,elastic_transform,4,common,pooled,0.6596641493055555,0.597784614705495,0.7864583333333334
held_out,cdf,elastic_transform,5,common,pooled,0.7200843315972222,0.646762287706725,0.673125
held_out,cdf,pixelate,1,common,pooled,0.5668641059027778,0.5389698110174717,0.8754166666666666
held_out,cdf,pixelate,2,common,pooled,0.6234545572916667,0.580154117569091,0.80625
held_out,cdf,pixelate,3,common,pooled,0.8066171440972222,0.7461360401412278,0.4970833333333333
held_out,cdf,pixelate,4,common,pooled,0.9276688368055556,0.8890932042896066,0.19958333333333333
held_out,cdf,pixelate,5,common,pooled,0.9701092013888889,0.9521115205675945,0.08604166666666667
held_out,cdf,jpeg_compression,1,common,pooled,0.6317363715277777,0.5708962913799778,0.7608333333333334
held_out,cdf,jpeg_compression,2,common,pooled,0.7319280815972222,0.6467611276889338,0.591875
held_out,cdf,jpeg_compression,3,common,pooled,0.7909866319444444,0.7008365201628504,0.47520833333333334
held_out,cdf,jpeg_compression,4,common,pooled,0.8930138888888889,0.8174327112353514,0.2552083333333333
held_out,cdf,jpeg_compression,5,common,pooled,0.9424657552083333,0.8909848878959691,0.14333333333333334
held_out,cdf,speckle_noise,1,extra,pooled,0.7865792534722222,0.7318502271993131,0.5614583333333333
held_out,cdf,speckle_noise,2,extra,pooled,0.8655733506944444,0.8205234346221113,0.39791666666666664
held_out,cdf,speckle_noise,3,extra,pooled,0.9635633680555555,0.9498135110133552,0.12354166666666666
held_out,cdf,speckle_noise,4,extra,pooled,0.9825292534722222,0.9768087116790274,0.06229166666666667
held_out,cdf,speckle_noise,5,extra,pooled,0.9927555989583333,0.9911071370564419,0.027291666666666665
held_out,cdf,gaussian_blur,1,extra,pooled,0.6419528645833333,0.584480088065331,0.7841666666666667
held_out,cdf,gaussian_blur,2,extra,pooled,0.8665506510416666,0.7872498555592086,0.3022916666666667
held_out,cdf,gaussian_blur,3,extra,pooled,0.9377993923611111,0.8827790890575687,0.13208333333333333
held_out,cdf,gaussian_blur,4,extra,pooled,0.9662128472222222,0.929732746012215,0.07208333333333333
held_out,cdf,gaussian_blur,5,extra,pooled,0.9866403211805556,0.9690058381999022,0.025
held_out,cdf,spatter,1,extra,pooled,0.4881157118055556,0.48706686938910676,0.9485416666666666
held_out,cdf,spatter,2,extra,pooled,0.741625,0.6541959008724076,0.5935416666666666
held_out,cdf,spatter,3,extra,pooled,0.8713690972222222,0.7930508802995303,0.3302083333333333
held_out,cdf,spatter,4,extra,pooled,0.9549669704861111,0.9344781143065346,0.14520833333333333
held_out,cdf,spatter,5,extra,pooled,0.9814504340277778,0.9731139263182675,0.059583333333333335
held_out,cdf,saturate,1,extra,pooled,0.5231968532986111,0.5105264423190561,0.9197916666666667
held_out,cdf,saturate,2,extra,pooled,0.5762050130208334,0.5442452195182421,0.8714583333333333
held_out,cdf,saturate,3,extra,pooled,0.5612254557291667,0.5401847183941603,0.9054166666666666
held_out,cdf,saturate,4,extra,pooled,0.6807433159722223,0.6230931848346869,0.7385416666666667
held_out,cdf,saturate,5,extra,pooled,0.7777026909722222,0.7142987369440068,0.5685416666666666
held_out,cdf_sum,gaussian_noise,1,common,pooled,0.7842143012152778,0.7178185793306129,0.519375
held_out,cdf_sum,gaussian_noise,2,common,pooled,0.9006632378472222,0.8505139459419027,0.25604166666666667
held_out,cdf_sum,gaussian_noise,3,common,pooled,0.9689713541666667,0.9505199409012549,0.08333333333333333
held_out,cdf_sum,gaussian_noise,4,common,pooled,0.9936559027777778,0.9905836854016711,0.019583333333333335
held_out,cdf_sum,gaussian_noise,5,common,pooled,0.9995022135416667,0.999410415293255,0.0025
held_out,cdf_sum,shot_noise,1,common,pooled,0.7670845920138889,0.7100828790301371,0.571875
held_out,cdf_sum,shot_noise,2,common,pooled,0.8928253472222222,0.8482712034291582,0.291875
held_out,cdf_sum,shot_noise,3,common,pooled,0.9603159288194445,0.9409747932863357,0.11166666666666666
held_out,cdf_sum,shot_noise,4,common,pooled,0.9932466145833333,0.9906973371157611,0.023333333333333334
held_out,cdf_sum,shot_noise,5,common,pooled,0.998376953125,0.9980393333121247,0.005625
held_out,cdf_sum,impulse_noise,1,common,pooled,0.9136884982638889,0.8685744721708286,0.23166666666666666
held_out,cdf_sum,impulse_noise,2,common,pooled,0.95057890625,0.9213515154519043,0.13270833333333334
held_out,cdf_sum,impulse_noise,3,common,pooled,0.9728896701388889,0.9561763119649728,0.073125
held_out,cdf_sum,impulse_noise,4,common,pooled,0.9951850694444444,0.9926540056828583,0.014375
held_out,cdf_sum,impulse_noise,5,common,pooled,0.9995621527777778,0.9994566229195138,0.0020833333333333333
held_out,cdf_sum,defocus_blur,1,common,pooled,0.6840813802083333,0.6210985000492395,0.7
held_out,cdf_sum,defocus_blur,2,common,pooled,0.7634948567708333,0.6869460018941599,0.54
held_out,cdf_sum,defocus_blur,3,common,pooled,0.8599047743055556,0.7843358859912647,0.3358333333333333
held_out,cdf_sum,defocus_blur,4,common,pooled,0.9177334635416666,0.8575223907545463,0.18729166666666666
held_out,cdf_sum,defocus_blur,5,common,pooled,0.9482011284722223,0.9040536910877182,0.11583333333333333
held_out,cdf_sum,glass_blur,1,common,pooled,0.6041471788194445,0.5705009509034258,0.84875
held_out,cdf_sum,glass_blur,2,common,pooled,0.7136990451388889,0.651782358304063,0.6747916666666667
held_out,cdf_sum,glass_blur,3,common,pooled,0.8788073567708333,0.8065288868448275,0.29791666666666666
held_out,cdf_sum,glass_blur,4,common,pooled,0.9126653645833334,0.8490727678025833,0.206875
held_out,cdf_sum,glass_blur,5,common,pooled,0.9465571180555555,0.8984293104332856,0.11666666666666667
held_out,cdf_sum,motion_blur,1,common,pooled,0.6143827256944444,0.5718044875699622,0.8254166666666667
held_out,cdf_sum,motion_blur,2,common,pooled,0.69803828125,0.639218617688642,0.6897916666666667
held_out,cdf_sum,motion_blur,3,common,pooled,0.8005473090277778,0.7350519498764907,0.501875
held_out,cdf_sum,motion_blur,4,common,pooled,0.8847358723958333,0.8280006092366935,0.3175
held_out,cdf_sum,motion_blur,5,common,pooled,0.9195995008680555,0.8721918452653267,0.221875
held_out,cdf_sum,zoom_blur,1,common,pooled,0.7180151909722222,0.6399087532094341,0.6204166666666666
held_out,cdf_sum,zoom_blur,2,common,pooled,0.7925892144097222,0.70438806442899,0.4675
held_out,cdf_sum,zoom_blur,3,common,pooled,0.7788963107638889,0.6957141420118979,0.51375
held_out,cdf_sum,zoom_blur,4,common,pooled,0.8201548177083333,0.7343183296008894,0.4241666666666667
held_out,cdf_sum,zoom_blur,5,common,pooled,0.8129284288194445,0.7297539039865966,0.45479166666666665
held_out,cdf_sum,snow,1,common,pooled,0.7432438802083333,0.682617182902172,0.6447916666666667
held_out,cdf_sum,snow,2,common,pooled,0.8553986111111112,0.8100858968801935,0.42916666666666664
held_out,cdf_sum,snow,3,common,pooled,0.8524987630208334,0.7973817192118702,0.41791666666666666
held_out,cdf_sum,snow,4,common,pooled,0.8943768229166666,0.8471653033550458,0.3147916666666667
held_out,cdf_sum,snow,5,common,pooled,0.8886751736111111,0.8465534223282871,0.33729166666666666
held_out,cdf_sum,frost,1,common,pooled,0.5206619791666667,0.5186124304591699,0.936875
held_out,cdf_sum,frost,2,common,pooled,0.6355402126736112,0.5985138844927312,0.83625
held_out,cdf_sum,frost,3,common,pooled,0.7196491753472222,0.6693620551130889,0.7279166666666667
held_out,cdf_sum,frost,4,common,pooled,0.7302676649305555,0.679084342071131,0.7208333333333333
held_out,cdf_sum,frost,5,common,pooled,0.7785971354166666,0.7235698672515731,0.6497916666666667
held_out,cdf_sum,fog,1,common,pooled,0.579208984375,0.5562287355629657,0.89
held_out,cdf_sum,fog,2,common,pooled,0.6168731336805555,0.5835374879763486,0.8510416666666667
held_out,cdf_sum,fog,3,common,pooled,0.6474898003472223,0.6065398137049027,0.8116666666666666
held_out,cdf_sum,fog,4,common,pooled,0.6361190972222223,0.5916708888170493,0.8202083333333333
held_out,cdf_sum,fog,5,common,pooled,0.6552296875,0.6024404551895612,0.7854166666666667
held_out,cdf_sum,brightness,1,common,pooled,0.5035525607638889,0.50620937970097,0.9470833333333334
held_out,cdf_sum,brightness,2,common,pooled,0.5238227864583334,0.5211327561960868,0.9333333333333333
held_out,cdf_sum,brightness,3,common,pooled,0.55586484375,0.5433787877728896,0.9116666666666666
held_out,cdf_sum,brightness,4,common,pooled,0.600403515625,0.5750199153900551,0.863125
held_out,cdf_sum,brightness,5,common,pooled,0.6516714409722222,0.6139458740640426,0.7847916666666667
held_out,cdf_sum,contrast,1,common,pooled,0.6083297960069445,0.5845335569614066,0.8772916666666667
held_out,cdf_sum,contrast,2,common,pooled,0.6708044270833333,0.6368528618512234,0.79875
held_out,cdf_sum,contrast,3,common,pooled,0.7614664930555556,0.7198577750731956,0.645625
held_out,cdf_sum,contrast,4,common,pooled,0.8972315104166667,0.8647553967578292,0.328125
held_out,cdf_sum,contrast,5,common,pooled,0.974068359375,0.9631202357782715,0.08604166666666667
held_out,cdf_sum,elastic_transform,1,common,pooled,0.5204735026041667,0.5088555291480097,0.9377083333333334
held_out,cdf_sum,elastic_transform,2,common,pooled,0.5631529079861111,0.5343354313270141,0.9066666666666666
held_out,cdf_sum,elastic_transform,3,common,pooled,0.6345903645833333,0.5824285926773058,0.8225
held_out,cdf_sum,elastic_transform,4,common,pooled,0.6909916666666667,0.6263155774597569,0.738125
held_out,cdf_sum,elastic_transform,5,common,pooled,0.7609201822916667,0.6878903898983743,0.6145833333333334
held_out,cdf_sum,pixelate,1,common,pooled,0.5259515625,0.5153446315737644,0.9220833333333334
held_out,cdf_sum,pixelate,2,common,pooled,0.5736184895833333,0.549998156313487,0.8858333333333334
held_out,cdf_sum,pixelate,3,common,pooled,0.7556369357638889,0.7054716874159462,0.6435416666666667
held_out,cdf_sum,pixelate,4,common,pooled,0.9072957465277778,0.8667504536112458,0.27520833333333333
held_out,cdf_sum,pixelate,5,common,pooled,0.9622688368055555,0.9419627739865064,0.11125
held_out,cdf_sum,jpeg_compression,1,common,pooled,0.5669894314236111,0.5327814877143288,0.8604166666666667
held_out,cdf_sum,jpeg_compression,2,common,pooled,0.6544760850694444,0.5923435487583802,0.7435416666666667
held_out,cdf_sum,jpeg_compression,3,common,pooled,0.7166853298611111,0.6409962508049686,0.6495833333333333
held_out,cdf_sum,jpeg_compression,4,common,pooled,0.8460480902777778,0.7646621214232179,0.3804166666666667
held_out,cdf_sum,jpeg_compression,5,common,pooled,0.9162102864583334,0.8530353196681217,0.2125
held_out,cdf_sum,speckle_noise,1,extra,pooled,0.6828191189236111,0.6417293363243006,0.73625
held_out,cdf_sum,speckle_noise,2,extra,pooled,0.7623847222222222,0.7162432022501687,0.608125
held_out,cdf_sum,speckle_noise,3,extra,pooled,0.9097755208333334,0.8810150432793453,0.2735416666666667
held_out,cdf_sum,speckle_noise,4,extra,pooled,0.95188125,0.936255455099136,0.15458333333333332
held_out,cdf_sum,speckle_noise,5,extra,pooled,0.9785480034722223,0.9725248924927218,0.07729166666666666
held_out,cdf_sum,gaussian_blur,1,extra,pooled,0.5823910590277778,0.5475703026543606,0.8666666666666667
held_out,cdf_sum,gaussian_blur,2,extra,pooled,0.7557744357638889,0.6808594368085656,0.5570833333333334
held_out,cdf_sum,gaussian_blur,3,extra,pooled,0.8589417100694444,0.7838901514834302,0.33770833333333333
held_out,cdf_sum,gaussian_blur,4,extra,pooled,0.9185204427083333,0.8587331870324492,0.18729166666666666
held_out,cdf_sum,gaussian_blur,5,extra,pooled,0.9687307725694444,0.9387917066929152,0.06875
held_out,cdf_sum,spatter,1,extra,pooled,0.488337109375,0.4872163778230255,0.9477083333333334
held_out,cdf_sum,spatter,2,extra,pooled,0.6931513671875,0.6232330328327118,0.7035416666666666
held_out,cdf_sum,spatter,3,extra,pooled,0.7935794704861111,0.717834979987628,0.5204166666666666
held_out,cdf_sum,spatter,4,extra,pooled,0.9128795138888889,0.8751537264965734,0.25645833333333334
held_out,cdf_sum,spatter,5,extra,pooled,0.9582648003472222,0.9367320315918652,0.12104166666666667
held_out,cdf_sum,saturate,1,extra,pooled,0.49888600260416666,0.496307021005306,0.9410416666666667
held_out,cdf_sum,saturate,2,extra,pooled,0.5248730251736111,0.5121543364511679,0.9239583333333333
held_out,cdf_sum,saturate,3,extra,pooled,0.5331721354166666,0.5193443798287667,0.925625
held_out,cdf_sum,saturate,4,extra,pooled,0.6099969835069444,0.5678982001772812,0.821875
held_out,cdf_sum,saturate,5,extra,pooled,0.6975904079861112,0.640156835042559,0.7154166666666667
held_out,niqe,gaussian_noise,1,common,pooled,0.9078625868055555,0.8321276172529153,0.24791666666666667
held_out,niqe,gaussian_noise,2,common,pooled,0.9642907118055556,0.9172129047011598,0.08166666666666667
held_out,niqe,gaussian_noise,3,common,pooled,0.9887838975694444,0.9711726480363438,0.022291666666666668
held_out,niqe,gaussian_noise,4,common,pooled,0.9980625868055556,0.993556170883223,0.00375
held_out,niqe,gaussian_noise,5,common,pooled,0.9996584635416667,0.9981704054629943,0.000625
held_out,niqe,shot_noise,1,common,pooled,0.8718651909722223,0.7922756401359811,0.353125
held_out,niqe,shot_noise,2,common,pooled,0.9477924479166666,0.8961436305867314,0.1375
held_out,niqe,shot_noise,3,common,pooled,0.9790509548611112,0.9546782898325804,0.049166666666666664
held_out,niqe,shot_noise,4,common,pooled,0.9956453559027778,0.9909714223709366,0.011875
held_out,niqe,shot_noise,5,common,pooled,0.9988184027777778,0.9970714572951719,0.0033333333333333335
held_out,niqe,impulse_noise,1,common,pooled,0.9925502604166667,0.9914769049671638,0.03729166666666667
held_out,niqe,impulse_noise,2,common,pooled,0.9973441840277778,0.9969055999743948,0.016458333333333332
held_out,niqe,impulse_noise,3,common,pooled,0.9982759548611111,0.9979339088960929,0.009791666666666667
held_out,niqe,impulse_noise,4,common,pooled,0.9988371527777777,0.998203767603899,0.005
held_out,niqe,impulse_noise,5,common,pooled,0.9983408854166667,0.9956951156736494,0.0033333333333333335
held_out,niqe,defocus_blur,1,common,pooled,0.9966467013888889,0.9926053326924968,0.010208333333333333
held_out,niqe,defocus_blur,2,common,pooled,0.9989153645833333,0.9967805014129854,0.002916666666666667
held_out,niqe,defocus_blur,3,common,pooled,0.9993098090277778,0.9978887858133993,0.001875
held_out,niqe,defocus_blur,4,common,pooled,0.9995768229166667,0.9983816171387122,0.0008333333333333334
held_out,niqe,defocus_blur,5,common,pooled,0.9996755642361111,0.9985445347730179,0.000625
held_out,niqe,glass_blur,1,common,pooled,0.9771727864583334,0.9433928512444926,0.03916666666666667
held_out,niqe,glass_blur,2,common,pooled,0.9928991319444445,0.980227450928327,0.011041666666666667
held_out,niqe,glass_blur,3,common,pooled,0.9918932725694445,0.9766357912624724,0.012291666666666666
held_out,niqe,glass_blur,4,common,pooled,0.9941332899305556,0.9829211112371772,0.009375
held_out,niqe,glass_blur,5,common,pooled,0.9987658854166667,0.9954603572466564,0.0022916666666666667
held_out,niqe,motion_blur,1,common,pooled,0.9673271701388889,0.9381446188700306,0.08104166666666666
held_out,niqe,motion_blur,2,common,pooled,0.9796379340277778,0.9619327713579805,0.0525
held_out,niqe,motion_blur,3,common,pooled,0.98537578125,0.9738520962751267,0.039375
held_out,niqe,motion_blur,4,common,pooled,0.9882588107638889,0.9798556048357379,0.034375
held_out,niqe,motion_blur,5,common,pooled,0.9893683159722222,0.9820236120901119,0.0325
held_out,niqe,zoom_blur,1,common,pooled,0.8901294704861111,0.8639268237588084,0.38395833333333335
held_out,niqe,zoom_blur,2,common,pooled,0.9131447916666666,0.8899375468735735,0.315
held_out,niqe,zoom_blur,3,common,pooled,0.8844159288194444,0.8473179226126724,0.353125
held_out,niqe,zoom_blur,4,common,pooled,0.9004161892361111,0.8653212434312381,0.3095833333333333
held_out,niqe,zoom_blur,5,common,pooled,0.8482764756944444,0.8008359613697632,0.426875
held_out,niqe,snow,1,common,pooled,0.8833096788194444,0.8545886782296651,0.39708333333333334
held_out,niqe,snow,2,common,pooled,0.9666293836805555,0.9487269694624548,0.103125
held_out,niqe,snow,3,common,pooled,0.9426188802083333,0.9126452027603987,0.18770833333333334
held_out,niqe,snow,4,common,pooled,0.9652562934027777,0.9437672817620942,0.10125
held_out,niqe,snow,5,common,pooled,0.9834773003472222,0.9748779108604114,0.051875
held_out,niqe,frost,1,common,pooled,0.48490772569444446,0.485188138572044,0.9391666666666667
held_out,niqe,frost,2,common,pooled,0.6107487847222223,0.571488321900331,0.861875
held_out,niqe,frost,3,common,pooled,0.6931233072916667,0.6408726666687434,0.75625
held_out,niqe,frost,4,common,pooled,0.7047223958333333,0.649650152984729,0.74625
held_out,niqe,frost,5,common,pooled,0.7459041666666667,0.6880148333456348,0.6670833333333334
held_out,niqe,fog,1,common,pooled,0.64183515625,0.637090988858549,0.9022916666666667
held_out,niqe,fog,2,common,pooled,0.6822197048611112,0.6778143973135657,0.865
held_out,niqe,fog,3,common,pooled,0.7255748263888889,0.7222375850529362,0.8310416666666667
held_out,niqe,fog,4,common,pooled,0.7352144097222222,0.7308167208044731,0.8258333333333333
held_out,niqe,fog,5,common,pooled,0.7657405815972222,0.7527819950345542,0.7729166666666667
held_out,niqe,brightness,1,common,pooled,0.47540598958333335,0.4817953075320221,0.9560416666666667
held_out,niqe,brightness,2,common,pooled,0.45770364583333334,0.47171431814637643,0.9627083333333334
held_out,niqe,brightness,3,common,pooled,0.45148328993055553,0.47014951939910105,0.96
held_out,niqe,brightness,4,common,pooled,0.4525372395833333,0.4734994200042853,0.9595833333333333
held_out,niqe,brightness,5,common,pooled,0.46631922743055554,0.485002389485625,0.9535416666666666
held_out,niqe,contrast,1,common,pooled,0.6295989149305555,0.6231652537177,0.9108333333333334
held_out,niqe,contrast,2,common,pooled,0.6904477430555556,0.682618333925638,0.8622916666666667
held_out,niqe,contrast,3,common,pooled,0.7836389756944444,0.7731203347541945,0.7275
held_out,niqe,contrast,4,common,pooled,0.9217792534722222,0.9094377421434898,0.315
held_out,niqe,contrast,5,common,pooled,0.9840498697916666,0.9797154610537686,0.060833333333333336
held_out,niqe,elastic_transform,1,common,pooled,0.5624727430555555,0.5394684905989225,0.8945833333333333
held_out,niqe,elastic_transform,2,common,pooled,0.5428296006944444,0.5258815738949847,0.9039583333333333
held_out,niqe,elastic_transform,3,common,pooled,0.5178231336805555,0.5080698134320383,0.9129166666666667
held_out,niqe,elastic_transform,4,common,pooled,0.5049956163194445,0.49876294032070356,0.9229166666666667
held_out,niqe,elastic_transform,5,common,pooled,0.49554149305555556,0.4907300056520353,0.9272916666666666
held_out,niqe,pixelate,1,common,pooled,0.9541450520833333,0.9066718995512606,0.10291666666666667
held_out,niqe,pixelate,2,common,pooled,0.9445845486111111,0.9091271442457062,0.15520833333333334
held_out,niqe,pixelate,3,common,pooled,0.9728684461805556,0.9547322213286582,0.06895833333333333
held_out,niqe,pixelate,4,common,pooled,0.9953841579861111,0.9922514367550258,0.012708333333333334
held_out,niqe,pixelate,5,common,pooled,0.9952129340277778,0.9907174109930286,0.010208333333333333
held_out,niqe,jpeg_compression,1,common,pooled,0.8973549045138889,0.8675716260463182,0.3177083333333333
held_out,niqe,jpeg_compression,2,common,pooled,0.9492834635416667,0.9308553922330207,0.169375
held_out,niqe,jpeg_compression,3,common,pooled,0.9646276475694444,0.951285680461567,0.116875
held_out,niqe,jpeg_compression,4,common,pooled,0.9862644097222222,0.9812887210650347,0.04645833333333333
held_out,niqe,jpeg_compression,5,common,pooled,0.9946003038194444,0.9927747074924006,0.020833333333333332
held_out,niqe,speckle_noise,1,extra,pooled,0.7490038194444445,0.673262156852876,0.6420833333333333
held_out,niqe,speckle_noise,2,extra,pooled,0.8181571614583333,0.7438117434954072,0.49833333333333335
held_out,niqe,speckle_noise,3,extra,pooled,0.925133203125,0.876381482268309,0.223125
held_out,niqe,speckle_noise,4,extra,pooled,0.9548141493055555,0.9226523035835734,0.13104166666666667
held_out,niqe,speckle_noise,5,extra,pooled,0.9756233940972222,0.9599308127267759,0.06520833333333333
held_out,niqe,gaussian_blur,1,extra,pooled,0.9849056857638889,0.9623409518332156,0.02666666666666667
held_out,niqe,gaussian_blur,2,extra,pooled,0.9989657552083333,0.9963767602610792,0.001875
held_out,niqe,gaussian_blur,3,extra,pooled,0.9995902777777778,0.9982616079329459,0.000625
held_out,niqe,gaussian_blur,4,extra,pooled,0.9997287326388888,0.9985805306528318,0.0004166666666666667
held_out,niqe,gaussian_blur,5,extra,pooled,0.9997828559027778,0.998644683845981,0.00020833333333333335
held_out,niqe,spatter,1,extra,pooled,0.4995478732638889,0.4997164234343476,0.9485416666666666
held_out,niqe,spatter,2,extra,pooled,0.6987520833333334,0.6616906846266919,0.7895833333333333
held_out,niqe,spatter,3,extra,pooled,0.8522923177083334,0.820911133477549,0.49104166666666665
held_out,niqe,spatter,4,extra,pooled,0.7458252170138889,0.6763373957639651,0.6297916666666666
held_out,niqe,spatter,5,extra,pooled,0.8839698350694445,0.832648931474621,0.334375
held_out,niqe,saturate,1,extra,pooled,0.47171848958333334,0.4743405958935244,0.95625
held_out,niqe,saturate,2,extra,pooled,0.4599931423611111,0.46552204294726995,0.9585416666666666
held_out,niqe,saturate,3,extra,pooled,0.4501210503472222,0.4595314345997254,0.96
held_out,niqe,saturate,4,extra,pooled,0.3930676215277778,0.42341171895281915,0.9745833333333334
held_out,niqe,saturate,5,extra,pooled,0.43493602430555556,0.4425517558278457,0.9533333333333334
held_out,niqe_default,gaussian_noise,1,common,pooled,0.9924055989583334,0.9870937729061925,0.025208333333333333
held_out,niqe_default,gaussian_noise,2,common,pooled,0.997808203125,0.9958015195545562,0.007083333333333333
held_out,niqe_default,gaussian_noise,3,common,pooled,0.9995623697916667,0.998867416551568,0.001875
held_out,niqe_default,gaussian_noise,4,common,pooled,0.9998531684027778,0.9997485292146499,0.00020833333333333335
held_out,niqe_default,gaussian_noise,5,common,pooled,0.9999838975694444,0.9999832466824427,0.00020833333333333335
held_out,niqe_default,shot_noise,1,common,pooled,0.9864708767361111,0.978891023009342,0.04541666666666667
held_out,niqe_default,shot_noise,2,common,pooled,0.9960881944444444,0.993567849406403,0.013125
held_out,niqe_default,shot_noise,3,common,pooled,0.998778125,0.9977405256177349,0.0035416666666666665
held_out,niqe_default,shot_noise,4,common,pooled,0.9997389322916667,0.9994201478496314,0.000625
held_out,niqe_default,shot_noise,5,common,pooled,0.9998718315972223,0.9998062881275017,0.00020833333333333335
held_out,niqe_default,impulse_noise,1,common,pooled,0.998288671875,0.9976484276470232,0.006458333333333333
held_out,niqe_default,impulse_noise,2,common,pooled,0.9993707899305555,0.9991075563417561,0.0025
held_out,niqe_default,impulse_noise,3,common,pooled,0.999605078125,0.9994175797884528,0.001875
held_out,niqe_default,impulse_noise,4,common,pooled,0.9998058159722222,0.9996041731797302,0.00020833333333333335
held_out,niqe_default,impulse_noise,5,common,pooled,0.9997945746527778,0.9991372807834483,0.00020833333333333335
held_out,niqe_default,defocus_blur,1,common,pooled,0.9678368923611111,0.9292527444570523,0.063125
held_out,niqe_default,defocus_blur,2,common,pooled,0.9881458767361111,0.97035697400512,0.024375
held_out,niqe_default,defocus_blur,3,common,pooled,0.9950717881944444,0.9874861926426246,0.010416666666666666
held_out,niqe_default,defocus_blur,4,common,pooled,0.9974283854166667,0.9936622267742111,0.005416666666666667
held_out,niqe_default,defocus_blur,5,common,pooled,0.9984562934027778,0.9964456448189579,0.0033333333333333335
held_out,niqe_default,glass_blur,1,common,pooled,0.8178861545138889,0.7171698521576763,0.38104166666666667
held_out,niqe_default,glass_blur,2,common,pooled,0.9364438802083334,0.8643289850031339,0.11645833333333333
held_out,niqe_default,glass_blur,3,common,pooled,0.9398854600694444,0.8663725078906286,0.10583333333333333
held_out,niqe_default,glass_blur,4,common,pooled,0.9562255642361112,0.8971286161045716,0.071875
held_out,niqe_default,glass_blur,5,common,pooled,0.9873782986111111,0.9651414485280597,0.021458333333333333
held_out,niqe_default,motion_blur,1,common,pooled,0.8966876302083333,0.8403726958483223,0.2733333333333333
held_out,niqe_default,motion_blur,2,common,pooled,0.9403953125,0.8993104953272089,0.16645833333333335
held_out,niqe_default,motion_blur,3,common,pooled,0.9638674913194445,0.93644444021881,0.09854166666666667
held_out,niqe_default,motion_blur,4,common,pooled,0.97516875,0.9560950389014686,0.06833333333333333
held_out,niqe_default,motion_blur,5,common,pooled,0.9793384548611112,0.963378138551586,0.0575
held_out,niqe_default,zoom_blur,1,common,pooled,0.7449983506944444,0.7009599240367836,0.6808333333333333
held_out,niqe_default,zoom_blur,2,common,pooled,0.7960200954861111,0.7513031457906308,0.5789583333333334
held_out,niqe_default,zoom_blur,3,common,pooled,0.7432592013888889,0.6982773982774076,0.6754166666666667
held_out,niqe_default,zoom_blur,4,common,pooled,0.774817578125,0.7274358826961452,0.6172916666666667
held_out,niqe_default,zoom_blur,5,common,pooled,0.6728374131944445,0.6356901089317403,0.7925
held_out,niqe_default,snow,1,common,pooled,0.8537595920138888,0.8132711031741466,0.455
held_out,niqe_default,snow,2,common,pooled,0.9569015625,0.935036146295373,0.13125
held_out,niqe_default,snow,3,common,pooled,0.9164768229166667,0.8748143841858904,0.24458333333333335
held_out,niqe_default,snow,4,common,pooled,0.9446513454861111,0.9118450447745607,0.15104166666666666
held_out,niqe_default,snow,5,common,pooled,0.9789942708333333,0.9679738990872065,0.063125
held_out,niqe_default,frost,1,common,pooled,0.319366796875,0.40608753719184454,0.990625
held_out,niqe_default,frost,2,common,pooled,0.29671809895833334,0.38463351647924987,0.98625
held_out,niqe_default,frost,3,common,pooled,0.32413988715277775,0.394296321226666,0.9785416666666666
held_out,niqe_default,frost,4,common,pooled,0.316546875,0.3868668965926382,0.979375
held_out,niqe_default,frost,5,common,pooled,0.3366859809027778,0.39341697425978195,0.974375
held_out,niqe_default,fog,1,common,pooled,0.6162418402777777,0.5925511808842376,0.871875
held_out,niqe_default,fog,2,common,pooled,0.6527676649305556,0.6253830712238949,0.8325
held_out,niqe_default,fog,3,common,pooled,0.692046875,0.664026842581256,0.7927083333333333
held_out,niqe_default,fog,4,common,pooled,0.6945262152777778,0.6652867640319985,0.785625
held_out,niqe_default,fog,5,common,pooled,0.7102354166666667,0.6725683575020549,0.7647916666666666
held_out,niqe_default,brightness,1,common,pooled,0.49069309895833335,0.4954666895418688,0.9547916666666667
held_out,niqe_default,brightness,2,common,pooled,0.48715360243055555,0.4939663965522073,0.9564583333333333
held_out,niqe_default,brightness,3,common,pooled,0.4905202256944444,0.49849912158435183,0.9539583333333334
held_out,niqe_default,brightness,4,common,pooled,0.497398046875,0.5044964948616215,0.9504166666666667
held_out,niqe_default,brightness,5,common,pooled,0.5101771701388889,0.5153934123622574,0.94625
held_out,niqe_default,contrast,1,common,pooled,0.6099134548611111,0.5851453801763602,0.878125
held_out,niqe_default,contrast,2,common,pooled,0.6671921440972223,0.6349632184690452,0.8122916666666666
held_out,niqe_default,contrast,3,common,pooled,0.7604525173611111,0.723690604793566,0.6739583333333333
held_out,niqe_default,contrast,4,common,pooled,0.9087634548611111,0.88266191968118,0.2975
held_out,niqe_default,contrast,5,common,pooled,0.9806686631944445,0.9741213944232826,0.0675
held_out,niqe_default,elastic_transform,1,common,pooled,0.29981219618055555,0.3838182558923221,0.9895833333333334
held_out,niqe_default,elastic_transform,2,common,pooled,0.29886223958333336,0.38295059664956255,0.9875
held_out,niqe_default,elastic_transform,3,common,pooled,0.30691085069444446,0.3843516165701476,0.985
held_out,niqe_default,elastic_transform,4,common,pooled,0.32746844618055554,0.3915262765798383,0.9797916666666666
held_out,niqe_default,elastic_transform,5,common,pooled,0.3676416232638889,0.4070878496632442,0.964375
held_out,niqe_default,pixelate,1,common,pooled,0.926087109375,0.8582179271949029,0.16708333333333333
held_out,niqe_default,pixelate,2,common,pooled,0.92381796875,0.8801134668099667,0.21354166666666666
held_out,niqe_default,pixelate,3,common,pooled,0.9731396267361111,0.9534910501296039,0.06416666666666666
held_out,niqe_default,pixelate,4,common,pooled,0.9972513454861112,0.9954762158267463,0.0075
held_out,niqe_default,pixelate,5,common,pooled,0.9937745659722222,0.9889257013912912,0.015833333333333335
held_out,niqe_default,jpeg_compression,1,common,pooled,0.738036328125,0.6991561157615178,0.6754166666666667
held_out,niqe_default,jpeg_compression,2,common,pooled,0.8445739583333334,0.8098180406860522,0.471875
held_out,niqe_default,jpeg_compression,3,common,pooled,0.8843079427083333,0.8540017869672436,0.356875
held_out,niqe_default,jpeg_compression,4,common,pooled,0.9537633246527778,0.9383496531952726,0.15520833333333334
held_out,niqe_default,jpeg_compression,5,common,pooled,0.9818670572916667,0.9753285818116817,0.06333333333333334
held_out,niqe_default,speckle_noise,1,extra,pooled,0.9492041666666666,0.9324139113996861,0.189375
held_out,niqe_default,speckle_noise,2,extra,pooled,0.9720289930555556,0.9610331865518289,0.10541666666666667
held_out,niqe_default,speckle_noise,3,extra,pooled,0.9927383246527778,0.9890989034555133,0.027291666666666665
held_out,niqe_default,speckle_noise,4,extra,pooled,0.9962302951388889,0.9942701802323647,0.013125
held_out,niqe_default,speckle_noise,5,extra,pooled,0.9981691840277778,0.9972629027397034,0.006458333333333333
held_out,niqe_default,gaussian_blur,1,extra,pooled,0.8730591579861111,0.7853712141021858,0.2825
held_out,niqe_default,gaussian_blur,2,extra,pooled,0.9853631944444444,0.9613111953144409,0.023958333333333335
held_out,niqe_default,gaussian_blur,3,extra,pooled,0.9960417100694444,0.9870198616424005,0.006458333333333333
held_out,niqe_default,gaussian_blur,4,extra,pooled,0.9977604166666667,0.9929770374409207,0.0033333333333333335
held_out,niqe_default,gaussian_blur,5,extra,pooled,0.9993241319444445,0.9979229620641046,0.001875
held_out,niqe_default,spatter,1,extra,pooled,0.49505503472222223,0.49670222618599147,0.9514583333333333
held_out,niqe_default,spatter,2,extra,pooled,0.7008071614583333,0.6475663250095394,0.7364583333333333
held_out,niqe_default,spatter,3,extra,pooled,0.8562786892361111,0.8042240013596877,0.4247916666666667
held_out,niqe_default,spatter,4,extra,pooled,0.8363298177083334,0.7676587715630037,0.4275
held_out,niqe_default,spatter,5,extra,pooled,0.9237251736111111,0.8788828721773178,0.21916666666666668
held_out,niqe_default,saturate,1,extra,pooled,0.4805185763888889,0.483042635962084,0.9525
held_out,niqe_default,saturate,2,extra,pooled,0.4710467447916667,0.4760439129023461,0.9564583333333333
held_out,niqe_default,saturate,3,extra,pooled,0.4592887586805556,0.46661454592958074,0.955625
held_out,niqe_default,saturate,4,extra,pooled,0.42347994791666665,0.44168966925171915,0.95875
held_out,niqe_default,saturate,5,extra,pooled,0.5029923177083333,0.4863704435015227,0.9272916666666666
held_out,arniqa,gaussian_noise,1,common,pooled,0.9677495225694445,0.9335903648414988,0.06729166666666667
held_out,arniqa,gaussian_noise,2,common,pooled,0.9948550347222223,0.9915049655608914,0.019583333333333335
held_out,arniqa,gaussian_noise,3,common,pooled,0.9996693576388889,0.9995742104801608,0.00125
held_out,arniqa,gaussian_noise,4,common,pooled,0.9999890190972223,0.9999888807037565,0.0
held_out,arniqa,gaussian_noise,5,common,pooled,0.9999990885416666,0.9999990876445568,0.0
held_out,arniqa,shot_noise,1,common,pooled,0.977983984375,0.9611025457614991,0.058125
held_out,arniqa,shot_noise,2,common,pooled,0.9964897135416667,0.9944914168627106,0.012708333333333334
held_out,arniqa,shot_noise,3,common,pooled,0.9996953559027778,0.9996201821579385,0.00125
held_out,arniqa,shot_noise,4,common,pooled,0.9999945746527777,0.9999945387176263,0.0
held_out,arniqa,shot_noise,5,common,pooled,0.9999979600694444,0.9999979536522616,0.0
held_out,arniqa,impulse_noise,1,common,pooled,0.9944424045138889,0.9907152647655462,0.019583333333333335
held_out,arniqa,impulse_noise,2,common,pooled,0.9992671440972222,0.9988338121502552,0.0020833333333333333
held_out,arniqa,impulse_noise,3,common,pooled,0.9998316840277778,0.9997960821188645,0.0004166666666666667
held_out,arniqa,impulse_noise,4,common,pooled,0.9999924045138889,0.9999923273377721,0.0
held_out,arniqa,impulse_noise,5,common,pooled,0.9999987847222223,0.9999987828540807,0.0
held_out,arniqa,defocus_blur,1,common,pooled,0.9923639322916666,0.9884013062135943,0.027708333333333335
held_out,arniqa,defocus_blur,2,common,pooled,0.9986197916666667,0.9981645527546809,0.005625
held_out,arniqa,defocus_blur,3,common,pooled,0.9997866319444444,0.9997662787285895,0.0008333333333333334
held_out,arniqa,defocus_blur,4,common,pooled,0.9998100260416667,0.99980220726836,0.0008333333333333334
held_out,arniqa,defocus_blur,5,common,pooled,0.9995116753472222,0.9994962204052092,0.0016666666666666668
held_out,arniqa,glass_blur,1,common,pooled,0.9579168402777778,0.9268750662061075,0.0975
held_out,arniqa,glass_blur,2,common,pooled,0.9860315104166667,0.9779868037572653,0.04145833333333333
held_out,arniqa,glass_blur,3,common,pooled,0.9914397135416667,0.9870385346571743,0.03
held_out,arniqa,glass_blur,4,common,pooled,0.9942736545138889,0.991812799609466,0.02375
held_out,arniqa,glass_blur,5,common,pooled,0.9975330295138889,0.996642797494557,0.009375
held_out,arniqa,motion_blur,1,common,pooled,0.9546639756944445,0.9386268588164981,0.1525
held_out,arniqa,motion_blur,2,common,pooled,0.9916746744791667,0.9897013137570562,0.035416666666666666
held_out,arniqa,motion_blur,3,common,pooled,0.99789453125,0.99762783515043,0.006875
held_out,arniqa,motion_blur,4,common,pooled,0.999119921875,0.9990409693308349,0.0025
held_out,arniqa,motion_blur,5,common,pooled,0.9991500434027778,0.9990955525503394,0.0025
held_out,arniqa,zoom_blur,1,common,pooled,0.9475471571180556,0.9377528244960845,0.19083333333333333
held_out,arniqa,zoom_blur,2,common,pooled,0.9582767795138889,0.9520203186909901,0.15375
held_out,arniqa,zoom_blur,3,common,pooled,0.9293327907986111,0.9156755689584682,0.27
held_out,arniqa,zoom_blur,4,common,pooled,0.9344893880208334,0.923428987419262,0.25958333333333333
held_out,arniqa,zoom_blur,5,common,pooled,0.9016924696180556,0.8808307641339308,0.37625
held_out,arniqa,snow,1,common,pooled,0.937475390625,0.919451226026443,0.20854166666666665
held_out,arniqa,snow,2,common,pooled,0.98895390625,0.986416940371597,0.04604166666666667
held_out,arniqa,snow,3,common,pooled,0.9923271701388889,0.9908473499979082,0.035416666666666666
held_out,arniqa,snow,4,common,pooled,0.9977671875,0.997442093976142,0.008958333333333334
held_out,arniqa,snow,5,common,pooled,0.9984875868055556,0.9982405006315074,0.0060416666666666665
held_out,arniqa,frost,1,common,pooled,0.9271565972222222,0.9104299580845052,0.25875
held_out,arniqa,frost,2,common,pooled,0.9465090928819444,0.9394206239533756,0.21145833333333333
held_out,arniqa,frost,3,common,pooled,0.9501598307291667,0.9455502301571794,0.19791666666666666
held_out,arniqa,frost,4,common,pooled,0.9440621527777778,0.9386182366144118,0.219375
held_out,arniqa,frost,5,common,pooled,0.9439851128472222,0.9393975026101394,0.22895833333333335
held_out,arniqa,fog,1,common,pooled,0.9690484592013889,0.9578634115154296,0.09270833333333334
held_out,arniqa,fog,2,common,pooled,0.9779452690972222,0.9707564605328937,0.070625
held_out,arniqa,fog,3,common,pooled,0.9784159505208333,0.9714234448395866,0.07
held_out,arniqa,fog,4,common,pooled,0.976653125,0.9685902080302672,0.075
held_out,arniqa,fog,5,common,pooled,0.9817997829861111,0.9762443245308322,0.06604166666666667
held_out,arniqa,brightness,1,common,pooled,0.6340511067708333,0.606368554866358,0.879375
held_out,arniqa,brightness,2,common,pooled,0.8025856987847222,0.7667472982448905,0.64125
held_out,arniqa,brightness,3,common,pooled,0.9058230034722222,0.884548577353802,0.3358333333333333
held_out,arniqa,brightness,4,common,pooled,0.9599544704861112,0.9532217914470857,0.145625
held_out,arniqa,brightness,5,common,pooled,0.9839947916666667,0.9826625803352502,0.068125
held_out,arniqa,contrast,1,common,pooled,0.9615609375,0.9527871120452668,0.133125
held_out,arniqa,contrast,2,common,pooled,0.9821731553819445,0.978415230011499,0.06791666666666667
held_out,arniqa,contrast,3,common,pooled,0.9924845269097222,0.9910747251150366,0.0375
held_out,arniqa,contrast,4,common,pooled,0.9968305121527777,0.9962961846588505,0.0175
held_out,arniqa,contrast,5,common,pooled,0.9973236545138889,0.9969111478933528,0.013541666666666667
held_out,arniqa,elastic_transform,1,common,pooled,0.4281446831597222,0.46632723482468585,0.969375
held_out,arniqa,elastic_transform,2,common,pooled,0.44138819444444444,0.47233396180132603,0.9654166666666667
held_out,arniqa,elastic_transform,3,common,pooled,0.4608609157986111,0.4815445576982069,0.9602083333333333
held_out,arniqa,elastic_transform,4,common,pooled,0.4795057508680556,0.49096678967992113,0.9502083333333333
held_out,arniqa,elastic_transform,5,common,pooled,0.5038340928819445,0.503627896539896,0.9404166666666667
held_out,arniqa,pixelate,1,common,pooled,0.9020758680555555,0.8484102255396637,0.25416666666666665
held_out,arniqa,pixelate,2,common,pooled,0.9090047309027778,0.8593280020059497,0.24583333333333332
held_out,arniqa,pixelate,3,common,pooled,0.9793123480902778,0.9715083350506039,0.06604166666666667
held_out,arniqa,pixelate,4,common,pooled,0.9987140625,0.9984978913203442,0.005208333333333333
held_out,arniqa,pixelate,5,common,pooled,0.9983560763888889,0.9980193373829691,0.0060416666666666665
held_out,arniqa,jpeg_compression,1,common,pooled,0.6046485460069444,0.562505630951562,0.883125
held_out,arniqa,jpeg_compression,2,common,pooled,0.7946225694444444,0.7381968081034598,0.61
held_out,arniqa,jpeg_compression,3,common,pooled,0.8828464626736111,0.8441398188320552,0.38979166666666665
held_out,arniqa,jpeg_compression,4,common,pooled,0.9804271701388889,0.9761334811236412,0.07354166666666667
held_out,arniqa,jpeg_compression,5,common,pooled,0.9978232638888889,0.997632630618065,0.009791666666666667
held_out,arniqa,speckle_noise,1,extra,pooled,0.9677846788194444,0.9459596167548967,0.08625
held_out,arniqa,speckle_noise,2,extra,pooled,0.9872784288194445,0.9806204366001943,0.045
held_out,arniqa,speckle_noise,3,extra,pooled,0.9991904079861111,0.9989727438320771,0.0025
held_out,arniqa,speckle_noise,4,extra,pooled,0.9998220052083333,0.9998032184707102,0.0004166666666666667
held_out,arniqa,speckle_noise,5,extra,pooled,0.9999652777777778,0.9999641766247175,0.00020833333333333335
held_out,arniqa,gaussian_blur,1,extra,pooled,0.9247157335069445,0.872814621856042,0.21041666666666667
held_out,arniqa,gaussian_blur,2,extra,pooled,0.9966967013888889,0.9953250342755358,0.014375
held_out,arniqa,gaussian_blur,3,extra,pooled,0.9994665798611111,0.9993606662860772,0.0016666666666666668
held_out,arniqa,gaussian_blur,4,extra,pooled,0.999814453125,0.9998013069966912,0.0008333333333333334
held_out,arniqa,gaussian_blur,5,extra,pooled,0.9998135416666667,0.9998075727440486,0.000625
held_out,arniqa,spatter,1,extra,pooled,0.5278020833333333,0.5190177925288717,0.9377083333333334
held_out,arniqa,spatter,2,extra,pooled,0.6791498263888889,0.6489702485591207,0.8104166666666667
held_out,arniqa,spatter,3,extra,pooled,0.7621998914930556,0.722324782087082,0.6516666666666666
held_out,arniqa,spatter,4,extra,pooled,0.7648045789930555,0.6779788349756966,0.613125
held_out,arniqa,spatter,5,extra,pooled,0.7977623263888889,0.7099091773645331,0.5260416666666666
held_out,arniqa,saturate,1,extra,pooled,0.9647075086805555,0.9475134090166478,0.09916666666666667
held_out,arniqa,saturate,2,extra,pooled,0.9824369140625,0.9699672023988417,0.04541666666666667
held_out,arniqa,saturate,3,extra,pooled,0.7757076171875,0.734157751988354,0.694375
held_out,arniqa,saturate,4,extra,pooled,0.9820602430555555,0.980128155154629,0.07125
held_out,arniqa,saturate,5,extra,pooled,0.9941315972222222,0.9944098051738457,0.03395833333333333
held_out,arniqa_proto,gaussian_noise,1,common,pooled,0.9994755642361111,0.999311486295449,0.0014583333333333334
held_out,arniqa_proto,gaussian_noise,2,common,pooled,0.9999802517361112,0.9999799070431172,0.00020833333333333335
held_out,arniqa_proto,gaussian_noise,3,common,pooled,0.9999990885416666,0.9999990882601406,0.0
held_out,arniqa_proto,gaussian_noise,4,common,pooled,0.9999999131944445,0.9999999132034848,0.0
held_out,arniqa_proto,gaussian_noise,5,common,pooled,1.0,1.0,0.0
held_out,arniqa_proto,shot_noise,1,common,pooled,0.9993518229166667,0.9991924381110227,0.0020833333333333333
held_out,arniqa_proto,shot_noise,2,common,pooled,0.9999609375,0.9999601936739089,0.00020833333333333335
held_out,arniqa_proto,shot_noise,3,common,pooled,0.9999955729166666,0.9999955659349593,0.0
held_out,arniqa_proto,shot_noise,4,common,pooled,0.9999993923611111,0.9999993924603253,0.0
held_out,arniqa_proto,shot_noise,5,common,pooled,0.9999998697916667,0.9999998697916629,0.0
held_out,arniqa_proto,impulse_noise,1,common,pooled,0.9998733072916667,0.9998620368901043,0.0008333333333333334
held_out,arniqa_proto,impulse_noise,2,common,pooled,0.9999965711805555,0.9999965611204245,0.0
held_out,arniqa_proto,impulse_noise,3,common,pooled,0.999999609375,0.9999996091305934,0.0
held_out,arniqa_proto,impulse_noise,4,common,pooled,0.9999999565972222,0.9999999566062626,0.0
held_out,arniqa_proto,impulse_noise,5,common,pooled,1.0,1.0,0.0
held_out,arniqa_proto,defocus_blur,1,common,pooled,0.9999192274305555,0.9999154948298542,0.000625
held_out,arniqa_proto,defocus_blur,2,common,pooled,0.999974609375,0.9999743259059362,0.0
held_out,arniqa_proto,defocus_blur,3,common,pooled,0.9999592881944445,0.9999583011723847,0.00020833333333333335
held_out,arniqa_proto,defocus_blur,4,common,pooled,0.9999054253472223,0.9999003949525674,0.000625
held_out,arniqa_proto,defocus_blur,5,common,pooled,0.9998112847222222,0.9997934883781283,0.0010416666666666667
held_out,arniqa_proto,glass_blur,1,common,pooled,0.9983448784722222,0.9965285362590923,0.005208333333333333
held_out,arniqa_proto,glass_blur,2,common,pooled,0.9997147569444444,0.9996570554288493,0.0010416666666666667
held_out,arniqa_proto,glass_blur,3,common,pooled,0.9996754340277778,0.9995919208465393,0.0010416666666666667
held_out,arniqa_proto,glass_blur,4,common,pooled,0.999704296875,0.9996366322065605,0.0010416666666666667
held_out,arniqa_proto,glass_blur,5,common,pooled,0.9998999565972222,0.9998932904679162,0.000625
held_out,arniqa_proto,motion_blur,1,common,pooled,0.9892894097222222,0.986893505327243,0.049791666666666665
held_out,arniqa_proto,motion_blur,2,common,pooled,0.99756328125,0.9970298843929142,0.010208333333333333
held_out,arniqa_proto,motion_blur,3,common,pooled,0.9989020399305556,0.9986363754113157,0.004166666666666667
held_out,arniqa_proto,motion_blur,4,common,pooled,0.9991461371527778,0.9989322981589863,0.0033333333333333335
held_out,arniqa_proto,motion_blur,5,common,pooled,0.9991070095486111,0.9988761885085771,0.0033333333333333335
held_out,arniqa_proto,zoom_blur,1,common,pooled,0.9784175130208334,0.9666569003640604,0.08270833333333333
held_out,arniqa_proto,zoom_blur,2,common,pooled,0.9854180989583333,0.9768233368970723,0.05479166666666667
held_out,arniqa_proto,zoom_blur,3,common,pooled,0.9647759765625,0.9439207359846119,0.119375
held_out,arniqa_proto,zoom_blur,4,common,pooled,0.9714337239583334,0.9540413289658429,0.10416666666666667
held_out,arniqa_proto,zoom_blur,5,common,pooled,0.9569700954861111,0.9317775880213189,0.13375
held_out,arniqa_proto,snow,1,common,pooled,0.9102875868055555,0.8530077178440194,0.23125
held_out,arniqa_proto,snow,2,common,pooled,0.9749838758680556,0.9495443009267939,0.07291666666666667
held_out,arniqa_proto,snow,3,common,pooled,0.9798481770833334,0.9602061696777873,0.0575
held_out,arniqa_proto,snow,4,common,pooled,0.9896816840277778,0.9776025993138997,0.0225
held_out,arniqa_proto,snow,5,common,pooled,0.9903032986111111,0.9785543147726015,0.02
held_out,arniqa_proto,frost,1,common,pooled,0.8809930555555555,0.8212922587679554,0.33479166666666665
held_out,arniqa_proto,frost,2,common,pooled,0.9148736762152778,0.8703291608698762,0.245625
held_out,arniqa_proto,frost,3,common,pooled,0.9279639322916666,0.8926972613604821,0.225625
held_out,arniqa_proto,frost,4,common,pooled,0.9227840494791667,0.883391118994756,0.22729166666666667
held_out,arniqa_proto,frost,5,common,pooled,0.9289850694444445,0.8944532864863567,0.220625
held_out,arniqa_proto,fog,1,common,pooled,0.9825638888888889,0.9706600875787461,0.060208333333333336
held_out,arniqa_proto,fog,2,common,pooled,0.9891577256944445,0.9821681730931846,0.034375
held_out,arniqa_proto,fog,3,common,pooled,0.9899656684027778,0.9843277062189468,0.03145833333333333
held_out,arniqa_proto,fog,4,common,pooled,0.9870654947916667,0.979010315930311,0.0475
held_out,arniqa_proto,fog,5,common,pooled,0.9869262586805555,0.9781196293416474,0.045
held_out,arniqa_proto,brightness,1,common,pooled,0.6010286241319445,0.570724745001725,0.8989583333333333
held_out,arniqa_proto,brightness,2,common,pooled,0.7341897135416666,0.6766612735712125,0.6929166666666666
held_out,arniqa_proto,brightness,3,common,pooled,0.8346344835069445,0.7783040181005576,0.46458333333333335
held_out,arniqa_proto,brightness,4,common,pooled,0.9038686414930556,0.8635681193286008,0.27708333333333335
held_out,arniqa_proto,brightness,5,common,pooled,0.9450342664930556,0.920544472087271,0.17291666666666666
held_out,arniqa_proto,contrast,1,common,pooled,0.9748481336805556,0.9643787307304234,0.10895833333333334
held_out,arniqa_proto,contrast,2,common,pooled,0.9885597222222222,0.9851906764669474,0.0525
held_out,arniqa_proto,contrast,3,common,pooled,0.9954522135416667,0.9946146684721596,0.016666666666666666
held_out,arniqa_proto,contrast,4,common,pooled,0.99847109375,0.9982854813854393,0.007083333333333333
held_out,arniqa_proto,contrast,5,common,pooled,0.9991737847222222,0.999090307968443,0.00375
held_out,arniqa_proto,elastic_transform,1,common,pooled,0.5711916015625,0.5343356347052467,0.8610416666666667
held_out,arniqa_proto,elastic_transform,2,common,pooled,0.5627878689236111,0.5254688311746003,0.8633333333333333
held_out,arniqa_proto,elastic_transform,3,common,pooled,0.5598976128472222,0.5197071345549011,0.8654166666666666
held_out,arniqa_proto,elastic_transform,4,common,pooled,0.5627698350694444,0.5192655732811384,0.8554166666666667
held_out,arniqa_proto,elastic_transform,5,common,pooled,0.5720325737847223,0.5229972386127182,0.84625
held_out,arniqa_proto,pixelate,1,common,pooled,0.9899469618055555,0.9747516697573159,0.016041666666666666
held_out,arniqa_proto,pixelate,2,common,pooled,0.9935858940972222,0.9834213558930561,0.010208333333333333
held_out,arniqa_proto,pixelate,3,common,pooled,0.9987184027777778,0.997411231341824,0.0033333333333333335
held_out,arniqa_proto,pixelate,4,common,pooled,0.9999538628472222,0.9999521625812093,0.00020833333333333335
held_out,arniqa_proto,pixelate,5,common,pooled,0.9999997395833333,0.9999997398091542,0.0
held_out,arniqa_proto,jpeg_compression,1,common,pooled,0.9913121961805555,0.9876142962289821,0.030833333333333334
held_out,arniqa_proto,jpeg_compression,2,common,pooled,0.9946965277777777,0.9928933527449991,0.017708333333333333
held_out,arniqa_proto,jpeg_compression,3,common,pooled,0.9961595486111111,0.9950148004228789,0.013958333333333333
held_out,arniqa_proto,jpeg_compression,4,common,pooled,0.9984661892361111,0.9981757935019755,0.007083333333333333
held_out,arniqa_proto,jpeg_compression,5,common,pooled,0.999471484375,0.9994143257164949,0.001875
held_out,arniqa_proto,speckle_noise,1,extra,pooled,0.9967774305555556,0.9957126189191032,0.013125
held_out,arniqa_proto,speckle_noise,2,extra,pooled,0.9990366319444445,0.9988620609162552,0.004166666666666667
held_out,arniqa_proto,speckle_noise,3,extra,pooled,0.9999150173611111,0.9999126634219163,0.000625
held_out,arniqa_proto,speckle_noise,4,extra,pooled,0.9999683159722222,0.9999679445343109,0.00020833333333333335
held_out,arniqa_proto,speckle_noise,5,extra,pooled,0.9999868923611112,0.9999868218654121,0.0
held_out,arniqa_proto,gaussian_blur,1,extra,pooled,0.9985315104166667,0.9975163440330446,0.004583333333333333
held_out,arniqa_proto,gaussian_blur,2,extra,pooled,0.9999766927083333,0.9999764913777669,0.0
held_out,arniqa_proto,gaussian_blur,3,extra,pooled,0.9999846788194444,0.9999846120902744,0.0
held_out,arniqa_proto,gaussian_blur,4,extra,pooled,0.9999778645833334,0.9999776924317523,0.0
held_out,arniqa_proto,gaussian_blur,5,extra,pooled,0.9999185763888889,0.9999164997918907,0.000625
held_out,arniqa_proto,spatter,1,extra,pooled,0.5060205295138889,0.5000610462904237,0.9454166666666667
held_out,arniqa_proto,spatter,2,extra,pooled,0.6206878255208333,0.563632308164584,0.820625
held_out,arniqa_proto,spatter,3,extra,pooled,0.7122611111111111,0.6259122237132644,0.6485416666666667
held_out,arniqa_proto,spatter,4,extra,pooled,0.6199827690972223,0.5242144653148322,0.6635416666666667
held_out,arniqa_proto,spatter,5,extra,pooled,0.6614993489583333,0.5507897714693784,0.5933333333333334
held_out,arniqa_proto,saturate,1,extra,pooled,0.8820855034722223,0.8007312233736928,0.26208333333333333
held_out,arniqa_proto,saturate,2,extra,pooled,0.9414259114583333,0.8792068210670761,0.111875
held_out,arniqa_proto,saturate,3,extra,pooled,0.7272386067708333,0.6667654247431266,0.71125
held_out,arniqa_proto,saturate,4,extra,pooled,0.9579834201388889,0.9386001247560037,0.13270833333333334
held_out,arniqa_proto,saturate,5,extra,pooled,0.9822543402777778,0.9782043468234671,0.09291666666666666
held_out,clipiqa,gaussian_noise,1,common,pooled,0.8009169270833333,0.7522294609909912,0.568125
held_out,clipiqa,gaussian_noise,2,common,pooled,0.8127919921875,0.7480389935058935,0.5097916666666666
held_out,clipiqa,gaussian_noise,3,common,pooled,0.8009621961805555,0.7106661040556544,0.486875
held_out,clipiqa,gaussian_noise,4,common,pooled,0.7352645833333333,0.6201050441610951,0.5241666666666667
held_out,clipiqa,gaussian_noise,5,common,pooled,0.6487826388888889,0.5341230853198641,0.568125
held_out,clipiqa,shot_noise,1,common,pooled,0.7804229166666666,0.7225126362853156,0.5845833333333333
held_out,clipiqa,shot_noise,2,common,pooled,0.7772269965277778,0.698884389025958,0.554375
held_out,clipiqa,shot_noise,3,common,pooled,0.7297568142361112,0.6346310031819283,0.5922916666666667
held_out,clipiqa,shot_noise,4,common,pooled,0.6739563802083334,0.5713358599767204,0.619375
held_out,clipiqa,shot_noise,5,common,pooled,0.68021640625,0.5668760941230421,0.5747916666666667
held_out,clipiqa,impulse_noise,1,common,pooled,0.6239231553819444,0.542888632286006,0.7622916666666667
held_out,clipiqa,impulse_noise,2,common,pooled,0.6743195963541667,0.5752938540379668,0.6672916666666666
held_out,clipiqa,impulse_noise,3,common,pooled,0.6970864583333334,0.5895563916383421,0.62125
held_out,clipiqa,impulse_noise,4,common,pooled,0.7098692057291667,0.5872839051516296,0.536875
held_out,clipiqa,impulse_noise,5,common,pooled,0.6836702690972222,0.5584503433581645,0.515625
held_out,clipiqa,defocus_blur,1,common,pooled,0.9017130208333334,0.8612864850457942,0.30145833333333333
held_out,clipiqa,defocus_blur,2,common,pooled,0.9119686631944445,0.8613758017617322,0.25625
held_out,clipiqa,defocus_blur,3,common,pooled,0.9501171006944444,0.9151307653489386,0.145625
held_out,clipiqa,defocus_blur,4,common,pooled,0.9689212890625,0.9464643105189876,0.09020833333333333
held_out,clipiqa,defocus_blur,5,common,pooled,0.9791149305555555,0.9641878953737437,0.058958333333333335
held_out,clipiqa,glass_blur,1,common,pooled,0.9403734592013889,0.9243885990849925,0.22833333333333333
held_out,clipiqa,glass_blur,2,common,pooled,0.9434966362847222,0.9222079172604165,0.19520833333333334
held_out,clipiqa,glass_blur,3,common,pooled,0.9099707899305556,0.8486177170393671,0.23583333333333334
held_out,clipiqa,glass_blur,4,common,pooled,0.9143817057291667,0.8493502203327215,0.21833333333333332
held_out,clipiqa,glass_blur,5,common,pooled,0.9127038845486111,0.8393208209875207,0.21104166666666666
held_out,clipiqa,motion_blur,1,common,pooled,0.9287846571180556,0.9139911819334594,0.2658333333333333
held_out,clipiqa,motion_blur,2,common,pooled,0.9685962022569444,0.9611656008801179,0.12458333333333334
held_out,clipiqa,motion_blur,3,common,pooled,0.9848571397569444,0.9806296568307644,0.05979166666666667
held_out,clipiqa,motion_blur,4,common,pooled,0.9910049045138889,0.9879217832507865,0.034166666666666665
held_out,clipiqa,motion_blur,5,common,pooled,0.9925425130208333,0.989583496439339,0.02875
held_out,clipiqa,zoom_blur,1,common,pooled,0.9573448567708334,0.941569104156793,0.14416666666666667
held_out,clipiqa,zoom_blur,2,common,pooled,0.9690552517361111,0.9564591693063323,0.10604166666666667
held_out,clipiqa,zoom_blur,3,common,pooled,0.9389289496527777,0.9126041482601137,0.19770833333333335
held_out,clipiqa,zoom_blur,4,common,pooled,0.9493363715277777,0.9261467079280084,0.16395833333333334
held_out,clipiqa,zoom_blur,5,common,pooled,0.9199058376736111,0.8834715650978313,0.24104166666666665
held_out,clipiqa,snow,1,common,pooled,0.6939572265625,0.6444905694519459,0.755625
held_out,clipiqa,snow,2,common,pooled,0.8687971571180556,0.8242456704594897,0.39458333333333334
held_out,clipiqa,snow,3,common,pooled,0.8599368706597222,0.826281325714171,0.455625
held_out,clipiqa,snow,4,common,pooled,0.9265247178819445,0.9092532809207519,0.2679166666666667
held_out,clipiqa,snow,5,common,pooled,0.9228794921875,0.9000683732324594,0.2725
held_out,clipiqa,frost,1,common,pooled,0.7447467013888889,0.7054898411773102,0.69625
held_out,clipiqa,frost,2,common,pooled,0.777013671875,0.7339005623694645,0.623125
held_out,clipiqa,frost,3,common,pooled,0.8006084418402778,0.758629169094802,0.5827083333333334
held_out,clipiqa,frost,4,common,pooled,0.7855920572916667,0.738867752901307,0.59375
held_out,clipiqa,frost,5,common,pooled,0.7981608506944444,0.7507593367691071,0.5747916666666667
held_out,clipiqa,fog,1,common,pooled,0.6211146267361111,0.5902750964211345,0.8383333333333334
held_out,clipiqa,fog,2,common,pooled,0.6560386935763889,0.6199862578217967,0.7927083333333333
held_out,clipiqa,fog,3,common,pooled,0.6792685329861111,0.6391577788737236,0.75875
held_out,clipiqa,fog,4,common,pooled,0.6616907335069444,0.6175914072554155,0.7785416666666667
held_out,clipiqa,fog,5,common,pooled,0.6577384982638889,0.6046436045394341,0.7785416666666667
held_out,clipiqa,brightness,1,common,pooled,0.6023677083333333,0.5792168913510971,0.8820833333333333
held_out,clipiqa,brightness,2,common,pooled,0.674188671875,0.6434208099562374,0.811875
held_out,clipiqa,brightness,3,common,pooled,0.7152891927083334,0.6808043867191196,0.744375
held_out,clipiqa,brightness,4,common,pooled,0.7471435763888888,0.7116205254662419,0.69125
held_out,clipiqa,brightness,5,common,pooled,0.7728724609375,0.7385225433609435,0.6377083333333333
held_out,clipiqa,contrast,1,common,pooled,0.6167922960069444,0.5841356864575712,0.8383333333333334
held_out,clipiqa,contrast,2,common,pooled,0.6729490668402778,0.6303611037931043,0.755625
held_out,clipiqa,contrast,3,common,pooled,0.75741015625,0.706325819050287,0.6254166666666666
held_out,clipiqa,contrast,4,common,pooled,0.8829656684027778,0.8441427044394456,0.346875
held_out,clipiqa,contrast,5,common,pooled,0.9559447482638889,0.9375665260522168,0.15645833333333334
held_out,clipiqa,elastic_transform,1,common,pooled,0.5771803168402778,0.5522321009308958,0.9039583333333333
held_out,clipiqa,elastic_transform,2,common,pooled,0.5458533203125,0.523664820700533,0.9154166666666667
held_out,clipiqa,elastic_transform,3,common,pooled,0.5067516710069444,0.4863282672987015,0.9241666666666667
held_out,clipiqa,elastic_transform,4,common,pooled,0.49076796875,0.47040940803208586,0.9297916666666667
held_out,clipiqa,elastic_transform,5,common,pooled,0.48948515625,0.46192858990757,0.9125
held_out,clipiqa,pixelate,1,common,pooled,0.8429705078125,0.7941169698680166,0.46416666666666667
held_out,clipiqa,pixelate,2,common,pooled,0.9139087456597222,0.886282560809134,0.27520833333333333
held_out,clipiqa,pixelate,3,common,pooled,0.9484216362847222,0.9242330842342212,0.1675
held_out,clipiqa,pixelate,4,common,pooled,0.9768246310763888,0.9664320322268962,0.07645833333333334
held_out,clipiqa,pixelate,5,common,pooled,0.9877063585069444,0.9825149759355963,0.042083333333333334
held_out,clipiqa,jpeg_compression,1,common,pooled,0.6959048177083333,0.6344804391148767,0.7175
held_out,clipiqa,jpeg_compression,2,common,pooled,0.7845426649305556,0.7226425094173998,0.5747916666666667
held_out,clipiqa,jpeg_compression,3,common,pooled,0.8396579210069445,0.7867467765138045,0.46416666666666667
held_out,clipiqa,jpeg_compression,4,common,pooled,0.922312890625,0.8904091003870422,0.249375
held_out,clipiqa,jpeg_compression,5,common,pooled,0.9610309461805555,0.9402491826661823,0.12458333333333334
held_out,clipiqa,speckle_noise,1,extra,pooled,0.7399598090277778,0.68142516665324,0.6483333333333333
held_out,clipiqa,speckle_noise,2,extra,pooled,0.7455345052083333,0.6759742275105689,0.619375
held_out,clipiqa,speckle_noise,3,extra,pooled,0.6689081814236111,0.5816092576528809,0.6733333333333333
held_out,clipiqa,speckle_noise,4,extra,pooled,0.6186022352430556,0.5353564139288409,0.7189583333333334
held_out,clipiqa,speckle_noise,5,extra,pooled,0.5904577907986112,0.5108572596974321,0.731875
held_out,clipiqa,gaussian_blur,1,extra,pooled,0.8104729383680556,0.7468328750676057,0.5141666666666667
held_out,clipiqa,gaussian_blur,2,extra,pooled,0.8786958767361112,0.8182133052128121,0.33916666666666667
held_out,clipiqa,gaussian_blur,3,extra,pooled,0.9300118706597222,0.8816480514445572,0.19770833333333335
held_out,clipiqa,gaussian_blur,4,extra,pooled,0.9621082899305555,0.9305735794455757,0.09895833333333333
held_out,clipiqa,gaussian_blur,5,extra,pooled,0.9856133680555555,0.9719224953931739,0.035833333333333335
held_out,clipiqa,spatter,1,extra,pooled,0.5085746744791667,0.506167734323029,0.949375
held_out,clipiqa,spatter,2,extra,pooled,0.49612233072916667,0.4780681905638451,0.9395833333333333
held_out,clipiqa,spatter,3,extra,pooled,0.5258156684027778,0.4916860840556494,0.9083333333333333
held_out,clipiqa,spatter,4,extra,pooled,0.5317977430555556,0.5026780483177402,0.9154166666666667
held_out,clipiqa,spatter,5,extra,pooled,0.6287147135416666,0.5635314649677947,0.8054166666666667
held_out,clipiqa,saturate,1,extra,pooled,0.4594884982638889,0.46810666285343516,0.953125
held_out,clipiqa,saturate,2,extra,pooled,0.3861200954861111,0.42129221253620813,0.9741666666666666
held_out,clipiqa,saturate,3,extra,pooled,0.5910315755208333,0.5740860493265885,0.8985416666666667
held_out,clipiqa,saturate,4,extra,pooled,0.6519053168402777,0.6241433343016818,0.82875
held_out,clipiqa,saturate,5,extra,pooled,0.701948046875,0.6508726153426532,0.755625
screen,two_axis,gaussian_noise,1,common,pooled,0.928675,0.8968575627169068,0.235
screen,two_axis,gaussian_noise,2,common,pooled,0.991375,0.9904898023742752,0.05
screen,two_axis,gaussian_noise,3,common,pooled,0.999875,0.9998743655140563,0.0
screen,two_axis,gaussian_noise,4,common,pooled,1.0,1.0,0.0
screen,two_axis,gaussian_noise,5,common,pooled,1.0,1.0,0.0
screen,two_axis,shot_noise,1,common,pooled,0.906525,0.8831292900938637,0.315
screen,two_axis,shot_noise,2,common,pooled,0.98595,0.9851093728771783,0.06
screen,two_axis,shot_noise,3,common,pooled,0.999075,0.999113712607161,0.0
screen,two_axis,shot_noise,4,common,pooled,1.0,1.0,0.0
screen,two_axis,shot_noise,5,common,pooled,1.0,1.0,0.0
screen,two_axis,impulse_noise,1,common,pooled,0.99325,0.9935445961550344,0.04
screen,two_axis,impulse_noise,2,common,pooled,0.9987,0.9986988331598592,0.005
screen,two_axis,impulse_noise,3,common,pooled,0.999875,0.9998751168961117,0.0
screen,two_axis,impulse_noise,4,common,pooled,1.0,1.0,0.0
screen,two_axis,impulse_noise,5,common,pooled,1.0,1.0,0.0
screen,two_axis,defocus_blur,1,common,pooled,0.955725,0.9454520747334114,0.155
screen,two_axis,defocus_blur,2,common,pooled,0.9762,0.9722928919939073,0.105
screen,two_axis,defocus_blur,3,common,pooled,0.9885,0.987314843680354,0.06
screen,two_axis,defocus_blur,4,common,pooled,0.992025,0.9912916554210789,0.045
screen,two_axis,defocus_blur,5,common,pooled,0.9955,0.9951527739411086,0.03
screen,two_axis,glass_blur,1,common,pooled,0.917925,0.8963019053096469,0.285
screen,two_axis,glass_blur,2,common,pooled,0.960025,0.9515028224146747,0.135
screen,two_axis,glass_blur,3,common,pooled,0.9652,0.9555928441179856,0.105
screen,two_axis,glass_blur,4,common,pooled,0.96865,0.9587360254057704,0.105
screen,two_axis,glass_blur,5,common,pooled,0.9833,0.9801501335731885,0.06
screen,two_axis,motion_blur,1,common,pooled,0.874,0.8381888063118076,0.4
screen,two_axis,motion_blur,2,common,pooled,0.923225,0.9027331889925376,0.24
screen,two_axis,motion_blur,3,common,pooled,0.950725,0.9384920490252412,0.145
screen,two_axis,motion_blur,4,common,pooled,0.96935,0.9634307299611218,0.095
screen,two_axis,motion_blur,5,common,pooled,0.974725,0.9700266432908063,0.095
screen,two_axis,zoom_blur,1,common,pooled,0.9042,0.8639841806272649,0.285
screen,two_axis,zoom_blur,2,common,pooled,0.926225,0.8947566386624383,0.235
screen,two_axis,zoom_blur,3,common,pooled,0.930075,0.9075525175388676,0.22
screen,two_axis,zoom_blur,4,common,pooled,0.94315,0.9241730679707909,0.18
screen,two_axis,zoom_blur,5,common,pooled,0.95175,0.9375237334110671,0.145
screen,two_axis,snow,1,common,pooled,0.94385,0.9397986743425357,0.23
screen,two_axis,snow,2,common,pooled,0.978025,0.9766340055028655,0.1
screen,two_axis,snow,3,common,pooled,0.982075,0.9810500730930898,0.095
screen,two_axis,snow,4,common,pooled,0.988575,0.988052994607346,0.06
screen,two_axis,snow,5,common,pooled,0.981525,0.9804635265572165,0.1
screen,two_axis,frost,1,common,pooled,0.7399,0.6807472028577509,0.645
screen,two_axis,frost,2,common,pooled,0.86645,0.8145315183408044,0.395
screen,two_axis,frost,3,common,pooled,0.88945,0.8340451658599167,0.31
screen,two_axis,frost,4,common,pooled,0.911425,0.874317994474126,0.275
screen,two_axis,frost,5,common,pooled,0.9227,0.8856016411578315,0.22
screen,two_axis,fog,1,common,pooled,0.9486,0.948954634345667,0.25
screen,two_axis,fog,2,common,pooled,0.971175,0.9715003352904894,0.135
screen,two_axis,fog,3,common,pooled,0.98135,0.9820669990664456,0.1
screen,two_axis,fog,4,common,pooled,0.9813,0.9815593803252188,0.1
screen,two_axis,fog,5,common,pooled,0.989,0.9892975067928088,0.06
screen,two_axis,brightness,1,common,pooled,0.540225,0.5298981877553843,0.945
screen,two_axis,brightness,2,common,pooled,0.568375,0.5512285629373072,0.94
screen,two_axis,brightness,3,common,pooled,0.604775,0.5782015157100286,0.87
screen,two_axis,brightness,4,common,pooled,0.6563,0.615343990740232,0.765
screen,two_axis,brightness,5,common,pooled,0.716575,0.6647273751454941,0.69
screen,two_axis,contrast,1,common,pooled,0.940675,0.9363519753565075,0.295
screen,two_axis,contrast,2,common,pooled,0.973725,0.9729502438816497,0.13
screen,two_axis,contrast,3,common,pooled,0.9909,0.9912676791471766,0.06
screen,two_axis,contrast,4,common,pooled,0.99865,0.9986720987794526,0.005
screen,two_axis,contrast,5,common,pooled,0.999825,0.9998309178743962,0.0
screen,two_axis,elastic_transform,1,common,pooled,0.6882,0.648622874730236,0.79
screen,two_axis,elastic_transform,2,common,pooled,0.723125,0.6815571533299594,0.775
screen,two_axis,elastic_transform,3,common,pooled,0.767075,0.7263495924359153,0.64
screen,two_axis,elastic_transform,4,common,pooled,0.7923,0.758625761801603,0.585
screen,two_axis,elastic_transform,5,common,pooled,0.83305,0.8039920965193088,0.535
screen,two_axis,pixelate,1,common,pooled,0.850775,0.8202104660115458,0.585
screen,two_axis,pixelate,2,common,pooled,0.8806,0.8588786508994393,0.465
screen,two_axis,pixelate,3,common,pooled,0.959125,0.954670088772855,0.145
screen,two_axis,pixelate,4,common,pooled,0.983875,0.9828667855905128,0.065
screen,two_axis,pixelate,5,common,pooled,0.99265,0.9924170202141628,0.045
screen,two_axis,jpeg_compression,1,common,pooled,0.904675,0.8815709743236232,0.315
screen,two_axis,jpeg_compression,2,common,pooled,0.93695,0.9205177035058997,0.21
screen,two_axis,jpeg_compression,3,common,pooled,0.9476,0.9345706472101243,0.155
screen,two_axis,jpeg_compression,4,common,pooled,0.965725,0.9582033423283294,0.135
screen,two_axis,jpeg_compression,5,common,pooled,0.97455,0.9712934474234409,0.095
screen,two_axis,speckle_noise,1,extra,pooled,0.7886,0.7694994487401109,0.645
screen,two_axis,speckle_noise,2,extra,pooled,0.882125,0.8761147663835631,0.445
screen,two_axis,speckle_noise,3,extra,pooled,0.980275,0.9821206729804003,0.105
screen,two_axis,speckle_noise,4,extra,pooled,0.993025,0.9936389305010022,0.055
screen,two_axis,speckle_noise,5,extra,pooled,0.997975,0.9980639040253941,0.005
screen,two_axis,gaussian_blur,1,extra,pooled,0.8623,0.822692834982307,0.405
screen,two_axis,gaussian_blur,2,extra,pooled,0.97365,0.9687364508295152,0.105
screen,two_axis,gaussian_blur,3,extra,pooled,0.987575,0.9861803333921819,0.06
screen,two_axis,gaussian_blur,4,extra,pooled,0.9912,0.9902015573674892,0.05
screen,two_axis,gaussian_blur,5,extra,pooled,0.9955,0.99508093902951,0.03
screen,two_axis,spatter,1,extra,pooled,0.57735,0.544810101459798,0.93
screen,two_axis,spatter,2,extra,pooled,0.892825,0.8603479040014897,0.355
screen,two_axis,spatter,3,extra,pooled,0.954925,0.951251253481018,0.15
screen,two_axis,spatter,4,extra,pooled,0.995125,0.9951100398555972,0.035
screen,two_axis,spatter,5,extra,pooled,0.999675,0.9996784742482637,0.0
screen,two_axis,saturate,1,extra,pooled,0.6084875,0.5728462518938748,0.87
screen,two_axis,saturate,2,extra,pooled,0.6669875,0.6149756138111806,0.72
screen,two_axis,saturate,3,extra,pooled,0.5281625,0.5245424258159814,0.93
screen,two_axis,saturate,4,extra,pooled,0.733525,0.7002342477459602,0.72
screen,two_axis,saturate,5,extra,pooled,0.82505,0.8139118285594087,0.55
screen,peak_share,gaussian_noise,1,common,pooled,0.949075,0.9313166509769298,0.17
screen,peak_share,gaussian_noise,2,common,pooled,0.99,0.9863149991534803,0.03
screen,peak_share,gaussian_noise,3,common,pooled,0.998875,0.9987435543230956,0.005
screen,peak_share,gaussian_noise,4,common,pooled,1.0,1.0,0.0
screen,peak_share,gaussian_noise,5,common,pooled,1.0,1.0,0.0
screen,peak_share,shot_noise,1,common,pooled,0.92325,0.9068810432128759,0.235
screen,peak_share,shot_noise,2,common,pooled,0.981625,0.9778237375620166,0.055
screen,peak_share,shot_noise,3,common,pooled,0.99615,0.9956680352352325,0.01
screen,peak_share,shot_noise,4,common,pooled,0.99985,0.9998512315024625,0.0
screen,peak_share,shot_noise,5,common,pooled,0.99995,0.9999501243781094,0.0
screen,peak_share,impulse_noise,1,common,pooled,0.984175,0.9816004626148037,0.065
screen,peak_share,impulse_noise,2,common,pooled,0.99525,0.9943537715544079,0.02
screen,peak_share,impulse_noise,3,common,pooled,0.998325,0.9980765761287107,0.005
screen,peak_share,impulse_noise,4,common,pooled,1.0,1.0,0.0
screen,peak_share,impulse_noise,5,common,pooled,1.0,1.0,0.0
screen,peak_share,defocus_blur,1,common,pooled,0.9309,0.9052206109342805,0.21
screen,peak_share,defocus_blur,2,common,pooled,0.97585,0.9650131878575661,0.09
screen,peak_share,defocus_blur,3,common,pooled,0.99355,0.9907964629185729,0.02
screen,peak_share,defocus_blur,4,common,pooled,0.997875,0.9973793551210701,0.005
screen,peak_share,defocus_blur,5,common,pooled,0.999175,0.999110690518822,0.005
screen,peak_share,glass_blur,1,common,pooled,0.840775,0.7892545462868962,0.42
screen,peak_share,glass_blur,2,common,pooled,0.928675,0.8991922364906615,0.23
screen,peak_share,glass_blur,3,common,pooled,0.966375,0.9461513045843731,0.11
screen,peak_share,glass_blur,4,common,pooled,0.980075,0.968263648248714,0.065
screen,peak_share,glass_blur,5,common,pooled,0.994225,0.9913359407854072,0.02
screen,peak_share,motion_blur,1,common,pooled,0.8216,0.7867352976084165,0.52
screen,peak_share,motion_blur,2,common,pooled,0.90745,0.8873209006001989,0.28
screen,peak_share,motion_blur,3,common,pooled,0.963825,0.9541897120223218,0.125
screen,peak_share,motion_blur,4,common,pooled,0.98455,0.9814019575972139,0.055
screen,peak_share,motion_blur,5,common,pooled,0.9917,0.9897178371776377,0.03
screen,peak_share,zoom_blur,1,common,pooled,0.883125,0.8438702445014769,0.28
screen,peak_share,zoom_blur,2,common,pooled,0.922175,0.8949441581301162,0.21
screen,peak_share,zoom_blur,3,common,pooled,0.8943,0.8618956663366574,0.265
screen,peak_share,zoom_blur,4,common,pooled,0.920375,0.8955826849898053,0.23
screen,peak_share,zoom_blur,5,common,pooled,0.904925,0.8793407349397839,0.265
screen,peak_share,snow,1,common,pooled,0.933725,0.9213182608548195,0.235
screen,peak_share,snow,2,common,pooled,0.97905,0.9755458819554504,0.1
screen,peak_share,snow,3,common,pooled,0.979075,0.9744131260826325,0.09
screen,peak_share,snow,4,common,pooled,0.989075,0.9861978966982434,0.03
screen,peak_share,snow,5,common,pooled,0.98575,0.9829274068559185,0.06
screen,peak_share,frost,1,common,pooled,0.6528,0.6098627341985604,0.76
screen,peak_share,frost,2,common,pooled,0.784425,0.7220101926207068,0.5
screen,peak_share,frost,3,common,pooled,0.83535,0.7652187825299941,0.38
screen,peak_share,frost,4,common,pooled,0.8576,0.7956264887324506,0.335
screen,peak_share,frost,5,common,pooled,0.8807,0.8213247840309491,0.27
screen,peak_share,fog,1,common,pooled,0.800275,0.7464590628656347,0.505
screen,peak_share,fog,2,common,pooled,0.861325,0.8163547461718603,0.33
screen,peak_share,fog,3,common,pooled,0.89715,0.8608367462777513,0.25
screen,peak_share,fog,4,common,pooled,0.893925,0.8560153586488929,0.245
screen,peak_share,fog,5,common,pooled,0.924325,0.8971138109023147,0.21
screen,peak_share,brightness,1,common,pooled,0.5336,0.5306177667553569,0.94
screen,peak_share,brightness,2,common,pooled,0.589325,0.5727914326570076,0.89
screen,peak_share,brightness,3,common,pooled,0.655775,0.621352851975628,0.755
screen,peak_share,brightness,4,common,pooled,0.728925,0.6810624148821784,0.615
screen,peak_share,brightness,5,common,pooled,0.793425,0.7422262505844845,0.505
screen,peak_share,contrast,1,common,pooled,0.823025,0.778061853064983,0.45
screen,peak_share,contrast,2,common,pooled,0.90995,0.880776803330139,0.245
screen,peak_share,contrast,3,common,pooled,0.9732,0.9634501498551773,0.095
screen,peak_share,contrast,4,common,pooled,0.997425,0.9969233759933648,0.01
screen,peak_share,contrast,5,common,pooled,0.999975,0.9999751243781094,0.0
screen,peak_share,elastic_transform,1,common,pooled,0.5792,0.551455185630998,0.885
screen,peak_share,elastic_transform,2,common,pooled,0.625775,0.581867360886338,0.795
screen,peak_share,elastic_transform,3,common,pooled,0.685975,0.6280007261969546,0.675
screen,peak_share,elastic_transform,4,common,pooled,0.73055,0.6653731122857687,0.585
screen,peak_share,elastic_transform,5,common,pooled,0.78495,0.7162961202492536,0.495
screen,peak_share,pixelate,1,common,pooled,0.7183,0.6603994006725503,0.675
screen,peak_share,pixelate,2,common,pooled,0.78485,0.7303276442871425,0.56
screen,peak_share,pixelate,3,common,pooled,0.9211,0.8995289188983224,0.245
screen,peak_share,pixelate,4,common,pooled,0.976225,0.9702082795801972,0.1
screen,peak_share,pixelate,5,common,pooled,0.991275,0.9893736887409014,0.03
screen,peak_share,jpeg_compression,1,common,pooled,0.832075,0.7653763507120847,0.39
screen,peak_share,jpeg_compression,2,common,pooled,0.899,0.8542033665995095,0.25
screen,peak_share,jpeg_compression,3,common,pooled,0.927025,0.8968649042675105,0.21
screen,peak_share,jpeg_compression,4,common,pooled,0.96735,0.9525617046741115,0.12
screen,peak_share,jpeg_compression,5,common,pooled,0.9825,0.9756021894871472,0.09
screen,peak_share,speckle_noise,1,extra,pooled,0.824975,0.8118241628340445,0.55
screen,peak_share,speckle_noise,2,extra,pooled,0.890775,0.8829501573033884,0.385
screen,peak_share,speckle_noise,3,extra,pooled,0.971825,0.9707357218859863,0.12
screen,peak_share,speckle_noise,4,extra,pooled,0.986225,0.9860156996078451,0.075
screen,peak_share,speckle_noise,5,extra,pooled,0.99505,0.9950958707655972,0.03
screen,peak_share,gaussian_blur,1,extra,pooled,0.776675,0.7271930864467444,0.59
screen,peak_share,gaussian_blur,2,extra,pooled,0.970825,0.9576152380765364,0.11
screen,peak_share,gaussian_blur,3,extra,pooled,0.99405,0.9916783941463371,0.02
screen,peak_share,gaussian_blur,4,extra,pooled,0.99835,0.9980280528877553,0.005
screen,peak_share,gaussian_blur,5,extra,pooled,1.0,1.0,0.0
screen,peak_share,spatter,1,extra,pooled,0.516575,0.5074332368434983,0.925
screen,peak_share,spatter,2,extra,pooled,0.8232,0.7745633658349894,0.485
screen,peak_share,spatter,3,extra,pooled,0.9267,0.9098339147320288,0.235
screen,peak_share,spatter,4,extra,pooled,0.9796,0.9763133422762827,0.1
screen,peak_share,spatter,5,extra,pooled,0.99355,0.9925306817358286,0.03
screen,peak_share,saturate,1,extra,pooled,0.5728625,0.5452258342695631,0.875
screen,peak_share,saturate,2,extra,pooled,0.6883875,0.6297927954297629,0.68
screen,peak_share,saturate,3,extra,pooled,0.6061875,0.5746031577701187,0.865
screen,peak_share,saturate,4,extra,pooled,0.791775,0.7375253814899605,0.585
screen,peak_share,saturate,5,extra,pooled,0.864,0.8291197162862741,0.38
screen,level,gaussian_noise,1,common,pooled,0.9642,0.942746069473828,0.12
screen,level,gaussian_noise,2,common,pooled,0.99495,0.9940974460331431,0.03
screen,level,gaussian_noise,3,common,pooled,0.999875,0.9998743655140563,0.0
screen,level,gaussian_noise,4,common,pooled,1.0,1.0,0.0
screen,level,gaussian_noise,5,common,pooled,1.0,1.0,0.0
screen,level,shot_noise,1,common,pooled,0.953025,0.9344113396548189,0.14
screen,level,shot_noise,2,common,pooled,0.992525,0.9916087894694634,0.03
screen,level,shot_noise,3,common,pooled,0.99945,0.999457886447015,0.0
screen,level,shot_noise,4,common,pooled,1.0,1.0,0.0
screen,level,shot_noise,5,common,pooled,1.0,1.0,0.0
screen,level,impulse_noise,1,common,pooled,0.996525,0.9965012403010924,0.02
screen,level,impulse_noise,2,common,pooled,0.999125,0.9991023688804263,0.005
screen,level,impulse_noise,3,common,pooled,0.9999,0.9998997462247162,0.0
screen,level,impulse_noise,4,common,pooled,1.0,1.0,0.0
screen,level,impulse_noise,5,common,pooled,1.0,1.0,0.0
screen,level,defocus_blur,1,common,pooled,0.872325,0.8193866878077973,0.37
screen,level,defocus_blur,2,common,pooled,0.9109,0.8693703414924706,0.24
screen,level,defocus_blur,3,common,pooled,0.924825,0.8819170053345698,0.17
screen,level,defocus_blur,4,common,pooled,0.935925,0.8882673721865271,0.145
screen,level,defocus_blur,5,common,pooled,0.940825,0.8936729006940095,0.135
screen,level,glass_blur,1,common,pooled,0.772925,0.7080755107827335,0.635
screen,level,glass_blur,2,common,pooled,0.87295,0.8120194498136226,0.325
screen,level,glass_blur,3,common,pooled,0.9267,0.8768857036739947,0.19
screen,level,glass_blur,4,common,pooled,0.9333,0.8837438696280903,0.155
screen,level,glass_blur,5,common,pooled,0.9502,0.9146218324762383,0.13
screen,level,motion_blur,1,common,pooled,0.851675,0.8220024468602447,0.52
screen,level,motion_blur,2,common,pooled,0.90975,0.8908633825154668,0.28
screen,level,motion_blur,3,common,pooled,0.945375,0.9312379394542771,0.17
screen,level,motion_blur,4,common,pooled,0.95765,0.9504396946365989,0.145
screen,level,motion_blur,5,common,pooled,0.96595,0.9598864002711783,0.13
screen,level,zoom_blur,1,common,pooled,0.7261,0.6341047990134062,0.6
screen,level,zoom_blur,2,common,pooled,0.7626,0.6652591501996823,0.52
screen,level,zoom_blur,3,common,pooled,0.671225,0.5889342657747382,0.675
screen,level,zoom_blur,4,common,pooled,0.697225,0.6110367161420489,0.64
screen,level,zoom_blur,5,common,pooled,0.64425,0.5739460800137142,0.72
screen,level,snow,1,common,pooled,0.969,0.9642108206927112,0.13
screen,level,snow,2,common,pooled,0.98855,0.9871879798049593,0.05
screen,level,snow,3,common,pooled,0.99065,0.9896508273815514,0.05
screen,level,snow,4,common,pooled,0.99375,0.9932137851367299,0.03
screen,level,snow,5,common,pooled,0.990325,0.9892403499993562,0.05
screen,level,frost,1,common,pooled,0.6754,0.6160724101439371,0.745
screen,level,frost,2,common,pooled,0.775925,0.6933199525060648,0.56
screen,level,frost,3,common,pooled,0.8136,0.7237558847015629,0.465
screen,level,frost,4,common,pooled,0.831,0.7406410638067007,0.42
screen,level,frost,5,common,pooled,0.847775,0.7566772984164036,0.36
screen,level,fog,1,common,pooled,0.49035,0.47067625374188826,0.86
screen,level,fog,2,common,pooled,0.531425,0.4911783045786152,0.845
screen,level,fog,3,common,pooled,0.55375,0.501665244508307,0.815
screen,level,fog,4,common,pooled,0.554775,0.5037263461512163,0.79
screen,level,fog,5,common,pooled,0.59975,0.5307863001438423,0.75
screen,level,brightness,1,common,pooled,0.5456,0.5370427958636084,0.935
screen,level,brightness,2,common,pooled,0.62075,0.5918198194831708,0.85
screen,level,brightness,3,common,pooled,0.70025,0.6542617070010501,0.73
screen,level,brightness,4,common,pooled,0.77615,0.715871650552227,0.64
screen,level,brightness,5,common,pooled,0.833375,0.7709768366749222,0.435
screen,level,contrast,1,common,pooled,0.5148,0.4907664396657029,0.86
screen,level,contrast,2,common,pooled,0.569375,0.5205271819543205,0.8
screen,level,contrast,3,common,pooled,0.647425,0.5698743657466703,0.7
screen,level,contrast,4,common,pooled,0.77965,0.6814416565454509,0.52
screen,level,contrast,5,common,pooled,0.893475,0.8212538374222796,0.23
screen,level,elastic_transform,1,common,pooled,0.60905,0.5773330053517525,0.855
screen,level,elastic_transform,2,common,pooled,0.6708,0.6372069388320662,0.78
screen,level,elastic_transform,3,common,pooled,0.754025,0.7174297373029694,0.75
screen,level,elastic_transform,4,common,pooled,0.807425,0.7710214626067502,0.645
screen,level,elastic_transform,5,common,pooled,0.866875,0.8360083217262597,0.43
screen,level,pixelate,1,common,pooled,0.67685,0.6368623722851436,0.8
screen,level,pixelate,2,common,pooled,0.733675,0.6963320468892713,0.735
screen,level,pixelate,3,common,pooled,0.883575,0.8741602052284523,0.455
screen,level,pixelate,4,common,pooled,0.9516,0.9489115755756858,0.23
screen,level,pixelate,5,common,pooled,0.977075,0.9764865727625452,0.13
screen,level,jpeg_compression,1,common,pooled,0.83145,0.7356204574854556,0.385
screen,level,jpeg_compression,2,common,pooled,0.905125,0.832705861967491,0.225
screen,level,jpeg_compression,3,common,pooled,0.931875,0.8801430672001571,0.165
screen,level,jpeg_compression,4,common,pooled,0.96955,0.9567455001266364,0.105
screen,level,jpeg_compression,5,common,pooled,0.984,0.9807515797838277,0.06
screen,level,speckle_noise,1,extra,pooled,0.88445,0.8602920615789801,0.375
screen,level,speckle_noise,2,extra,pooled,0.93765,0.9284587685810463,0.2
screen,level,speckle_noise,3,extra,pooled,0.990125,0.9900269712952847,0.05
screen,level,speckle_noise,4,extra,pooled,0.996225,0.9963449091280265,0.03
screen,level,speckle_noise,5,extra,pooled,0.998925,0.9989418785026645,0.005
screen,level,gaussian_blur,1,extra,pooled,0.7376,0.6818305904480274,0.7
screen,level,gaussian_blur,2,extra,pooled,0.911925,0.8726163908737671,0.23
screen,level,gaussian_blur,3,extra,pooled,0.936625,0.9067235452756459,0.15
screen,level,gaussian_blur,4,extra,pooled,0.945875,0.9113754146881895,0.13
screen,level,gaussian_blur,5,extra,pooled,0.9583,0.9252667318216153,0.115
screen,level,spatter,1,extra,pooled,0.5483,0.5320339876894431,0.92
screen,level,spatter,2,extra,pooled,0.9189,0.8932812626020556,0.24
screen,level,spatter,3,extra,pooled,0.974225,0.9702068627015035,0.13
screen,level,spatter,4,extra,pooled,0.997375,0.9972876846519226,0.015
screen,level,spatter,5,extra,pooled,0.9998,0.9997998393062494,0.0
screen,level,saturate,1,extra,pooled,0.5632375,0.5300714266854532,0.855
screen,level,saturate,2,extra,pooled,0.6750375,0.6100082388701544,0.705
screen,level,saturate,3,extra,pooled,0.6577875,0.6215715797981047,0.78
screen,level,saturate,4,extra,pooled,0.8542,0.8118733645976364,0.435
screen,level,saturate,5,extra,pooled,0.907275,0.8888598112411519,0.27
screen,global_level,gaussian_noise,1,common,pooled,0.9444,0.9224609473774427,0.15
screen,global_level,gaussian_noise,2,common,pooled,0.990425,0.9877844823316895,0.035
screen,global_level,gaussian_noise,3,common,pooled,0.99975,0.9997454926860394,0.0
screen,global_level,gaussian_noise,4,common,pooled,1.0,1.0,0.0
screen,global_level,gaussian_noise,5,common,pooled,1.0,1.0,0.0
screen,global_level,shot_noise,1,common,pooled,0.9225,0.9054650262772347,0.245
screen,global_level,shot_noise,2,common,pooled,0.985875,0.9830798718886433,0.045
screen,global_level,shot_noise,3,common,pooled,0.998725,0.9986926627562768,0.005
screen,global_level,shot_noise,4,common,pooled,0.999975,0.9999751243781094,0.0
screen,global_level,shot_noise,5,common,pooled,1.0,1.0,0.0
screen,global_level,impulse_noise,1,common,pooled,0.99305,0.9918050363179298,0.03
screen,global_level,impulse_noise,2,common,pooled,0.998275,0.9980859174850709,0.005
screen,global_level,impulse_noise,3,common,pooled,0.99985,0.9998488553099746,0.0
screen,global_level,impulse_noise,4,common,pooled,1.0,1.0,0.0
screen,global_level,impulse_noise,5,common,pooled,1.0,1.0,0.0
screen,global_level,defocus_blur,1,common,pooled,0.820275,0.7546694878885594,0.425
screen,global_level,defocus_blur,2,common,pooled,0.8938,0.8341969720770674,0.27
screen,global_level,defocus_blur,3,common,pooled,0.9382,0.8892559364661409,0.145
screen,global_level,defocus_blur,4,common,pooled,0.9583,0.9218104542465498,0.085
screen,global_level,defocus_blur,5,common,pooled,0.9678,0.9373217792339101,0.075
screen,global_level,glass_blur,1,common,pooled,0.696475,0.6331257842254898,0.685
screen,global_level,glass_blur,2,common,pooled,0.825,0.7481829599508,0.38
screen,global_level,glass_blur,3,common,pooled,0.90045,0.8268536565880846,0.255
screen,global_level,glass_blur,4,common,pooled,0.920575,0.8518303272730781,0.165
screen,global_level,glass_blur,5,common,pooled,0.951825,0.8995305346833322,0.085
screen,global_level,motion_blur,1,common,pooled,0.785275,0.7512499729941139,0.625
screen,global_level,motion_blur,2,common,pooled,0.885325,0.8561466167569513,0.365
screen,global_level,motion_blur,3,common,pooled,0.942825,0.9229197366588731,0.165
screen,global_level,motion_blur,4,common,pooled,0.965625,0.9548981969023798,0.11
screen,global_level,motion_blur,5,common,pooled,0.976775,0.9684413037634051,0.08
screen,global_level,zoom_blur,1,common,pooled,0.734975,0.6572547580419148,0.625
screen,global_level,zoom_blur,2,common,pooled,0.788475,0.7045337390500783,0.49
screen,global_level,zoom_blur,3,common,pooled,0.72665,0.6516187723309637,0.63
screen,global_level,zoom_blur,4,common,pooled,0.762,0.6805274762302784,0.57
screen,global_level,zoom_blur,5,common,pooled,0.724125,0.6528180177207233,0.645
screen,global_level,snow,1,common,pooled,0.93345,0.9168763537498601,0.275
screen,global_level,snow,2,common,pooled,0.974075,0.9701268018837407,0.105
screen,global_level,snow,3,common,pooled,0.970475,0.9648377689412552,0.115
screen,global_level,snow,4,common,pooled,0.978525,0.9749404762404696,0.085
screen,global_level,snow,5,common,pooled,0.9754,0.9708962841947845,0.095
screen,global_level,frost,1,common,pooled,0.55865,0.5433659115345861,0.905
screen,global_level,frost,2,common,pooled,0.668225,0.6210893689296686,0.775
screen,global_level,frost,3,common,pooled,0.730225,0.6640184888381389,0.665
screen,global_level,frost,4,common,pooled,0.752325,0.6843027395595833,0.665
screen,global_level,frost,5,common,pooled,0.775525,0.7045369630881758,0.58
screen,global_level,fog,1,common,pooled,0.469525,0.46543274110873367,0.935
screen,global_level,fog,2,common,pooled,0.497775,0.48114291167694545,0.925
screen,global_level,fog,3,common,pooled,0.524125,0.49734430302268273,0.905
screen,global_level,fog,4,common,pooled,0.52205,0.49436468519651927,0.895
screen,global_level,fog,5,common,pooled,0.543525,0.5066422208441832,0.865
screen,global_level,brightness,1,common,pooled,0.526475,0.5276343262646309,0.955
screen,global_level,brightness,2,common,pooled,0.575225,0.5633545661286549,0.915
screen,global_level,brightness,3,common,pooled,0.629725,0.6081988634568576,0.91
screen,global_level,brightness,4,common,pooled,0.69125,0.6575219499032019,0.785
screen,global_level,brightness,5,common,pooled,0.753125,0.7100572057130332,0.655
screen,global_level,contrast,1,common,pooled,0.510925,0.5025199422614219,0.915
screen,global_level,contrast,2,common,pooled,0.555025,0.5335372053168297,0.915
screen,global_level,contrast,3,common,pooled,0.6333,0.5906334193678016,0.785
screen,global_level,contrast,4,common,pooled,0.79,0.7226190205013684,0.515
screen,global_level,contrast,5,common,pooled,0.9205,0.8705126256663305,0.205
screen,global_level,elastic_transform,1,common,pooled,0.52595,0.5165137122963618,0.935
screen,global_level,elastic_transform,2,common,pooled,0.564075,0.5447497140575093,0.915
screen,global_level,elastic_transform,3,common,pooled,0.632275,0.597549001103853,0.855
screen,global_level,elastic_transform,4,common,pooled,0.6821,0.6424767026167036,0.765
screen,global_level,elastic_transform,5,common,pooled,0.7468,0.7061285835949025,0.645
screen,global_level,pixelate,1,common,pooled,0.613575,0.5752865860730084,0.84
screen,global_level,pixelate,2,common,pooled,0.679675,0.6318597023764804,0.75
screen,global_level,pixelate,3,common,pooled,0.844475,0.8098323364540747,0.465
screen,global_level,pixelate,4,common,pooled,0.932675,0.9153609472843132,0.215
screen,global_level,pixelate,5,common,pooled,0.9667,0.9598617397720799,0.135
screen,global_level,jpeg_compression,1,common,pooled,0.656775,0.5876879600011742,0.765
screen,global_level,jpeg_compression,2,common,pooled,0.771025,0.6808245174759169,0.57
screen,global_level,jpeg_compression,3,common,pooled,0.83245,0.743667089556947,0.38
screen,global_level,jpeg_compression,4,common,pooled,0.92605,0.8790232378036201,0.215
screen,global_level,jpeg_compression,5,common,pooled,0.96275,0.9474522261713622,0.13
screen,global_level,speckle_noise,1,extra,pooled,0.820125,0.8111471427341777,0.57
screen,global_level,speckle_noise,2,extra,pooled,0.900775,0.8938979535945523,0.375
screen,global_level,speckle_noise,3,extra,pooled,0.983475,0.9826910418738577,0.085
screen,global_level,speckle_noise,4,extra,pooled,0.994625,0.9945339570944319,0.035
screen,global_level,speckle_noise,5,extra,pooled,0.998675,0.9986698140794417,0.005
screen,global_level,gaussian_blur,1,extra,pooled,0.663625,0.6181076885568367,0.785
screen,global_level,gaussian_blur,2,extra,pooled,0.893325,0.8341985048241418,0.27
screen,global_level,gaussian_blur,3,extra,pooled,0.94485,0.8999588535941575,0.12
screen,global_level,gaussian_blur,4,extra,pooled,0.96305,0.9285555031236925,0.08
screen,global_level,gaussian_blur,5,extra,pooled,0.97865,0.9555294027838811,0.045
screen,global_level,spatter,1,extra,pooled,0.499475,0.4962429899933279,0.935
screen,global_level,spatter,2,extra,pooled,0.84845,0.7891778524160453,0.385
screen,global_level,spatter,3,extra,pooled,0.949325,0.930567396733076,0.15
screen,global_level,spatter,4,extra,pooled,0.988875,0.988346564669773,0.06
screen,global_level,spatter,5,extra,pooled,0.997125,0.9970569836332478,0.015
screen,global_level,saturate,1,extra,pooled,0.5310125,0.519642670259893,0.915
screen,global_level,saturate,2,extra,pooled,0.6091375,0.5721614306619589,0.855
screen,global_level,saturate,3,extra,pooled,0.6081375,0.5844078112729492,0.91
screen,global_level,saturate,4,extra,pooled,0.744825,0.7036477515807953,0.695
screen,global_level,saturate,5,extra,pooled,0.818575,0.7942808285110083,0.59
screen,means_knn,gaussian_noise,1,common,pooled,0.9309,0.8666587778285321,0.12
screen,means_knn,gaussian_noise,2,common,pooled,0.981175,0.9639392845053115,0.045
screen,means_knn,gaussian_noise,3,common,pooled,0.998675,0.9985691560700632,0.005
screen,means_knn,gaussian_noise,4,common,pooled,1.0,1.0,0.0
screen,means_knn,gaussian_noise,5,common,pooled,1.0,1.0,0.0
screen,means_knn,shot_noise,1,common,pooled,0.924375,0.8745458610190315,0.16
screen,means_knn,shot_noise,2,common,pooled,0.97735,0.9661908884322916,0.065
screen,means_knn,shot_noise,3,common,pooled,0.9963,0.9959326855135663,0.015
screen,means_knn,shot_noise,4,common,pooled,0.999925,0.9999254950495049,0.0
screen,means_knn,shot_noise,5,common,pooled,1.0,1.0,0.0
screen,means_knn,impulse_noise,1,common,pooled,0.99295,0.9928079404113245,0.035
screen,means_knn,impulse_noise,2,common,pooled,0.996325,0.9960259155435721,0.02
screen,means_knn,impulse_noise,3,common,pooled,0.998625,0.9985552932296536,0.01
screen,means_knn,impulse_noise,4,common,pooled,1.0,1.0,0.0
screen,means_knn,impulse_noise,5,common,pooled,1.0,1.0,0.0
screen,means_knn,defocus_blur,1,common,pooled,0.7274,0.6642329903273334,0.67
screen,means_knn,defocus_blur,2,common,pooled,0.791975,0.7176628471806471,0.53
screen,means_knn,defocus_blur,3,common,pooled,0.833525,0.7497197953154122,0.455
screen,means_knn,defocus_blur,4,common,pooled,0.853825,0.7643678484556385,0.415
screen,means_knn,defocus_blur,5,common,pooled,0.861075,0.766308423137772,0.37
screen,means_knn,glass_blur,1,common,pooled,0.604825,0.5563805969401041,0.77
screen,means_knn,glass_blur,2,common,pooled,0.686825,0.6141076600398749,0.655
screen,means_knn,glass_blur,3,common,pooled,0.78535,0.6857371694208174,0.505
screen,means_knn,glass_blur,4,common,pooled,0.7854,0.6799372686552145,0.485
screen,means_knn,glass_blur,5,common,pooled,0.825925,0.717065297117585,0.405
screen,means_knn,motion_blur,1,common,pooled,0.8026,0.771443898574737,0.64
screen,means_knn,motion_blur,2,common,pooled,0.8582,0.835865380704767,0.53
screen,means_knn,motion_blur,3,common,pooled,0.905725,0.8876850521783695,0.275
screen,means_knn,motion_blur,4,common,pooled,0.92595,0.9172292646707629,0.275
screen,means_knn,motion_blur,5,common,pooled,0.9339,0.9272259032470347,0.27
screen,means_knn,zoom_blur,1,common,pooled,0.631,0.5597755729238914,0.705
screen,means_knn,zoom_blur,2,common,pooled,0.6573,0.5760491179877578,0.67
screen,means_knn,zoom_blur,3,common,pooled,0.6108,0.5404998909631595,0.705
screen,means_knn,zoom_blur,4,common,pooled,0.626525,0.5497196729089726,0.67
screen,means_knn,zoom_blur,5,common,pooled,0.599,0.5317914405652682,0.695
screen,means_knn,snow,1,common,pooled,0.95935,0.9567787147416489,0.12
screen,means_knn,snow,2,common,pooled,0.978625,0.9799716551976471,0.075
screen,means_knn,snow,3,common,pooled,0.978175,0.9799300604930459,0.09
screen,means_knn,snow,4,common,pooled,0.978575,0.9812000535879553,0.095
screen,means_knn,snow,5,common,pooled,0.970025,0.9744671604846304,0.1
screen,means_knn,frost,1,common,pooled,0.682475,0.6007740354213844,0.67
screen,means_knn,frost,2,common,pooled,0.77485,0.6743014310709956,0.54
screen,means_knn,frost,3,common,pooled,0.81105,0.7041008660005614,0.43
screen,means_knn,frost,4,common,pooled,0.827525,0.7165015116784973,0.44
screen,means_knn,frost,5,common,pooled,0.8481,0.7368186863873808,0.33
screen,means_knn,fog,1,common,pooled,0.42735,0.4389642979073133,0.925
screen,means_knn,fog,2,common,pooled,0.440925,0.4447527401417448,0.925
screen,means_knn,fog,3,common,pooled,0.449,0.44446937321864743,0.895
screen,means_knn,fog,4,common,pooled,0.456825,0.44968273385576424,0.885
screen,means_knn,fog,5,common,pooled,0.499925,0.46376550786451326,0.775
screen,means_knn,brightness,1,common,pooled,0.54895,0.5360131081036537,0.94
screen,means_knn,brightness,2,common,pooled,0.640925,0.6024096249879769,0.82
screen,means_knn,brightness,3,common,pooled,0.73655,0.6780446695125535,0.705
screen,means_knn,brightness,4,common,pooled,0.816025,0.7513643568521753,0.63
screen,means_knn,brightness,5,common,pooled,0.86855,0.8106478961832182,0.48
screen,means_knn,contrast,1,common,pooled,0.48475,0.4730777144374516,0.915
screen,means_knn,contrast,2,common,pooled,0.5158,0.4882127353952561,0.87
screen,means_knn,contrast,3,common,pooled,0.5526,0.5070606405306813,0.79
screen,means_knn,contrast,4,common,pooled,0.582425,0.5217781521555716,0.795
screen,means_knn,contrast,5,common,pooled,0.5973,0.5234736416306517,0.695
screen,means_knn,elastic_transform,1,common,pooled,0.558225,0.5379391488439784,0.885
screen,means_knn,elastic_transform,2,common,pooled,0.61465,0.582593795741441,0.835
screen,means_knn,elastic_transform,3,common,pooled,0.70595,0.6601424518125403,0.74
screen,means_knn,elastic_transform,4,common,pooled,0.769775,0.7301935263261288,0.655
screen,means_knn,elastic_transform,5,common,pooled,0.8415,0.8068981186446897,0.485
screen,means_knn,pixelate,1,common,pooled,0.697725,0.6607532195848884,0.81
screen,means_knn,pixelate,2,common,pooled,0.759125,0.7325337515351238,0.75
screen,means_knn,pixelate,3,common,pooled,0.895425,0.8942058080359377,0.49
screen,means_knn,pixelate,4,common,pooled,0.9574,0.9584745035411595,0.21
screen,means_knn,pixelate,5,common,pooled,0.978125,0.9794255325003884,0.11
screen,means_knn,jpeg_compression,1,common,pooled,0.810075,0.7107645480909619,0.445
screen,means_knn,jpeg_compression,2,common,pooled,0.89235,0.8110426630676042,0.23
screen,means_knn,jpeg_compression,3,common,pooled,0.92145,0.8629259873757652,0.16
screen,means_knn,jpeg_compression,4,common,pooled,0.963525,0.9477019353860162,0.1
screen,means_knn,jpeg_compression,5,common,pooled,0.9807,0.9772987703924523,0.08
screen,means_knn,speckle_noise,1,extra,pooled,0.863875,0.808577621031908,0.39
screen,means_knn,speckle_noise,2,extra,pooled,0.920975,0.8860431151983363,0.23
screen,means_knn,speckle_noise,3,extra,pooled,0.981625,0.9786412830423945,0.09
screen,means_knn,speckle_noise,4,extra,pooled,0.992175,0.991737303690833,0.045
screen,means_knn,speckle_noise,5,extra,pooled,0.997425,0.9974517517899645,0.02
screen,means_knn,gaussian_blur,1,extra,pooled,0.6241,0.5836814026553023,0.85
screen,means_knn,gaussian_blur,2,extra,pooled,0.80215,0.7335026843217671,0.53
screen,means_knn,gaussian_blur,3,extra,pooled,0.86155,0.7887070316975332,0.405
screen,means_knn,gaussian_blur,4,extra,pooled,0.8804,0.802155982176201,0.335
screen,means_knn,gaussian_blur,5,extra,pooled,0.8956,0.8142311990426652,0.25
screen,means_knn,spatter,1,extra,pooled,0.57075,0.546514201873772,0.875
screen,means_knn,spatter,2,extra,pooled,0.90205,0.8782424710211109,0.405
screen,means_knn,spatter,3,extra,pooled,0.9547,0.9471128488886084,0.195
screen,means_knn,spatter,4,extra,pooled,0.99135,0.9907048245124345,0.04
screen,means_knn,spatter,5,extra,pooled,0.997125,0.9969736456949274,0.015
screen,means_knn,saturate,1,extra,pooled,0.5526125,0.5234664369234836,0.875
screen,means_knn,saturate,2,extra,pooled,0.6265625,0.5759752247038452,0.755
screen,means_knn,saturate,3,extra,pooled,0.6856875,0.6424769652905084,0.775
screen,means_knn,saturate,4,extra,pooled,0.89505,0.8507030073699003,0.315
screen,means_knn,saturate,5,extra,pooled,0.94255,0.9276071852243138,0.16
screen,means_own,gaussian_noise,1,common,pooled,0.90535,0.8703182072451043,0.29
screen,means_own,gaussian_noise,2,common,pooled,0.9779,0.9655699141778207,0.065
screen,means_own,gaussian_noise,3,common,pooled,0.99645,0.9956693859721607,0.015
screen,means_own,gaussian_noise,4,common,pooled,1.0,1.0,0.0
screen,means_own,gaussian_noise,5,common,pooled,1.0,1.0,0.0
screen,means_own,shot_noise,1,common,pooled,0.88065,0.8544343746280002,0.365
screen,means_own,shot_noise,2,common,pooled,0.97085,0.9619221260609312,0.08
screen,means_own,shot_noise,3,common,pooled,0.994,0.9927545083232213,0.015
screen,means_own,shot_noise,4,common,pooled,0.9998,0.9998011046053507,0.0
screen,means_own,shot_noise,5,common,pooled,1.0,1.0,0.0
screen,means_own,impulse_noise,1,common,pooled,0.987025,0.983246721460995,0.05
screen,means_own,impulse_noise,2,common,pooled,0.993375,0.9913935752898477,0.015
screen,means_own,impulse_noise,3,common,pooled,0.997025,0.9965022019935447,0.015
screen,means_own,impulse_noise,4,common,pooled,1.0,1.0,0.0
screen,means_own,impulse_noise,5,common,pooled,1.0,1.0,0.0
screen,means_own,defocus_blur,1,common,pooled,0.763125,0.702339075580453,0.575
screen,means_own,defocus_blur,2,common,pooled,0.841425,0.7770370253483598,0.365
screen,means_own,defocus_blur,3,common,pooled,0.90715,0.849584795190409,0.25
screen,means_own,defocus_blur,4,common,pooled,0.942225,0.8917811662467303,0.15
screen,means_own,defocus_blur,5,common,pooled,0.9581,0.9168986108144677,0.09
screen,means_own,glass_blur,1,common,pooled,0.643775,0.601324503959155,0.765
screen,means_own,glass_blur,2,common,pooled,0.77825,0.7101594678060504,0.535
screen,means_own,glass_blur,3,common,pooled,0.90105,0.834742135012978,0.26
screen,means_own,glass_blur,4,common,pooled,0.92265,0.8604532483370996,0.19
screen,means_own,glass_blur,5,common,pooled,0.9522,0.9016339193509233,0.095
screen,means_own,motion_blur,1,common,pooled,0.740775,0.7056802990928621,0.73
screen,means_own,motion_blur,2,common,pooled,0.84185,0.8081827435685827,0.49
screen,means_own,motion_blur,3,common,pooled,0.915,0.8911035362233373,0.28
screen,means_own,motion_blur,4,common,pooled,0.95045,0.9351181956937269,0.185
screen,means_own,motion_blur,5,common,pooled,0.966975,0.9542119254448114,0.12
screen,means_own,zoom_blur,1,common,pooled,0.6941,0.6276415215470321,0.62
screen,means_own,zoom_blur,2,common,pooled,0.752975,0.6788095223622671,0.55
screen,means_own,zoom_blur,3,common,pooled,0.690575,0.6256360236121505,0.675
screen,means_own,zoom_blur,4,common,pooled,0.728875,0.6559366888873245,0.565
screen,means_own,zoom_blur,5,common,pooled,0.689575,0.625587176706955,0.65
screen,means_own,snow,1,common,pooled,0.91985,0.9058272251376523,0.325
screen,means_own,snow,2,common,pooled,0.962375,0.9557004336329077,0.18
screen,means_own,snow,3,common,pooled,0.95905,0.951131569663575,0.185
screen,means_own,snow,4,common,pooled,0.972375,0.9669459550248476,0.105
screen,means_own,snow,5,common,pooled,0.96605,0.9589562671482217,0.125
screen,means_own,frost,1,common,pooled,0.523575,0.5211096581479308,0.915
screen,means_own,frost,2,common,pooled,0.628025,0.5914601614154251,0.835
screen,means_own,frost,3,common,pooled,0.691975,0.6397859651598342,0.74
screen,means_own,frost,4,common,pooled,0.714825,0.65756865267412,0.73
screen,means_own,frost,5,common,pooled,0.7438,0.6812162276303032,0.62
screen,means_own,fog,1,common,pooled,0.446525,0.45299620416836855,0.945
screen,means_own,fog,2,common,pooled,0.464,0.462489910736345,0.93
screen,means_own,fog,3,common,pooled,0.480375,0.4717658087772515,0.91
screen,means_own,fog,4,common,pooled,0.4805,0.47082035123566823,0.915
screen,means_own,fog,5,common,pooled,0.504575,0.48805992787561314,0.91
screen,means_own,brightness,1,common,pooled,0.516725,0.5203957194654236,0.96
screen,means_own,brightness,2,common,pooled,0.55745,0.5496263873277283,0.93
screen,means_own,brightness,3,common,pooled,0.6029,0.5816373184188621,0.91
screen,means_own,brightness,4,common,pooled,0.6604,0.6299917403654709,0.855
screen,means_own,brightness,5,common,pooled,0.719525,0.6779583189790179,0.73
screen,means_own,contrast,1,common,pooled,0.48885,0.4898092579262026,0.93
screen,means_own,contrast,2,common,pooled,0.519925,0.5107014065695132,0.915
screen,means_own,contrast,3,common,pooled,0.58385,0.5574482819705796,0.87
screen,means_own,contrast,4,common,pooled,0.739275,0.6852403135376226,0.6
screen,means_own,contrast,5,common,pooled,0.897825,0.8428950211474058,0.29
screen,means_own,elastic_transform,1,common,pooled,0.5387,0.5339017684294678,0.92
screen,means_own,elastic_transform,2,common,pooled,0.590775,0.5760506334203328,0.91
screen,means_own,elastic_transform,3,common,pooled,0.6759,0.6511707578667926,0.83
screen,means_own,elastic_transform,4,common,pooled,0.739975,0.7112887607079044,0.725
screen,means_own,elastic_transform,5,common,pooled,0.813125,0.783803348669633,0.535
screen,means_own,pixelate,1,common,pooled,0.596575,0.568015459156653,0.9
screen,means_own,pixelate,2,common,pooled,0.663775,0.6292881067179275,0.785
screen,means_own,pixelate,3,common,pooled,0.850975,0.8313057437408825,0.49
screen,means_own,pixelate,4,common,pooled,0.946225,0.9368287520280166,0.215
screen,means_own,pixelate,5,common,pooled,0.97705,0.9729342362247178,0.08
screen,means_own,jpeg_compression,1,common,pooled,0.624775,0.5688245003435297,0.83
screen,means_own,jpeg_compression,2,common,pooled,0.75235,0.6748543565081021,0.615
screen,means_own,jpeg_compression,3,common,pooled,0.825975,0.7556093549484733,0.43
screen,means_own,jpeg_compression,4,common,pooled,0.93535,0.9019678862538414,0.25
screen,means_own,jpeg_compression,5,common,pooled,0.970475,0.9597862491337432,0.105
screen,means_own,speckle_noise,1,extra,pooled,0.7721,0.7569480039946747,0.605
screen,means_own,speckle_noise,2,extra,pooled,0.86105,0.8489044394019496,0.395
screen,means_own,speckle_noise,3,extra,pooled,0.969225,0.9663286849489132,0.095
screen,means_own,speckle_noise,4,extra,pooled,0.9878,0.9868779828615495,0.04
screen,means_own,speckle_noise,5,extra,pooled,0.996075,0.9959598749102141,0.015
screen,means_own,gaussian_blur,1,extra,pooled,0.62285,0.5922102962373526,0.835
screen,means_own,gaussian_blur,2,extra,pooled,0.840025,0.7764531052076138,0.38
screen,means_own,gaussian_blur,3,extra,pooled,0.914575,0.8593592801390041,0.245
screen,means_own,gaussian_blur,4,extra,pooled,0.94655,0.8982247757508995,0.125
screen,means_own,gaussian_blur,5,extra,pooled,0.971925,0.939439948926229,0.075
screen,means_own,spatter,1,extra,pooled,0.517075,0.5156154764008162,0.93
screen,means_own,spatter,2,extra,pooled,0.865725,0.8278932763006259,0.38
screen,means_own,spatter,3,extra,pooled,0.945575,0.9273534970652013,0.25
screen,means_own,spatter,4,extra,pooled,0.988175,0.9874261146689224,0.065
screen,means_own,spatter,5,extra,pooled,0.996675,0.9964437666560064,0.015
screen,means_own,saturate,1,extra,pooled,0.5073875,0.5052130759816065,0.915
screen,means_own,saturate,2,extra,pooled,0.5706375,0.5453643831969669,0.91
screen,means_own,saturate,3,extra,pooled,0.5891625,0.5678364838437483,0.91
screen,means_own,saturate,4,extra,pooled,0.705875,0.667507853103583,0.835
screen,means_own,saturate,5,extra,pooled,0.7816,0.7589457618958884,0.6
screen,saod_top3,gaussian_noise,1,common,pooled,0.56105,0.5397199789988414,0.9
screen,saod_top3,gaussian_noise,2,common,pooled,0.61075,0.5772445464448787,0.9
screen,saod_top3,gaussian_noise,3,common,pooled,0.6803,0.6350458044037572,0.77
screen,saod_top3,gaussian_noise,4,common,pooled,0.7751,0.7414642876330276,0.63
screen,saod_top3,gaussian_noise,5,common,pooled,0.8914,0.8718007640968239,0.43
screen,saod_top3,shot_noise,1,common,pooled,0.5639,0.5452268159734599,0.9
screen,saod_top3,shot_noise,2,common,pooled,0.608175,0.5758987556399444,0.88
screen,saod_top3,shot_noise,3,common,pooled,0.670675,0.6326542945433826,0.815
screen,saod_top3,shot_noise,4,common,pooled,0.778375,0.7438968725150157,0.625
screen,saod_top3,shot_noise,5,common,pooled,0.86675,0.836769750741429,0.535
screen,saod_top3,impulse_noise,1,common,pooled,0.62035,0.5959828837028656,0.885
screen,saod_top3,impulse_noise,2,common,pooled,0.6532,0.6216021786744208,0.825
screen,saod_top3,impulse_noise,3,common,pooled,0.69435,0.6621415742710677,0.785
screen,saod_top3,impulse_noise,4,common,pooled,0.779075,0.7513771174425652,0.61
screen,saod_top3,impulse_noise,5,common,pooled,0.884725,0.8596018491571724,0.465
screen,saod_top3,defocus_blur,1,common,pooled,0.591975,0.560669942104372,0.875
screen,saod_top3,defocus_blur,2,common,pooled,0.632175,0.5892888569224961,0.805
screen,saod_top3,defocus_blur,3,common,pooled,0.70995,0.6658363305621521,0.71
screen,saod_top3,defocus_blur,4,common,pooled,0.77725,0.7354324153975196,0.615
screen,saod_top3,defocus_blur,5,common,pooled,0.833275,0.8009050725140979,0.52
screen,saod_top3,glass_blur,1,common,pooled,0.60015,0.5747319038659853,0.865
screen,saod_top3,glass_blur,2,common,pooled,0.663925,0.6227054001188628,0.805
screen,saod_top3,glass_blur,3,common,pooled,0.81885,0.7835199154307897,0.585
screen,saod_top3,glass_blur,4,common,pooled,0.860125,0.8333106983924402,0.5
screen,saod_top3,glass_blur,5,common,pooled,0.8834,0.8551936733263925,0.43
screen,saod_top3,motion_blur,1,common,pooled,0.558925,0.5382557240856012,0.905
screen,saod_top3,motion_blur,2,common,pooled,0.6255,0.5943117964027271,0.88
screen,saod_top3,motion_blur,3,common,pooled,0.698325,0.6392213949618675,0.765
screen,saod_top3,motion_blur,4,common,pooled,0.798175,0.7482464440835372,0.615
screen,saod_top3,motion_blur,5,common,pooled,0.8288,0.7950515325647803,0.555
screen,saod_top3,zoom_blur,1,common,pooled,0.708825,0.6654869473137393,0.765
screen,saod_top3,zoom_blur,2,common,pooled,0.775925,0.7339763190899287,0.66
screen,saod_top3,zoom_blur,3,common,pooled,0.797575,0.7457750560879671,0.585
screen,saod_top3,zoom_blur,4,common,pooled,0.83215,0.782049099897002,0.5
screen,saod_top3,zoom_blur,5,common,pooled,0.851975,0.7925878387990571,0.46
screen,saod_top3,snow,1,common,pooled,0.589625,0.5721149481474647,0.9
screen,saod_top3,snow,2,common,pooled,0.6618,0.6314320573326698,0.815
screen,saod_top3,snow,3,common,pooled,0.669525,0.6342567818797047,0.815
screen,saod_top3,snow,4,common,pooled,0.717225,0.6870591369335378,0.77
screen,saod_top3,snow,5,common,pooled,0.73065,0.7001359860300117,0.765
screen,saod_top3,frost,1,common,pooled,0.56785,0.5585468418412862,0.905
screen,saod_top3,frost,2,common,pooled,0.62585,0.6047323526096553,0.87
screen,saod_top3,frost,3,common,pooled,0.65725,0.6324249973085974,0.86
screen,saod_top3,frost,4,common,pooled,0.668825,0.6428975600920183,0.815
screen,saod_top3,frost,5,common,pooled,0.70235,0.6693446102687988,0.8
screen,saod_top3,fog,1,common,pooled,0.52735,0.5221057204062933,0.925
screen,saod_top3,fog,2,common,pooled,0.533675,0.5220066198113602,0.925
screen,saod_top3,fog,3,common,pooled,0.5422,0.5311530424105102,0.92
screen,saod_top3,fog,4,common,pooled,0.54155,0.5288902368604902,0.91
screen,saod_top3,fog,5,common,pooled,0.56495,0.5488348026372207,0.905
screen,saod_top3,brightness,1,common,pooled,0.503875,0.5042102474448201,0.935
screen,saod_top3,brightness,2,common,pooled,0.517925,0.5136912261823292,0.935
screen,saod_top3,brightness,3,common,pooled,0.533025,0.5238973040220585,0.925
screen,saod_top3,brightness,4,common,pooled,0.55385,0.539360338647285,0.925
screen,saod_top3,brightness,5,common,pooled,0.5751,0.5588639986501497,0.905
screen,saod_top3,contrast,1,common,pooled,0.529825,0.5276022293548257,0.93
screen,saod_top3,contrast,2,common,pooled,0.544775,0.5375839228134184,0.925
screen,saod_top3,contrast,3,common,pooled,0.56925,0.5533667842818693,0.91
screen,saod_top3,contrast,4,common,pooled,0.645225,0.6244166641838234,0.815
screen,saod_top3,contrast,5,common,pooled,0.7882,0.776606180035078,0.655
screen,saod_top3,elastic_transform,1,common,pooled,0.56625,0.5525885032964529,0.905
screen,saod_top3,elastic_transform,2,common,pooled,0.5907,0.563709557600536,0.9
screen,saod_top3,elastic_transform,3,common,pooled,0.6439,0.6064471283117887,0.87
screen,saod_top3,elastic_transform,4,common,pooled,0.677175,0.6363111773034636,0.795
screen,saod_top3,elastic_transform,5,common,pooled,0.71705,0.6767998199531,0.775
screen,saod_top3,pixelate,1,common,pooled,0.589975,0.5729864280759469,0.905
screen,saod_top3,pixelate,2,common,pooled,0.631475,0.6007321083369028,0.88
screen,saod_top3,pixelate,3,common,pooled,0.791025,0.7576770773695831,0.635
screen,saod_top3,pixelate,4,common,pooled,0.910075,0.8906338827075394,0.33
screen,saod_top3,pixelate,5,common,pooled,0.95215,0.9404158919906415,0.14
screen,saod_top3,jpeg_compression,1,common,pooled,0.601675,0.570738215053676,0.9
screen,saod_top3,jpeg_compression,2,common,pooled,0.63715,0.6066966641868841,0.825
screen,saod_top3,jpeg_compression,3,common,pooled,0.676225,0.645222431285286,0.805
screen,saod_top3,jpeg_compression,4,common,pooled,0.7665,0.7309187678923359,0.715
screen,saod_top3,jpeg_compression,5,common,pooled,0.857675,0.8412515458702625,0.525
screen,saod_top3,speckle_noise,1,extra,pooled,0.553275,0.532094891270781,0.9
screen,saod_top3,speckle_noise,2,extra,pooled,0.575425,0.5516942278320103,0.9
screen,saod_top3,speckle_noise,3,extra,pooled,0.631675,0.592825726714515,0.845
screen,saod_top3,speckle_noise,4,extra,pooled,0.68235,0.6561967504439691,0.825
screen,saod_top3,speckle_noise,5,extra,pooled,0.738825,0.7098835980312524,0.75
screen,saod_top3,gaussian_blur,1,extra,pooled,0.5546,0.534929980919306,0.905
screen,saod_top3,gaussian_blur,2,extra,pooled,0.61855,0.5784348404379436,0.815
screen,saod_top3,gaussian_blur,3,extra,pooled,0.69155,0.6507239171224422,0.75
screen,saod_top3,gaussian_blur,4,extra,pooled,0.754725,0.7153087015221692,0.67
screen,saod_top3,gaussian_blur,5,extra,pooled,0.8641,0.8419380890746337,0.5
screen,saod_top3,spatter,1,extra,pooled,0.5077,0.5127834386986594,0.935
screen,saod_top3,spatter,2,extra,pooled,0.580875,0.5589595359079871,0.9
screen,saod_top3,spatter,3,extra,pooled,0.604875,0.5881581495067759,0.88
screen,saod_top3,spatter,4,extra,pooled,0.666975,0.6311080273539355,0.815
screen,saod_top3,spatter,5,extra,pooled,0.74085,0.7005120571796122,0.72
screen,saod_top3,saturate,1,extra,pooled,0.5178125,0.5119905097591239,0.93
screen,saod_top3,saturate,2,extra,pooled,0.5322375,0.518325431030011,0.925
screen,saod_top3,saturate,3,extra,pooled,0.5100375,0.508995111418834,0.935
screen,saod_top3,saturate,4,extra,pooled,0.5401,0.5309264034997749,0.925
screen,saod_top3,saturate,5,extra,pooled,0.57245,0.5521622424207238,0.905
screen,saod_min,gaussian_noise,1,common,pooled,0.5945,0.606521076115317,0.895
screen,saod_min,gaussian_noise,2,common,pooled,0.66355,0.6804497815979162,0.87
screen,saod_min,gaussian_noise,3,common,pooled,0.760125,0.7798284251357113,0.775
screen,saod_min,gaussian_noise,4,common,pooled,0.874725,0.8807850235162396,0.6
screen,saod_min,gaussian_noise,5,common,pooled,0.953075,0.9539189315329027,0.235
screen,saod_min,shot_noise,1,common,pooled,0.5886,0.597753214504748,0.92
screen,saod_min,shot_noise,2,common,pooled,0.665775,0.6785426056341601,0.845
screen,saod_min,shot_noise,3,common,pooled,0.7462,0.7685282113673485,0.775
screen,saod_min,shot_noise,4,common,pooled,0.869175,0.8776966350872208,0.585
screen,saod_min,shot_noise,5,common,pooled,0.932475,0.9351904947616134,0.4
screen,saod_min,impulse_noise,1,common,pooled,0.6628,0.6975363363557932,0.855
screen,saod_min,impulse_noise,2,common,pooled,0.7379,0.7578880475579344,0.765
screen,saod_min,impulse_noise,3,common,pooled,0.77785,0.8023321935191089,0.725
screen,saod_min,impulse_noise,4,common,pooled,0.8655,0.8781436026367616,0.615
screen,saod_min,impulse_noise,5,common,pooled,0.953875,0.953726987481199,0.24
screen,saod_min,defocus_blur,1,common,pooled,0.65085,0.6552781681214392,0.865
screen,saod_min,defocus_blur,2,common,pooled,0.712025,0.7168889867848763,0.79
screen,saod_min,defocus_blur,3,common,pooled,0.810775,0.8191128188003578,0.63
screen,saod_min,defocus_blur,4,common,pooled,0.879725,0.8819469138905562,0.53
screen,saod_min,defocus_blur,5,common,pooled,0.9232,0.923600409507387,0.405
screen,saod_min,glass_blur,1,common,pooled,0.66425,0.6665959716432888,0.815
screen,saod_min,glass_blur,2,common,pooled,0.759275,0.756949386051859,0.715
screen,saod_min,glass_blur,3,common,pooled,0.912925,0.9130465868516611,0.385
screen,saod_min,glass_blur,4,common,pooled,0.9429,0.9430274313431848,0.31
screen,saod_min,glass_blur,5,common,pooled,0.95405,0.9522227749287093,0.225
screen,saod_min,motion_blur,1,common,pooled,0.593275,0.5889085836700636,0.9
screen,saod_min,motion_blur,2,common,pooled,0.681275,0.6922787116254082,0.82
screen,saod_min,motion_blur,3,common,pooled,0.781325,0.7855333717517541,0.68
screen,saod_min,motion_blur,4,common,pooled,0.8783,0.8828461163361301,0.505
screen,saod_min,motion_blur,5,common,pooled,0.914425,0.9152766596990247,0.38
screen,saod_min,zoom_blur,1,common,pooled,0.78605,0.7929013536489696,0.66
screen,saod_min,zoom_blur,2,common,pooled,0.851975,0.8569446507452345,0.61
screen,saod_min,zoom_blur,3,common,pooled,0.885275,0.8868503825674002,0.505
screen,saod_min,zoom_blur,4,common,pooled,0.918125,0.9173734304033825,0.38
screen,saod_min,zoom_blur,5,common,pooled,0.92545,0.9216190404272883,0.305
screen,saod_min,snow,1,common,pooled,0.64325,0.6677704905438866,0.835
screen,saod_min,snow,2,common,pooled,0.75085,0.7773073489036189,0.815
screen,saod_min,snow,3,common,pooled,0.757175,0.7771138459027631,0.795
screen,saod_min,snow,4,common,pooled,0.80555,0.826097285180752,0.725
screen,saod_min,snow,5,common,pooled,0.8118,0.8297162718530671,0.775
screen,saod_min,frost,1,common,pooled,0.58905,0.6069098502993884,0.895
screen,saod_min,frost,2,common,pooled,0.68605,0.7096250900860548,0.85
screen,saod_min,frost,3,common,pooled,0.71835,0.7480554177861627,0.835
screen,saod_min,frost,4,common,pooled,0.73095,0.7579781931022309,0.77
screen,saod_min,frost,5,common,pooled,0.7815,0.7973922461153506,0.75
screen,saod_min,fog,1,common,pooled,0.52665,0.5397622965454023,0.925
screen,saod_min,fog,2,common,pooled,0.546575,0.5557051293763707,0.935
screen,saod_min,fog,3,common,pooled,0.5525,0.5514963231702332,0.925
screen,saod_min,fog,4,common,pooled,0.559325,0.5671102907956311,0.915
screen,saod_min,fog,5,common,pooled,0.58535,0.594283706121318,0.915
screen,saod_min,brightness,1,common,pooled,0.511825,0.515857019395798,0.945
screen,saod_min,brightness,2,common,pooled,0.524175,0.5357070784655038,0.945
screen,saod_min,brightness,3,common,pooled,0.544725,0.5647519608618203,0.945
screen,saod_min,brightness,4,common,pooled,0.561575,0.5888445950465555,0.925
screen,saod_min,brightness,5,common,pooled,0.596775,0.621766046487352,0.93
screen,saod_min,contrast,1,common,pooled,0.533425,0.5402448164734039,0.92
screen,saod_min,contrast,2,common,pooled,0.55565,0.5638627281670151,0.905
screen,saod_min,contrast,3,common,pooled,0.595125,0.6024997926191159,0.89
screen,saod_min,contrast,4,common,pooled,0.703075,0.7218622191674338,0.815
screen,saod_min,contrast,5,common,pooled,0.87695,0.884420156598574,0.585
screen,saod_min,elastic_transform,1,common,pooled,0.596375,0.6175134043585168,0.885
screen,saod_min,elastic_transform,2,common,pooled,0.651475,0.6649389570309905,0.885
screen,saod_min,elastic_transform,3,common,pooled,0.6995,0.716140536455742,0.775
screen,saod_min,elastic_transform,4,common,pooled,0.74335,0.7552518417216705,0.775
screen,saod_min,elastic_transform,5,common,pooled,0.74855,0.7537244505045931,0.75
screen,saod_min,pixelate,1,common,pooled,0.6227,0.6255475932949106,0.85
screen,saod_min,pixelate,2,common,pooled,0.68895,0.7033813294110917,0.795
screen,saod_min,pixelate,3,common,pooled,0.87285,0.8813127062249129,0.58
screen,saod_min,pixelate,4,common,pooled,0.967125,0.9673161978352184,0.13
screen,saod_min,pixelate,5,common,pooled,0.9818,0.9800282572424425,0.095
screen,saod_min,jpeg_compression,1,common,pooled,0.66385,0.6666850601166249,0.835
screen,saod_min,jpeg_compression,2,common,pooled,0.729,0.7406370733723922,0.8
screen,saod_min,jpeg_compression,3,common,pooled,0.77605,0.7887846052319744,0.745
screen,saod_min,jpeg_compression,4,common,pooled,0.866425,0.8734524872584462,0.585
screen,saod_min,jpeg_compression,5,common,pooled,0.935175,0.9368752993182803,0.34
screen,saod_min,speckle_noise,1,extra,pooled,0.573775,0.581159142808424,0.925
screen,saod_min,speckle_noise,2,extra,pooled,0.6045,0.6127200627138933,0.915
screen,saod_min,speckle_noise,3,extra,pooled,0.694425,0.71318293178807,0.835
screen,saod_min,speckle_noise,4,extra,pooled,0.750025,0.7703756377648101,0.745
screen,saod_min,speckle_noise,5,extra,pooled,0.811825,0.8222930718761985,0.705
screen,saod_min,gaussian_blur,1,extra,pooled,0.578775,0.5799576968496989,0.905
screen,saod_min,gaussian_blur,2,extra,pooled,0.6932,0.7000054453549007,0.835
screen,saod_min,gaussian_blur,3,extra,pooled,0.7879,0.7943774273318485,0.685
screen,saod_min,gaussian_blur,4,extra,pooled,0.864725,0.863357425945639,0.57
screen,saod_min,gaussian_blur,5,extra,pooled,0.9428,0.9428508137223696,0.27
screen,saod_min,spatter,1,extra,pooled,0.51485,0.5127282978558718,0.945
screen,saod_min,spatter,2,extra,pooled,0.62635,0.6448126802531013,0.875
screen,saod_min,spatter,3,extra,pooled,0.6700125,0.6915967730482466,0.835
screen,saod_min,spatter,4,extra,pooled,0.750325,0.7668252330889079,0.75
screen,saod_min,spatter,5,extra,pooled,0.822025,0.8321431433640066,0.685
screen,saod_min,saturate,1,extra,pooled,0.5099875,0.5189478231865647,0.93
screen,saod_min,saturate,2,extra,pooled,0.5244625,0.535687712153053,0.92
screen,saod_min,saturate,3,extra,pooled,0.5215375,0.5287271470709348,0.945
screen,saod_min,saturate,4,extra,pooled,0.55065,0.5631492490631881,0.935
screen,saod_min,saturate,5,extra,pooled,0.587025,0.6046609380937644,0.905
screen,contrastive,gaussian_noise,1,common,fold-averaged,0.5446249999999999,0.5591170603178556,0.89
screen,contrastive,gaussian_noise,2,common,fold-averaged,0.5813749999999999,0.5848822306530724,0.86
screen,contrastive,gaussian_noise,3,common,fold-averaged,0.638625,0.6263927365563953,0.835
screen,contrastive,gaussian_noise,4,common,fold-averaged,0.708375,0.6833106735764303,0.725
screen,contrastive,gaussian_noise,5,common,fold-averaged,0.708375,0.6571009361953039,0.615
screen,contrastive,shot_noise,1,common,fold-averaged,0.535625,0.5500614904144111,0.9
screen,contrastive,shot_noise,2,common,fold-averaged,0.577125,0.5782271096825796,0.85
screen,contrastive,shot_noise,3,common,fold-averaged,0.619,0.6049362249445347,0.8150000000000001
screen,contrastive,shot_noise,4,common,fold-averaged,0.675,0.6454643623968603,0.7
screen,contrastive,shot_noise,5,common,fold-averaged,0.6925,0.642934304134932,0.6649999999999999
screen,contrastive,impulse_noise,1,common,fold-averaged,0.5535,0.5550044765045153,0.8800000000000001
screen,contrastive,impulse_noise,2,common,fold-averaged,0.599,0.5786179125595242,0.845
screen,contrastive,impulse_noise,3,common,fold-averaged,0.630625,0.6041484074339951,0.8549999999999999
screen,contrastive,impulse_noise,4,common,fold-averaged,0.6940000000000001,0.6607859914204001,0.7649999999999999
screen,contrastive,impulse_noise,5,common,fold-averaged,0.716875,0.6656579725368955,0.58
screen,contrastive,defocus_blur,1,common,fold-averaged,0.5191250000000001,0.5110371524972054,0.9
screen,contrastive,defocus_blur,2,common,fold-averaged,0.539875,0.5203452803576921,0.865
screen,contrastive,defocus_blur,3,common,fold-averaged,0.590625,0.5598044704864502,0.7900000000000001
screen,contrastive,defocus_blur,4,common,fold-averaged,0.6375000000000001,0.5884813200757308,0.725
screen,contrastive,defocus_blur,5,common,fold-averaged,0.666375,0.6099355394905889,0.6849999999999999
screen,contrastive,glass_blur,1,common,fold-averaged,0.5237499999999999,0.5183472570053169,0.905
screen,contrastive,glass_blur,2,common,fold-averaged,0.543875,0.5211154230115715,0.8700000000000001
screen,contrastive,glass_blur,3,common,fold-averaged,0.58425,0.5296205354368899,0.825
screen,contrastive,glass_blur,4,common,fold-averaged,0.6055,0.5477691575615855,0.7049999999999998
screen,contrastive,glass_blur,5,common,fold-averaged,0.60275,0.5458995529837142,0.7249999999999999
screen,contrastive,motion_blur,1,common,fold-averaged,0.5050000000000001,0.5029071363866273,0.9
screen,contrastive,motion_blur,2,common,fold-averaged,0.5278750000000001,0.5213518350103327,0.885
screen,contrastive,motion_blur,3,common,fold-averaged,0.592875,0.5711560214640674,0.8150000000000001
screen,contrastive,motion_blur,4,common,fold-averaged,0.67075,0.6264281936940449,0.805
screen,contrastive,motion_blur,5,common,fold-averaged,0.689125,0.6465023590907102,0.745
screen,contrastive,zoom_blur,1,common,fold-averaged,0.601375,0.5659709479548745,0.835
screen,contrastive,zoom_blur,2,common,fold-averaged,0.6276250000000001,0.5833075045755598,0.7849999999999999
screen,contrastive,zoom_blur,3,common,fold-averaged,0.642375,0.587767851671215,0.7449999999999999
screen,contrastive,zoom_blur,4,common,fold-averaged,0.666,0.5966142973371622,0.655
screen,contrastive,zoom_blur,5,common,fold-averaged,0.667375,0.5947319203564071,0.625
screen,contrastive,snow,1,common,fold-averaged,0.557,0.5652777465348523,0.89
screen,contrastive,snow,2,common,fold-averaged,0.6014999999999999,0.5907809841353725,0.8400000000000001
screen,contrastive,snow,3,common,fold-averaged,0.65575,0.6412474494124476,0.7899999999999999
screen,contrastive,snow,4,common,fold-averaged,0.6991249999999999,0.6733067387108225,0.74
screen,contrastive,snow,5,common,fold-averaged,0.646,0.6097862338889019,0.7449999999999999
screen,contrastive,frost,1,common,fold-averaged,0.5267499999999999,0.5341162867471064,0.9199999999999999
screen,contrastive,frost,2,common,fold-averaged,0.56025,0.5530802767155085,0.86
screen,contrastive,frost,3,common,fold-averaged,0.5746249999999999,0.5571827794913775,0.8550000000000001
screen,contrastive,frost,4,common,fold-averaged,0.5733750000000001,0.5637946198428707,0.845
screen,contrastive,frost,5,common,fold-averaged,0.6036249999999999,0.5781871516212755,0.795
screen,contrastive,fog,1,common,fold-averaged,0.49837500000000007,0.5152529782762432,0.9349999999999999
screen,contrastive,fog,2,common,fold-averaged,0.49662500000000004,0.5153150507720359,0.945
screen,contrastive,fog,3,common,fold-averaged,0.49775,0.5161160486353541,0.9499999999999998
screen,contrastive,fog,4,common,fold-averaged,0.5002500000000001,0.5120508847595943,0.945
screen,contrastive,fog,5,common,fold-averaged,0.5097499999999999,0.520987495420383,0.945
screen,contrastive,brightness,1,common,fold-averaged,0.5075,0.5238004947477632,0.9349999999999999
screen,contrastive,brightness,2,common,fold-averaged,0.51375,0.5334244345833158,0.9400000000000001
screen,contrastive,brightness,3,common,fold-averaged,0.525375,0.5347915621219592,0.93
screen,contrastive,brightness,4,common,fold-averaged,0.5347500000000001,0.5452890378393983,0.9200000000000002
screen,contrastive,brightness,5,common,fold-averaged,0.5443749999999999,0.5491249263662032,0.9099999999999999
screen,contrastive,contrast,1,common,fold-averaged,0.49574999999999997,0.5122457837070006,0.93
screen,contrastive,contrast,2,common,fold-averaged,0.49212500000000003,0.5104070975644464,0.945
screen,contrastive,contrast,3,common,fold-averaged,0.507625,0.5178298427053427,0.9200000000000002
screen,contrastive,contrast,4,common,fold-averaged,0.5478750000000001,0.5389540721950145,0.865
screen,contrastive,contrast,5,common,fold-averaged,0.6395,0.5923762200625866,0.805
screen,contrastive,elastic_transform,1,common,fold-averaged,0.508375,0.5112924314651183,0.9099999999999999
screen,contrastive,elastic_transform,2,common,fold-averaged,0.514375,0.5092495309539178,0.905
screen,contrastive,elastic_transform,3,common,fold-averaged,0.521875,0.5015814134729414,0.875
screen,contrastive,elastic_transform,4,common,fold-averaged,0.501625,0.4856958657311827,0.85
screen,contrastive,elastic_transform,5,common,fold-averaged,0.49574999999999997,0.47573281591730227,0.8299999999999998
screen,contrastive,pixelate,1,common,fold-averaged,0.547375,0.5594890856296066,0.89
screen,contrastive,pixelate,2,common,fold-averaged,0.562625,0.5681601676187313,0.85
screen,contrastive,pixelate,3,common,fold-averaged,0.5883750000000001,0.5535034888330561,0.78
screen,contrastive,pixelate,4,common,fold-averaged,0.595,0.5378488416375691,0.66
screen,contrastive,pixelate,5,common,fold-averaged,0.55375,0.5145145277397681,0.7699999999999999
screen,contrastive,jpeg_compression,1,common,fold-averaged,0.569,0.577700376059993,0.8700000000000001
screen,contrastive,jpeg_compression,2,common,fold-averaged,0.610625,0.6089118682028232,0.8549999999999999
screen,contrastive,jpeg_compression,3,common,fold-averaged,0.626625,0.6162923087964322,0.85
screen,contrastive,jpeg_compression,4,common,fold-averaged,0.6677500000000001,0.638022847725804,0.74
screen,contrastive,jpeg_compression,5,common,fold-averaged,0.688,0.6400014998577925,0.6649999999999999
screen,contrastive,speckle_noise,1,extra,fold-averaged,0.522375,0.5400436817671277,0.915
screen,contrastive,speckle_noise,2,extra,fold-averaged,0.5315000000000001,0.5417853786598503,0.8800000000000001
screen,contrastive,speckle_noise,3,extra,fold-averaged,0.572,0.5597533999494168,0.8299999999999998
screen,contrastive,speckle_noise,4,extra,fold-averaged,0.609375,0.5870792782192069,0.825
screen,contrastive,speckle_noise,5,extra,fold-averaged,0.6297499999999999,0.5939322984573556,0.775
screen,contrastive,gaussian_blur,1,extra,fold-averaged,0.49800000000000005,0.5086061528459702,0.9200000000000002
screen,contrastive,gaussian_blur,2,extra,fold-averaged,0.525625,0.5110133322016318,0.8700000000000001
screen,contrastive,gaussian_blur,3,extra,fold-averaged,0.5747500000000001,0.5445821917337123,0.845
screen,contrastive,gaussian_blur,4,extra,fold-averaged,0.61075,0.5656945336543796,0.8149999999999998
screen,contrastive,gaussian_blur,5,extra,fold-averaged,0.680625,0.6076298770476176,0.645
screen,contrastive,spatter,1,extra,fold-averaged,0.5153749999999999,0.5281015258299016,0.9049999999999999
screen,contrastive,spatter,2,extra,fold-averaged,0.5747500000000001,0.5766678197141777,0.8799999999999999
screen,contrastive,spatter,3,extra,fold-averaged,0.554875,0.5572235485856197,0.8699999999999999
screen,contrastive,spatter,4,extra,fold-averaged,0.63525,0.6592866261811267,0.8099999999999999
screen,contrastive,spatter,5,extra,fold-averaged,0.62525,0.6309876422310514,0.79
screen,contrastive,saturate,1,extra,fold-averaged,0.4886875,0.5074537469911823,0.9400000000000001
screen,contrastive,saturate,2,extra,fold-averaged,0.49393750000000003,0.5105707546563498,0.9299999999999999
screen,contrastive,saturate,3,extra,fold-averaged,0.5131875,0.5271374636807249,0.9400000000000001
screen,contrastive,saturate,4,extra,fold-averaged,0.523625,0.5297089877226401,0.9099999999999999
screen,contrastive,saturate,5,extra,fold-averaged,0.539375,0.5392243363522408,0.8949999999999999
screen,knn,gaussian_noise,1,common,pooled,0.4698,0.4592078256479903,0.895
screen,knn,gaussian_noise,2,common,pooled,0.47075,0.45321939253260246,0.88
screen,knn,gaussian_noise,3,common,pooled,0.482525,0.4530645871440848,0.81
screen,knn,gaussian_noise,4,common,pooled,0.50635,0.4570078554494449,0.755
screen,knn,gaussian_noise,5,common,pooled,0.572125,0.48645056456073,0.6
screen,knn,shot_noise,1,common,pooled,0.4731,0.4592660905496309,0.89
screen,knn,shot_noise,2,common,pooled,0.475875,0.4535592922588541,0.86
screen,knn,shot_noise,3,common,pooled,0.493525,0.45768886777104534,0.795
screen,knn,shot_noise,4,common,pooled,0.5516,0.4817673127239135,0.685
screen,knn,shot_noise,5,common,pooled,0.61025,0.5130340346024551,0.565
screen,knn,impulse_noise,1,common,pooled,0.724975,0.6792048514406103,0.75
screen,knn,impulse_noise,2,common,pooled,0.61435,0.5554874475926078,0.75
screen,knn,impulse_noise,3,common,pooled,0.5578,0.5014281889200747,0.76
screen,knn,impulse_noise,4,common,pooled,0.527125,0.46951734442660875,0.745
screen,knn,impulse_noise,5,common,pooled,0.573875,0.48904734201552325,0.595
screen,knn,defocus_blur,1,common,pooled,0.553325,0.5267256629910194,0.915
screen,knn,defocus_blur,2,common,pooled,0.589075,0.5516969303675725,0.91
screen,knn,defocus_blur,3,common,pooled,0.64755,0.5959015001330226,0.9
screen,knn,defocus_blur,4,common,pooled,0.694425,0.6425988595042704,0.87
screen,knn,defocus_blur,5,common,pooled,0.725675,0.6758882613534196,0.87
screen,knn,glass_blur,1,common,pooled,0.509325,0.4955681161925256,0.945
screen,knn,glass_blur,2,common,pooled,0.5478,0.519386074680001,0.935
screen,knn,glass_blur,3,common,pooled,0.5724,0.5327457467645618,0.93
screen,knn,glass_blur,4,common,pooled,0.5756,0.5270783881091535,0.915
screen,knn,glass_blur,5,common,pooled,0.624975,0.5695342007037096,0.9
screen,knn,motion_blur,1,common,pooled,0.539,0.5120459215008938,0.91
screen,knn,motion_blur,2,common,pooled,0.57985,0.5353484367854321,0.91
screen,knn,motion_blur,3,common,pooled,0.650475,0.600982744360009,0.86
screen,knn,motion_blur,4,common,pooled,0.701875,0.6538820802043571,0.795
screen,knn,motion_blur,5,common,pooled,0.72015,0.6835696117680927,0.8
screen,knn,zoom_blur,1,common,pooled,0.60365,0.5448798429086357,0.87
screen,knn,zoom_blur,2,common,pooled,0.62465,0.5577671208917505,0.87
screen,knn,zoom_blur,3,common,pooled,0.583225,0.517444511880758,0.865
screen,knn,zoom_blur,4,common,pooled,0.5908,0.5194019853734618,0.83
screen,knn,zoom_blur,5,common,pooled,0.566925,0.5002837517447477,0.87
screen,knn,snow,1,common,pooled,0.71935,0.7116150794433265,0.845
screen,knn,snow,2,common,pooled,0.6429,0.614343958365147,0.91
screen,knn,snow,3,common,pooled,0.745375,0.7347221485536715,0.86
screen,knn,snow,4,common,pooled,0.770525,0.7670840727986283,0.87
screen,knn,snow,5,common,pooled,0.644625,0.6107475175629543,0.935
screen,knn,frost,1,common,pooled,0.507975,0.4919086565257874,0.91
screen,knn,frost,2,common,pooled,0.53175,0.509163545350121,0.9
screen,knn,frost,3,common,pooled,0.548375,0.5215113606623286,0.87
screen,knn,frost,4,common,pooled,0.54705,0.5235448743505174,0.89
screen,knn,frost,5,common,pooled,0.562375,0.5318683566076189,0.87
screen,knn,fog,1,common,pooled,0.447425,0.46028892315477693,0.96
screen,knn,fog,2,common,pooled,0.44815,0.45678971426676174,0.96
screen,knn,fog,3,common,pooled,0.443525,0.45271994590309184,0.96
screen,knn,fog,4,common,pooled,0.4629,0.46061152695748975,0.955
screen,knn,fog,5,common,pooled,0.516,0.4823182507411279,0.89
screen,knn,brightness,1,common,pooled,0.48915,0.4943815915559626,0.955
screen,knn,brightness,2,common,pooled,0.493675,0.49512250998338503,0.95
screen,knn,brightness,3,common,pooled,0.50675,0.5016870921327048,0.95
screen,knn,brightness,4,common,pooled,0.5288,0.5157223862962439,0.935
screen,knn,brightness,5,common,pooled,0.55445,0.5354908535136091,0.935
screen,knn,contrast,1,common,pooled,0.4627,0.47124438191606155,0.96
screen,knn,contrast,2,common,pooled,0.460425,0.46778156595148157,0.96
screen,knn,contrast,3,common,pooled,0.46,0.46317047027322267,0.96
screen,knn,contrast,4,common,pooled,0.464825,0.4622518773624536,0.965
screen,knn,contrast,5,common,pooled,0.4137,0.43263837580485776,0.965
screen,knn,elastic_transform,1,common,pooled,0.6111,0.6015735265642064,0.95
screen,knn,elastic_transform,2,common,pooled,0.666325,0.6636011650155241,0.945
screen,knn,elastic_transform,3,common,pooled,0.7394,0.7544552969952372,0.9
screen,knn,elastic_transform,4,common,pooled,0.79255,0.8125677636904274,0.87
screen,knn,elastic_transform,5,common,pooled,0.84745,0.8730269715568304,0.85
screen,knn,pixelate,1,common,pooled,0.517625,0.5103698009466091,0.95
screen,knn,pixelate,2,common,pooled,0.54615,0.5368271510023195,0.92
screen,knn,pixelate,3,common,pooled,0.6627375,0.6558085552715801,0.88
screen,knn,pixelate,4,common,pooled,0.7556,0.7669688420207229,0.8
screen,knn,pixelate,5,common,pooled,0.811175,0.8283636256768144,0.75
screen,knn,jpeg_compression,1,common,pooled,0.590225,0.5326055940311376,0.775
screen,knn,jpeg_compression,2,common,pooled,0.6921,0.6112918761584367,0.575
screen,knn,jpeg_compression,3,common,pooled,0.7561,0.6780815225592866,0.53
screen,knn,jpeg_compression,4,common,pooled,0.8774,0.8414077549530116,0.42
screen,knn,jpeg_compression,5,common,pooled,0.932775,0.9272619240162145,0.255
screen,knn,speckle_noise,1,extra,pooled,0.4730875,0.4629929368328229,0.895
screen,knn,speckle_noise,2,extra,pooled,0.475875,0.45875942920511104,0.86
screen,knn,speckle_noise,3,extra,pooled,0.493625,0.4594542491500211,0.805
screen,knn,speckle_noise,4,extra,pooled,0.521,0.47109997332613723,0.775
screen,knn,speckle_noise,5,extra,pooled,0.5635,0.4908921503595741,0.69
screen,knn,gaussian_blur,1,extra,pooled,0.529175,0.5166668059598402,0.935
screen,knn,gaussian_blur,2,extra,pooled,0.587475,0.5515375425192338,0.91
screen,knn,gaussian_blur,3,extra,pooled,0.639725,0.590668143242725,0.905
screen,knn,gaussian_blur,4,extra,pooled,0.68705,0.634880586280815,0.89
screen,knn,gaussian_blur,5,extra,pooled,0.7659,0.7291786819517669,0.855
screen,knn,spatter,1,extra,pooled,0.61055,0.5913364368356965,0.835
screen,knn,spatter,2,extra,pooled,0.8362,0.8232511471467749,0.575
screen,knn,spatter,3,extra,pooled,0.793375,0.772083501969297,0.76
screen,knn,spatter,4,extra,pooled,0.93515,0.9326178509395111,0.325
screen,knn,spatter,5,extra,pooled,0.950775,0.942881178116153,0.16
screen,knn,saturate,1,extra,pooled,0.48105,0.4828145283073011,0.955
screen,knn,saturate,2,extra,pooled,0.4791125,0.47915792316703837,0.955
screen,knn,saturate,3,extra,pooled,0.5244625,0.515812022132757,0.915
screen,knn,saturate,4,extra,pooled,0.58425,0.5504306517864916,0.845
screen,knn,saturate,5,extra,pooled,0.636425,0.590279024902353,0.765
screen,discopatch,gaussian_noise,1,common,pooled,0.8777,0.8767430773635104,0.455
screen,discopatch,gaussian_noise,2,common,pooled,0.95445,0.9523648048125818,0.21
screen,discopatch,gaussian_noise,3,common,pooled,0.9901,0.9893018806378,0.05
screen,discopatch,gaussian_noise,4,common,pooled,0.99865,0.9986330847268257,0.02
screen,discopatch,gaussian_noise,5,common,pooled,1.0,1.0,0.0
screen,discopatch,shot_noise,1,common,pooled,0.870675,0.8634346866338409,0.43
screen,discopatch,shot_noise,2,common,pooled,0.945125,0.9412897466485369,0.23
screen,discopatch,shot_noise,3,common,pooled,0.9779,0.9763005814088351,0.095
screen,discopatch,shot_noise,4,common,pooled,0.991525,0.9912373325507887,0.05
screen,discopatch,shot_noise,5,common,pooled,0.99445,0.9944155686734897,0.03
screen,discopatch,impulse_noise,1,common,pooled,0.92425,0.9168552346867241,0.275
screen,discopatch,impulse_noise,2,common,pooled,0.982175,0.9807374142754859,0.085
screen,discopatch,impulse_noise,3,common,pooled,0.994125,0.9936967168111561,0.025
screen,discopatch,impulse_noise,4,common,pooled,1.0,1.0,0.0
screen,discopatch,impulse_noise,5,common,pooled,1.0,1.0,0.0
screen,discopatch,defocus_blur,1,common,pooled,0.652325,0.6256343594876579,0.8
screen,discopatch,defocus_blur,2,common,pooled,0.715375,0.6783997847774954,0.71
screen,discopatch,defocus_blur,3,common,pooled,0.782225,0.7384393021567863,0.575
screen,discopatch,defocus_blur,4,common,pooled,0.80975,0.7629501864305476,0.49
screen,discopatch,defocus_blur,5,common,pooled,0.827175,0.7799799932199276,0.46
screen,discopatch,glass_blur,1,common,pooled,0.672825,0.6406153757122205,0.775
screen,discopatch,glass_blur,2,common,pooled,0.76655,0.7328192841558203,0.69
screen,discopatch,glass_blur,3,common,pooled,0.87815,0.8515214172515195,0.395
screen,discopatch,glass_blur,4,common,pooled,0.905025,0.8851623602067278,0.31
screen,discopatch,glass_blur,5,common,pooled,0.929275,0.915607029654919,0.245
screen,discopatch,motion_blur,1,common,pooled,0.57935,0.5672159646451028,0.9
screen,discopatch,motion_blur,2,common,pooled,0.65605,0.6286730546100072,0.79
screen,discopatch,motion_blur,3,common,pooled,0.732425,0.6934084529822031,0.7
screen,discopatch,motion_blur,4,common,pooled,0.781375,0.7406054977353702,0.67
screen,discopatch,motion_blur,5,common,pooled,0.8139,0.7730631837352202,0.55
screen,discopatch,zoom_blur,1,common,pooled,0.7375,0.6999560832964997,0.695
screen,discopatch,zoom_blur,2,common,pooled,0.777025,0.7369558348056382,0.57
screen,discopatch,zoom_blur,3,common,pooled,0.8083,0.7689861458603893,0.49
screen,discopatch,zoom_blur,4,common,pooled,0.824525,0.7843331882952467,0.495
screen,discopatch,zoom_blur,5,common,pooled,0.8414,0.8054297267356836,0.445
screen,discopatch,snow,1,common,pooled,0.7517,0.6934557744305101,0.6
screen,discopatch,snow,2,common,pooled,0.84095,0.7962629187818002,0.42
screen,discopatch,snow,3,common,pooled,0.833975,0.7748063569847184,0.405
screen,discopatch,snow,4,common,pooled,0.8612,0.7991056875544156,0.33
screen,discopatch,snow,5,common,pooled,0.8339,0.7682651215452169,0.39
screen,discopatch,frost,1,common,pooled,0.66285,0.6200767113554315,0.745
screen,discopatch,frost,2,common,pooled,0.777625,0.7334318766056828,0.565
screen,discopatch,frost,3,common,pooled,0.8256,0.7807196647334471,0.475
screen,discopatch,frost,4,common,pooled,0.8441,0.8052762722376314,0.45
screen,discopatch,frost,5,common,pooled,0.873525,0.8337688832496168,0.355
screen,discopatch,fog,1,common,pooled,0.59705,0.5878524814159485,0.88
screen,discopatch,fog,2,common,pooled,0.644775,0.629588851987946,0.84
screen,discopatch,fog,3,common,pooled,0.7041,0.6868628271532004,0.76
screen,discopatch,fog,4,common,pooled,0.7535,0.7303104806859974,0.705
screen,discopatch,fog,5,common,pooled,0.833625,0.8187472262497137,0.485
screen,discopatch,brightness,1,common,pooled,0.49125,0.49589043823820494,0.95
screen,discopatch,brightness,2,common,pooled,0.494075,0.4923430372037044,0.92
screen,discopatch,brightness,3,common,pooled,0.5032,0.49252931606761285,0.875
screen,discopatch,brightness,4,common,pooled,0.51335,0.4924013241449482,0.86
screen,discopatch,brightness,5,common,pooled,0.51915,0.490926661613966,0.815
screen,discopatch,contrast,1,common,pooled,0.548025,0.5236573122784554,0.88
screen,discopatch,contrast,2,common,pooled,0.5707,0.5385163909995854,0.85
screen,discopatch,contrast,3,common,pooled,0.606975,0.5641183738486629,0.82
screen,discopatch,contrast,4,common,pooled,0.685475,0.6260742450401471,0.68
screen,discopatch,contrast,5,common,pooled,0.763875,0.7090838377737247,0.535
screen,discopatch,elastic_transform,1,common,pooled,0.61035,0.5845623190768559,0.81
screen,discopatch,elastic_transform,2,common,pooled,0.639,0.6033616477691938,0.76
screen,discopatch,elastic_transform,3,common,pooled,0.6734,0.6295240250387184,0.72
screen,discopatch,elastic_transform,4,common,pooled,0.694875,0.6422032073313116,0.69
screen,discopatch,elastic_transform,5,common,pooled,0.715175,0.6576094550514371,0.65
screen,discopatch,pixelate,1,common,pooled,0.547,0.5407306992710175,0.9
screen,discopatch,pixelate,2,common,pooled,0.555375,0.5477453788642735,0.9
screen,discopatch,pixelate,3,common,pooled,0.640475,0.6095597649601335,0.79
screen,discopatch,pixelate,4,common,pooled,0.712325,0.674424433418852,0.72
screen,discopatch,pixelate,5,common,pooled,0.7468,0.7052044633889878,0.67
screen,discopatch,jpeg_compression,1,common,pooled,0.630275,0.5782239835774332,0.76
screen,discopatch,jpeg_compression,2,common,pooled,0.639925,0.575701374393619,0.75
screen,discopatch,jpeg_compression,3,common,pooled,0.645225,0.5737327454054971,0.735
screen,discopatch,jpeg_compression,4,common,pooled,0.633075,0.5554787369244436,0.71
screen,discopatch,jpeg_compression,5,common,pooled,0.594375,0.5232397131669654,0.71
screen,discopatch,speckle_noise,1,extra,pooled,0.8045,0.7898858312677817,0.57
screen,discopatch,speckle_noise,2,extra,pooled,0.862125,0.84618200592244,0.42
screen,discopatch,speckle_noise,3,extra,pooled,0.942075,0.9337339324037943,0.22
screen,discopatch,speckle_noise,4,extra,pooled,0.961925,0.9568806894812404,0.165
screen,discopatch,speckle_noise,5,extra,pooled,0.975325,0.9724545669809592,0.115
screen,discopatch,gaussian_blur,1,extra,pooled,0.555325,0.5472151856658346,0.915
screen,discopatch,gaussian_blur,2,extra,pooled,0.703025,0.6689066636107356,0.74
screen,discopatch,gaussian_blur,3,extra,pooled,0.786875,0.7449261893146996,0.565
screen,discopatch,gaussian_blur,4,extra,pooled,0.823625,0.7796683685970403,0.465
screen,discopatch,gaussian_blur,5,extra,pooled,0.84775,0.8014714823270384,0.41
screen,discopatch,spatter,1,extra,pooled,0.5225,0.5186612393641014,0.92
screen,discopatch,spatter,2,extra,pooled,0.677175,0.6211070089789759,0.73
screen,discopatch,spatter,3,extra,pooled,0.806725,0.759760642343614,0.465
screen,discopatch,spatter,4,extra,pooled,0.8219,0.771473407117174,0.415
screen,discopatch,spatter,5,extra,pooled,0.882725,0.8373623995667181,0.265
screen,discopatch,saturate,1,extra,pooled,0.6545125,0.6259330111810559,0.76
screen,discopatch,saturate,2,extra,pooled,0.7646875,0.7312021074978728,0.585
screen,discopatch,saturate,3,extra,pooled,0.4664625,0.47819227986469187,0.955
screen,discopatch,saturate,4,extra,pooled,0.517375,0.49523282345316855,0.88
screen,discopatch,saturate,5,extra,pooled,0.5647,0.521512936260029,0.78
screen,hashemi,gaussian_noise,1,common,pooled,0.4477375,0.4567471377427821,0.955
screen,hashemi,gaussian_noise,2,common,pooled,0.4161875,0.4361458910170458,0.965
screen,hashemi,gaussian_noise,3,common,pooled,0.3951125,0.4261120723938773,0.97
screen,hashemi,gaussian_noise,4,common,pooled,0.4381375,0.44485733518806947,0.955
screen,hashemi,gaussian_noise,5,common,pooled,0.460425,0.45597859098581806,0.95
screen,hashemi,shot_noise,1,common,pooled,0.4341,0.451260844423404,0.955
screen,hashemi,shot_noise,2,common,pooled,0.4137375,0.4350931281066327,0.97
screen,hashemi,shot_noise,3,common,pooled,0.387975,0.4212304477447645,0.955
screen,hashemi,shot_noise,4,common,pooled,0.4314625,0.4355303012137866,0.94
screen,hashemi,shot_noise,5,common,pooled,0.452275,0.4466528211490114,0.955
screen,hashemi,impulse_noise,1,common,pooled,0.4289625,0.4463767520716989,0.955
screen,hashemi,impulse_noise,2,common,pooled,0.4235375,0.44090645872732925,0.965
screen,hashemi,impulse_noise,3,common,pooled,0.416575,0.4353784016188196,0.97
screen,hashemi,impulse_noise,4,common,pooled,0.4467875,0.44798147425768975,0.95
screen,hashemi,impulse_noise,5,common,pooled,0.4984875,0.4786347298067232,0.93
screen,hashemi,defocus_blur,1,common,pooled,0.39425,0.41885481523989254,0.97
screen,hashemi,defocus_blur,2,common,pooled,0.364075,0.4019142629862602,0.97
screen,hashemi,defocus_blur,3,common,pooled,0.350825,0.3928431937391398,0.955
screen,hashemi,defocus_blur,4,common,pooled,0.3773625,0.40449423253264394,0.95
screen,hashemi,defocus_blur,5,common,pooled,0.392625,0.41648522620012113,0.95
screen,hashemi,glass_blur,1,common,pooled,0.4014625,0.4218956272413719,0.955
screen,hashemi,glass_blur,2,common,pooled,0.3708,0.40499744729229853,0.97
screen,hashemi,glass_blur,3,common,pooled,0.37775,0.4105267981229857,0.955
screen,hashemi,glass_blur,4,common,pooled,0.3761375,0.40743954894749074,0.97
screen,hashemi,glass_blur,5,common,pooled,0.3583,0.3967391576251178,0.965
screen,hashemi,motion_blur,1,common,pooled,0.424625,0.4405090264001481,0.96
screen,hashemi,motion_blur,2,common,pooled,0.4013,0.4222247912994339,0.955
screen,hashemi,motion_blur,3,common,pooled,0.3907,0.41477077218717684,0.955
screen,hashemi,motion_blur,4,common,pooled,0.409075,0.4232444526518157,0.955
screen,hashemi,motion_blur,5,common,pooled,0.4298,0.4348249312261063,0.94
screen,hashemi,zoom_blur,1,common,pooled,0.3983625,0.4179989768089822,0.95
screen,hashemi,zoom_blur,2,common,pooled,0.4054875,0.41949226586342825,0.955
screen,hashemi,zoom_blur,3,common,pooled,0.4373,0.4378525090516584,0.925
screen,hashemi,zoom_blur,4,common,pooled,0.4514375,0.443449369551581,0.92
screen,hashemi,zoom_blur,5,common,pooled,0.4523375,0.44149026829761584,0.92
screen,hashemi,snow,1,common,pooled,0.4518625,0.4715959620459849,0.955
screen,hashemi,snow,2,common,pooled,0.41805,0.4431394739859352,0.985
screen,hashemi,snow,3,common,pooled,0.4719375,0.49197043464367995,0.965
screen,hashemi,snow,4,common,pooled,0.4644,0.48280421667011475,0.955
screen,hashemi,snow,5,common,pooled,0.4622875,0.4768511032911805,0.95
screen,hashemi,frost,1,common,pooled,0.45965,0.4719727131346467,0.96
screen,hashemi,frost,2,common,pooled,0.43035,0.45874246505271427,0.96
screen,hashemi,frost,3,common,pooled,0.418475,0.44550123075944914,0.96
screen,hashemi,frost,4,common,pooled,0.4194125,0.4430384052969621,0.97
screen,hashemi,frost,5,common,pooled,0.4067625,0.43551186904420125,0.965
screen,hashemi,fog,1,common,pooled,0.47615,0.4815757712642893,0.94
screen,hashemi,fog,2,common,pooled,0.4715,0.47724698656534015,0.95
screen,hashemi,fog,3,common,pooled,0.463675,0.467900277485393,0.95
screen,hashemi,fog,4,common,pooled,0.4554125,0.4629649603917595,0.95
screen,hashemi,fog,5,common,pooled,0.4358375,0.45011981292654846,0.96
screen,hashemi,brightness,1,common,pooled,0.50485,0.5107003806734575,0.93
screen,hashemi,brightness,2,common,pooled,0.508,0.5128868279832837,0.935
screen,hashemi,brightness,3,common,pooled,0.50235,0.5061681482654314,0.955
screen,hashemi,brightness,4,common,pooled,0.4987,0.4992670051003113,0.955
screen,hashemi,brightness,5,common,pooled,0.481875,0.4866284701496496,0.96
screen,hashemi,contrast,1,common,pooled,0.471325,0.4834047976199747,0.95
screen,hashemi,contrast,2,common,pooled,0.46045,0.47159957920998563,0.955
screen,hashemi,contrast,3,common,pooled,0.4399625,0.4520257554923137,0.955
screen,hashemi,contrast,4,common,pooled,0.3817375,0.41761591903287065,0.97
screen,hashemi,contrast,5,common,pooled,0.3664125,0.40698569789152017,0.975
screen,hashemi,elastic_transform,1,common,pooled,0.4844125,0.48200519790362834,0.95
screen,hashemi,elastic_transform,2,common,pooled,0.493275,0.4896863977286126,0.92
screen,hashemi,elastic_transform,3,common,pooled,0.5144,0.5174425569365211,0.93
screen,hashemi,elastic_transform,4,common,pooled,0.5312875,0.5382525148228311,0.935
screen,hashemi,elastic_transform,5,common,pooled,0.59075,0.60742103214367,0.935
screen,hashemi,pixelate,1,common,pooled,0.465975,0.46936929621455437,0.955
screen,hashemi,pixelate,2,common,pooled,0.4521375,0.45935179105402013,0.97
screen,hashemi,pixelate,3,common,pooled,0.4159375,0.4335829939599999,0.95
screen,hashemi,pixelate,4,common,pooled,0.390625,0.41376733863276943,0.935
screen,hashemi,pixelate,5,common,pooled,0.2985,0.37462343727020553,0.96
screen,hashemi,jpeg_compression,1,common,pooled,0.4188,0.4423568128387534,0.955
screen,hashemi,jpeg_compression,2,common,pooled,0.413875,0.4374093885098425,0.965
screen,hashemi,jpeg_compression,3,common,pooled,0.4186,0.43515451039481756,0.955
screen,hashemi,jpeg_compression,4,common,pooled,0.4452625,0.45131033696726003,0.955
screen,hashemi,jpeg_compression,5,common,pooled,0.477175,0.47050658574798,0.92
screen,hashemi,speckle_noise,1,extra,pooled,0.45305,0.46635808132439194,0.96
screen,hashemi,speckle_noise,2,extra,pooled,0.438875,0.45313664858373476,0.965
screen,hashemi,speckle_noise,3,extra,pooled,0.399775,0.4251790605257304,0.955
screen,hashemi,speckle_noise,4,extra,pooled,0.3969875,0.421486382810184,0.955
screen,hashemi,speckle_noise,5,extra,pooled,0.404325,0.4211500329667171,0.955
screen,hashemi,gaussian_blur,1,extra,pooled,0.42645,0.4421418415811208,0.955
screen,hashemi,gaussian_blur,2,extra,pooled,0.36315,0.4018009413751885,0.97
screen,hashemi,gaussian_blur,3,extra,pooled,0.346375,0.39183157746897246,0.97
screen,hashemi,gaussian_blur,4,extra,pooled,0.3560375,0.39579296851547235,0.955
screen,hashemi,gaussian_blur,5,extra,pooled,0.3913375,0.415763076852557,0.95
screen,hashemi,spatter,1,extra,pooled,0.493675,0.4972465625605548,0.955
screen,hashemi,spatter,2,extra,pooled,0.48635,0.4842698086881194,0.95
screen,hashemi,spatter,3,extra,pooled,0.4289375,0.4490360556955765,0.955
screen,hashemi,spatter,4,extra,pooled,0.5310375,0.4954781304020646,0.835
screen,hashemi,spatter,5,extra,pooled,0.4753625,0.45821181164133434,0.905
screen,hashemi,saturate,1,extra,pooled,0.4976,0.501369061927649,0.925
screen,hashemi,saturate,2,extra,pooled,0.4849125,0.49172977589041295,0.94
screen,hashemi,saturate,3,extra,pooled,0.4889875,0.4999396347744616,0.95
screen,hashemi,saturate,4,extra,pooled,0.47025,0.4785999407730055,0.955
screen,hashemi,saturate,5,extra,pooled,0.4609,0.47628642576255065,0.965
screen,hashemi_enc,gaussian_noise,1,common,pooled,0.33135,0.3917638519522642,0.965
screen,hashemi_enc,gaussian_noise,2,common,pooled,0.27025,0.3667530575579339,0.985
screen,hashemi_enc,gaussian_noise,3,common,pooled,0.193825,0.3425301653827591,0.99
screen,hashemi_enc,gaussian_noise,4,common,pooled,0.105875,0.3220528137868823,1.0
screen,hashemi_enc,gaussian_noise,5,common,pooled,0.03405,0.31082644872794224,1.0
screen,hashemi_enc,shot_noise,1,common,pooled,0.333225,0.395009124335844,0.97
screen,hashemi_enc,shot_noise,2,common,pooled,0.2744875,0.36968304874260993,0.985
screen,hashemi_enc,shot_noise,3,common,pooled,0.2082625,0.34664888839221053,0.995
screen,hashemi_enc,shot_noise,4,common,pooled,0.111375,0.3231502452937046,1.0
screen,hashemi_enc,shot_noise,5,common,pooled,0.062875,0.31467468350786726,1.0
screen,hashemi_enc,impulse_noise,1,common,pooled,0.349775,0.4049147279256496,0.96
screen,hashemi_enc,impulse_noise,2,common,pooled,0.2668375,0.366386928558002,0.985
screen,hashemi_enc,impulse_noise,3,common,pooled,0.21325,0.3482268920316716,0.99
screen,hashemi_enc,impulse_noise,4,common,pooled,0.110375,0.3228212151040049,1.0
screen,hashemi_enc,impulse_noise,5,common,pooled,0.0366375,0.31133366790269823,1.0
screen,hashemi_enc,defocus_blur,1,common,pooled,0.41965,0.43766112373281835,0.96
screen,hashemi_enc,defocus_blur,2,common,pooled,0.3858,0.41813082898057163,0.96
screen,hashemi_enc,defocus_blur,3,common,pooled,0.3255625,0.38897294086351103,0.96
screen,hashemi_enc,defocus_blur,4,common,pooled,0.2765,0.37165469809276186,0.965
screen,hashemi_enc,defocus_blur,5,common,pooled,0.233275,0.3590398006545341,0.97
screen,hashemi_enc,glass_blur,1,common,pooled,0.44065,0.45305142254318914,0.945
screen,hashemi_enc,glass_blur,2,common,pooled,0.384775,0.42009475462869195,0.96
screen,hashemi_enc,glass_blur,3,common,pooled,0.29485,0.38290481188620595,0.96
screen,hashemi_enc,glass_blur,4,common,pooled,0.2442,0.3634550285464677,0.965
screen,hashemi_enc,glass_blur,5,common,pooled,0.204125,0.3498199003883737,0.985
screen,hashemi_enc,motion_blur,1,common,pooled,0.4255875,0.44728233319279376,0.96
screen,hashemi_enc,motion_blur,2,common,pooled,0.3863,0.4251450408722004,0.965
screen,hashemi_enc,motion_blur,3,common,pooled,0.3553375,0.4022170802146496,0.96
screen,hashemi_enc,motion_blur,4,common,pooled,0.3059,0.38030324910026225,0.965
screen,hashemi_enc,motion_blur,5,common,pooled,0.289825,0.3741993106591087,0.965
screen,hashemi_enc,zoom_blur,1,common,pooled,0.3052,0.38119276074024894,0.985
screen,hashemi_enc,zoom_blur,2,common,pooled,0.2664,0.366204135285374,0.98
screen,hashemi_enc,zoom_blur,3,common,pooled,0.25365,0.36185522211062554,0.985
screen,hashemi_enc,zoom_blur,4,common,pooled,0.227525,0.35373374892025233,0.98
screen,hashemi_enc,zoom_blur,5,common,pooled,0.221,0.35212863686207363,0.985
screen,hashemi_enc,snow,1,common,pooled,0.437025,0.4496140393933559,0.945
screen,hashemi_enc,snow,2,common,pooled,0.3185875,0.3867166492645482,0.965
screen,hashemi_enc,snow,3,common,pooled,0.44245,0.4480913703594629,0.96
screen,hashemi_enc,snow,4,common,pooled,0.4441125,0.4459410182954248,0.935
screen,hashemi_enc,snow,5,common,pooled,0.3126125,0.38246532397368094,0.985
screen,hashemi_enc,frost,1,common,pooled,0.408075,0.42794441551943224,0.945
screen,hashemi_enc,frost,2,common,pooled,0.363825,0.4033375437734266,0.935
screen,hashemi_enc,frost,3,common,pooled,0.3484625,0.3963939091062691,0.945
screen,hashemi_enc,frost,4,common,pooled,0.35385,0.39845130579635546,0.96
screen,hashemi_enc,frost,5,common,pooled,0.328175,0.38769789267556487,0.96
screen,hashemi_enc,fog,1,common,pooled,0.5017375,0.5237330967357878,0.955
screen,hashemi_enc,fog,2,common,pooled,0.4891875,0.513330990055477,0.96
screen,hashemi_enc,fog,3,common,pooled,0.46965,0.4903735946171013,0.96
screen,hashemi_enc,fog,4,common,pooled,0.4257875,0.44429159358562914,0.96
screen,hashemi_enc,fog,5,common,pooled,0.339025,0.3998323284093396,0.965
screen,hashemi_enc,brightness,1,common,pooled,0.504275,0.503393600119082,0.94
screen,hashemi_enc,brightness,2,common,pooled,0.4992,0.49662851592987683,0.94
screen,hashemi_enc,brightness,3,common,pooled,0.486675,0.4837332387485703,0.94
screen,hashemi_enc,brightness,4,common,pooled,0.465025,0.46291006874945506,0.94
screen,hashemi_enc,brightness,5,common,pooled,0.439025,0.4454324692715035,0.955
screen,hashemi_enc,contrast,1,common,pooled,0.51465,0.5342717939683068,0.945
screen,hashemi_enc,contrast,2,common,pooled,0.5125375,0.534356236475009,0.955
screen,hashemi_enc,contrast,3,common,pooled,0.5028,0.5362565913154582,0.96
screen,hashemi_enc,contrast,4,common,pooled,0.4799875,0.533459368273379,0.96
screen,hashemi_enc,contrast,5,common,pooled,0.51085,0.5774996808716135,0.945
screen,hashemi_enc,elastic_transform,1,common,pooled,0.469925,0.4768342600662153,0.96
screen,hashemi_enc,elastic_transform,2,common,pooled,0.4531,0.46472014245657806,0.945
screen,hashemi_enc,elastic_transform,3,common,pooled,0.4224125,0.4431213430052977,0.945
screen,hashemi_enc,elastic_transform,4,common,pooled,0.3928125,0.42241401964181047,0.945
screen,hashemi_enc,elastic_transform,5,common,pooled,0.38065,0.4131969580780569,0.945
screen,hashemi_enc,pixelate,1,common,pooled,0.486325,0.48219693074418535,0.94
screen,hashemi_enc,pixelate,2,common,pooled,0.46595,0.46506425758996206,0.955
screen,hashemi_enc,pixelate,3,common,pooled,0.3769,0.4120740563452523,0.96
screen,hashemi_enc,pixelate,4,common,pooled,0.246725,0.3602395386585707,0.985
screen,hashemi_enc,pixelate,5,common,pooled,0.1481125,0.33190362349560787,1.0
screen,hashemi_enc,jpeg_compression,1,common,pooled,0.4053375,0.42744483085795526,0.96
screen,hashemi_enc,jpeg_compression,2,common,pooled,0.4242625,0.43671525996579874,0.935
screen,hashemi_enc,jpeg_compression,3,common,pooled,0.4319125,0.4388115421478589,0.92
screen,hashemi_enc,jpeg_compression,4,common,pooled,0.4604,0.45145435568722514,0.895
screen,hashemi_enc,jpeg_compression,5,common,pooled,0.4810875,0.45958965145906205,0.895
screen,hashemi_enc,speckle_noise,1,extra,pooled,0.35665,0.40720919132538885,0.965
screen,hashemi_enc,speckle_noise,2,extra,pooled,0.3233,0.38975298241332357,0.985
screen,hashemi_enc,speckle_noise,3,extra,pooled,0.25075,0.36062871411896835,0.99
screen,hashemi_enc,speckle_noise,4,extra,pooled,0.2106875,0.34748798814823206,1.0
screen,hashemi_enc,speckle_noise,5,extra,pooled,0.165725,0.3350964998560711,1.0
screen,hashemi_enc,gaussian_blur,1,extra,pooled,0.4566,0.4666448999638374,0.96
screen,hashemi_enc,gaussian_blur,2,extra,pooled,0.3825625,0.4171493630677965,0.96
screen,hashemi_enc,gaussian_blur,3,extra,pooled,0.3255,0.38985870222518254,0.96
screen,hashemi_enc,gaussian_blur,4,extra,pooled,0.2717125,0.36974138209757984,0.965
screen,hashemi_enc,gaussian_blur,5,extra,pooled,0.189525,0.3498424055486953,0.985
screen,hashemi_enc,spatter,1,extra,pooled,0.449075,0.46240465395943975,0.96
screen,hashemi_enc,spatter,2,extra,pooled,0.5076,0.5019007127578233,0.935
screen,hashemi_enc,spatter,3,extra,pooled,0.446275,0.4504294020900218,0.93
screen,hashemi_enc,spatter,4,extra,pooled,0.658975,0.6724754522949231,0.815
screen,hashemi_enc,spatter,5,extra,pooled,0.597025,0.6073127910292195,0.875
screen,hashemi_enc,saturate,1,extra,pooled,0.487425,0.48960924071080236,0.95
screen,hashemi_enc,saturate,2,extra,pooled,0.468225,0.47297195609452924,0.955
screen,hashemi_enc,saturate,3,extra,pooled,0.4746125,0.47202916394114447,0.945
screen,hashemi_enc,saturate,4,extra,pooled,0.4350125,0.44896522954132595,0.95
screen,hashemi_enc,saturate,5,extra,pooled,0.433975,0.4527334927266141,0.95
screen,cdf,gaussian_noise,1,common,pooled,0.8902,0.8267637564586479,0.26
screen,cdf,gaussian_noise,2,common,pooled,0.959675,0.9347623579132368,0.1
screen,cdf,gaussian_noise,3,common,pooled,0.99275,0.9902835037774271,0.02
screen,cdf,gaussian_noise,4,common,pooled,0.999725,0.9997193146755682,0.005
screen,cdf,gaussian_noise,5,common,pooled,1.0,1.0,0.0
screen,cdf,shot_noise,1,common,pooled,0.8686,0.8186575820107771,0.33
screen,cdf,shot_noise,2,common,pooled,0.9532,0.9334268665161486,0.105
screen,cdf,shot_noise,3,common,pooled,0.9883,0.9849582117178234,0.025
screen,cdf,shot_noise,4,common,pooled,0.9993,0.9992944781467757,0.005
screen,cdf,shot_noise,5,common,pooled,0.9999,0.9998997462247162,0.0
screen,cdf,impulse_noise,1,common,pooled,0.96345,0.9441264468496307,0.09
screen,cdf,impulse_noise,2,common,pooled,0.983225,0.9749239008258759,0.05
screen,cdf,impulse_noise,3,common,pooled,0.99255,0.9895110100039299,0.02
screen,cdf,impulse_noise,4,common,pooled,0.999975,0.9999751243781094,0.0
screen,cdf,impulse_noise,5,common,pooled,1.0,1.0,0.0
screen,cdf,defocus_blur,1,common,pooled,0.807475,0.7341808667043878,0.45
screen,cdf,defocus_blur,2,common,pooled,0.87965,0.812146365071364,0.29
screen,cdf,defocus_blur,3,common,pooled,0.933525,0.8869179374055712,0.12
screen,cdf,defocus_blur,4,common,pooled,0.96005,0.9318112576843534,0.09
screen,cdf,defocus_blur,5,common,pooled,0.9771,0.9597624200217286,0.05
screen,cdf,glass_blur,1,common,pooled,0.6953,0.6411194429533663,0.725
screen,cdf,glass_blur,2,common,pooled,0.809975,0.7363239378010256,0.42
screen,cdf,glass_blur,3,common,pooled,0.900925,0.8314791697346691,0.215
screen,cdf,glass_blur,4,common,pooled,0.92465,0.8693081119857553,0.13
screen,cdf,glass_blur,5,common,pooled,0.95725,0.9243751977919819,0.09
screen,cdf,motion_blur,1,common,pooled,0.70895,0.65315193315505,0.74
screen,cdf,motion_blur,2,common,pooled,0.807325,0.7452419231884287,0.4
screen,cdf,motion_blur,3,common,pooled,0.888475,0.8366514961454734,0.295
screen,cdf,motion_blur,4,common,pooled,0.93325,0.8972002224444091,0.155
screen,cdf,motion_blur,5,common,pooled,0.952375,0.926119785210283,0.115
screen,cdf,zoom_blur,1,common,pooled,0.794675,0.7241485915699174,0.445
screen,cdf,zoom_blur,2,common,pooled,0.850925,0.7806898253418575,0.33
screen,cdf,zoom_blur,3,common,pooled,0.819075,0.7544556776894145,0.405
screen,cdf,zoom_blur,4,common,pooled,0.8527,0.7880689689558499,0.33
screen,cdf,zoom_blur,5,common,pooled,0.833325,0.7713786330544699,0.4
screen,cdf,snow,1,common,pooled,0.8475,0.7750485520729503,0.35
screen,cdf,snow,2,common,pooled,0.919725,0.8855956336865507,0.265
screen,cdf,snow,3,common,pooled,0.914475,0.8698250412711028,0.235
screen,cdf,snow,4,common,pooled,0.939,0.906928032354337,0.135
screen,cdf,snow,5,common,pooled,0.93,0.9029822744345405,0.225
screen,cdf,frost,1,common,pooled,0.551625,0.5358000831535092,0.87
screen,cdf,frost,2,common,pooled,0.665475,0.6083605618719828,0.79
screen,cdf,frost,3,common,pooled,0.7367,0.6625689954272366,0.685
screen,cdf,frost,4,common,pooled,0.753625,0.6779669738156356,0.705
screen,cdf,frost,5,common,pooled,0.79,0.7096464429462852,0.525
screen,cdf,fog,1,common,pooled,0.654475,0.6226366503505649,0.825
screen,cdf,fog,2,common,pooled,0.708125,0.667933401456583,0.74
screen,cdf,fog,3,common,pooled,0.7477,0.7015457019443838,0.685
screen,cdf,fog,4,common,pooled,0.744275,0.6884168519555414,0.69
screen,cdf,fog,5,common,pooled,0.77205,0.7087130470822528,0.555
screen,cdf,brightness,1,common,pooled,0.513225,0.5219730248364258,0.945
screen,cdf,brightness,2,common,pooled,0.550025,0.5485060976209644,0.94
screen,cdf,brightness,3,common,pooled,0.59605,0.5804283649261643,0.885
screen,cdf,brightness,4,common,pooled,0.650975,0.6212894644416352,0.825
screen,cdf,brightness,5,common,pooled,0.7078,0.6667122089991151,0.71
screen,cdf,contrast,1,common,pooled,0.681225,0.6547760819289632,0.79
screen,cdf,contrast,2,common,pooled,0.764475,0.7259897082726717,0.675
screen,cdf,contrast,3,common,pooled,0.860525,0.8230878090234934,0.365
screen,cdf,contrast,4,common,pooled,0.95525,0.9387309129586654,0.12
screen,cdf,contrast,5,common,pooled,0.991375,0.9889366660193599,0.025
screen,cdf,elastic_transform,1,common,pooled,0.52915,0.5222052991790207,0.945
screen,cdf,elastic_transform,2,common,pooled,0.56385,0.5427980041370724,0.9
screen,cdf,elastic_transform,3,common,pooled,0.6233,0.5799093444081356,0.825
screen,cdf,elastic_transform,4,common,pooled,0.668275,0.6137854049404774,0.745
screen,cdf,elastic_transform,5,common,pooled,0.72625,0.6566972493851289,0.595
screen,cdf,pixelate,1,common,pooled,0.5866,0.5586581171880297,0.875
screen,cdf,pixelate,2,common,pooled,0.641775,0.598238738776236,0.82
screen,cdf,pixelate,3,common,pooled,0.814175,0.7477456200466316,0.42
screen,cdf,pixelate,4,common,pooled,0.923375,0.8853389798668189,0.185
screen,cdf,pixelate,5,common,pooled,0.96535,0.9499911622615043,0.1
screen,cdf,jpeg_compression,1,common,pooled,0.648175,0.5822237623539959,0.755
screen,cdf,jpeg_compression,2,common,pooled,0.747425,0.6557872219112209,0.555
screen,cdf,jpeg_compression,3,common,pooled,0.8031,0.7066345442292318,0.415
screen,cdf,jpeg_compression,4,common,pooled,0.895225,0.8197226249044709,0.235
screen,cdf,jpeg_compression,5,common,pooled,0.938725,0.8910024356981804,0.12
screen,cdf,speckle_noise,1,extra,pooled,0.774675,0.7312732371539046,0.575
screen,cdf,speckle_noise,2,extra,pooled,0.853875,0.8181093239521211,0.39
screen,cdf,speckle_noise,3,extra,pooled,0.95695,0.9479831238996558,0.135
screen,cdf,speckle_noise,4,extra,pooled,0.979875,0.9772657414706104,0.1
screen,cdf,speckle_noise,5,extra,pooled,0.99215,0.9916557046379976,0.05
screen,cdf,gaussian_blur,1,extra,pooled,0.661275,0.6128647544157513,0.78
screen,cdf,gaussian_blur,2,extra,pooled,0.87175,0.8034496166473092,0.295
screen,cdf,gaussian_blur,3,extra,pooled,0.934275,0.8871324716864082,0.12
screen,cdf,gaussian_blur,4,extra,pooled,0.961725,0.9340294764019855,0.085
screen,cdf,gaussian_blur,5,extra,pooled,0.98765,0.9776167884147378,0.025
screen,cdf,spatter,1,extra,pooled,0.495575,0.49061338098385165,0.945
screen,cdf,spatter,2,extra,pooled,0.753025,0.6532029405991704,0.52
screen,cdf,spatter,3,extra,pooled,0.873375,0.7872025663821529,0.295
screen,cdf,spatter,4,extra,pooled,0.952975,0.9378457448468538,0.13
screen,cdf,spatter,5,extra,pooled,0.980175,0.9758386936698976,0.08
screen,cdf,saturate,1,extra,pooled,0.5194125,0.5221199632677245,0.945
screen,cdf,saturate,2,extra,pooled,0.5738625,0.551820647214822,0.865
screen,cdf,saturate,3,extra,pooled,0.5769875,0.5488824546365482,0.87
screen,cdf,saturate,4,extra,pooled,0.69215,0.6273041448678941,0.74
screen,cdf,saturate,5,extra,pooled,0.765325,0.7019620720436736,0.615
screen,cdf_sum,gaussian_noise,1,common,pooled,0.79175,0.7263866312430429,0.49
screen,cdf_sum,gaussian_noise,2,common,pooled,0.89965,0.8532065120462348,0.27
screen,cdf_sum,gaussian_noise,3,common,pooled,0.96495,0.953979637114658,0.1
screen,cdf_sum,gaussian_noise,4,common,pooled,0.995475,0.9951825158185316,0.025
screen,cdf_sum,gaussian_noise,5,common,pooled,1.0,1.0,0.0
screen,cdf_sum,shot_noise,1,common,pooled,0.7692,0.7181502568331947,0.535
screen,cdf_sum,shot_noise,2,common,pooled,0.890125,0.8509834733412904,0.3
screen,cdf_sum,shot_noise,3,common,pooled,0.95505,0.941817662027998,0.125
screen,cdf_sum,shot_noise,4,common,pooled,0.99485,0.9946758627153968,0.03
screen,cdf_sum,shot_noise,5,common,pooled,0.999375,0.9993841185653631,0.0
screen,cdf_sum,impulse_noise,1,common,pooled,0.912175,0.8744095758624277,0.22
screen,cdf_sum,impulse_noise,2,common,pooled,0.945175,0.9240018518470174,0.13
screen,cdf_sum,impulse_noise,3,common,pooled,0.969025,0.9598334475726834,0.08
screen,cdf_sum,impulse_noise,4,common,pooled,0.997475,0.9973705276619458,0.015
screen,cdf_sum,impulse_noise,5,common,pooled,1.0,1.0,0.0
screen,cdf_sum,defocus_blur,1,common,pooled,0.705675,0.6480297366913903,0.725
screen,cdf_sum,defocus_blur,2,common,pooled,0.781825,0.7124229127990718,0.495
screen,cdf_sum,defocus_blur,3,common,pooled,0.865475,0.7968070659511233,0.315
screen,cdf_sum,defocus_blur,4,common,pooled,0.91545,0.8612620286832535,0.155
screen,cdf_sum,defocus_blur,5,common,pooled,0.94165,0.9049221074580254,0.115
screen,cdf_sum,glass_blur,1,common,pooled,0.623475,0.599107231984567,0.86
screen,cdf_sum,glass_blur,2,common,pooled,0.732075,0.6789813980626472,0.65
screen,cdf_sum,glass_blur,3,common,pooled,0.88255,0.8164545702258093,0.27
screen,cdf_sum,glass_blur,4,common,pooled,0.910875,0.8525639334114755,0.165
screen,cdf_sum,glass_blur,5,common,pooled,0.9392,0.8979466126998044,0.12
screen,cdf_sum,motion_blur,1,common,pooled,0.623725,0.5910496674244305,0.855
screen,cdf_sum,motion_blur,2,common,pooled,0.706925,0.6564967294951083,0.645
screen,cdf_sum,motion_blur,3,common,pooled,0.803225,0.7452977645834082,0.465
screen,cdf_sum,motion_blur,4,common,pooled,0.88015,0.8304119801799398,0.33
screen,cdf_sum,motion_blur,5,common,pooled,0.911925,0.8703961610090613,0.22
screen,cdf_sum,zoom_blur,1,common,pooled,0.7345,0.6685146474547126,0.595
screen,cdf_sum,zoom_blur,2,common,pooled,0.80395,0.72806339198514,0.42
screen,cdf_sum,zoom_blur,3,common,pooled,0.7884,0.7200194558219069,0.455
screen,cdf_sum,zoom_blur,4,common,pooled,0.826,0.7533549916729745,0.37
screen,cdf_sum,zoom_blur,5,common,pooled,0.81745,0.7473203128662883,0.42
screen,cdf_sum,snow,1,common,pooled,0.769575,0.7043207873557626,0.51
screen,cdf_sum,snow,2,common,pooled,0.864325,0.8214254709300584,0.385
screen,cdf_sum,snow,3,common,pooled,0.86265,0.8119277771732734,0.37
screen,cdf_sum,snow,4,common,pooled,0.901,0.861769989304213,0.285
screen,cdf_sum,snow,5,common,pooled,0.8925,0.8591271524691,0.335
screen,cdf_sum,frost,1,common,pooled,0.533725,0.5339375319294046,0.915
screen,cdf_sum,frost,2,common,pooled,0.6543,0.6195149280699589,0.865
screen,cdf_sum,frost,3,common,pooled,0.731975,0.6888993213365219,0.755
screen,cdf_sum,frost,4,common,pooled,0.751,0.7026037388588457,0.795
screen,cdf_sum,frost,5,common,pooled,0.7944,0.7442270855613808,0.58
screen,cdf_sum,fog,1,common,pooled,0.597625,0.5845233058823098,0.875
screen,cdf_sum,fog,2,common,pooled,0.63415,0.6118806136915438,0.855
screen,cdf_sum,fog,3,common,pooled,0.662875,0.6325959307882876,0.805
screen,cdf_sum,fog,4,common,pooled,0.655925,0.6201466920683263,0.845
screen,cdf_sum,fog,5,common,pooled,0.67975,0.6304131493577669,0.765
screen,cdf_sum,brightness,1,common,pooled,0.506175,0.5170421692136844,0.95
screen,cdf_sum,brightness,2,common,pooled,0.530275,0.537394315732862,0.95
screen,cdf_sum,brightness,3,common,pooled,0.56445,0.5634914474890311,0.92
screen,cdf_sum,brightness,4,common,pooled,0.612375,0.5999196110556451,0.875
screen,cdf_sum,brightness,5,common,pooled,0.666075,0.6407799852075876,0.835
screen,cdf_sum,contrast,1,common,pooled,0.62425,0.6117991308725522,0.875
screen,cdf_sum,contrast,2,common,pooled,0.688425,0.6636945039956889,0.8
screen,cdf_sum,contrast,3,common,pooled,0.776,0.7389369856561376,0.59
screen,cdf_sum,contrast,4,common,pooled,0.901025,0.8734107409746157,0.315
screen,cdf_sum,contrast,5,common,pooled,0.972975,0.9679729959578937,0.105
screen,cdf_sum,elastic_transform,1,common,pooled,0.526525,0.5273757117847393,0.915
screen,cdf_sum,elastic_transform,2,common,pooled,0.56965,0.5510608953593603,0.87
screen,cdf_sum,elastic_transform,3,common,pooled,0.642125,0.598161602660902,0.84
screen,cdf_sum,elastic_transform,4,common,pooled,0.69695,0.6385766835431187,0.7
screen,cdf_sum,elastic_transform,5,common,pooled,0.765325,0.6968489478708607,0.575
screen,cdf_sum,pixelate,1,common,pooled,0.5502,0.5408937711805083,0.91
screen,cdf_sum,pixelate,2,common,pooled,0.59535,0.5722082254722597,0.87
screen,cdf_sum,pixelate,3,common,pooled,0.76285,0.7141422537242217,0.595
screen,cdf_sum,pixelate,4,common,pooled,0.903475,0.8681794974901806,0.26
screen,cdf_sum,pixelate,5,common,pooled,0.95555,0.9403269960046599,0.12
screen,cdf_sum,jpeg_compression,1,common,pooled,0.591975,0.5454121105609424,0.865
screen,cdf_sum,jpeg_compression,2,common,pooled,0.6772,0.6023735736610385,0.755
screen,cdf_sum,jpeg_compression,3,common,pooled,0.7384,0.6520283463939786,0.595
screen,cdf_sum,jpeg_compression,4,common,pooled,0.852025,0.7656519667181609,0.345
screen,cdf_sum,jpeg_compression,5,common,pooled,0.912475,0.8475260604016588,0.195
screen,cdf_sum,speckle_noise,1,extra,pooled,0.6845,0.6547234083082197,0.755
screen,cdf_sum,speckle_noise,2,extra,pooled,0.762125,0.7240140913789361,0.62
screen,cdf_sum,speckle_noise,3,extra,pooled,0.904225,0.8826562211072221,0.3
screen,cdf_sum,speckle_noise,4,extra,pooled,0.9453,0.9358277017350051,0.15
screen,cdf_sum,speckle_noise,5,extra,pooled,0.9745,0.9723495519394354,0.11
screen,cdf_sum,gaussian_blur,1,extra,pooled,0.5997,0.57367155527298,0.865
screen,cdf_sum,gaussian_blur,2,extra,pooled,0.772475,0.7049859132926971,0.53
screen,cdf_sum,gaussian_blur,3,extra,pooled,0.864875,0.795159072351153,0.325
screen,cdf_sum,gaussian_blur,4,extra,pooled,0.916325,0.8622992643025662,0.155
screen,cdf_sum,gaussian_blur,5,extra,pooled,0.9632,0.9446976465824208,0.08
screen,cdf_sum,spatter,1,extra,pooled,0.497975,0.4926011533223372,0.945
screen,cdf_sum,spatter,2,extra,pooled,0.710525,0.6307188612868604,0.645
screen,cdf_sum,spatter,3,extra,pooled,0.80695,0.7255676801647507,0.435
screen,cdf_sum,spatter,4,extra,pooled,0.9122,0.8806988956413324,0.245
screen,cdf_sum,spatter,5,extra,pooled,0.9552,0.9412336414049679,0.13
screen,cdf_sum,saturate,1,extra,pooled,0.4968375,0.5093468453064335,0.945
screen,cdf_sum,saturate,2,extra,pooled,0.5265625,0.5257847294301112,0.905
screen,cdf_sum,saturate,3,extra,pooled,0.5454125,0.5247893601267537,0.915
screen,cdf_sum,saturate,4,extra,pooled,0.627025,0.5798552850467448,0.845
screen,cdf_sum,saturate,5,extra,pooled,0.69395,0.6378527312447719,0.78
screen,niqe,gaussian_noise,1,common,pooled,0.915125,0.8379392430335039,0.21
screen,niqe,gaussian_noise,2,common,pooled,0.9642,0.9173619672471238,0.085
screen,niqe,gaussian_noise,3,common,pooled,0.986775,0.9682052826994175,0.025
screen,niqe,gaussian_noise,4,common,pooled,0.9992,0.9991526892044864,0.005
screen,niqe,gaussian_noise,5,common,pooled,1.0,1.0,0.0
screen,niqe,shot_noise,1,common,pooled,0.8846,0.8044720262130943,0.335
screen,niqe,shot_noise,2,common,pooled,0.95065,0.9005736476604473,0.11
screen,niqe,shot_noise,3,common,pooled,0.977775,0.9521021593052018,0.05
screen,niqe,shot_noise,4,common,pooled,0.995225,0.9937070095780122,0.015
screen,niqe,shot_noise,5,common,pooled,0.9994,0.999380427067053,0.005
screen,niqe,impulse_noise,1,common,pooled,0.993125,0.9926348081456111,0.035
screen,niqe,impulse_noise,2,common,pooled,0.9978,0.9976958851452714,0.015
screen,niqe,impulse_noise,3,common,pooled,0.99855,0.9984756243904352,0.01
screen,niqe,impulse_noise,4,common,pooled,0.999075,0.9990358565810495,0.01
screen,niqe,impulse_noise,5,common,pooled,0.999025,0.9989467783488137,0.005
screen,niqe,defocus_blur,1,common,pooled,0.996825,0.9962499880897125,0.01
screen,niqe,defocus_blur,2,common,pooled,0.99975,0.9997469050241016,0.0
screen,niqe,defocus_blur,3,common,pooled,0.999875,0.9998751168961117,0.0
screen,niqe,defocus_blur,4,common,pooled,1.0,1.0,0.0
screen,niqe,defocus_blur,5,common,pooled,1.0,1.0,0.0
screen,niqe,glass_blur,1,common,pooled,0.974575,0.9385613414932636,0.04
screen,niqe,glass_blur,2,common,pooled,0.990875,0.9767856457797549,0.01
screen,niqe,glass_blur,3,common,pooled,0.990325,0.9742816534688724,0.015
screen,niqe,glass_blur,4,common,pooled,0.99135,0.9798414586063487,0.01
screen,niqe,glass_blur,5,common,pooled,0.999925,0.9999249987499687,0.0
screen,niqe,motion_blur,1,common,pooled,0.96605,0.9359537957300333,0.085
screen,niqe,motion_blur,2,common,pooled,0.97725,0.9575121536197871,0.055
screen,niqe,motion_blur,3,common,pooled,0.983925,0.9733331310628878,0.035
screen,niqe,motion_blur,4,common,pooled,0.987125,0.9798977273349426,0.035
screen,niqe,motion_blur,5,common,pooled,0.9877,0.9810825332160377,0.035
screen,niqe,zoom_blur,1,common,pooled,0.905925,0.8765949061462679,0.35
screen,niqe,zoom_blur,2,common,pooled,0.925425,0.9009936131220284,0.26
screen,niqe,zoom_blur,3,common,pooled,0.899525,0.8601450196635785,0.335
screen,niqe,zoom_blur,4,common,pooled,0.913725,0.878801473974444,0.295
screen,niqe,zoom_blur,5,common,pooled,0.864825,0.8189023483877922,0.4
screen,niqe,snow,1,common,pooled,0.8994,0.8704701701448602,0.38
screen,niqe,snow,2,common,pooled,0.9669,0.9485237400679633,0.085
screen,niqe,snow,3,common,pooled,0.9454,0.9140998931954,0.165
screen,niqe,snow,4,common,pooled,0.966675,0.9436059575025584,0.085
screen,niqe,snow,5,common,pooled,0.984,0.9758553619746227,0.04
screen,niqe,frost,1,common,pooled,0.47135,0.4864097631655572,0.955
screen,niqe,frost,2,common,pooled,0.60595,0.5664722058857425,0.85
screen,niqe,frost,3,common,pooled,0.706425,0.6472760421289877,0.7
screen,niqe,frost,4,common,pooled,0.7047,0.6569271893466782,0.71
screen,niqe,frost,5,common,pooled,0.7478,0.697089848095274,0.7
screen,niqe,fog,1,common,pooled,0.65415,0.649881053480593,0.865
screen,niqe,fog,2,common,pooled,0.69945,0.693698358509313,0.84
screen,niqe,fog,3,common,pooled,0.74325,0.7367651565833293,0.79
screen,niqe,fog,4,common,pooled,0.75465,0.7457025022241566,0.765
screen,niqe,fog,5,common,pooled,0.78275,0.7684911889258166,0.725
screen,niqe,brightness,1,common,pooled,0.478975,0.49135789089741055,0.95
screen,niqe,brightness,2,common,pooled,0.457175,0.48195387615864543,0.95
screen,niqe,brightness,3,common,pooled,0.44665,0.47932096077678965,0.945
screen,niqe,brightness,4,common,pooled,0.451825,0.48398150274502894,0.95
screen,niqe,brightness,5,common,pooled,0.46415,0.49094789953315565,0.95
screen,niqe,contrast,1,common,pooled,0.641575,0.6345853519092429,0.875
screen,niqe,contrast,2,common,pooled,0.707825,0.6980573249710806,0.815
screen,niqe,contrast,3,common,pooled,0.80345,0.7899908309323754,0.685
screen,niqe,contrast,4,common,pooled,0.9289,0.9159534809803247,0.315
screen,niqe,contrast,5,common,pooled,0.985075,0.9821693122053803,0.07
screen,niqe,elastic_transform,1,common,pooled,0.57775,0.5507975559822378,0.85
screen,niqe,elastic_transform,2,common,pooled,0.556425,0.5359965870367065,0.855
screen,niqe,elastic_transform,3,common,pooled,0.533025,0.5178053140804788,0.87
screen,niqe,elastic_transform,4,common,pooled,0.5176,0.508678522011598,0.9
screen,niqe,elastic_transform,5,common,pooled,0.508,0.4971020685721851,0.895
screen,niqe,pixelate,1,common,pooled,0.946325,0.8859000127367855,0.11
screen,niqe,pixelate,2,common,pooled,0.939975,0.8985268255493023,0.155
screen,niqe,pixelate,3,common,pooled,0.96705,0.9446230672509007,0.085
screen,niqe,pixelate,4,common,pooled,0.99335,0.9903615991164352,0.015
screen,niqe,pixelate,5,common,pooled,0.99305,0.9881262954182419,0.01
screen,niqe,jpeg_compression,1,common,pooled,0.9067,0.8766994000720557,0.305
screen,niqe,jpeg_compression,2,common,pooled,0.9535,0.9352624158144371,0.135
screen,niqe,jpeg_compression,3,common,pooled,0.966825,0.9537829091047183,0.11
screen,niqe,jpeg_compression,4,common,pooled,0.9869,0.9833222677986371,0.04
screen,niqe,jpeg_compression,5,common,pooled,0.9952,0.994500295603813,0.025
screen,niqe,speckle_noise,1,extra,pooled,0.766275,0.695843040813763,0.63
screen,niqe,speckle_noise,2,extra,pooled,0.8336,0.7637620354305116,0.49
screen,niqe,speckle_noise,3,extra,pooled,0.92955,0.8844970367555134,0.205
screen,niqe,speckle_noise,4,extra,pooled,0.95495,0.9250566228778887,0.12
screen,niqe,speckle_noise,5,extra,pooled,0.973125,0.9593472757560316,0.085
screen,niqe,gaussian_blur,1,extra,pooled,0.98235,0.9575348879323597,0.025
screen,niqe,gaussian_blur,2,extra,pooled,0.999975,0.9999751243781094,0.0
screen,niqe,gaussian_blur,3,extra,pooled,1.0,1.0,0.0
screen,niqe,gaussian_blur,4,extra,pooled,1.0,1.0,0.0
screen,niqe,gaussian_blur,5,extra,pooled,1.0,1.0,0.0
screen,niqe,spatter,1,extra,pooled,0.5014,0.5042624655732776,0.945
screen,niqe,spatter,2,extra,pooled,0.71265,0.6673432483733943,0.735
screen,niqe,spatter,3,extra,pooled,0.86795,0.8300172566201434,0.43
screen,niqe,spatter,4,extra,pooled,0.7718,0.7012015290801428,0.595
screen,niqe,spatter,5,extra,pooled,0.89875,0.8453403602107231,0.3
screen,niqe,saturate,1,extra,pooled,0.4678875,0.47680910882027905,0.955
screen,niqe,saturate,2,extra,pooled,0.4561375,0.46730559113716075,0.955
screen,niqe,saturate,3,extra,pooled,0.4451125,0.4596751138126226,0.955
screen,niqe,saturate,4,extra,pooled,0.406,0.42953562791615496,0.955
screen,niqe,saturate,5,extra,pooled,0.44485,0.4488121951395431,0.945
screen,niqe_default,gaussian_noise,1,common,pooled,0.9944,0.9938628262167108,0.025
screen,niqe_default,gaussian_noise,2,common,pooled,0.999375,0.9993687781724552,0.005
screen,niqe_default,gaussian_noise,3,common,pooled,1.0,1.0,0.0
screen,niqe_default,gaussian_noise,4,common,pooled,1.0,1.0,0.0
screen,niqe_default,gaussian_noise,5,common,pooled,1.0,1.0,0.0
screen,niqe_default,shot_noise,1,common,pooled,0.988225,0.9862437173018915,0.05
screen,niqe_default,shot_noise,2,common,pooled,0.998275,0.9982251869579948,0.015
screen,niqe_default,shot_noise,3,common,pooled,0.99985,0.9998518509486417,0.0
screen,niqe_default,shot_noise,4,common,pooled,1.0,1.0,0.0
screen,niqe_default,shot_noise,5,common,pooled,1.0,1.0,0.0
screen,niqe_default,impulse_noise,1,common,pooled,0.9995,0.9995004755392991,0.0
screen,niqe_default,impulse_noise,2,common,pooled,1.0,1.0,0.0
screen,niqe_default,impulse_noise,3,common,pooled,1.0,1.0,0.0
screen,niqe_default,impulse_noise,4,common,pooled,1.0,1.0,0.0
screen,niqe_default,impulse_noise,5,common,pooled,1.0,1.0,0.0
screen,niqe_default,defocus_blur,1,common,pooled,0.964775,0.9267576953981147,0.055
screen,niqe_default,defocus_blur,2,common,pooled,0.9869,0.9783165986788784,0.025
screen,niqe_default,defocus_blur,3,common,pooled,0.998325,0.9982594452347486,0.015
screen,niqe_default,defocus_blur,4,common,pooled,0.999875,0.9998759827462435,0.0
screen,niqe_default,defocus_blur,5,common,pooled,0.999975,0.9999751243781094,0.0
screen,niqe_default,glass_blur,1,common,pooled,0.8398,0.747225798010883,0.36
screen,niqe_default,glass_blur,2,common,pooled,0.943175,0.8734728185005216,0.095
screen,niqe_default,glass_blur,3,common,pooled,0.944725,0.8748572672795625,0.09
screen,niqe_default,glass_blur,4,common,pooled,0.95495,0.8986469639208748,0.065
screen,niqe_default,glass_blur,5,common,pooled,0.9841,0.9694871242638877,0.025
screen,niqe_default,motion_blur,1,common,pooled,0.903525,0.8539218005764537,0.26
screen,niqe_default,motion_blur,2,common,pooled,0.943725,0.9045133751381991,0.14
screen,niqe_default,motion_blur,3,common,pooled,0.96415,0.941854671457863,0.075
screen,niqe_default,motion_blur,4,common,pooled,0.975225,0.9623208216270921,0.055
screen,niqe_default,motion_blur,5,common,pooled,0.977875,0.967202979896753,0.055
screen,niqe_default,zoom_blur,1,common,pooled,0.77665,0.7336754065485416,0.57
screen,niqe_default,zoom_blur,2,common,pooled,0.822075,0.7799501083503178,0.54
screen,niqe_default,zoom_blur,3,common,pooled,0.7743,0.7304434114646198,0.565
screen,niqe_default,zoom_blur,4,common,pooled,0.805575,0.7623151863466325,0.545
screen,niqe_default,zoom_blur,5,common,pooled,0.711,0.6741016803030698,0.675
screen,niqe_default,snow,1,common,pooled,0.868675,0.831903733663154,0.395
screen,niqe_default,snow,2,common,pooled,0.95495,0.9340676618291543,0.135
screen,niqe_default,snow,3,common,pooled,0.92415,0.8845937944889237,0.23
screen,niqe_default,snow,4,common,pooled,0.947525,0.9137484157437401,0.14
screen,niqe_default,snow,5,common,pooled,0.9802,0.9721725611095771,0.055
screen,niqe_default,frost,1,common,pooled,0.29955,0.40886016553329374,0.985
screen,niqe_default,frost,2,common,pooled,0.270725,0.37905652406514834,0.985
screen,niqe_default,frost,3,common,pooled,0.31315,0.39288361377887315,0.98
screen,niqe_default,frost,4,common,pooled,0.321025,0.3935196960646321,0.98
screen,niqe_default,frost,5,common,pooled,0.343175,0.3996987065585191,0.98
screen,niqe_default,fog,1,common,pooled,0.6322,0.6168908508677347,0.83
screen,niqe_default,fog,2,common,pooled,0.672525,0.651390498369201,0.755
screen,niqe_default,fog,3,common,pooled,0.7094,0.6839237951160081,0.725
screen,niqe_default,fog,4,common,pooled,0.7173,0.6921056275648789,0.705
screen,niqe_default,fog,5,common,pooled,0.731575,0.6958728076263685,0.68
screen,niqe_default,brightness,1,common,pooled,0.49865,0.5084254325432235,0.96
screen,niqe_default,brightness,2,common,pooled,0.49175,0.509055701923494,0.965
screen,niqe_default,brightness,3,common,pooled,0.494375,0.5124489511533383,0.965
screen,niqe_default,brightness,4,common,pooled,0.5079,0.518938623145707,0.965
screen,niqe_default,brightness,5,common,pooled,0.5219,0.5288255948373914,0.96
screen,niqe_default,contrast,1,common,pooled,0.62435,0.6067710008853524,0.84
screen,niqe_default,contrast,2,common,pooled,0.685375,0.6590110940326568,0.745
screen,niqe_default,contrast,3,common,pooled,0.78165,0.7482201959908824,0.565
screen,niqe_default,contrast,4,common,pooled,0.924075,0.9022358774887885,0.235
screen,niqe_default,contrast,5,common,pooled,0.983825,0.9805715557942338,0.05
screen,niqe_default,elastic_transform,1,common,pooled,0.319725,0.3972221261293802,0.98
screen,niqe_default,elastic_transform,2,common,pooled,0.314575,0.3940809300674438,0.98
screen,niqe_default,elastic_transform,3,common,pooled,0.326325,0.3957583377739732,0.98
screen,niqe_default,elastic_transform,4,common,pooled,0.344175,0.40099595897872997,0.98
screen,niqe_default,elastic_transform,5,common,pooled,0.380275,0.41628356086897766,0.965
screen,niqe_default,pixelate,1,common,pooled,0.92515,0.8493873726541353,0.155
screen,niqe_default,pixelate,2,common,pooled,0.9262,0.8831038258116797,0.195
screen,niqe_default,pixelate,3,common,pooled,0.9694,0.9489201539122012,0.065
screen,niqe_default,pixelate,4,common,pooled,0.99895,0.9989474258001524,0.005
screen,niqe_default,pixelate,5,common,pooled,0.99515,0.9944133260593899,0.02
screen,niqe_default,jpeg_compression,1,common,pooled,0.768725,0.7285746831598018,0.565
screen,niqe_default,jpeg_compression,2,common,pooled,0.867175,0.8335216232647853,0.4
screen,niqe_default,jpeg_compression,3,common,pooled,0.9032,0.8741232905091693,0.27
screen,niqe_default,jpeg_compression,4,common,pooled,0.96045,0.9476960495261992,0.115
screen,niqe_default,jpeg_compression,5,common,pooled,0.984175,0.980685212514526,0.05
screen,niqe_default,speckle_noise,1,extra,pooled,0.9531,0.9434642510347996,0.16
screen,niqe_default,speckle_noise,2,extra,pooled,0.97515,0.9701508833886028,0.09
screen,niqe_default,speckle_noise,3,extra,pooled,0.993775,0.993276527337745,0.03
screen,niqe_default,speckle_noise,4,extra,pooled,0.99755,0.9974507720455875,0.02
screen,niqe_default,speckle_noise,5,extra,pooled,0.99925,0.9992454816989824,0.005
screen,niqe_default,gaussian_blur,1,extra,pooled,0.889825,0.8100096387067215,0.235
screen,niqe_default,gaussian_blur,2,extra,pooled,0.9822,0.9638955077717911,0.03
screen,niqe_default,gaussian_blur,3,extra,pooled,0.999725,0.9997193146755682,0.005
screen,niqe_default,gaussian_blur,4,extra,pooled,1.0,1.0,0.0
screen,niqe_default,gaussian_blur,5,extra,pooled,1.0,1.0,0.0
screen,niqe_default,spatter,1,extra,pooled,0.49405,0.5012265418618882,0.945
screen,niqe_default,spatter,2,extra,pooled,0.7048,0.653873817509457,0.675
screen,niqe_default,spatter,3,extra,pooled,0.8635,0.8169457959493014,0.5
screen,niqe_default,spatter,4,extra,pooled,0.8533,0.7820064233225072,0.39
screen,niqe_default,spatter,5,extra,pooled,0.933975,0.8883700568984345,0.19
screen,niqe_default,saturate,1,extra,pooled,0.4792875,0.48436604896146856,0.96
screen,niqe_default,saturate,2,extra,pooled,0.4706375,0.4786582086484542,0.96
screen,niqe_default,saturate,3,extra,pooled,0.4634625,0.4695945165127224,0.96
screen,niqe_default,saturate,4,extra,pooled,0.45685,0.45667752498605024,0.92
screen,niqe_default,saturate,5,extra,pooled,0.52875,0.4985300309463062,0.915
screen,arniqa,gaussian_noise,1,common,pooled,0.954425,0.897350306188105,0.07
screen,arniqa,gaussian_noise,2,common,pooled,0.9871,0.9731710895133225,0.035
screen,arniqa,gaussian_noise,3,common,pooled,0.9981,0.9976626265967229,0.005
screen,arniqa,gaussian_noise,4,common,pooled,1.0,1.0,0.0
screen,arniqa,gaussian_noise,5,common,pooled,1.0,1.0,0.0
screen,arniqa,shot_noise,1,common,pooled,0.96525,0.9296921827165205,0.07
screen,arniqa,shot_noise,2,common,pooled,0.991,0.9811335506707979,0.03
screen,arniqa,shot_noise,3,common,pooled,0.99845,0.9981727028141923,0.005
screen,arniqa,shot_noise,4,common,pooled,1.0,1.0,0.0
screen,arniqa,shot_noise,5,common,pooled,1.0,1.0,0.0
screen,arniqa,impulse_noise,1,common,pooled,0.98665,0.9714015521250907,0.03
screen,arniqa,impulse_noise,2,common,pooled,0.99625,0.9934551158595559,0.005
screen,arniqa,impulse_noise,3,common,pooled,0.999075,0.9989856085118567,0.005
screen,arniqa,impulse_noise,4,common,pooled,1.0,1.0,0.0
screen,arniqa,impulse_noise,5,common,pooled,1.0,1.0,0.0
screen,arniqa,defocus_blur,1,common,pooled,0.9819,0.9669933066889451,0.04
screen,arniqa,defocus_blur,2,common,pooled,0.9944,0.9915202908003787,0.02
screen,arniqa,defocus_blur,3,common,pooled,0.998675,0.9985650850285103,0.005
screen,arniqa,defocus_blur,4,common,pooled,0.998925,0.9988767839086574,0.005
screen,arniqa,defocus_blur,5,common,pooled,0.9979,0.9977677267133543,0.015
screen,arniqa,glass_blur,1,common,pooled,0.9435,0.8843965396992379,0.105
screen,arniqa,glass_blur,2,common,pooled,0.972925,0.9487486269006431,0.06
screen,arniqa,glass_blur,3,common,pooled,0.9795,0.9602205101199628,0.05
screen,arniqa,glass_blur,4,common,pooled,0.9841,0.971931138314989,0.04
screen,arniqa,glass_blur,5,common,pooled,0.9913,0.9850839203791201,0.03
screen,arniqa,motion_blur,1,common,pooled,0.929825,0.8917432674075721,0.21
screen,arniqa,motion_blur,2,common,pooled,0.9834,0.971772321685273,0.04
screen,arniqa,motion_blur,3,common,pooled,0.994725,0.992308273388973,0.02
screen,arniqa,motion_blur,4,common,pooled,0.9967,0.9961159942645783,0.005
screen,arniqa,motion_blur,5,common,pooled,0.997075,0.9965611619516018,0.005
screen,arniqa,zoom_blur,1,common,pooled,0.9344,0.9086252802002722,0.17
screen,arniqa,zoom_blur,2,common,pooled,0.9447,0.9279755511812529,0.17
screen,arniqa,zoom_blur,3,common,pooled,0.91095,0.8863497040180424,0.325
screen,arniqa,zoom_blur,4,common,pooled,0.916925,0.8944445346135277,0.325
screen,arniqa,zoom_blur,5,common,pooled,0.8888,0.8486143924866745,0.425
screen,arniqa,snow,1,common,pooled,0.922675,0.8829119957851148,0.21
screen,arniqa,snow,2,common,pooled,0.978825,0.9697115641107132,0.065
screen,arniqa,snow,3,common,pooled,0.98425,0.9769512193771177,0.05
screen,arniqa,snow,4,common,pooled,0.993275,0.9914129286623178,0.03
screen,arniqa,snow,5,common,pooled,0.9946,0.9929704640042069,0.02
screen,arniqa,frost,1,common,pooled,0.914625,0.8807460237077044,0.3
screen,arniqa,frost,2,common,pooled,0.940975,0.914192666418937,0.17
screen,arniqa,frost,3,common,pooled,0.939275,0.9251545762476083,0.21
screen,arniqa,frost,4,common,pooled,0.92735,0.9100957352574307,0.26
screen,arniqa,frost,5,common,pooled,0.936425,0.9234981325793375,0.21
screen,arniqa,fog,1,common,pooled,0.95255,0.9191526440488582,0.105
screen,arniqa,fog,2,common,pooled,0.9625,0.9373531620369281,0.09
screen,arniqa,fog,3,common,pooled,0.963225,0.9404940983807046,0.085
screen,arniqa,fog,4,common,pooled,0.9623,0.9379382090528882,0.08
screen,arniqa,fog,5,common,pooled,0.968275,0.9472962107282837,0.07
screen,arniqa,brightness,1,common,pooled,0.6284,0.6029458784670018,0.845
screen,arniqa,brightness,2,common,pooled,0.804525,0.7550259776455105,0.575
screen,arniqa,brightness,3,common,pooled,0.901325,0.8663055226858992,0.34
screen,arniqa,brightness,4,common,pooled,0.951425,0.9377713835472636,0.115
screen,arniqa,brightness,5,common,pooled,0.9749,0.9712955188301792,0.09
screen,arniqa,contrast,1,common,pooled,0.942225,0.9151343770919125,0.2
screen,arniqa,contrast,2,common,pooled,0.96775,0.9525034642541115,0.09
screen,arniqa,contrast,3,common,pooled,0.98295,0.9756217114422153,0.055
screen,arniqa,contrast,4,common,pooled,0.99055,0.9876719488734127,0.04
screen,arniqa,contrast,5,common,pooled,0.9912,0.988833187562859,0.04
screen,arniqa,elastic_transform,1,common,pooled,0.41805,0.4641742031442039,1.0
screen,arniqa,elastic_transform,2,common,pooled,0.425775,0.4667288425201131,0.995
screen,arniqa,elastic_transform,3,common,pooled,0.448325,0.474806775509041,0.98
screen,arniqa,elastic_transform,4,common,pooled,0.46275,0.48059964390342186,0.965
screen,arniqa,elastic_transform,5,common,pooled,0.482,0.49044280723232186,0.97
screen,arniqa,pixelate,1,common,pooled,0.8892,0.8168766966069619,0.245
screen,arniqa,pixelate,2,common,pooled,0.899775,0.8300579843792741,0.21
screen,arniqa,pixelate,3,common,pooled,0.965675,0.9433363790498726,0.085
screen,arniqa,pixelate,4,common,pooled,0.995475,0.9939398221501659,0.02
screen,arniqa,pixelate,5,common,pooled,0.994725,0.9924959219723907,0.02
screen,arniqa,jpeg_compression,1,common,pooled,0.6085,0.5706435481763379,0.845
screen,arniqa,jpeg_compression,2,common,pooled,0.797175,0.7310408933514161,0.605
screen,arniqa,jpeg_compression,3,common,pooled,0.878725,0.8262914272486478,0.39
screen,arniqa,jpeg_compression,4,common,pooled,0.971175,0.9596704202643653,0.09
screen,arniqa,jpeg_compression,5,common,pooled,0.994425,0.9935282076805516,0.03
screen,arniqa,speckle_noise,1,extra,pooled,0.955325,0.9119976305452242,0.095
screen,arniqa,speckle_noise,2,extra,pooled,0.976875,0.9554463081297107,0.065
screen,arniqa,speckle_noise,3,extra,pooled,0.997,0.9960259054458918,0.005
screen,arniqa,speckle_noise,4,extra,pooled,0.999125,0.9990460320240875,0.005
screen,arniqa,speckle_noise,5,extra,pooled,0.999875,0.9998743655140563,0.0
screen,arniqa,gaussian_blur,1,extra,pooled,0.90885,0.8295569220915221,0.22
screen,arniqa,gaussian_blur,2,extra,pooled,0.990175,0.9833329792127269,0.04
screen,arniqa,gaussian_blur,3,extra,pooled,0.997475,0.9969589960620182,0.005
screen,arniqa,gaussian_blur,4,extra,pooled,0.99905,0.9989898131575747,0.005
screen,arniqa,gaussian_blur,5,extra,pooled,0.999275,0.9992393856019568,0.005
screen,arniqa,spatter,1,extra,pooled,0.519175,0.5172846011884448,0.92
screen,arniqa,spatter,2,extra,pooled,0.661175,0.6330345787868961,0.835
screen,arniqa,spatter,3,extra,pooled,0.73235,0.6880081630600178,0.735
screen,arniqa,spatter,4,extra,pooled,0.765775,0.6758552463993645,0.57
screen,arniqa,spatter,5,extra,pooled,0.793325,0.7032504711038362,0.54
screen,arniqa,saturate,1,extra,pooled,0.9516625,0.9124692697090251,0.105
screen,arniqa,saturate,2,extra,pooled,0.9702125,0.9355665799648973,0.06
screen,arniqa,saturate,3,extra,pooled,0.7818875,0.7277958759594789,0.605
screen,arniqa,saturate,4,extra,pooled,0.97435,0.9666039247460763,0.07
screen,arniqa,saturate,5,extra,pooled,0.991375,0.9906427179580891,0.04
screen,arniqa_proto,gaussian_noise,1,common,pooled,0.9963,0.993369529013631,0.005
screen,arniqa_proto,gaussian_noise,2,common,pooled,0.9996,0.9995863284266141,0.005
screen,arniqa_proto,gaussian_noise,3,common,pooled,0.9999,0.9998997462247162,0.0
screen,arniqa_proto,gaussian_noise,4,common,pooled,1.0,1.0,0.0
screen,arniqa_proto,gaussian_noise,5,common,pooled,1.0,1.0,0.0
screen,arniqa_proto,shot_noise,1,common,pooled,0.996525,0.994146934076666,0.005
screen,arniqa_proto,shot_noise,2,common,pooled,0.99955,0.9995321274865435,0.005
screen,arniqa_proto,shot_noise,3,common,pooled,0.999925,0.9999249987499687,0.0
screen,arniqa_proto,shot_noise,4,common,pooled,1.0,1.0,0.0
screen,arniqa_proto,shot_noise,5,common,pooled,1.0,1.0,0.0
screen,arniqa_proto,impulse_noise,1,common,pooled,0.998275,0.9979039730556422,0.005
screen,arniqa_proto,impulse_noise,2,common,pooled,0.999875,0.9998743655140563,0.0
screen,arniqa_proto,impulse_noise,3,common,pooled,0.999975,0.9999751243781094,0.0
screen,arniqa_proto,impulse_noise,4,common,pooled,1.0,1.0,0.0
screen,arniqa_proto,impulse_noise,5,common,pooled,1.0,1.0,0.0
screen,arniqa_proto,defocus_blur,1,common,pooled,0.999075,0.9989856085118567,0.005
screen,arniqa_proto,defocus_blur,2,common,pooled,0.99955,0.9995321274865435,0.005
screen,arniqa_proto,defocus_blur,3,common,pooled,0.999325,0.999280678511944,0.005
screen,arniqa_proto,defocus_blur,4,common,pooled,0.998775,0.9986068799003451,0.005
screen,arniqa_proto,defocus_blur,5,common,pooled,0.998125,0.9976722725217079,0.005
screen,arniqa_proto,glass_blur,1,common,pooled,0.994975,0.9809029946848035,0.005
screen,arniqa_proto,glass_blur,2,common,pooled,0.996775,0.9948890204053483,0.005
screen,arniqa_proto,glass_blur,3,common,pooled,0.996375,0.9936423164114184,0.005
screen,arniqa_proto,glass_blur,4,common,pooled,0.9965,0.9940662889153756,0.005
screen,arniqa_proto,glass_blur,5,common,pooled,0.998575,0.9983374554772193,0.005
screen,arniqa_proto,motion_blur,1,common,pooled,0.980775,0.9706168387757484,0.085
screen,arniqa_proto,motion_blur,2,common,pooled,0.994075,0.9884792548407615,0.01
screen,arniqa_proto,motion_blur,3,common,pooled,0.99585,0.9917544114027164,0.005
screen,arniqa_proto,motion_blur,4,common,pooled,0.99585,0.9918540444817897,0.005
screen,arniqa_proto,motion_blur,5,common,pooled,0.996025,0.9925697642480672,0.005
screen,arniqa_proto,zoom_blur,1,common,pooled,0.973525,0.953835042506402,0.085
screen,arniqa_proto,zoom_blur,2,common,pooled,0.9819,0.964069766589583,0.06
screen,arniqa_proto,zoom_blur,3,common,pooled,0.95555,0.9285406303307081,0.15
screen,arniqa_proto,zoom_blur,4,common,pooled,0.964,0.9392172404755378,0.135
screen,arniqa_proto,zoom_blur,5,common,pooled,0.9457,0.9132025981816442,0.155
screen,arniqa_proto,snow,1,common,pooled,0.88455,0.8256556617619355,0.28
screen,arniqa_proto,snow,2,common,pooled,0.963625,0.9342168296719068,0.12
screen,arniqa_proto,snow,3,common,pooled,0.97275,0.9460050523121026,0.085
screen,arniqa_proto,snow,4,common,pooled,0.987275,0.9685005768413363,0.03
screen,arniqa_proto,snow,5,common,pooled,0.9885,0.9702786327009015,0.02
screen,arniqa_proto,frost,1,common,pooled,0.8615,0.8027534426365819,0.34
screen,arniqa_proto,frost,2,common,pooled,0.887925,0.8289032205582452,0.28
screen,arniqa_proto,frost,3,common,pooled,0.909625,0.8703006380083051,0.26
screen,arniqa_proto,frost,4,common,pooled,0.898325,0.8514291991816099,0.29
screen,arniqa_proto,frost,5,common,pooled,0.91065,0.8740783431450709,0.295
screen,arniqa_proto,fog,1,common,pooled,0.9773,0.9556802936007237,0.08
screen,arniqa_proto,fog,2,common,pooled,0.98375,0.9636083901505372,0.06
screen,arniqa_proto,fog,3,common,pooled,0.985925,0.9686509172409868,0.06
screen,arniqa_proto,fog,4,common,pooled,0.9829,0.9625494072022296,0.06
screen,arniqa_proto,fog,5,common,pooled,0.982,0.9605845808387654,0.065
screen,arniqa_proto,brightness,1,common,pooled,0.5888,0.5661639698648694,0.955
screen,arniqa_proto,brightness,2,common,pooled,0.716025,0.6596877620743671,0.705
screen,arniqa_proto,brightness,3,common,pooled,0.817025,0.7560248544837049,0.445
screen,arniqa_proto,brightness,4,common,pooled,0.8865,0.8384900801624131,0.29
screen,arniqa_proto,brightness,5,common,pooled,0.9288,0.8963707295600296,0.205
screen,arniqa_proto,contrast,1,common,pooled,0.962775,0.9408018187668485,0.145
screen,arniqa_proto,contrast,2,common,pooled,0.981925,0.9662429216826153,0.085
screen,arniqa_proto,contrast,3,common,pooled,0.991325,0.9852415493593654,0.035
screen,arniqa_proto,contrast,4,common,pooled,0.9954,0.9932703427144518,0.015
screen,arniqa_proto,contrast,5,common,pooled,0.996725,0.9956081889701939,0.005
screen,arniqa_proto,elastic_transform,1,common,pooled,0.569625,0.5334951185661925,0.815
screen,arniqa_proto,elastic_transform,2,common,pooled,0.558225,0.5237565776292109,0.835
screen,arniqa_proto,elastic_transform,3,common,pooled,0.5537,0.5169289035371583,0.835
screen,arniqa_proto,elastic_transform,4,common,pooled,0.55385,0.5181317573180051,0.815
screen,arniqa_proto,elastic_transform,5,common,pooled,0.556675,0.5178704716166929,0.815
screen,arniqa_proto,pixelate,1,common,pooled,0.98825,0.968398597174145,0.02
screen,arniqa_proto,pixelate,2,common,pooled,0.993625,0.9765434106042067,0.01
screen,arniqa_proto,pixelate,3,common,pooled,0.9951,0.9820016363041689,0.005
screen,arniqa_proto,pixelate,4,common,pooled,0.9992,0.9991353198474264,0.005
screen,arniqa_proto,pixelate,5,common,pooled,1.0,1.0,0.0
screen,arniqa_proto,jpeg_compression,1,common,pooled,0.9873,0.9741900591535292,0.055
screen,arniqa_proto,jpeg_compression,2,common,pooled,0.99155,0.9837012865995773,0.02
screen,arniqa_proto,jpeg_compression,3,common,pooled,0.9929,0.9860319365257222,0.015
screen,arniqa_proto,jpeg_compression,4,common,pooled,0.996125,0.9940160139055156,0.005
screen,arniqa_proto,jpeg_compression,5,common,pooled,0.997725,0.9970760231300667,0.005
screen,arniqa_proto,speckle_noise,1,extra,pooled,0.993725,0.9845495677817029,0.015
screen,arniqa_proto,speckle_noise,2,extra,pooled,0.996575,0.9945540845038696,0.005
screen,arniqa_proto,speckle_noise,3,extra,pooled,0.99915,0.9990759721438479,0.005
screen,arniqa_proto,speckle_noise,4,extra,pooled,0.999675,0.9996665438596395,0.005
screen,arniqa_proto,speckle_noise,5,extra,pooled,0.999875,0.9998743655140563,0.0
screen,arniqa_proto,gaussian_blur,1,extra,pooled,0.99465,0.9823805479887583,0.005
screen,arniqa_proto,gaussian_blur,2,extra,pooled,0.999575,0.999559301399587,0.005
screen,arniqa_proto,gaussian_blur,3,extra,pooled,0.99965,0.9996399481149586,0.005
screen,arniqa_proto,gaussian_blur,4,extra,pooled,0.9997,0.9996929988860945,0.005
screen,arniqa_proto,gaussian_blur,5,extra,pooled,0.999225,0.9991647316121323,0.005
screen,arniqa_proto,spatter,1,extra,pooled,0.5023,0.5023540980618946,0.935
screen,arniqa_proto,spatter,2,extra,pooled,0.5958,0.5465572194482708,0.85
screen,arniqa_proto,spatter,3,extra,pooled,0.686075,0.5976842240089209,0.64
screen,arniqa_proto,spatter,4,extra,pooled,0.60575,0.515836861013093,0.72
screen,arniqa_proto,spatter,5,extra,pooled,0.64895,0.5424162804238589,0.575
screen,arniqa_proto,saturate,1,extra,pooled,0.8506125,0.7663418531824567,0.335
screen,arniqa_proto,saturate,2,extra,pooled,0.9204625,0.8515497440410462,0.145
screen,arniqa_proto,saturate,3,extra,pooled,0.7272875,0.6605832463108978,0.61
screen,arniqa_proto,saturate,4,extra,pooled,0.94625,0.9191039577666787,0.17
screen,arniqa_proto,saturate,5,extra,pooled,0.975575,0.9616565345317427,0.12
screen,clipiqa,gaussian_noise,1,common,pooled,0.78905,0.7393885431106473,0.575
screen,clipiqa,gaussian_noise,2,common,pooled,0.800675,0.7290437342787867,0.58
screen,clipiqa,gaussian_noise,3,common,pooled,0.7925375,0.7008325567536623,0.56
screen,clipiqa,gaussian_noise,4,common,pooled,0.7435125,0.6290626193057673,0.54
screen,clipiqa,gaussian_noise,5,common,pooled,0.66455,0.5483987801421217,0.54
screen,clipiqa,shot_noise,1,common,pooled,0.767425,0.7067770452548399,0.585
screen,clipiqa,shot_noise,2,common,pooled,0.7766625,0.6985439564933005,0.54
screen,clipiqa,shot_noise,3,common,pooled,0.7326875,0.6386113689886981,0.58
screen,clipiqa,shot_noise,4,common,pooled,0.6883875,0.5825379047761541,0.58
screen,clipiqa,shot_noise,5,common,pooled,0.690975,0.5758291486552353,0.51
screen,clipiqa,impulse_noise,1,common,pooled,0.6366375,0.5576853873695131,0.785
screen,clipiqa,impulse_noise,2,common,pooled,0.688325,0.5897775108894818,0.675
screen,clipiqa,impulse_noise,3,common,pooled,0.7106125,0.6026708526661164,0.625
screen,clipiqa,impulse_noise,4,common,pooled,0.7162,0.5980338901174413,0.56
screen,clipiqa,impulse_noise,5,common,pooled,0.6927375,0.568622642979711,0.475
screen,clipiqa,defocus_blur,1,common,pooled,0.87635,0.8237529046899372,0.365
screen,clipiqa,defocus_blur,2,common,pooled,0.88615,0.8194922078597688,0.33
screen,clipiqa,defocus_blur,3,common,pooled,0.928525,0.87551091465355,0.15
screen,clipiqa,defocus_blur,4,common,pooled,0.950625,0.9207085695301137,0.12
screen,clipiqa,defocus_blur,5,common,pooled,0.964575,0.9467481740211443,0.085
screen,clipiqa,glass_blur,1,common,pooled,0.9192375,0.9016273626944388,0.25
screen,clipiqa,glass_blur,2,common,pooled,0.9205625,0.89148752827203,0.21
screen,clipiqa,glass_blur,3,common,pooled,0.8838125,0.800851207846272,0.265
screen,clipiqa,glass_blur,4,common,pooled,0.887925,0.797399767646144,0.245
screen,clipiqa,glass_blur,5,common,pooled,0.8905125,0.7882786478522944,0.215
screen,clipiqa,motion_blur,1,common,pooled,0.9020875,0.8778973248283087,0.31
screen,clipiqa,motion_blur,2,common,pooled,0.9502625,0.9399307674311332,0.16
screen,clipiqa,motion_blur,3,common,pooled,0.97495,0.9703274950111858,0.095
screen,clipiqa,motion_blur,4,common,pooled,0.9834375,0.9814567962812047,0.08
screen,clipiqa,motion_blur,5,common,pooled,0.986925,0.9848909762561401,0.06
screen,clipiqa,zoom_blur,1,common,pooled,0.9391375,0.9201024574822946,0.175
screen,clipiqa,zoom_blur,2,common,pooled,0.9528375,0.9373593225929769,0.13
screen,clipiqa,zoom_blur,3,common,pooled,0.924,0.8868304586159736,0.19
screen,clipiqa,zoom_blur,4,common,pooled,0.9354125,0.9015381047631449,0.16
screen,clipiqa,zoom_blur,5,common,pooled,0.9072875,0.8516217994893462,0.225
screen,clipiqa,snow,1,common,pooled,0.69495,0.6396172986209508,0.695
screen,clipiqa,snow,2,common,pooled,0.8656375,0.8104529573748819,0.365
screen,clipiqa,snow,3,common,pooled,0.85925,0.8191827626493897,0.445
screen,clipiqa,snow,4,common,pooled,0.9214875,0.8987030436759721,0.215
screen,clipiqa,snow,5,common,pooled,0.914525,0.8875275931996978,0.23
screen,clipiqa,frost,1,common,pooled,0.7232375,0.6769287905849775,0.725
screen,clipiqa,frost,2,common,pooled,0.7673375,0.7015123232358533,0.595
screen,clipiqa,frost,3,common,pooled,0.7947625,0.7348219746369155,0.51
screen,clipiqa,frost,4,common,pooled,0.773,0.7061880169538224,0.56
screen,clipiqa,frost,5,common,pooled,0.8009125,0.743306885639487,0.52
screen,clipiqa,fog,1,common,pooled,0.6272625,0.5871484131638119,0.8
screen,clipiqa,fog,2,common,pooled,0.65875,0.6101167809482178,0.76
screen,clipiqa,fog,3,common,pooled,0.6826625,0.6292823559296237,0.73
screen,clipiqa,fog,4,common,pooled,0.6642625,0.6072879868911567,0.755
screen,clipiqa,fog,5,common,pooled,0.6691375,0.6023022855705862,0.725
screen,clipiqa,brightness,1,common,pooled,0.598225,0.5773417017417368,0.9
screen,clipiqa,brightness,2,common,pooled,0.6658875,0.6394912378382294,0.81
screen,clipiqa,brightness,3,common,pooled,0.701325,0.6677270862382281,0.76
screen,clipiqa,brightness,4,common,pooled,0.7347375,0.6990807544491001,0.715
screen,clipiqa,brightness,5,common,pooled,0.75395,0.7177247906826456,0.68
screen,clipiqa,contrast,1,common,pooled,0.615975,0.5764972771755787,0.8
screen,clipiqa,contrast,2,common,pooled,0.6706625,0.6134822483485102,0.715
screen,clipiqa,contrast,3,common,pooled,0.7531125,0.6841492862874009,0.585
screen,clipiqa,contrast,4,common,pooled,0.8733125,0.8217568591215529,0.35
screen,clipiqa,contrast,5,common,pooled,0.94665,0.9240620376610982,0.14
screen,clipiqa,elastic_transform,1,common,pooled,0.5756625,0.5486911636876295,0.9
screen,clipiqa,elastic_transform,2,common,pooled,0.549825,0.528189570870585,0.915
screen,clipiqa,elastic_transform,3,common,pooled,0.5234125,0.49772245156627665,0.915
screen,clipiqa,elastic_transform,4,common,pooled,0.5122625,0.4852955616472121,0.92
screen,clipiqa,elastic_transform,5,common,pooled,0.5125,0.4787152342727574,0.9
screen,clipiqa,pixelate,1,common,pooled,0.8291125,0.7668349023647572,0.44
screen,clipiqa,pixelate,2,common,pooled,0.8916,0.8559598258424734,0.34
screen,clipiqa,pixelate,3,common,pooled,0.9292375,0.8969365655561827,0.19
screen,clipiqa,pixelate,4,common,pooled,0.9592,0.9463674949317323,0.135
screen,clipiqa,pixelate,5,common,pooled,0.9753125,0.9691099850133087,0.085
screen,clipiqa,jpeg_compression,1,common,pooled,0.685125,0.6194891048873933,0.715
screen,clipiqa,jpeg_compression,2,common,pooled,0.77325,0.702909034671719,0.575
screen,clipiqa,jpeg_compression,3,common,pooled,0.8236875,0.7604139557895604,0.47
screen,clipiqa,jpeg_compression,4,common,pooled,0.9041375,0.8663089505794868,0.26
screen,clipiqa,jpeg_compression,5,common,pooled,0.944875,0.9192335239274279,0.14
screen,clipiqa,speckle_noise,1,extra,pooled,0.732425,0.6742206442596956,0.64
screen,clipiqa,speckle_noise,2,extra,pooled,0.734875,0.6643833706635699,0.585
screen,clipiqa,speckle_noise,3,extra,pooled,0.672175,0.5881892173256347,0.725
screen,clipiqa,speckle_noise,4,extra,pooled,0.6263875,0.5439689576998914,0.69
screen,clipiqa,speckle_noise,5,extra,pooled,0.60595,0.5240804502156966,0.695
screen,clipiqa,gaussian_blur,1,extra,pooled,0.79095,0.7200431379054942,0.52
screen,clipiqa,gaussian_blur,2,extra,pooled,0.8568625,0.7802730526655437,0.4
screen,clipiqa,gaussian_blur,3,extra,pooled,0.91065,0.8418658538839681,0.2
screen,clipiqa,gaussian_blur,4,extra,pooled,0.9438,0.900965379058393,0.115
screen,clipiqa,gaussian_blur,5,extra,pooled,0.97395,0.9596242273759898,0.07
screen,clipiqa,spatter,1,extra,pooled,0.5070375,0.5095715514903784,0.95
screen,clipiqa,spatter,2,extra,pooled,0.5097375,0.48518916351183633,0.92
screen,clipiqa,spatter,3,extra,pooled,0.5351,0.49613470704842244,0.9
screen,clipiqa,spatter,4,extra,pooled,0.5651125,0.5247823953411739,0.925
screen,clipiqa,spatter,5,extra,pooled,0.647875,0.5824812350509075,0.81
screen,clipiqa,saturate,1,extra,pooled,0.4750875,0.47792501441507446,0.92
screen,clipiqa,saturate,2,extra,pooled,0.4100125,0.4372679978365246,0.95
screen,clipiqa,saturate,3,extra,pooled,0.5955,0.5829803771731685,0.91
screen,clipiqa,saturate,4,extra,pooled,0.6420125,0.6135166977338254,0.86
screen,clipiqa,saturate,5,extra,pooled,0.686375,0.6354894511689958,0.77
